ply
format ascii 1.0
element vertex 11520
property float x
property float y
property float z
property uchar red
property uchar green
property uchar blue
element face 3840
property list uchar int vertex_index
end_header
-30.572764867819533 -6.63705217584715 -0.35016804578385774 215 168 166
-30.843728468033593 -5.596104084016602 -0.2950422994569145 216 169 167
-30.778246431542115 -5.580579002665866 1.234591822699075 221 185 182
-30.572764867819533 -6.63705217584715 -0.35016804578385774 215 168 166
-30.778246431542115 -5.580579002665866 1.234591822699075 221 185 182
-30.50802307684091 -6.618683023583146 1.1794660763721319 221 184 182
-30.50802307684091 -6.618683023583146 1.1794660763721319 221 184 182
-30.778246431542115 -5.580579002665866 1.234591822699075 221 185 182
-30.588210160039647 -5.5355234617458695 2.6144946993908276 225 199 196
-30.50802307684091 -6.618683023583146 1.1794660763721319 221 184 182
-30.588210160039647 -5.5355234617458695 2.6144946993908276 225 199 196
-30.320135081488605 -6.565373667400145 2.5593689530638843 225 199 196
-30.320135081488605 -6.565373667400145 2.5593689530638843 225 199 196
-30.588210160039647 -5.5355234617458695 2.6144946993908276 225 199 196
-30.292221727841408 -5.465347811522273 3.709591822699076 229 211 207
-30.320135081488605 -6.565373667400145 2.5593689530638843 225 199 196
-30.292221727841408 -5.465347811522273 3.709591822699076 229 211 207
-30.027492667840345 -6.482342398509465 3.654466076372133 229 210 207
-30.027492667840345 -6.482342398509465 3.654466076372133 229 210 207
-30.292221727841408 -5.465347811522273 3.709591822699076 229 211 207
-29.919254544963636 -5.37692133358147 4.412687456204095 231 218 214
-30.027492667840345 -6.482342398509465 3.654466076372133 229 210 207
-29.919254544963636 -5.37692133358147 4.412687456204095 231 218 214
-29.658741714303613 -6.37771689602299 4.357561709877152 231 217 214
-29.658741714303613 -6.37771689602299 4.357561709877152 231 217 214
-29.919254544963636 -5.37692133358147 4.412687456204095 231 218 214
-29.505817237881573 -5.278899827687805 4.654957700543085 232 221 217
-29.658741714303613 -6.37771689602299 4.357561709877152 231 217 214
-29.505817237881573 -5.278899827687805 4.654957700543085 232 221 217
-29.24997813344955 -6.261738633092841 4.5998319542161425 232 220 216
-29.24997813344955 -6.261738633092841 4.5998319542161425 232 220 216
-29.505817237881573 -5.278899827687805 4.654957700543085 232 221 217
-29.092379930799506 -5.18087832179414 4.412687456204096 231 218 214
-29.24997813344955 -6.261738633092841 4.5998319542161425 232 220 216
-29.092379930799506 -5.18087832179414 4.412687456204096 231 218 214
-28.84121455259548 -6.145760370162691 4.357561709877153 231 217 214
-28.84121455259548 -6.145760370162691 4.357561709877153 231 217 214
-29.092379930799506 -5.18087832179414 4.412687456204096 231 218 214
-28.719412747921734 -5.092451843853337 3.709591822699076 229 211 207
-28.84121455259548 -6.145760370162691 4.357561709877153 231 217 214
-28.719412747921734 -5.092451843853337 3.709591822699076 229 211 207
-28.47246359905875 -6.041134867676217 3.654466076372133 229 210 207
-28.47246359905875 -6.041134867676217 3.654466076372133 229 210 207
-28.719412747921734 -5.092451843853337 3.709591822699076 229 211 207
-28.423424315723494 -5.022276193629741 2.6144946993908285 225 199 196
-28.47246359905875 -6.041134867676217 3.654466076372133 229 210 207
-28.423424315723494 -5.022276193629741 2.6144946993908285 225 199 196
-28.17982118541049 -5.958103598785536 2.5593689530638852 225 199 196
-28.17982118541049 -5.958103598785536 2.5593689530638852 225 199 196
-28.423424315723494 -5.022276193629741 2.6144946993908285 225 199 196
-28.233388044221027 -4.977220652709744 1.2345918226990755 221 185 182
-28.17982118541049 -5.958103598785536 2.5593689530638852 225 199 196
-28.233388044221027 -4.977220652709744 1.2345918226990755 221 185 182
-27.991933190058187 -5.904794242602535 1.1794660763721323 221 184 182
-27.991933190058187 -5.904794242602535 1.1794660763721323 221 184 182
-28.233388044221027 -4.977220652709744 1.2345918226990755 221 185 182
-28.16790600772955 -4.961695571359008 -0.2950422994569139 216 169 167
-27.991933190058187 -5.904794242602535 1.1794660763721323 221 184 182
-28.16790600772955 -4.961695571359008 -0.2950422994569139 216 169 167
-27.92719139907956 -5.886425090338531 -0.35016804578385713 215 168 166
-27.92719139907956 -5.886425090338531 -0.35016804578385713 215 168 166
-28.16790600772955 -4.961695571359008 -0.2950422994569139 216 169 167
-28.233388044221027 -4.977220652709744 -1.8246764216129017 211 153 152
-27.92719139907956 -5.886425090338531 -0.35016804578385713 215 168 166
-28.233388044221027 -4.977220652709744 -1.8246764216129017 211 153 152
-27.991933190058187 -5.904794242602535 -1.879802167939845 210 153 151
-27.991933190058187 -5.904794242602535 -1.879802167939845 210 153 151
-28.233388044221027 -4.977220652709744 -1.8246764216129017 211 153 152
-28.423424315723494 -5.022276193629741 -3.204579298304656 206 139 138
-27.991933190058187 -5.904794242602535 -1.879802167939845 210 153 151
-28.423424315723494 -5.022276193629741 -3.204579298304656 206 139 138
-28.17982118541049 -5.958103598785536 -3.259705044631599 206 138 137
-28.17982118541049 -5.958103598785536 -3.259705044631599 206 138 137
-28.423424315723494 -5.022276193629741 -3.204579298304656 206 139 138
-28.719412747921734 -5.092451843853337 -4.299676421612904 202 127 127
-28.17982118541049 -5.958103598785536 -3.259705044631599 206 138 137
-28.719412747921734 -5.092451843853337 -4.299676421612904 202 127 127
-28.47246359905875 -6.041134867676217 -4.354802167939847 202 127 126
-28.47246359905875 -6.041134867676217 -4.354802167939847 202 127 126
-28.719412747921734 -5.092451843853337 -4.299676421612904 202 127 127
-29.092379930799506 -5.18087832179414 -5.002772055117925 200 120 120
-28.47246359905875 -6.041134867676217 -4.354802167939847 202 127 126
-29.092379930799506 -5.18087832179414 -5.002772055117925 200 120 120
-28.84121455259548 -6.145760370162691 -5.0578978014448674 200 120 120
-28.84121455259548 -6.145760370162691 -5.0578978014448674 200 120 120
-29.092379930799506 -5.18087832179414 -5.002772055117925 200 120 120
-29.505817237881573 -5.278899827687805 -5.245042299456915 200 120 120
-28.84121455259548 -6.145760370162691 -5.0578978014448674 200 120 120
-29.505817237881573 -5.278899827687805 -5.245042299456915 200 120 120
-29.24997813344955 -6.261738633092841 -5.300168045783858 200 120 120
-29.24997813344955 -6.261738633092841 -5.300168045783858 200 120 120
-29.505817237881573 -5.278899827687805 -5.245042299456915 200 120 120
-29.919254544963636 -5.37692133358147 -5.0027720551179256 200 120 120
-29.24997813344955 -6.261738633092841 -5.300168045783858 200 120 120
-29.919254544963636 -5.37692133358147 -5.0027720551179256 200 120 120
-29.658741714303613 -6.37771689602299 -5.057897801444868 200 120 120
-29.658741714303613 -6.37771689602299 -5.057897801444868 200 120 120
-29.919254544963636 -5.37692133358147 -5.0027720551179256 200 120 120
-30.292221727841408 -5.465347811522273 -4.299676421612905 202 127 127
-29.658741714303613 -6.37771689602299 -5.057897801444868 200 120 120
-30.292221727841408 -5.465347811522273 -4.299676421612905 202 127 127
-30.027492667840345 -6.482342398509465 -4.354802167939848 202 127 126
-30.027492667840345 -6.482342398509465 -4.354802167939848 202 127 126
-30.292221727841408 -5.465347811522273 -4.299676421612905 202 127 127
-30.588210160039647 -5.5355234617458695 -3.2045792983046577 206 139 138
-30.027492667840345 -6.482342398509465 -4.354802167939848 202 127 126
-30.588210160039647 -5.5355234617458695 -3.2045792983046577 206 139 138
-30.320135081488605 -6.565373667400145 -3.259705044631601 206 138 137
-30.320135081488605 -6.565373667400145 -3.259705044631601 206 138 137
-30.588210160039647 -5.5355234617458695 -3.2045792983046577 206 139 138
-30.778246431542115 -5.580579002665866 -1.8246764216129052 211 153 152
-30.320135081488605 -6.565373667400145 -3.259705044631601 206 138 137
-30.778246431542115 -5.580579002665866 -1.8246764216129052 211 153 152
-30.50802307684091 -6.618683023583146 -1.8798021679398484 210 153 151
-30.50802307684091 -6.618683023583146 -1.8798021679398484 210 153 151
-30.778246431542115 -5.580579002665866 -1.8246764216129052 211 153 152
-30.843728468033593 -5.596104084016602 -0.29504229945691574 216 169 167
-30.50802307684091 -6.618683023583146 -1.8798021679398484 210 153 151
-30.843728468033593 -5.596104084016602 -0.29504229945691574 216 169 167
-30.572764867819533 -6.63705217584715 -0.35016804578385896 215 168 166
-30.843728468033593 -5.596104084016602 -0.2950422994569145 216 169 167
-31.068642886264463 -4.545267685134575 -0.2394987362456411 216 170 168
-31.002542341336216 -4.532632685561676 1.2901353859103486 221 186 183
-30.843728468033593 -5.596104084016602 -0.2950422994569145 216 169 167
-31.002542341336216 -4.532632685561676 1.2901353859103486 221 186 183
-30.778246431542115 -5.580579002665866 1.234591822699075 221 185 182
-30.778246431542115 -5.580579002665866 1.234591822699075 221 185 182
-31.002542341336216 -4.532632685561676 1.2901353859103486 221 186 183
-30.810711088438637 -4.495964488634397 2.670038262602101 226 200 197
-30.778246431542115 -5.580579002665866 1.234591822699075 221 185 182
-30.810711088438637 -4.495964488634397 2.670038262602101 226 200 197
-30.588210160039647 -5.5355234617458695 2.6144946993908276 225 199 196
-30.588210160039647 -5.5355234617458695 2.6144946993908276 225 199 196
-30.810711088438637 -4.495964488634397 2.670038262602101 226 200 197
-30.511926907172267 -4.438852432950328 3.7651353859103494 229 211 208
-30.588210160039647 -5.5355234617458695 2.6144946993908276 225 199 196
-30.511926907172267 -4.438852432950328 3.7651353859103494 229 211 208
-30.292221727841408 -5.465347811522273 3.709591822699076 229 211 207
-30.292221727841408 -5.465347811522273 3.709591822699076 229 211 207
-30.511926907172267 -4.438852432950328 3.7651353859103494 229 211 208
-30.13543687495126 -4.366887044442917 4.468231019415368 232 219 215
-30.292221727841408 -5.465347811522273 3.709591822699076 229 211 207
-30.13543687495126 -4.366887044442917 4.468231019415368 232 219 215
-29.919254544963636 -5.37692133358147 4.412687456204095 231 218 214
-29.919254544963636 -5.37692133358147 4.412687456204095 231 218 214
-30.13543687495126 -4.366887044442917 4.468231019415368 232 219 215
-29.71809445928971 -4.2871127967516145 4.7105012637543595 232 221 217
-29.919254544963636 -5.37692133358147 4.412687456204095 231 218 214
-29.71809445928971 -4.2871127967516145 4.7105012637543595 232 221 217
-29.505817237881573 -5.278899827687805 4.654957700543085 232 221 217
-29.505817237881573 -5.278899827687805 4.654957700543085 232 221 217
-29.71809445928971 -4.2871127967516145 4.7105012637543595 232 221 217
-29.300752043628158 -4.207338549060313 4.46823101941537 232 219 215
-29.505817237881573 -5.278899827687805 4.654957700543085 232 221 217
-29.300752043628158 -4.207338549060313 4.46823101941537 232 219 215
-29.092379930799506 -5.18087832179414 4.412687456204096 231 218 214
-29.092379930799506 -5.18087832179414 4.412687456204096 231 218 214
-29.300752043628158 -4.207338549060313 4.46823101941537 232 219 215
-28.92426201140715 -4.135373160552902 3.7651353859103494 229 211 208
-29.092379930799506 -5.18087832179414 4.412687456204096 231 218 214
-28.92426201140715 -4.135373160552902 3.7651353859103494 229 211 208
-28.719412747921734 -5.092451843853337 3.709591822699076 229 211 207
-28.719412747921734 -5.092451843853337 3.709591822699076 229 211 207
-28.92426201140715 -4.135373160552902 3.7651353859103494 229 211 208
-28.62547783014078 -4.078261104868833 2.6700382626021018 226 200 197
-28.719412747921734 -5.092451843853337 3.709591822699076 229 211 207
-28.62547783014078 -4.078261104868833 2.6700382626021018 226 200 197
-28.423424315723494 -5.022276193629741 2.6144946993908285 225 199 196
-28.423424315723494 -5.022276193629741 2.6144946993908285 225 199 196
-28.62547783014078 -4.078261104868833 2.6700382626021018 226 200 197
-28.4336465772432 -4.041592907941553 1.290135385910349 221 186 183
-28.423424315723494 -5.022276193629741 2.6144946993908285 225 199 196
-28.4336465772432 -4.041592907941553 1.290135385910349 221 186 183
-28.233388044221027 -4.977220652709744 1.2345918226990755 221 185 182
-28.233388044221027 -4.977220652709744 1.2345918226990755 221 185 182
-28.4336465772432 -4.041592907941553 1.290135385910349 221 186 183
-28.367546032314955 -4.028957908368655 -0.2394987362456405 216 170 168
-28.233388044221027 -4.977220652709744 1.2345918226990755 221 185 182
-28.367546032314955 -4.028957908368655 -0.2394987362456405 216 170 168
-28.16790600772955 -4.961695571359008 -0.2950422994569139 216 169 167
-28.16790600772955 -4.961695571359008 -0.2950422994569139 216 169 167
-28.367546032314955 -4.028957908368655 -0.2394987362456405 216 170 168
-28.4336465772432 -4.041592907941553 -1.7691328584016281 211 154 152
-28.16790600772955 -4.961695571359008 -0.2950422994569139 216 169 167
-28.4336465772432 -4.041592907941553 -1.7691328584016281 211 154 152
-28.233388044221027 -4.977220652709744 -1.8246764216129017 211 153 152
-28.233388044221027 -4.977220652709744 -1.8246764216129017 211 153 152
-28.4336465772432 -4.041592907941553 -1.7691328584016281 211 154 152
-28.62547783014078 -4.078261104868833 -3.1490357350933826 206 139 139
-28.233388044221027 -4.977220652709744 -1.8246764216129017 211 153 152
-28.62547783014078 -4.078261104868833 -3.1490357350933826 206 139 139
-28.423424315723494 -5.022276193629741 -3.204579298304656 206 139 138
-28.423424315723494 -5.022276193629741 -3.204579298304656 206 139 138
-28.62547783014078 -4.078261104868833 -3.1490357350933826 206 139 139
-28.92426201140715 -4.135373160552902 -4.244132858401631 203 128 128
-28.423424315723494 -5.022276193629741 -3.204579298304656 206 139 138
-28.92426201140715 -4.135373160552902 -4.244132858401631 203 128 128
-28.719412747921734 -5.092451843853337 -4.299676421612904 202 127 127
-28.719412747921734 -5.092451843853337 -4.299676421612904 202 127 127
-28.92426201140715 -4.135373160552902 -4.244132858401631 203 128 128
-29.300752043628158 -4.207338549060313 -4.947228491906651 200 121 121
-28.719412747921734 -5.092451843853337 -4.299676421612904 202 127 127
-29.300752043628158 -4.207338549060313 -4.947228491906651 200 121 121
-29.092379930799506 -5.18087832179414 -5.002772055117925 200 120 120
-29.092379930799506 -5.18087832179414 -5.002772055117925 200 120 120
-29.300752043628158 -4.207338549060313 -4.947228491906651 200 121 121
-29.71809445928971 -4.2871127967516145 -5.189498736245641 200 120 120
-29.092379930799506 -5.18087832179414 -5.002772055117925 200 120 120
-29.71809445928971 -4.2871127967516145 -5.189498736245641 200 120 120
-29.505817237881573 -5.278899827687805 -5.245042299456915 200 120 120
-29.505817237881573 -5.278899827687805 -5.245042299456915 200 120 120
-29.71809445928971 -4.2871127967516145 -5.189498736245641 200 120 120
-30.13543687495126 -4.366887044442917 -4.947228491906651 200 121 121
-29.505817237881573 -5.278899827687805 -5.245042299456915 200 120 120
-30.13543687495126 -4.366887044442917 -4.947228491906651 200 121 121
-29.919254544963636 -5.37692133358147 -5.0027720551179256 200 120 120
-29.919254544963636 -5.37692133358147 -5.0027720551179256 200 120 120
-30.13543687495126 -4.366887044442917 -4.947228491906651 200 121 121
-30.511926907172267 -4.438852432950328 -4.244132858401631 203 128 128
-29.919254544963636 -5.37692133358147 -5.0027720551179256 200 120 120
-30.511926907172267 -4.438852432950328 -4.244132858401631 203 128 128
-30.292221727841408 -5.465347811522273 -4.299676421612905 202 127 127
-30.292221727841408 -5.465347811522273 -4.299676421612905 202 127 127
-30.511926907172267 -4.438852432950328 -4.244132858401631 203 128 128
-30.810711088438637 -4.495964488634397 -3.1490357350933844 206 139 139
-30.292221727841408 -5.465347811522273 -4.299676421612905 202 127 127
-30.810711088438637 -4.495964488634397 -3.1490357350933844 206 139 139
-30.588210160039647 -5.5355234617458695 -3.2045792983046577 206 139 138
-30.588210160039647 -5.5355234617458695 -3.2045792983046577 206 139 138
-30.810711088438637 -4.495964488634397 -3.1490357350933844 206 139 139
-31.002542341336216 -4.532632685561676 -1.769132858401632 211 154 152
-30.588210160039647 -5.5355234617458695 -3.2045792983046577 206 139 138
-31.002542341336216 -4.532632685561676 -1.769132858401632 211 154 152
-30.778246431542115 -5.580579002665866 -1.8246764216129052 211 153 152
-30.778246431542115 -5.580579002665866 -1.8246764216129052 211 153 152
-31.002542341336216 -4.532632685561676 -1.769132858401632 211 154 152
-31.068642886264463 -4.545267685134575 -0.23949873624564233 216 170 168
-30.778246431542115 -5.580579002665866 -1.8246764216129052 211 153 152
-31.068642886264463 -4.545267685134575 -0.23949873624564233 216 170 168
-30.843728468033593 -5.596104084016602 -0.29504229945691574 216 169 167
-31.068642886264463 -4.545267685134575 -0.2394987362456411 216 170 168
-31.24695365589039 -3.486349919291488 -0.18361601279882392 216 170 168
-31.180360102658266 -3.4766430185534456 1.3460181093571657 221 186 183
-31.068642886264463 -4.545267685134575 -0.2394987362456411 216 170 168
-31.180360102658266 -3.4766430185534456 1.3460181093571657 221 186 183
-31.002542341336216 -4.532632685561676 1.2901353859103486 221 186 183
-31.002542341336216 -4.532632685561676 1.2901353859103486 221 186 183
-31.180360102658266 -3.4766430185534456 1.3460181093571657 221 186 183
-30.98709808393682 -3.448472495415512 2.725920986048918 226 200 197
-31.002542341336216 -4.532632685561676 1.2901353859103486 221 186 183
-30.98709808393682 -3.448472495415512 2.725920986048918 226 200 197
-30.810711088438637 -4.495964488634397 2.670038262602101 226 200 197
-30.810711088438637 -4.495964488634397 2.670038262602101 226 200 197
-30.98709808393682 -3.448472495415512 2.725920986048918 226 200 197
-30.68608543265417 -3.404595876958004 3.8210181093571665 229 212 208
-30.810711088438637 -4.495964488634397 2.670038262602101 226 200 197
-30.68608543265417 -3.404595876958004 3.8210181093571665 229 212 208
-30.511926907172267 -4.438852432950328 3.7651353859103494 229 211 208
-30.511926907172267 -4.438852432950328 3.7651353859103494 229 211 208
-30.68608543265417 -3.404595876958004 3.8210181093571665 229 212 208
-30.306787364396328 -3.3493081123019195 4.524113742862186 232 219 215
-30.511926907172267 -4.438852432950328 3.7651353859103494 229 211 208
-30.306787364396328 -3.3493081123019195 4.524113742862186 232 219 215
-30.13543687495126 -4.366887044442917 4.468231019415368 232 219 215
-30.13543687495126 -4.366887044442917 4.468231019415368 232 219 215
-30.306787364396328 -3.3493081123019195 4.524113742862186 232 219 215
-29.886332216809407 -3.2880211530643035 4.766383987201176 233 222 218
-30.13543687495126 -4.366887044442917 4.468231019415368 232 219 215
-29.886332216809407 -3.2880211530643035 4.766383987201176 233 222 218
-29.71809445928971 -4.2871127967516145 4.7105012637543595 232 221 217
-29.71809445928971 -4.2871127967516145 4.7105012637543595 232 221 217
-29.886332216809407 -3.2880211530643035 4.766383987201176 233 222 218
-29.465877069222486 -3.2267341938266876 4.524113742862187 232 219 215
-29.71809445928971 -4.2871127967516145 4.7105012637543595 232 221 217
-29.465877069222486 -3.2267341938266876 4.524113742862187 232 219 215
-29.300752043628158 -4.207338549060313 4.46823101941537 232 219 215
-29.300752043628158 -4.207338549060313 4.46823101941537 232 219 215
-29.465877069222486 -3.2267341938266876 4.524113742862187 232 219 215
-29.086579000964644 -3.171446429170603 3.8210181093571665 229 212 208
-29.300752043628158 -4.207338549060313 4.46823101941537 232 219 215
-29.086579000964644 -3.171446429170603 3.8210181093571665 229 212 208
-28.92426201140715 -4.135373160552902 3.7651353859103494 229 211 208
-28.92426201140715 -4.135373160552902 3.7651353859103494 229 211 208
-29.086579000964644 -3.171446429170603 3.8210181093571665 229 212 208
-28.785566349681996 -3.127569810713095 2.725920986048919 226 200 197
-28.92426201140715 -4.135373160552902 3.7651353859103494 229 211 208
-28.785566349681996 -3.127569810713095 2.725920986048919 226 200 197
-28.62547783014078 -4.078261104868833 2.6700382626021018 226 200 197
-28.62547783014078 -4.078261104868833 2.6700382626021018 226 200 197
-28.785566349681996 -3.127569810713095 2.725920986048919 226 200 197
-28.592304330960552 -3.099399287575162 1.3460181093571661 221 186 183
-28.62547783014078 -4.078261104868833 2.6700382626021018 226 200 197
-28.592304330960552 -3.099399287575162 1.3460181093571661 221 186 183
-28.4336465772432 -4.041592907941553 1.290135385910349 221 186 183
-28.4336465772432 -4.041592907941553 1.290135385910349 221 186 183
-28.592304330960552 -3.099399287575162 1.3460181093571661 221 186 183
-28.525710777728428 -3.089692386837119 -0.1836160127988233 216 170 168
-28.4336465772432 -4.041592907941553 1.290135385910349 221 186 183
-28.525710777728428 -3.089692386837119 -0.1836160127988233 216 170 168
-28.367546032314955 -4.028957908368655 -0.2394987362456405 216 170 168
-28.367546032314955 -4.028957908368655 -0.2394987362456405 216 170 168
-28.525710777728428 -3.089692386837119 -0.1836160127988233 216 170 168
-28.592304330960552 -3.099399287575162 -1.713250134954811 211 154 153
-28.367546032314955 -4.028957908368655 -0.2394987362456405 216 170 168
-28.592304330960552 -3.099399287575162 -1.713250134954811 211 154 153
-28.4336465772432 -4.041592907941553 -1.7691328584016281 211 154 152
-28.4336465772432 -4.041592907941553 -1.7691328584016281 211 154 152
-28.592304330960552 -3.099399287575162 -1.713250134954811 211 154 153
-28.785566349681996 -3.127569810713095 -3.0931530116465655 206 140 139
-28.4336465772432 -4.041592907941553 -1.7691328584016281 211 154 152
-28.785566349681996 -3.127569810713095 -3.0931530116465655 206 140 139
-28.62547783014078 -4.078261104868833 -3.1490357350933826 206 139 139
-28.62547783014078 -4.078261104868833 -3.1490357350933826 206 139 139
-28.785566349681996 -3.127569810713095 -3.0931530116465655 206 140 139
-29.086579000964644 -3.171446429170603 -4.188250134954814 203 128 128
-28.62547783014078 -4.078261104868833 -3.1490357350933826 206 139 139
-29.086579000964644 -3.171446429170603 -4.188250134954814 203 128 128
-28.92426201140715 -4.135373160552902 -4.244132858401631 203 128 128
-28.92426201140715 -4.135373160552902 -4.244132858401631 203 128 128
-29.086579000964644 -3.171446429170603 -4.188250134954814 203 128 128
-29.465877069222486 -3.2267341938266876 -4.891345768459834 200 121 121
-28.92426201140715 -4.135373160552902 -4.244132858401631 203 128 128
-29.465877069222486 -3.2267341938266876 -4.891345768459834 200 121 121
-29.300752043628158 -4.207338549060313 -4.947228491906651 200 121 121
-29.300752043628158 -4.207338549060313 -4.947228491906651 200 121 121
-29.465877069222486 -3.2267341938266876 -4.891345768459834 200 121 121
-29.886332216809407 -3.2880211530643035 -5.133616012798824 200 120 120
-29.300752043628158 -4.207338549060313 -4.947228491906651 200 121 121
-29.886332216809407 -3.2880211530643035 -5.133616012798824 200 120 120
-29.71809445928971 -4.2871127967516145 -5.189498736245641 200 120 120
-29.71809445928971 -4.2871127967516145 -5.189498736245641 200 120 120
-29.886332216809407 -3.2880211530643035 -5.133616012798824 200 120 120
-30.306787364396328 -3.3493081123019195 -4.891345768459835 200 121 121
-29.71809445928971 -4.2871127967516145 -5.189498736245641 200 120 120
-30.306787364396328 -3.3493081123019195 -4.891345768459835 200 121 121
-30.13543687495126 -4.366887044442917 -4.947228491906651 200 121 121
-30.13543687495126 -4.366887044442917 -4.947228491906651 200 121 121
-30.306787364396328 -3.3493081123019195 -4.891345768459835 200 121 121
-30.68608543265417 -3.404595876958004 -4.1882501349548145 203 128 128
-30.13543687495126 -4.366887044442917 -4.947228491906651 200 121 121
-30.68608543265417 -3.404595876958004 -4.1882501349548145 203 128 128
-30.511926907172267 -4.438852432950328 -4.244132858401631 203 128 128
-30.511926907172267 -4.438852432950328 -4.244132858401631 203 128 128
-30.68608543265417 -3.404595876958004 -4.1882501349548145 203 128 128
-30.98709808393682 -3.448472495415512 -3.0931530116465673 206 140 139
-30.511926907172267 -4.438852432950328 -4.244132858401631 203 128 128
-30.98709808393682 -3.448472495415512 -3.0931530116465673 206 140 139
-30.810711088438637 -4.495964488634397 -3.1490357350933844 206 139 139
-30.810711088438637 -4.495964488634397 -3.1490357350933844 206 139 139
-30.98709808393682 -3.448472495415512 -3.0931530116465673 206 140 139
-31.180360102658266 -3.4766430185534456 -1.7132501349548148 211 154 153
-30.810711088438637 -4.495964488634397 -3.1490357350933844 206 139 139
-31.180360102658266 -3.4766430185534456 -1.7132501349548148 211 154 153
-31.002542341336216 -4.532632685561676 -1.769132858401632 211 154 152
-31.002542341336216 -4.532632685561676 -1.769132858401632 211 154 152
-31.180360102658266 -3.4766430185534456 -1.7132501349548148 211 154 153
-31.24695365589039 -3.486349919291488 -0.18361601279882514 216 170 168
-31.002542341336216 -4.532632685561676 -1.769132858401632 211 154 152
-31.24695365589039 -3.486349919291488 -0.18361601279882514 216 170 168
-31.068642886264463 -4.545267685134575 -0.23949873624564233 216 170 168
-31.24695365589039 -3.486349919291488 -0.18361601279882392 216 170 168
-31.378214667056234 -2.421202484727975 -0.12747326605866213 216 171 169
-31.311256672672577 -2.4144532446124884 1.4021608560973275 221 187 184
-31.24695365589039 -3.486349919291488 -0.18361601279882392 216 170 168
-31.311256672672577 -2.4144532446124884 1.4021608560973275 221 187 184
-31.180360102658266 -3.4766430185534456 1.3460181093571657 221 186 183
-31.180360102658266 -3.4766430185534456 1.3460181093571657 221 186 183
-31.311256672672577 -2.4144532446124884 1.4021608560973275 221 187 184
-31.116937004535664 -2.394866186913253 2.78206373278908 226 201 198
-31.180360102658266 -3.4766430185534456 1.3460181093571657 221 186 183
-31.116937004535664 -2.394866186913253 2.78206373278908 226 201 198
-30.98709808393682 -3.448472495415512 2.725920986048918 226 200 197
-30.98709808393682 -3.448472495415512 2.725920986048918 226 200 197
-31.116937004535664 -2.394866186913253 2.78206373278908 226 201 198
-30.814277025667472 -2.364358629308925 3.8771608560973285 230 212 209
-30.98709808393682 -3.448472495415512 2.725920986048918 226 200 197
-30.814277025667472 -2.364358629308925 3.8771608560973285 230 212 209
-30.68608543265417 -3.404595876958004 3.8210181093571665 229 212 208
-30.68608543265417 -3.404595876958004 3.8210181093571665 229 212 208
-30.814277025667472 -2.364358629308925 3.8771608560973285 230 212 209
-30.432903203555693 -2.32591686409647 4.580256489602347 232 220 216
-30.68608543265417 -3.404595876958004 3.8210181093571665 229 212 208
-30.432903203555693 -2.32591686409647 4.580256489602347 232 220 216
-30.306787364396328 -3.3493081123019195 4.524113742862186 232 219 215
-30.306787364396328 -3.3493081123019195 4.524113742862186 232 219 215
-30.432903203555693 -2.32591686409647 4.580256489602347 232 220 216
-30.01014706509629 -2.283303839094409 4.822526733941338 233 222 218
-30.306787364396328 -3.3493081123019195 4.524113742862186 232 219 215
-30.01014706509629 -2.283303839094409 4.822526733941338 233 222 218
-29.886332216809407 -3.2880211530643035 4.766383987201176 233 222 218
-29.886332216809407 -3.2880211530643035 4.766383987201176 233 222 218
-30.01014706509629 -2.283303839094409 4.822526733941338 233 222 218
-29.587390926636886 -2.2406908140923485 4.580256489602348 232 220 216
-29.886332216809407 -3.2880211530643035 4.766383987201176 233 222 218
-29.587390926636886 -2.2406908140923485 4.580256489602348 232 220 216
-29.465877069222486 -3.2267341938266876 4.524113742862187 232 219 215
-29.465877069222486 -3.2267341938266876 4.524113742862187 232 219 215
-29.587390926636886 -2.2406908140923485 4.580256489602348 232 220 216
-29.206017104525106 -2.202249048879893 3.8771608560973285 230 212 209
-29.465877069222486 -3.2267341938266876 4.524113742862187 232 219 215
-29.206017104525106 -2.202249048879893 3.8771608560973285 230 212 209
-29.086579000964644 -3.171446429170603 3.8210181093571665 229 212 208
-29.086579000964644 -3.171446429170603 3.8210181093571665 229 212 208
-29.206017104525106 -2.202249048879893 3.8771608560973285 230 212 209
-28.903357125656914 -2.1717414912755655 2.782063732789081 226 201 198
-29.086579000964644 -3.171446429170603 3.8210181093571665 229 212 208
-28.903357125656914 -2.1717414912755655 2.782063732789081 226 201 198
-28.785566349681996 -3.127569810713095 2.725920986048919 226 200 197
-28.785566349681996 -3.127569810713095 2.725920986048919 226 200 197
-28.903357125656914 -2.1717414912755655 2.782063732789081 226 201 198
-28.70903745752 -2.15215443357633 1.402160856097328 221 187 184
-28.785566349681996 -3.127569810713095 2.725920986048919 226 200 197
-28.70903745752 -2.15215443357633 1.402160856097328 221 187 184
-28.592304330960552 -3.099399287575162 1.3460181093571661 221 186 183
-28.592304330960552 -3.099399287575162 1.3460181093571661 221 186 183
-28.70903745752 -2.15215443357633 1.402160856097328 221 187 184
-28.642079463136348 -2.145405193460843 -0.12747326605866152 216 171 169
-28.592304330960552 -3.099399287575162 1.3460181093571661 221 186 183
-28.642079463136348 -2.145405193460843 -0.12747326605866152 216 171 169
-28.525710777728428 -3.089692386837119 -0.1836160127988233 216 170 168
-28.525710777728428 -3.089692386837119 -0.1836160127988233 216 170 168
-28.642079463136348 -2.145405193460843 -0.12747326605866152 216 171 169
-28.70903745752 -2.15215443357633 -1.6571073882146492 211 155 153
-28.525710777728428 -3.089692386837119 -0.1836160127988233 216 170 168
-28.70903745752 -2.15215443357633 -1.6571073882146492 211 155 153
-28.592304330960552 -3.099399287575162 -1.713250134954811 211 154 153
-28.592304330960552 -3.099399287575162 -1.713250134954811 211 154 153
-28.70903745752 -2.15215443357633 -1.6571073882146492 211 155 153
-28.903357125656914 -2.1717414912755655 -3.0370102649064035 207 140 140
-28.592304330960552 -3.099399287575162 -1.713250134954811 211 154 153
-28.903357125656914 -2.1717414912755655 -3.0370102649064035 207 140 140
-28.785566349681996 -3.127569810713095 -3.0931530116465655 206 140 139
-28.785566349681996 -3.127569810713095 -3.0931530116465655 206 140 139
-28.903357125656914 -2.1717414912755655 -3.0370102649064035 207 140 140
-29.206017104525106 -2.202249048879893 -4.132107388214652 203 129 129
-28.785566349681996 -3.127569810713095 -3.0931530116465655 206 140 139
-29.206017104525106 -2.202249048879893 -4.132107388214652 203 129 129
-29.086579000964644 -3.171446429170603 -4.188250134954814 203 128 128
-29.086579000964644 -3.171446429170603 -4.188250134954814 203 128 128
-29.206017104525106 -2.202249048879893 -4.132107388214652 203 129 129
-29.587390926636886 -2.2406908140923485 -4.835203021719672 201 122 122
-29.086579000964644 -3.171446429170603 -4.188250134954814 203 128 128
-29.587390926636886 -2.2406908140923485 -4.835203021719672 201 122 122
-29.465877069222486 -3.2267341938266876 -4.891345768459834 200 121 121
-29.465877069222486 -3.2267341938266876 -4.891345768459834 200 121 121
-29.587390926636886 -2.2406908140923485 -4.835203021719672 201 122 122
-30.01014706509629 -2.283303839094409 -5.077473266058663 200 120 120
-29.465877069222486 -3.2267341938266876 -4.891345768459834 200 121 121
-30.01014706509629 -2.283303839094409 -5.077473266058663 200 120 120
-29.886332216809407 -3.2880211530643035 -5.133616012798824 200 120 120
-29.886332216809407 -3.2880211530643035 -5.133616012798824 200 120 120
-30.01014706509629 -2.283303839094409 -5.077473266058663 200 120 120
-30.432903203555693 -2.32591686409647 -4.835203021719673 201 122 122
-29.886332216809407 -3.2880211530643035 -5.133616012798824 200 120 120
-30.432903203555693 -2.32591686409647 -4.835203021719673 201 122 122
-30.306787364396328 -3.3493081123019195 -4.891345768459835 200 121 121
-30.306787364396328 -3.3493081123019195 -4.891345768459835 200 121 121
-30.432903203555693 -2.32591686409647 -4.835203021719673 201 122 122
-30.814277025667472 -2.364358629308925 -4.132107388214653 203 129 129
-30.306787364396328 -3.3493081123019195 -4.891345768459835 200 121 121
-30.814277025667472 -2.364358629308925 -4.132107388214653 203 129 129
-30.68608543265417 -3.404595876958004 -4.1882501349548145 203 128 128
-30.68608543265417 -3.404595876958004 -4.1882501349548145 203 128 128
-30.814277025667472 -2.364358629308925 -4.132107388214653 203 129 129
-31.116937004535664 -2.394866186913253 -3.0370102649064052 207 140 140
-30.68608543265417 -3.404595876958004 -4.1882501349548145 203 128 128
-31.116937004535664 -2.394866186913253 -3.0370102649064052 207 140 140
-30.98709808393682 -3.448472495415512 -3.0931530116465673 206 140 139
-30.98709808393682 -3.448472495415512 -3.0931530116465673 206 140 139
-31.116937004535664 -2.394866186913253 -3.0370102649064052 207 140 140
-31.311256672672577 -2.4144532446124884 -1.657107388214653 211 155 153
-30.98709808393682 -3.448472495415512 -3.0931530116465673 206 140 139
-31.311256672672577 -2.4144532446124884 -1.657107388214653 211 155 153
-31.180360102658266 -3.4766430185534456 -1.7132501349548148 211 154 153
-31.180360102658266 -3.4766430185534456 -1.7132501349548148 211 154 153
-31.311256672672577 -2.4144532446124884 -1.657107388214653 211 155 153
-31.378214667056234 -2.421202484727975 -0.12747326605866335 216 171 169
-31.180360102658266 -3.4766430185534456 -1.7132501349548148 211 154 153
-31.378214667056234 -2.421202484727975 -0.12747326605866335 216 171 169
-31.24695365589039 -3.486349919291488 -0.18361601279882514 216 170 168
-31.378214667056234 -2.421202484727975 -0.12747326605866213 216 171 169
-31.46209372984999 -1.3517125236501797 -0.0711500011929364 216 171 169
-31.39490216776566 -1.347941683069402 1.4584841209630532 222 187 185
-31.378214667056234 -2.421202484727975 -0.12747326605866213 216 171 169
-31.39490216776566 -1.347941683069402 1.4584841209630532 222 187 185
-31.311256672672577 -2.4144532446124884 1.4021608560973275 221 187 184
-31.311256672672577 -2.4144532446124884 1.4021608560973275 221 187 184
-31.39490216776566 -1.347941683069402 1.4584841209630532 222 187 185
-31.199904659760627 -1.3369982774761069 2.8383869976548057 226 202 198
-31.311256672672577 -2.4144532446124884 1.4021608560973275 221 187 184
-31.199904659760627 -1.3369982774761069 2.8383869976548057 226 202 198
-31.116937004535664 -2.394866186913253 2.78206373278908 226 201 198
-31.116937004535664 -2.394866186913253 2.78206373278908 226 201 198
-31.199904659760627 -1.3369982774761069 2.8383869976548057 226 202 198
-30.896188920545946 -1.319953523656956 3.933484120963054 230 213 209
-31.116937004535664 -2.394866186913253 2.78206373278908 226 201 198
-30.896188920545946 -1.319953523656956 3.933484120963054 230 213 209
-30.814277025667472 -2.364358629308925 3.8771608560973285 230 212 209
-30.814277025667472 -2.364358629308925 3.8771608560973285 230 212 209
-30.896188920545946 -1.319953523656956 3.933484120963054 230 213 209
-30.51348476278794 -1.2984758808735513 4.636579754468073 232 220 216
-30.814277025667472 -2.364358629308925 3.8771608560973285 230 212 209
-30.51348476278794 -1.2984758808735513 4.636579754468073 232 220 216
-30.432903203555693 -2.32591686409647 4.580256489602347 232 220 216
-30.432903203555693 -2.32591686409647 4.580256489602347 232 220 216
-30.51348476278794 -1.2984758808735513 4.636579754468073 232 220 216
-30.089253935904615 -1.2746677304450682 4.8788499988070635 233 223 219
-30.432903203555693 -2.32591686409647 4.580256489602347 232 220 216
-30.089253935904615 -1.2746677304450682 4.8788499988070635 233 223 219
-30.01014706509629 -2.283303839094409 4.822526733941338 233 222 218
-30.01014706509629 -2.283303839094409 4.822526733941338 233 222 218
-30.089253935904615 -1.2746677304450682 4.8788499988070635 233 223 219
-29.665023109021295 -1.2508595800165854 4.636579754468074 232 220 216
-30.01014706509629 -2.283303839094409 4.822526733941338 233 222 218
-29.665023109021295 -1.2508595800165854 4.636579754468074 232 220 216
-29.587390926636886 -2.2406908140923485 4.580256489602348 232 220 216
-29.587390926636886 -2.2406908140923485 4.580256489602348 232 220 216
-29.665023109021295 -1.2508595800165854 4.636579754468074 232 220 216
-29.282318951263285 -1.2293819372331805 3.933484120963054 230 213 209
-29.587390926636886 -2.2406908140923485 4.580256489602348 232 220 216
-29.282318951263285 -1.2293819372331805 3.933484120963054 230 213 209
-29.206017104525106 -2.202249048879893 3.8771608560973285 230 212 209
-29.206017104525106 -2.202249048879893 3.8771608560973285 230 212 209
-29.282318951263285 -1.2293819372331805 3.933484120963054 230 213 209
-28.978603212048604 -1.2123371834140295 2.8383869976548066 226 202 198
-29.206017104525106 -2.202249048879893 3.8771608560973285 230 212 209
-28.978603212048604 -1.2123371834140295 2.8383869976548066 226 202 198
-28.903357125656914 -2.1717414912755655 2.782063732789081 226 201 198
-28.903357125656914 -2.1717414912755655 2.782063732789081 226 201 198
-28.978603212048604 -1.2123371834140295 2.8383869976548066 226 202 198
-28.78360570404357 -1.2013937778207344 1.4584841209630537 222 187 185
-28.903357125656914 -2.1717414912755655 2.782063732789081 226 201 198
-28.78360570404357 -1.2013937778207344 1.4584841209630537 222 187 185
-28.70903745752 -2.15215443357633 1.402160856097328 221 187 184
-28.70903745752 -2.15215443357633 1.402160856097328 221 187 184
-28.78360570404357 -1.2013937778207344 1.4584841209630537 222 187 185
-28.71641414195924 -1.1976229372399567 -0.07115000119293578 216 171 169
-28.70903745752 -2.15215443357633 1.402160856097328 221 187 184
-28.71641414195924 -1.1976229372399567 -0.07115000119293578 216 171 169
-28.642079463136348 -2.145405193460843 -0.12747326605866152 216 171 169
-28.642079463136348 -2.145405193460843 -0.12747326605866152 216 171 169
-28.71641414195924 -1.1976229372399567 -0.07115000119293578 216 171 169
-28.78360570404357 -1.2013937778207344 -1.6007841233489235 211 155 154
-28.642079463136348 -2.145405193460843 -0.12747326605866152 216 171 169
-28.78360570404357 -1.2013937778207344 -1.6007841233489235 211 155 154
-28.70903745752 -2.15215443357633 -1.6571073882146492 211 155 153
-28.70903745752 -2.15215443357633 -1.6571073882146492 211 155 153
-28.78360570404357 -1.2013937778207344 -1.6007841233489235 211 155 154
-28.978603212048604 -1.2123371834140295 -2.9806870000406778 207 141 140
-28.70903745752 -2.15215443357633 -1.6571073882146492 211 155 153
-28.978603212048604 -1.2123371834140295 -2.9806870000406778 207 141 140
-28.903357125656914 -2.1717414912755655 -3.0370102649064035 207 140 140
-28.903357125656914 -2.1717414912755655 -3.0370102649064035 207 140 140
-28.978603212048604 -1.2123371834140295 -2.9806870000406778 207 141 140
-29.282318951263285 -1.2293819372331802 -4.075784123348926 203 130 129
-28.903357125656914 -2.1717414912755655 -3.0370102649064035 207 140 140
-29.282318951263285 -1.2293819372331802 -4.075784123348926 203 130 129
-29.206017104525106 -2.202249048879893 -4.132107388214652 203 129 129
-29.206017104525106 -2.202249048879893 -4.132107388214652 203 129 129
-29.282318951263285 -1.2293819372331802 -4.075784123348926 203 130 129
-29.665023109021295 -1.2508595800165854 -4.7788797568539465 201 122 122
-29.206017104525106 -2.202249048879893 -4.132107388214652 203 129 129
-29.665023109021295 -1.2508595800165854 -4.7788797568539465 201 122 122
-29.587390926636886 -2.2406908140923485 -4.835203021719672 201 122 122
-29.587390926636886 -2.2406908140923485 -4.835203021719672 201 122 122
-29.665023109021295 -1.2508595800165854 -4.7788797568539465 201 122 122
-30.089253935904615 -1.2746677304450682 -5.021150001192937 200 120 120
-29.587390926636886 -2.2406908140923485 -4.835203021719672 201 122 122
-30.089253935904615 -1.2746677304450682 -5.021150001192937 200 120 120
-30.01014706509629 -2.283303839094409 -5.077473266058663 200 120 120
-30.01014706509629 -2.283303839094409 -5.077473266058663 200 120 120
-30.089253935904615 -1.2746677304450682 -5.021150001192937 200 120 120
-30.51348476278794 -1.2984758808735513 -4.778879756853947 201 122 122
-30.01014706509629 -2.283303839094409 -5.077473266058663 200 120 120
-30.51348476278794 -1.2984758808735513 -4.778879756853947 201 122 122
-30.432903203555693 -2.32591686409647 -4.835203021719673 201 122 122
-30.432903203555693 -2.32591686409647 -4.835203021719673 201 122 122
-30.51348476278794 -1.2984758808735513 -4.778879756853947 201 122 122
-30.896188920545946 -1.319953523656956 -4.075784123348927 203 130 129
-30.432903203555693 -2.32591686409647 -4.835203021719673 201 122 122
-30.896188920545946 -1.319953523656956 -4.075784123348927 203 130 129
-30.814277025667472 -2.364358629308925 -4.132107388214653 203 129 129
-30.814277025667472 -2.364358629308925 -4.132107388214653 203 129 129
-30.896188920545946 -1.319953523656956 -4.075784123348927 203 130 129
-31.199904659760627 -1.3369982774761069 -2.9806870000406795 207 141 140
-30.814277025667472 -2.364358629308925 -4.132107388214653 203 129 129
-31.199904659760627 -1.3369982774761069 -2.9806870000406795 207 141 140
-31.116937004535664 -2.394866186913253 -3.0370102649064052 207 140 140
-31.116937004535664 -2.394866186913253 -3.0370102649064052 207 140 140
-31.199904659760627 -1.3369982774761069 -2.9806870000406795 207 141 140
-31.39490216776566 -1.347941683069402 -1.6007841233489273 211 155 154
-31.116937004535664 -2.394866186913253 -3.0370102649064052 207 140 140
-31.39490216776566 -1.347941683069402 -1.6007841233489273 211 155 154
-31.311256672672577 -2.4144532446124884 -1.657107388214653 211 155 153
-31.311256672672577 -2.4144532446124884 -1.657107388214653 211 155 153
-31.39490216776566 -1.347941683069402 -1.6007841233489273 211 155 154
-31.46209372984999 -1.3517125236501797 -0.0711500011929376 216 171 169
-31.311256672672577 -2.4144532446124884 -1.657107388214653 211 155 153
-31.46209372984999 -1.3517125236501797 -0.0711500011929376 216 171 169
-31.378214667056234 -2.421202484727975 -0.12747326605866335 216 171 169
-31.46209372984999 -1.3517125236501797 -0.0711500011929364 216 171 169
-31.498376848745167 -0.2797923812612908 -0.014725979005724085 217 172 170
-31.43108408817706 -0.279011593747557 1.5149081431502656 222 188 185
-31.46209372984999 -1.3517125236501797 -0.0711500011929364 216 171 169
-31.43108408817706 -0.279011593747557 1.5149081431502656 222 188 185
-31.39490216776566 -1.347941683069402 1.4584841209630532 222 187 185
-31.39490216776566 -1.347941683069402 1.4584841209630532 222 187 185
-31.43108408817706 -0.279011593747557 1.5149081431502656 222 188 185
-31.23579289073338 -0.2767456601282664 2.894811019842018 226 202 199
-31.39490216776566 -1.347941683069402 1.4584841209630532 222 187 185
-31.23579289073338 -0.2767456601282664 2.894811019842018 226 202 199
-31.199904659760627 -1.3369982774761069 2.8383869976548057 226 202 198
-31.199904659760627 -1.3369982774761069 2.8383869976548057 226 202 198
-31.23579289073338 -0.2767456601282664 2.894811019842018 226 202 199
-30.931619719493696 -0.27321638577376295 3.9899081431502665 230 214 210
-31.199904659760627 -1.3369982774761069 2.8383869976548057 226 202 198
-30.931619719493696 -0.27321638577376295 3.9899081431502665 230 214 210
-30.896188920545946 -1.319953523656956 3.933484120963054 230 213 209
-30.896188920545946 -1.319953523656956 3.933484120963054 230 213 209
-30.931619719493696 -0.27321638577376295 3.9899081431502665 230 214 210
-30.54833916375805 -0.26876924064776586 4.693003776655286 232 221 217
-30.896188920545946 -1.319953523656956 3.933484120963054 230 213 209
-30.54833916375805 -0.26876924064776586 4.693003776655286 232 221 217
-30.51348476278794 -1.2984758808735513 4.636579754468073 232 220 216
-30.51348476278794 -1.2984758808735513 4.636579754468073 232 220 216
-30.54833916375805 -0.26876924064776586 4.693003776655286 232 221 217
-30.123469394794505 -0.2638395423002897 4.935274020994276 233 223 219
-30.51348476278794 -1.2984758808735513 4.636579754468073 232 220 216
-30.123469394794505 -0.2638395423002897 4.935274020994276 233 223 219
-30.089253935904615 -1.2746677304450682 4.8788499988070635 233 223 219
-30.089253935904615 -1.2746677304450682 4.8788499988070635 233 223 219
-30.123469394794505 -0.2638395423002897 4.935274020994276 233 223 219
-29.698599625830962 -0.25890984395281363 4.693003776655287 232 221 217
-30.089253935904615 -1.2746677304450682 4.8788499988070635 233 223 219
-29.698599625830962 -0.25890984395281363 4.693003776655287 232 221 217
-29.665023109021295 -1.2508595800165854 4.636579754468074 232 220 216
-29.665023109021295 -1.2508595800165854 4.636579754468074 232 220 216
-29.698599625830962 -0.25890984395281363 4.693003776655287 232 221 217
-29.315319070095317 -0.25446269882681655 3.9899081431502665 230 214 210
-29.665023109021295 -1.2508595800165854 4.636579754468074 232 220 216
-29.315319070095317 -0.25446269882681655 3.9899081431502665 230 214 210
-29.282318951263285 -1.2293819372331805 3.933484120963054 230 213 209
-29.282318951263285 -1.2293819372331805 3.933484120963054 230 213 209
-29.315319070095317 -0.25446269882681655 3.9899081431502665 230 214 210
-29.01114589885563 -0.2509334244723131 2.894811019842019 226 202 199
-29.282318951263285 -1.2293819372331805 3.933484120963054 230 213 209
-29.01114589885563 -0.2509334244723131 2.894811019842019 226 202 199
-28.978603212048604 -1.2123371834140295 2.8383869976548066 226 202 198
-28.978603212048604 -1.2123371834140295 2.8383869976548066 226 202 198
-29.01114589885563 -0.2509334244723131 2.894811019842019 226 202 199
-28.815854701411954 -0.24866749085302248 1.514908143150266 222 188 185
-28.978603212048604 -1.2123371834140295 2.8383869976548066 226 202 198
-28.815854701411954 -0.24866749085302248 1.514908143150266 222 188 185
-28.78360570404357 -1.2013937778207344 1.4584841209630537 222 187 185
-28.78360570404357 -1.2013937778207344 1.4584841209630537 222 187 185
-28.815854701411954 -0.24866749085302248 1.514908143150266 222 188 185
-28.748561940843846 -0.2478867033392887 -0.01472597900572348 217 172 170
-28.78360570404357 -1.2013937778207344 1.4584841209630537 222 187 185
-28.748561940843846 -0.2478867033392887 -0.01472597900572348 217 172 170
-28.71641414195924 -1.1976229372399567 -0.07115000119293578 216 171 169
-28.71641414195924 -1.1976229372399567 -0.07115000119293578 216 171 169
-28.748561940843846 -0.2478867033392887 -0.01472597900572348 217 172 170
-28.815854701411954 -0.24866749085302248 -1.5443601011617112 212 156 155
-28.71641414195924 -1.1976229372399567 -0.07115000119293578 216 171 169
-28.815854701411954 -0.24866749085302248 -1.5443601011617112 212 156 155
-28.78360570404357 -1.2013937778207344 -1.6007841233489235 211 155 154
-28.78360570404357 -1.2013937778207344 -1.6007841233489235 211 155 154
-28.815854701411954 -0.24866749085302248 -1.5443601011617112 212 156 155
-29.01114589885563 -0.2509334244723131 -2.9242629778534655 207 142 141
-28.78360570404357 -1.2013937778207344 -1.6007841233489235 211 155 154
-29.01114589885563 -0.2509334244723131 -2.9242629778534655 207 142 141
-28.978603212048604 -1.2123371834140295 -2.9806870000406778 207 141 140
-28.978603212048604 -1.2123371834140295 -2.9806870000406778 207 141 140
-29.01114589885563 -0.2509334244723131 -2.9242629778534655 207 142 141
-29.315319070095317 -0.25446269882681655 -4.0193601011617135 203 130 130
-28.978603212048604 -1.2123371834140295 -2.9806870000406778 207 141 140
-29.315319070095317 -0.25446269882681655 -4.0193601011617135 203 130 130
-29.282318951263285 -1.2293819372331802 -4.075784123348926 203 130 129
-29.282318951263285 -1.2293819372331802 -4.075784123348926 203 130 129
-29.315319070095317 -0.25446269882681655 -4.0193601011617135 203 130 130
-29.698599625830962 -0.25890984395281363 -4.722455734666734 201 123 123
-29.282318951263285 -1.2293819372331802 -4.075784123348926 203 130 129
-29.698599625830962 -0.25890984395281363 -4.722455734666734 201 123 123
-29.665023109021295 -1.2508595800165854 -4.7788797568539465 201 122 122
-29.665023109021295 -1.2508595800165854 -4.7788797568539465 201 122 122
-29.698599625830962 -0.25890984395281363 -4.722455734666734 201 123 123
-30.123469394794505 -0.2638395423002897 -4.964725979005724 200 120 120
-29.665023109021295 -1.2508595800165854 -4.7788797568539465 201 122 122
-30.123469394794505 -0.2638395423002897 -4.964725979005724 200 120 120
-30.089253935904615 -1.2746677304450682 -5.021150001192937 200 120 120
-30.089253935904615 -1.2746677304450682 -5.021150001192937 200 120 120
-30.123469394794505 -0.2638395423002897 -4.964725979005724 200 120 120
-30.54833916375805 -0.26876924064776586 -4.722455734666735 201 123 123
-30.089253935904615 -1.2746677304450682 -5.021150001192937 200 120 120
-30.54833916375805 -0.26876924064776586 -4.722455734666735 201 123 123
-30.51348476278794 -1.2984758808735513 -4.778879756853947 201 122 122
-30.51348476278794 -1.2984758808735513 -4.778879756853947 201 122 122
-30.54833916375805 -0.26876924064776586 -4.722455734666735 201 123 123
-30.931619719493696 -0.27321638577376295 -4.019360101161714 203 130 130
-30.51348476278794 -1.2984758808735513 -4.778879756853947 201 122 122
-30.931619719493696 -0.27321638577376295 -4.019360101161714 203 130 130
-30.896188920545946 -1.319953523656956 -4.075784123348927 203 130 129
-30.896188920545946 -1.319953523656956 -4.075784123348927 203 130 129
-30.931619719493696 -0.27321638577376295 -4.019360101161714 203 130 130
-31.23579289073338 -0.2767456601282664 -2.9242629778534672 207 142 141
-30.896188920545946 -1.319953523656956 -4.075784123348927 203 130 129
-31.23579289073338 -0.2767456601282664 -2.9242629778534672 207 142 141
-31.199904659760627 -1.3369982774761069 -2.9806870000406795 207 141 140
-31.199904659760627 -1.3369982774761069 -2.9806870000406795 207 141 140
-31.23579289073338 -0.2767456601282664 -2.9242629778534672 207 142 141
-31.43108408817706 -0.279011593747557 -1.544360101161715 212 156 155
-31.199904659760627 -1.3369982774761069 -2.9806870000406795 207 141 140
-31.43108408817706 -0.279011593747557 -1.544360101161715 212 156 155
-31.39490216776566 -1.347941683069402 -1.6007841233489273 211 155 154
-31.39490216776566 -1.347941683069402 -1.6007841233489273 211 155 154
-31.43108408817706 -0.279011593747557 -1.544360101161715 212 156 155
-31.498376848745167 -0.2797923812612908 -0.014725979005725297 217 172 170
-31.39490216776566 -1.347941683069402 -1.6007841233489273 211 155 154
-31.498376848745167 -0.2797923812612908 -0.014725979005725297 217 172 170
-31.46209372984999 -1.3517125236501797 -0.0711500011929376 216 171 169
-31.498376848745167 -0.2797923812612908 -0.014725979005724085 217 172 170
-31.48697103649744 0.7926313123638724 0.041718897013898734 217 173 170
-31.419710099055386 0.7904196278397221 1.5713530191698883 222 188 186
-31.498376848745167 -0.2797923812612908 -0.014725979005724085 217 172 170
-31.419710099055386 0.7904196278397221 1.5713530191698883 222 188 186
-31.43108408817706 -0.279011593747557 1.5149081431502656 222 188 185
-31.43108408817706 -0.279011593747557 1.5149081431502656 222 188 185
-31.419710099055386 0.7904196278397221 1.5713530191698883 222 188 186
-31.224511255920568 0.7840010693582071 2.9512558958616406 227 203 200
-31.43108408817706 -0.279011593747557 1.5149081431502656 222 188 185
-31.224511255920568 0.7840010693582071 2.9512558958616406 227 203 200
-31.23579289073338 -0.2767456601282664 2.894811019842018 226 202 199
-31.23579289073338 -0.2767456601282664 2.894811019842018 226 202 199
-31.224511255920568 0.7840010693582071 2.9512558958616406 227 203 200
-30.920481929889323 0.7740039301442246 4.0463530191698895 230 214 210
-31.23579289073338 -0.2767456601282664 2.894811019842018 226 202 199
-30.920481929889323 0.7740039301442246 4.0463530191698895 230 214 210
-30.931619719493696 -0.27321638577376295 3.9899081431502665 230 214 210
-30.931619719493696 -0.27321638577376295 3.9899081431502665 230 214 210
-30.920481929889323 0.7740039301442246 4.0463530191698895 230 214 210
-30.537382629690473 0.761406799838204 4.749448652674909 232 222 217
-30.931619719493696 -0.27321638577376295 3.9899081431502665 230 214 210
-30.537382629690473 0.761406799838204 4.749448652674909 232 222 217
-30.54833916375805 -0.26876924064776586 4.693003776655286 232 221 217
-30.54833916375805 -0.26876924064776586 4.693003776655286 232 221 217
-30.537382629690473 0.761406799838204 4.749448652674909 232 222 217
-30.11271378403725 0.7474427733238664 4.991718897013899 233 224 220
-30.54833916375805 -0.26876924064776586 4.693003776655286 232 221 217
-30.11271378403725 0.7474427733238664 4.991718897013899 233 224 220
-30.123469394794505 -0.2638395423002897 4.935274020994276 233 223 219
-30.123469394794505 -0.2638395423002897 4.935274020994276 233 223 219
-30.11271378403725 0.7474427733238664 4.991718897013899 233 224 220
-29.68804493838403 0.7334787468095287 4.74944865267491 232 222 217
-30.123469394794505 -0.2638395423002897 4.935274020994276 233 223 219
-29.68804493838403 0.7334787468095287 4.74944865267491 232 222 217
-29.698599625830962 -0.25890984395281363 4.693003776655287 232 221 217
-29.698599625830962 -0.25890984395281363 4.693003776655287 232 221 217
-29.68804493838403 0.7334787468095287 4.74944865267491 232 222 217
-29.304945638185178 0.7208816165035081 4.0463530191698895 230 214 210
-29.698599625830962 -0.25890984395281363 4.693003776655287 232 221 217
-29.304945638185178 0.7208816165035081 4.0463530191698895 230 214 210
-29.315319070095317 -0.25446269882681655 3.9899081431502665 230 214 210
-29.315319070095317 -0.25446269882681655 3.9899081431502665 230 214 210
-29.304945638185178 0.7208816165035081 4.0463530191698895 230 214 210
-29.000916312153933 0.7108844772895258 2.9512558958616415 227 203 200
-29.315319070095317 -0.25446269882681655 3.9899081431502665 230 214 210
-29.000916312153933 0.7108844772895258 2.9512558958616415 227 203 200
-29.01114589885563 -0.2509334244723131 2.894811019842019 226 202 199
-29.01114589885563 -0.2509334244723131 2.894811019842019 226 202 199
-29.000916312153933 0.7108844772895258 2.9512558958616415 227 203 200
-28.805717469019115 0.7044659188080107 1.5713530191698888 222 188 186
-29.01114589885563 -0.2509334244723131 2.894811019842019 226 202 199
-28.805717469019115 0.7044659188080107 1.5713530191698888 222 188 186
-28.815854701411954 -0.24866749085302248 1.514908143150266 222 188 185
-28.815854701411954 -0.24866749085302248 1.514908143150266 222 188 185
-28.805717469019115 0.7044659188080107 1.5713530191698888 222 188 186
-28.73845653157706 0.7022542342838604 0.04171889701389934 217 173 170
-28.815854701411954 -0.24866749085302248 1.514908143150266 222 188 185
-28.73845653157706 0.7022542342838604 0.04171889701389934 217 173 170
-28.748561940843846 -0.2478867033392887 -0.01472597900572348 217 172 170
-28.748561940843846 -0.2478867033392887 -0.01472597900572348 217 172 170
-28.73845653157706 0.7022542342838604 0.04171889701389934 217 173 170
-28.805717469019115 0.7044659188080107 -1.4879152251420884 212 157 155
-28.748561940843846 -0.2478867033392887 -0.01472597900572348 217 172 170
-28.805717469019115 0.7044659188080107 -1.4879152251420884 212 157 155
-28.815854701411954 -0.24866749085302248 -1.5443601011617112 212 156 155
-28.815854701411954 -0.24866749085302248 -1.5443601011617112 212 156 155
-28.805717469019115 0.7044659188080107 -1.4879152251420884 212 157 155
-29.000916312153933 0.7108844772895258 -2.867818101833843 207 142 141
-28.815854701411954 -0.24866749085302248 -1.5443601011617112 212 156 155
-29.000916312153933 0.7108844772895258 -2.867818101833843 207 142 141
-29.01114589885563 -0.2509334244723131 -2.9242629778534655 207 142 141
-29.01114589885563 -0.2509334244723131 -2.9242629778534655 207 142 141
-29.000916312153933 0.7108844772895258 -2.867818101833843 207 142 141
-29.304945638185178 0.7208816165035081 -3.962915225142091 203 131 130
-29.01114589885563 -0.2509334244723131 -2.9242629778534655 207 142 141
-29.304945638185178 0.7208816165035081 -3.962915225142091 203 131 130
-29.315319070095317 -0.25446269882681655 -4.0193601011617135 203 130 130
-29.315319070095317 -0.25446269882681655 -4.0193601011617135 203 130 130
-29.304945638185178 0.7208816165035081 -3.962915225142091 203 131 130
-29.68804493838403 0.7334787468095287 -4.666010858647111 201 123 123
-29.315319070095317 -0.25446269882681655 -4.0193601011617135 203 130 130
-29.68804493838403 0.7334787468095287 -4.666010858647111 201 123 123
-29.698599625830962 -0.25890984395281363 -4.722455734666734 201 123 123
-29.698599625830962 -0.25890984395281363 -4.722455734666734 201 123 123
-29.68804493838403 0.7334787468095287 -4.666010858647111 201 123 123
-30.11271378403725 0.7474427733238664 -4.908281102986101 200 121 121
-29.698599625830962 -0.25890984395281363 -4.722455734666734 201 123 123
-30.11271378403725 0.7474427733238664 -4.908281102986101 200 121 121
-30.123469394794505 -0.2638395423002897 -4.964725979005724 200 120 120
-30.123469394794505 -0.2638395423002897 -4.964725979005724 200 120 120
-30.11271378403725 0.7474427733238664 -4.908281102986101 200 121 121
-30.537382629690473 0.761406799838204 -4.666010858647112 201 123 123
-30.123469394794505 -0.2638395423002897 -4.964725979005724 200 120 120
-30.537382629690473 0.761406799838204 -4.666010858647112 201 123 123
-30.54833916375805 -0.26876924064776586 -4.722455734666735 201 123 123
-30.54833916375805 -0.26876924064776586 -4.722455734666735 201 123 123
-30.537382629690473 0.761406799838204 -4.666010858647112 201 123 123
-30.920481929889323 0.7740039301442246 -3.962915225142092 203 131 130
-30.54833916375805 -0.26876924064776586 -4.722455734666735 201 123 123
-30.920481929889323 0.7740039301442246 -3.962915225142092 203 131 130
-30.931619719493696 -0.27321638577376295 -4.019360101161714 203 130 130
-30.931619719493696 -0.27321638577376295 -4.019360101161714 203 130 130
-30.920481929889323 0.7740039301442246 -3.962915225142092 203 131 130
-31.224511255920568 0.7840010693582071 -2.8678181018338447 207 142 141
-30.931619719493696 -0.27321638577376295 -4.019360101161714 203 130 130
-31.224511255920568 0.7840010693582071 -2.8678181018338447 207 142 141
-31.23579289073338 -0.2767456601282664 -2.9242629778534672 207 142 141
-31.23579289073338 -0.2767456601282664 -2.9242629778534672 207 142 141
-31.224511255920568 0.7840010693582071 -2.8678181018338447 207 142 141
-31.419710099055386 0.7904196278397221 -1.4879152251420922 212 157 155
-31.23579289073338 -0.2767456601282664 -2.9242629778534672 207 142 141
-31.419710099055386 0.7904196278397221 -1.4879152251420922 212 157 155
-31.43108408817706 -0.279011593747557 -1.544360101161715 212 156 155
-31.43108408817706 -0.279011593747557 -1.544360101161715 212 156 155
-31.419710099055386 0.7904196278397221 -1.4879152251420922 212 157 155
-31.48697103649744 0.7926313123638724 0.04171889701389752 217 173 170
-31.43108408817706 -0.279011593747557 -1.544360101161715 212 156 155
-31.48697103649744 0.7926313123638724 0.04171889701389752 217 173 170
-31.498376848745167 -0.2797923812612908 -0.014725979005725297 217 172 170
-31.48697103649744 0.7926313123638724 0.041718897013898734 217 173 170
-31.427905551702104 1.8636289508600734 0.0981046938452149 217 173 171
-31.360809253560525 1.8584316410064665 1.6277388160012045 222 189 186
-31.48697103649744 0.7926313123638724 0.041718897013898734 217 173 170
-31.360809253560525 1.8584316410064665 1.6277388160012045 222 189 186
-31.419710099055386 0.7904196278397221 1.5713530191698883 222 188 186
-31.419710099055386 0.7904196278397221 1.5713530191698883 222 188 186
-31.360809253560525 1.8584316410064665 1.6277388160012045 222 189 186
-31.166088212285285 1.8433484603459043 3.007641692692957 227 203 200
-31.419710099055386 0.7904196278397221 1.5713530191698883 222 188 186
-31.166088212285285 1.8433484603459043 3.007641692692957 227 203 200
-31.224511255920568 0.7840010693582071 2.9512558958616406 227 203 200
-31.224511255920568 0.7840010693582071 2.9512558958616406 227 203 200
-31.166088212285285 1.8433484603459043 3.007641692692957 227 203 200
-30.862803080097674 1.819855855692141 4.102738816001206 230 215 211
-31.224511255920568 0.7840010693582071 2.9512558958616406 227 203 200
-30.862803080097674 1.819855855692141 4.102738816001206 230 215 211
-30.920481929889323 0.7740039301442246 4.0463530191698895 230 214 210
-30.920481929889323 0.7740039301442246 4.0463530191698895 230 214 210
-30.862803080097674 1.819855855692141 4.102738816001206 230 215 211
-30.480641518847982 1.790253446871289 4.805834449506225 233 222 218
-30.920481929889323 0.7740039301442246 4.0463530191698895 230 214 210
-30.480641518847982 1.790253446871289 4.805834449506225 233 222 218
-30.537382629690473 0.761406799838204 4.749448652674909 232 222 217
-30.537382629690473 0.761406799838204 4.749448652674909 232 222 217
-30.480641518847982 1.790253446871289 4.805834449506225 233 222 218
-30.0570121648275 1.757438923910843 5.048104693845215 233 225 220
-30.537382629690473 0.761406799838204 4.749448652674909 232 222 217
-30.0570121648275 1.757438923910843 5.048104693845215 233 225 220
-30.11271378403725 0.7474427733238664 4.991718897013899 233 224 220
-30.11271378403725 0.7474427733238664 4.991718897013899 233 224 220
-30.0570121648275 1.757438923910843 5.048104693845215 233 225 220
-29.63338281080702 1.7246244009503973 4.805834449506226 233 222 218
-30.11271378403725 0.7474427733238664 4.991718897013899 233 224 220
-29.63338281080702 1.7246244009503973 4.805834449506226 233 222 218
-29.68804493838403 0.7334787468095287 4.74944865267491 232 222 217
-29.68804493838403 0.7334787468095287 4.74944865267491 232 222 217
-29.63338281080702 1.7246244009503973 4.805834449506226 233 222 218
-29.25122124955733 1.6950219921295453 4.102738816001206 230 215 211
-29.68804493838403 0.7334787468095287 4.74944865267491 232 222 217
-29.25122124955733 1.6950219921295453 4.102738816001206 230 215 211
-29.304945638185178 0.7208816165035081 4.0463530191698895 230 214 210
-29.304945638185178 0.7208816165035081 4.0463530191698895 230 214 210
-29.25122124955733 1.6950219921295453 4.102738816001206 230 215 211
-28.947936117369718 1.6715293874757822 3.0076416926929577 227 203 200
-29.304945638185178 0.7208816165035081 4.0463530191698895 230 214 210
-28.947936117369718 1.6715293874757822 3.0076416926929577 227 203 200
-29.000916312153933 0.7108844772895258 2.9512558958616415 227 203 200
-29.000916312153933 0.7108844772895258 2.9512558958616415 227 203 200
-28.947936117369718 1.6715293874757822 3.0076416926929577 227 203 200
-28.753215076094477 1.6564462068152195 1.627738816001205 222 189 186
-29.000916312153933 0.7108844772895258 2.9512558958616415 227 203 200
-28.753215076094477 1.6564462068152195 1.627738816001205 222 189 186
-28.805717469019115 0.7044659188080107 1.5713530191698888 222 188 186
-28.805717469019115 0.7044659188080107 1.5713530191698888 222 188 186
-28.753215076094477 1.6564462068152195 1.627738816001205 222 189 186
-28.6861187779529 1.6512488969616128 0.09810469384521552 217 173 171
-28.805717469019115 0.7044659188080107 1.5713530191698888 222 188 186
-28.6861187779529 1.6512488969616128 0.09810469384521552 217 173 171
-28.73845653157706 0.7022542342838604 0.04171889701389934 217 173 170
-28.73845653157706 0.7022542342838604 0.04171889701389934 217 173 170
-28.6861187779529 1.6512488969616128 0.09810469384521552 217 173 171
-28.753215076094477 1.6564462068152195 -1.4315294283107722 212 157 156
-28.73845653157706 0.7022542342838604 0.04171889701389934 217 173 170
-28.753215076094477 1.6564462068152195 -1.4315294283107722 212 157 156
-28.805717469019115 0.7044659188080107 -1.4879152251420884 212 157 155
-28.805717469019115 0.7044659188080107 -1.4879152251420884 212 157 155
-28.753215076094477 1.6564462068152195 -1.4315294283107722 212 157 156
-28.947936117369718 1.6715293874757822 -2.8114323050025267 207 143 142
-28.805717469019115 0.7044659188080107 -1.4879152251420884 212 157 155
-28.947936117369718 1.6715293874757822 -2.8114323050025267 207 143 142
-29.000916312153933 0.7108844772895258 -2.867818101833843 207 142 141
-29.000916312153933 0.7108844772895258 -2.867818101833843 207 142 141
-28.947936117369718 1.6715293874757822 -2.8114323050025267 207 143 142
-29.25122124955733 1.6950219921295453 -3.9065294283107748 204 131 131
-29.000916312153933 0.7108844772895258 -2.867818101833843 207 142 141
-29.25122124955733 1.6950219921295453 -3.9065294283107748 204 131 131
-29.304945638185178 0.7208816165035081 -3.962915225142091 203 131 130
-29.304945638185178 0.7208816165035081 -3.962915225142091 203 131 130
-29.25122124955733 1.6950219921295453 -3.9065294283107748 204 131 131
-29.63338281080702 1.7246244009503973 -4.609625061815795 201 124 124
-29.304945638185178 0.7208816165035081 -3.962915225142091 203 131 130
-29.63338281080702 1.7246244009503973 -4.609625061815795 201 124 124
-29.68804493838403 0.7334787468095287 -4.666010858647111 201 123 123
-29.68804493838403 0.7334787468095287 -4.666010858647111 201 123 123
-29.63338281080702 1.7246244009503973 -4.609625061815795 201 124 124
-30.0570121648275 1.757438923910843 -4.851895306154785 200 122 121
-29.68804493838403 0.7334787468095287 -4.666010858647111 201 123 123
-30.0570121648275 1.757438923910843 -4.851895306154785 200 122 121
-30.11271378403725 0.7474427733238664 -4.908281102986101 200 121 121
-30.11271378403725 0.7474427733238664 -4.908281102986101 200 121 121
-30.0570121648275 1.757438923910843 -4.851895306154785 200 122 121
-30.480641518847982 1.790253446871289 -4.6096250618157955 201 124 124
-30.11271378403725 0.7474427733238664 -4.908281102986101 200 121 121
-30.480641518847982 1.790253446871289 -4.6096250618157955 201 124 124
-30.537382629690473 0.761406799838204 -4.666010858647112 201 123 123
-30.537382629690473 0.761406799838204 -4.666010858647112 201 123 123
-30.480641518847982 1.790253446871289 -4.6096250618157955 201 124 124
-30.862803080097674 1.819855855692141 -3.9065294283107757 204 131 131
-30.537382629690473 0.761406799838204 -4.666010858647112 201 123 123
-30.862803080097674 1.819855855692141 -3.9065294283107757 204 131 131
-30.920481929889323 0.7740039301442246 -3.962915225142092 203 131 130
-30.920481929889323 0.7740039301442246 -3.962915225142092 203 131 130
-30.862803080097674 1.819855855692141 -3.9065294283107757 204 131 131
-31.166088212285285 1.8433484603459043 -2.8114323050025285 207 143 142
-30.920481929889323 0.7740039301442246 -3.962915225142092 203 131 130
-31.166088212285285 1.8433484603459043 -2.8114323050025285 207 143 142
-31.224511255920568 0.7840010693582071 -2.8678181018338447 207 142 141
-31.224511255920568 0.7840010693582071 -2.8678181018338447 207 142 141
-31.166088212285285 1.8433484603459043 -2.8114323050025285 207 143 142
-31.360809253560525 1.8584316410064665 -1.431529428310776 212 157 156
-31.224511255920568 0.7840010693582071 -2.8678181018338447 207 142 141
-31.360809253560525 1.8584316410064665 -1.431529428310776 212 157 156
-31.419710099055386 0.7904196278397221 -1.4879152251420922 212 157 155
-31.419710099055386 0.7904196278397221 -1.4879152251420922 212 157 155
-31.360809253560525 1.8584316410064665 -1.431529428310776 212 157 156
-31.427905551702104 1.8636289508600734 0.0981046938452137 217 173 171
-31.419710099055386 0.7904196278397221 -1.4879152251420922 212 157 155
-31.427905551702104 1.8636289508600734 0.0981046938452137 217 173 171
-31.48697103649744 0.7926313123638724 0.04171889701389752 217 173 170
-31.427905551702104 1.8636289508600734 0.0981046938452149 217 173 171
-31.32133150842228 2.9312793421082715 0.15435156213104445 217 174 172
-31.254531607052325 2.923112431371485 1.6839856842870342 222 190 187
-31.427905551702104 1.8636289508600734 0.0981046938452149 217 173 171
-31.254531607052325 2.923112431371485 1.6839856842870342 222 190 187
-31.360809253560525 1.8584316410064665 1.6277388160012045 222 189 186
-31.360809253560525 1.8584316410064665 1.6277388160012045 222 189 186
-31.254531607052325 2.923112431371485 1.6839856842870342 222 190 187
-31.06067074271084 2.8994111332862547 3.0638885609787865 227 204 201
-31.360809253560525 1.8584316410064665 1.6277388160012045 222 189 186
-31.06067074271084 2.8994111332862547 3.0638885609787865 227 204 201
-31.166088212285285 1.8433484603459043 3.007641692692957 227 203 200
-31.166088212285285 1.8433484603459043 3.007641692692957 227 203 200
-31.06067074271084 2.8994111332862547 3.0638885609787865 227 204 201
-30.75872536750763 2.8624954960458178 4.1589856842870345 231 215 212
-31.166088212285285 1.8433484603459043 3.007641692692957 227 203 200
-30.75872536750763 2.8624954960458178 4.1589856842870345 231 215 212
-30.862803080097674 1.819855855692141 4.102738816001206 230 215 211
-30.862803080097674 1.819855855692141 4.102738816001206 230 215 211
-30.75872536750763 2.8624954960458178 4.1589856842870345 231 215 212
-30.37825199854472 2.8159790794296358 4.862081317792054 233 223 219
-30.862803080097674 1.819855855692141 4.102738816001206 230 215 211
-30.37825199854472 2.8159790794296358 4.862081317792054 233 223 219
-30.480641518847982 1.790253446871289 4.805834449506225 233 222 218
-30.480641518847982 1.790253446871289 4.805834449506225 233 222 218
-30.37825199854472 2.8159790794296358 4.862081317792054 233 223 219
-29.956494020090034 2.7644152343950332 5.104351562131044 234 225 221
-30.480641518847982 1.790253446871289 4.805834449506225 233 222 218
-29.956494020090034 2.7644152343950332 5.104351562131044 234 225 221
-30.0570121648275 1.757438923910843 5.048104693845215 233 225 220
-30.0570121648275 1.757438923910843 5.048104693845215 233 225 220
-29.956494020090034 2.7644152343950332 5.104351562131044 234 225 221
-29.534736041635355 2.712851389360431 4.862081317792055 233 223 219
-30.0570121648275 1.757438923910843 5.048104693845215 233 225 220
-29.534736041635355 2.712851389360431 4.862081317792055 233 223 219
-29.63338281080702 1.7246244009503973 4.805834449506226 233 222 218
-29.63338281080702 1.7246244009503973 4.805834449506226 233 222 218
-29.534736041635355 2.712851389360431 4.862081317792055 233 223 219
-29.154262672672445 2.666334972744249 4.1589856842870345 231 215 212
-29.63338281080702 1.7246244009503973 4.805834449506226 233 222 218
-29.154262672672445 2.666334972744249 4.1589856842870345 231 215 212
-29.25122124955733 1.6950219921295453 4.102738816001206 230 215 211
-29.25122124955733 1.6950219921295453 4.102738816001206 230 215 211
-29.154262672672445 2.666334972744249 4.1589856842870345 231 215 212
-28.852317297469234 2.629419335503812 3.0638885609787874 227 204 201
-29.25122124955733 1.6950219921295453 4.102738816001206 230 215 211
-28.852317297469234 2.629419335503812 3.0638885609787874 227 204 201
-28.947936117369718 1.6715293874757822 3.0076416926929577 227 203 200
-28.947936117369718 1.6715293874757822 3.0076416926929577 227 203 200
-28.852317297469234 2.629419335503812 3.0638885609787874 227 204 201
-28.658456433127746 2.6057180374185815 1.6839856842870347 222 190 187
-28.947936117369718 1.6715293874757822 3.0076416926929577 227 203 200
-28.658456433127746 2.6057180374185815 1.6839856842870347 222 190 187
-28.753215076094477 1.6564462068152195 1.627738816001205 222 189 186
-28.753215076094477 1.6564462068152195 1.627738816001205 222 189 186
-28.658456433127746 2.6057180374185815 1.6839856842870347 222 190 187
-28.591656531757792 2.597551126681795 0.15435156213104506 217 174 172
-28.753215076094477 1.6564462068152195 1.627738816001205 222 189 186
-28.591656531757792 2.597551126681795 0.15435156213104506 217 174 172
-28.6861187779529 1.6512488969616128 0.09810469384521552 217 173 171
-28.6861187779529 1.6512488969616128 0.09810469384521552 217 173 171
-28.591656531757792 2.597551126681795 0.15435156213104506 217 174 172
-28.658456433127746 2.6057180374185815 -1.3752825600249425 212 158 156
-28.6861187779529 1.6512488969616128 0.09810469384521552 217 173 171
-28.658456433127746 2.6057180374185815 -1.3752825600249425 212 158 156
-28.753215076094477 1.6564462068152195 -1.4315294283107722 212 157 156
-28.753215076094477 1.6564462068152195 -1.4315294283107722 212 157 156
-28.658456433127746 2.6057180374185815 -1.3752825600249425 212 158 156
-28.852317297469234 2.629419335503812 -2.755185436716697 207 143 142
-28.753215076094477 1.6564462068152195 -1.4315294283107722 212 157 156
-28.852317297469234 2.629419335503812 -2.755185436716697 207 143 142
-28.947936117369718 1.6715293874757822 -2.8114323050025267 207 143 142
-28.947936117369718 1.6715293874757822 -2.8114323050025267 207 143 142
-28.852317297469234 2.629419335503812 -2.755185436716697 207 143 142
-29.154262672672445 2.666334972744249 -3.850282560024945 204 132 131
-28.947936117369718 1.6715293874757822 -2.8114323050025267 207 143 142
-29.154262672672445 2.666334972744249 -3.850282560024945 204 132 131
-29.25122124955733 1.6950219921295453 -3.9065294283107748 204 131 131
-29.25122124955733 1.6950219921295453 -3.9065294283107748 204 131 131
-29.154262672672445 2.666334972744249 -3.850282560024945 204 132 131
-29.534736041635355 2.712851389360431 -4.553378193529966 201 125 124
-29.25122124955733 1.6950219921295453 -3.9065294283107748 204 131 131
-29.534736041635355 2.712851389360431 -4.553378193529966 201 125 124
-29.63338281080702 1.7246244009503973 -4.609625061815795 201 124 124
-29.63338281080702 1.7246244009503973 -4.609625061815795 201 124 124
-29.534736041635355 2.712851389360431 -4.553378193529966 201 125 124
-29.956494020090034 2.7644152343950332 -4.795648437868956 201 122 122
-29.63338281080702 1.7246244009503973 -4.609625061815795 201 124 124
-29.956494020090034 2.7644152343950332 -4.795648437868956 201 122 122
-30.0570121648275 1.757438923910843 -4.851895306154785 200 122 121
-30.0570121648275 1.757438923910843 -4.851895306154785 200 122 121
-29.956494020090034 2.7644152343950332 -4.795648437868956 201 122 122
-30.37825199854472 2.8159790794296358 -4.553378193529967 201 125 124
-30.0570121648275 1.757438923910843 -4.851895306154785 200 122 121
-30.37825199854472 2.8159790794296358 -4.553378193529967 201 125 124
-30.480641518847982 1.790253446871289 -4.6096250618157955 201 124 124
-30.480641518847982 1.790253446871289 -4.6096250618157955 201 124 124
-30.37825199854472 2.8159790794296358 -4.553378193529967 201 125 124
-30.75872536750763 2.8624954960458178 -3.850282560024946 204 132 131
-30.480641518847982 1.790253446871289 -4.6096250618157955 201 124 124
-30.75872536750763 2.8624954960458178 -3.850282560024946 204 132 131
-30.862803080097674 1.819855855692141 -3.9065294283107757 204 131 131
-30.862803080097674 1.819855855692141 -3.9065294283107757 204 131 131
-30.75872536750763 2.8624954960458178 -3.850282560024946 204 132 131
-31.06067074271084 2.8994111332862547 -2.755185436716699 207 143 142
-30.862803080097674 1.819855855692141 -3.9065294283107757 204 131 131
-31.06067074271084 2.8994111332862547 -2.755185436716699 207 143 142
-31.166088212285285 1.8433484603459043 -2.8114323050025285 207 143 142
-31.166088212285285 1.8433484603459043 -2.8114323050025285 207 143 142
-31.06067074271084 2.8994111332862547 -2.755185436716699 207 143 142
-31.254531607052325 2.923112431371485 -1.3752825600249463 212 158 156
-31.166088212285285 1.8433484603459043 -2.8114323050025285 207 143 142
-31.254531607052325 2.923112431371485 -1.3752825600249463 212 158 156
-31.360809253560525 1.8584316410064665 -1.431529428310776 212 157 156
-31.360809253560525 1.8584316410064665 -1.431529428310776 212 157 156
-31.254531607052325 2.923112431371485 -1.3752825600249463 212 158 156
-31.32133150842228 2.9312793421082715 0.15435156213104323 217 174 172
-31.360809253560525 1.8584316410064665 -1.431529428310776 212 157 156
-31.32133150842228 2.9312793421082715 0.15435156213104323 217 174 172
-31.427905551702104 1.8636289508600734 0.0981046938452137 217 173 171
-31.32133150842228 2.9312793421082715 0.15435156213104445 217 174 172
-31.167519874204693 3.9936808676133038 0.21037984925444472 217 174 172
-31.10114623848324 3.9825693539840206 1.7400139714104343 222 190 187
-31.32133150842228 2.9312793421082715 0.15435156213104445 217 174 172
-31.10114623848324 3.9825693539840206 1.7400139714104343 222 190 187
-31.254531607052325 2.923112431371485 1.6839856842870342 222 190 187
-31.254531607052325 2.923112431371485 1.6839856842870342 222 190 187
-31.10114623848324 3.9825693539840206 1.7400139714104343 222 190 187
-30.908522445235604 3.950322485468674 3.1199168481021866 227 205 201
-31.254531607052325 2.923112431371485 1.6839856842870342 222 190 187
-30.908522445235604 3.950322485468674 3.1199168481021866 227 205 201
-31.06067074271084 2.8994111332862547 3.0638885609787865 227 204 201
-31.06067074271084 2.8994111332862547 3.0638885609787865 227 204 201
-30.908522445235604 3.950322485468674 3.1199168481021866 227 205 201
-30.608503853433753 3.900096810234689 4.2150139714104355 231 216 212
-31.06067074271084 2.8994111332862547 3.0638885609787865 227 204 201
-30.608503853433753 3.900096810234689 4.2150139714104355 231 216 212
-30.75872536750763 2.8624954960458178 4.1589856842870345 231 215 212
-30.75872536750763 2.8624954960458178 4.1589856842870345 231 215 212
-30.608503853433753 3.900096810234689 4.2150139714104355 231 216 212
-30.230458373195695 3.836808767316826 4.918109604915455 233 223 219
-30.75872536750763 2.8624954960458178 4.1589856842870345 231 215 212
-30.230458373195695 3.836808767316826 4.918109604915455 233 223 219
-30.37825199854472 2.8159790794296358 4.862081317792054 233 223 219
-30.37825199854472 2.8159790794296358 4.862081317792054 233 223 219
-30.230458373195695 3.836808767316826 4.918109604915455 233 223 219
-29.811391730124875 3.7666534313096083 5.160379849254445 234 226 222
-30.37825199854472 2.8159790794296358 4.862081317792054 233 223 219
-29.811391730124875 3.7666534313096083 5.160379849254445 234 226 222
-29.956494020090034 2.7644152343950332 5.104351562131044 234 225 221
-29.956494020090034 2.7644152343950332 5.104351562131044 234 225 221
-29.811391730124875 3.7666534313096083 5.160379849254445 234 226 222
-29.392325087054054 3.696498095302391 4.918109604915456 233 223 219
-29.956494020090034 2.7644152343950332 5.104351562131044 234 225 221
-29.392325087054054 3.696498095302391 4.918109604915456 233 223 219
-29.534736041635355 2.712851389360431 4.862081317792055 233 223 219
-29.534736041635355 2.712851389360431 4.862081317792055 233 223 219
-29.392325087054054 3.696498095302391 4.918109604915456 233 223 219
-29.014279606815997 3.6332100523845274 4.2150139714104355 231 216 212
-29.534736041635355 2.712851389360431 4.862081317792055 233 223 219
-29.014279606815997 3.6332100523845274 4.2150139714104355 231 216 212
-29.154262672672445 2.666334972744249 4.1589856842870345 231 215 212
-29.154262672672445 2.666334972744249 4.1589856842870345 231 215 212
-29.014279606815997 3.6332100523845274 4.2150139714104355 231 216 212
-28.714261015014145 3.582984377150543 3.1199168481021875 227 205 201
-29.154262672672445 2.666334972744249 4.1589856842870345 231 215 212
-28.714261015014145 3.582984377150543 3.1199168481021875 227 205 201
-28.852317297469234 2.629419335503812 3.0638885609787874 227 204 201
-28.852317297469234 2.629419335503812 3.0638885609787874 227 204 201
-28.714261015014145 3.582984377150543 3.1199168481021875 227 205 201
-28.52163722176651 3.550737508635196 1.7400139714104348 222 190 187
-28.852317297469234 2.629419335503812 3.0638885609787874 227 204 201
-28.52163722176651 3.550737508635196 1.7400139714104348 222 190 187
-28.658456433127746 2.6057180374185815 1.6839856842870347 222 190 187
-28.658456433127746 2.6057180374185815 1.6839856842870347 222 190 187
-28.52163722176651 3.550737508635196 1.7400139714104348 222 190 187
-28.455263586045056 3.5396259950059132 0.21037984925444533 217 174 172
-28.658456433127746 2.6057180374185815 1.6839856842870347 222 190 187
-28.455263586045056 3.5396259950059132 0.21037984925444533 217 174 172
-28.591656531757792 2.597551126681795 0.15435156213104506 217 174 172
-28.591656531757792 2.597551126681795 0.15435156213104506 217 174 172
-28.455263586045056 3.5396259950059132 0.21037984925444533 217 174 172
-28.52163722176651 3.550737508635196 -1.3192542729015424 212 158 157
-28.591656531757792 2.597551126681795 0.15435156213104506 217 174 172
-28.52163722176651 3.550737508635196 -1.3192542729015424 212 158 157
-28.658456433127746 2.6057180374185815 -1.3752825600249425 212 158 156
-28.658456433127746 2.6057180374185815 -1.3752825600249425 212 158 156
-28.52163722176651 3.550737508635196 -1.3192542729015424 212 158 157
-28.714261015014145 3.582984377150543 -2.699157149593297 208 144 143
-28.658456433127746 2.6057180374185815 -1.3752825600249425 212 158 156
-28.714261015014145 3.582984377150543 -2.699157149593297 208 144 143
-28.852317297469234 2.629419335503812 -2.755185436716697 207 143 142
-28.852317297469234 2.629419335503812 -2.755185436716697 207 143 142
-28.714261015014145 3.582984377150543 -2.699157149593297 208 144 143
-29.014279606815993 3.6332100523845274 -3.794254272901545 204 133 132
-28.852317297469234 2.629419335503812 -2.755185436716697 207 143 142
-29.014279606815993 3.6332100523845274 -3.794254272901545 204 133 132
-29.154262672672445 2.666334972744249 -3.850282560024945 204 132 131
-29.154262672672445 2.666334972744249 -3.850282560024945 204 132 131
-29.014279606815993 3.6332100523845274 -3.794254272901545 204 133 132
-29.392325087054054 3.696498095302391 -4.497349906406565 202 125 125
-29.154262672672445 2.666334972744249 -3.850282560024945 204 132 131
-29.392325087054054 3.696498095302391 -4.497349906406565 202 125 125
-29.534736041635355 2.712851389360431 -4.553378193529966 201 125 124
-29.534736041635355 2.712851389360431 -4.553378193529966 201 125 124
-29.392325087054054 3.696498095302391 -4.497349906406565 202 125 125
-29.811391730124875 3.7666534313096083 -4.739620150745555 201 123 123
-29.534736041635355 2.712851389360431 -4.553378193529966 201 125 124
-29.811391730124875 3.7666534313096083 -4.739620150745555 201 123 123
-29.956494020090034 2.7644152343950332 -4.795648437868956 201 122 122
-29.956494020090034 2.7644152343950332 -4.795648437868956 201 122 122
-29.811391730124875 3.7666534313096083 -4.739620150745555 201 123 123
-30.230458373195695 3.836808767316826 -4.497349906406566 202 125 125
-29.956494020090034 2.7644152343950332 -4.795648437868956 201 122 122
-30.230458373195695 3.836808767316826 -4.497349906406566 202 125 125
-30.37825199854472 2.8159790794296358 -4.553378193529967 201 125 124
-30.37825199854472 2.8159790794296358 -4.553378193529967 201 125 124
-30.230458373195695 3.836808767316826 -4.497349906406566 202 125 125
-30.608503853433753 3.900096810234689 -3.794254272901546 204 133 132
-30.37825199854472 2.8159790794296358 -4.553378193529967 201 125 124
-30.608503853433753 3.900096810234689 -3.794254272901546 204 133 132
-30.75872536750763 2.8624954960458178 -3.850282560024946 204 132 131
-30.75872536750763 2.8624954960458178 -3.850282560024946 204 132 131
-30.608503853433753 3.900096810234689 -3.794254272901546 204 133 132
-30.908522445235604 3.950322485468674 -2.6991571495932987 208 144 143
-30.75872536750763 2.8624954960458178 -3.850282560024946 204 132 131
-30.908522445235604 3.950322485468674 -2.6991571495932987 208 144 143
-31.06067074271084 2.8994111332862547 -2.755185436716699 207 143 142
-31.06067074271084 2.8994111332862547 -2.755185436716699 207 143 142
-30.908522445235604 3.950322485468674 -2.6991571495932987 208 144 143
-31.10114623848324 3.9825693539840206 -1.3192542729015462 212 158 157
-31.06067074271084 2.8994111332862547 -2.755185436716699 207 143 142
-31.10114623848324 3.9825693539840206 -1.3192542729015462 212 158 157
-31.254531607052325 2.923112431371485 -1.3752825600249463 212 158 156
-31.254531607052325 2.923112431371485 -1.3752825600249463 212 158 156
-31.10114623848324 3.9825693539840206 -1.3192542729015462 212 158 157
-31.167519874204693 3.9936808676133038 0.2103798492544435 217 174 172
-31.254531607052325 2.923112431371485 -1.3752825600249463 212 158 156
-31.167519874204693 3.9936808676133038 0.2103798492544435 217 174 172
-31.32133150842228 2.9312793421082715 0.15435156213104323 217 174 172
-31.167519874204693 3.9936808676133038 0.21037984925444472 217 174 172
-30.966857939531863 5.048962110588095 0.2661102121368017 218 175 173
-30.9010377610291 5.034939651606779 1.7957443342927915 223 191 188
-31.167519874204693 3.9936808676133038 0.21037984925444472 217 174 172
-30.9010377610291 5.034939651606779 1.7957443342927915 223 191 188
-31.10114623848324 3.9825693539840206 1.7400139714104343 222 190 187
-31.10114623848324 3.9825693539840206 1.7400139714104343 222 190 187
-30.9010377610291 5.034939651606779 1.7957443342927915 223 191 188
-30.71002016318882 4.9942448906481385 3.1756472109845437 227 205 202
-31.10114623848324 3.9825693539840206 1.7400139714104343 222 190 187
-30.71002016318882 4.9942448906481385 3.1756472109845437 227 205 202
-30.908522445235604 3.950322485468674 3.1199168481021866 227 205 201
-30.908522445235604 3.950322485468674 3.1199168481021866 227 205 201
-30.71002016318882 4.9942448906481385 3.1756472109845437 227 205 202
-30.412503279385483 4.930861314451878 4.270744334292792 231 217 213
-30.908522445235604 3.950322485468674 3.1199168481021866 227 205 201
-30.412503279385483 4.930861314451878 4.270744334292792 231 217 213
-30.608503853433753 3.900096810234689 4.2150139714104355 231 216 212
-30.608503853433753 3.900096810234689 4.2150139714104355 231 216 212
-30.412503279385483 4.930861314451878 4.270744334292792 231 217 213
-30.037610135127785 4.85099334907543 4.973839967797812 233 224 220
-30.608503853433753 3.900096810234689 4.2150139714104355 231 216 212
-30.037610135127785 4.85099334907543 4.973839967797812 233 224 220
-30.230458373195695 3.836808767316826 4.918109604915455 233 223 219
-30.230458373195695 3.836808767316826 4.918109604915455 233 223 219
-30.037610135127785 4.85099334907543 4.973839967797812 233 224 220
-29.622037883409792 4.762459027442677 5.216110212136802 234 226 222
-30.230458373195695 3.836808767316826 4.918109604915455 233 223 219
-29.622037883409792 4.762459027442677 5.216110212136802 234 226 222
-29.811391730124875 3.7666534313096083 5.160379849254445 234 226 222
-29.811391730124875 3.7666534313096083 5.160379849254445 234 226 222
-29.622037883409792 4.762459027442677 5.216110212136802 234 226 222
-29.206465631691803 4.673924705809925 4.9738399677978125 233 224 220
-29.811391730124875 3.7666534313096083 5.160379849254445 234 226 222
-29.206465631691803 4.673924705809925 4.9738399677978125 233 224 220
-29.392325087054054 3.696498095302391 4.918109604915456 233 223 219
-29.392325087054054 3.696498095302391 4.918109604915456 233 223 219
-29.206465631691803 4.673924705809925 4.9738399677978125 233 224 220
-28.831572487434105 4.5940567404334764 4.270744334292792 231 217 213
-29.392325087054054 3.696498095302391 4.918109604915456 233 223 219
-28.831572487434105 4.5940567404334764 4.270744334292792 231 217 213
-29.014279606815997 3.6332100523845274 4.2150139714104355 231 216 212
-29.014279606815997 3.6332100523845274 4.2150139714104355 231 216 212
-28.831572487434105 4.5940567404334764 4.270744334292792 231 217 213
-28.534055603630765 4.530673164237216 3.1756472109845446 227 205 202
-29.014279606815997 3.6332100523845274 4.2150139714104355 231 216 212
-28.534055603630765 4.530673164237216 3.1756472109845446 227 205 202
-28.714261015014145 3.582984377150543 3.1199168481021875 227 205 201
-28.714261015014145 3.582984377150543 3.1199168481021875 227 205 201
-28.534055603630765 4.530673164237216 3.1756472109845446 227 205 202
-28.343038005790483 4.489978403278576 1.795744334292792 223 191 188
-28.714261015014145 3.582984377150543 3.1199168481021875 227 205 201
-28.343038005790483 4.489978403278576 1.795744334292792 223 191 188
-28.52163722176651 3.550737508635196 1.7400139714104348 222 190 187
-28.52163722176651 3.550737508635196 1.7400139714104348 222 190 187
-28.343038005790483 4.489978403278576 1.795744334292792 223 191 188
-28.27721782728772 4.47595594429726 0.2661102121368023 218 175 173
-28.52163722176651 3.550737508635196 1.7400139714104348 222 190 187
-28.27721782728772 4.47595594429726 0.2661102121368023 218 175 173
-28.455263586045056 3.5396259950059132 0.21037984925444533 217 174 172
-28.455263586045056 3.5396259950059132 0.21037984925444533 217 174 172
-28.27721782728772 4.47595594429726 0.2661102121368023 218 175 173
-28.343038005790483 4.489978403278576 -1.2635239100191853 212 159 157
-28.455263586045056 3.5396259950059132 0.21037984925444533 217 174 172
-28.343038005790483 4.489978403278576 -1.2635239100191853 212 159 157
-28.52163722176651 3.550737508635196 -1.3192542729015424 212 158 157
-28.52163722176651 3.550737508635196 -1.3192542729015424 212 158 157
-28.343038005790483 4.489978403278576 -1.2635239100191853 212 159 157
-28.534055603630765 4.530673164237216 -2.64342678671094 208 145 144
-28.52163722176651 3.550737508635196 -1.3192542729015424 212 158 157
-28.534055603630765 4.530673164237216 -2.64342678671094 208 145 144
-28.714261015014145 3.582984377150543 -2.699157149593297 208 144 143
-28.714261015014145 3.582984377150543 -2.699157149593297 208 144 143
-28.534055603630765 4.530673164237216 -2.64342678671094 208 145 144
-28.8315724874341 4.5940567404334764 -3.738523910019188 204 133 133
-28.714261015014145 3.582984377150543 -2.699157149593297 208 144 143
-28.8315724874341 4.5940567404334764 -3.738523910019188 204 133 133
-29.014279606815993 3.6332100523845274 -3.794254272901545 204 133 132
-29.014279606815993 3.6332100523845274 -3.794254272901545 204 133 132
-28.8315724874341 4.5940567404334764 -3.738523910019188 204 133 133
-29.206465631691803 4.673924705809925 -4.441619543524208 202 126 126
-29.014279606815993 3.6332100523845274 -3.794254272901545 204 133 132
-29.206465631691803 4.673924705809925 -4.441619543524208 202 126 126
-29.392325087054054 3.696498095302391 -4.497349906406565 202 125 125
-29.392325087054054 3.696498095302391 -4.497349906406565 202 125 125
-29.206465631691803 4.673924705809925 -4.441619543524208 202 126 126
-29.622037883409792 4.762459027442677 -4.683889787863198 201 123 123
-29.392325087054054 3.696498095302391 -4.497349906406565 202 125 125
-29.622037883409792 4.762459027442677 -4.683889787863198 201 123 123
-29.811391730124875 3.7666534313096083 -4.739620150745555 201 123 123
-29.811391730124875 3.7666534313096083 -4.739620150745555 201 123 123
-29.622037883409792 4.762459027442677 -4.683889787863198 201 123 123
-30.037610135127785 4.85099334907543 -4.441619543524209 202 126 126
-29.811391730124875 3.7666534313096083 -4.739620150745555 201 123 123
-30.037610135127785 4.85099334907543 -4.441619543524209 202 126 126
-30.230458373195695 3.836808767316826 -4.497349906406566 202 125 125
-30.230458373195695 3.836808767316826 -4.497349906406566 202 125 125
-30.037610135127785 4.85099334907543 -4.441619543524209 202 126 126
-30.412503279385483 4.930861314451878 -3.7385239100191887 204 133 133
-30.230458373195695 3.836808767316826 -4.497349906406566 202 125 125
-30.412503279385483 4.930861314451878 -3.7385239100191887 204 133 133
-30.608503853433753 3.900096810234689 -3.794254272901546 204 133 132
-30.608503853433753 3.900096810234689 -3.794254272901546 204 133 132
-30.412503279385483 4.930861314451878 -3.7385239100191887 204 133 133
-30.71002016318882 4.9942448906481385 -2.6434267867109416 208 145 144
-30.608503853433753 3.900096810234689 -3.794254272901546 204 133 132
-30.71002016318882 4.9942448906481385 -2.6434267867109416 208 145 144
-30.908522445235604 3.950322485468674 -2.6991571495932987 208 144 143
-30.908522445235604 3.950322485468674 -2.6991571495932987 208 144 143
-30.71002016318882 4.9942448906481385 -2.6434267867109416 208 145 144
-30.9010377610291 5.034939651606779 -1.263523910019189 212 159 157
-30.908522445235604 3.950322485468674 -2.6991571495932987 208 144 143
-30.9010377610291 5.034939651606779 -1.263523910019189 212 159 157
-31.10114623848324 3.9825693539840206 -1.3192542729015462 212 158 157
-31.10114623848324 3.9825693539840206 -1.3192542729015462 212 158 157
-30.9010377610291 5.034939651606779 -1.263523910019189 212 159 157
-30.966857939531863 5.048962110588095 0.2661102121368005 218 175 173
-31.10114623848324 3.9825693539840206 -1.3192542729015462 212 158 157
-30.966857939531863 5.048962110588095 0.2661102121368005 218 175 173
-31.167519874204693 3.9936808676133038 0.2103798492544435 217 174 172
-30.966857939531863 5.048962110588095 0.2661102121368017 218 175 173
-30.71984440256417 6.095291682038116 0.32146372959757635 218 175 173
-30.6547014640543 6.078400180733699 1.8510978517535661 223 191 189
-30.966857939531863 5.048962110588095 0.2661102121368017 218 175 173
-30.6547014640543 6.078400180733699 1.8510978517535661 223 191 189
-30.9010377610291 5.034939651606779 1.7957443342927915 223 191 188
-30.9010377610291 5.034939651606779 1.7957443342927915 223 191 188
-30.6547014640543 6.078400180733699 1.8510978517535661 223 191 189
-30.46564929322357 6.029379134658136 3.231000728445318 227 206 202
-30.9010377610291 5.034939651606779 1.7957443342927915 223 191 188
-30.46564929322357 6.029379134658136 3.231000728445318 227 206 202
-30.71002016318882 4.9942448906481385 3.1756472109845437 227 205 202
-30.71002016318882 4.9942448906481385 3.1756472109845437 227 205 202
-30.46564929322357 6.029379134658136 3.231000728445318 227 206 202
-30.171193633756825 5.953027065351014 4.326097851753567 231 217 213
-30.71002016318882 4.9942448906481385 3.1756472109845437 227 205 202
-30.171193633756825 5.953027065351014 4.326097851753567 231 217 213
-30.412503279385483 4.930861314451878 4.270744334292792 231 217 213
-30.412503279385483 4.930861314451878 4.270744334292792 231 217 213
-30.171193633756825 5.953027065351014 4.326097851753567 231 217 213
-29.800157857195885 5.8568178453322615 5.0291934852585864 233 224 220
-30.412503279385483 4.930861314451878 4.270744334292792 231 217 213
-29.800157857195885 5.8568178453322615 5.0291934852585864 233 224 220
-30.037610135127785 4.85099334907543 4.973839967797812 233 224 220
-30.037610135127785 4.85099334907543 4.973839967797812 233 224 220
-29.800157857195885 5.8568178453322615 5.0291934852585864 233 224 220
-29.388861530508798 5.750169103386367 5.271463729597577 234 227 223
-30.037610135127785 4.85099334907543 4.973839967797812 233 224 220
-29.388861530508798 5.750169103386367 5.271463729597577 234 227 223
-29.622037883409792 4.762459027442677 5.216110212136802 234 226 222
-29.622037883409792 4.762459027442677 5.216110212136802 234 226 222
-29.388861530508798 5.750169103386367 5.271463729597577 234 227 223
-28.97756520382171 5.643520361440472 5.029193485258587 233 224 220
-29.622037883409792 4.762459027442677 5.216110212136802 234 226 222
-28.97756520382171 5.643520361440472 5.029193485258587 233 224 220
-29.206465631691803 4.673924705809925 4.9738399677978125 233 224 220
-29.206465631691803 4.673924705809925 4.9738399677978125 233 224 220
-28.97756520382171 5.643520361440472 5.029193485258587 233 224 220
-28.60652942726077 5.547311141421719 4.326097851753567 231 217 213
-29.206465631691803 4.673924705809925 4.9738399677978125 233 224 220
-28.60652942726077 5.547311141421719 4.326097851753567 231 217 213
-28.831572487434105 4.5940567404334764 4.270744334292792 231 217 213
-28.831572487434105 4.5940567404334764 4.270744334292792 231 217 213
-28.60652942726077 5.547311141421719 4.326097851753567 231 217 213
-28.312073767794026 5.4709590721145975 3.231000728445319 227 206 202
-28.831572487434105 4.5940567404334764 4.270744334292792 231 217 213
-28.312073767794026 5.4709590721145975 3.231000728445319 227 206 202
-28.534055603630765 4.530673164237216 3.1756472109845446 227 205 202
-28.534055603630765 4.530673164237216 3.1756472109845446 227 205 202
-28.312073767794026 5.4709590721145975 3.231000728445319 227 206 202
-28.123021596963298 5.421938026039034 1.8510978517535666 223 191 189
-28.534055603630765 4.530673164237216 3.1756472109845446 227 205 202
-28.123021596963298 5.421938026039034 1.8510978517535666 223 191 189
-28.343038005790483 4.489978403278576 1.795744334292792 223 191 188
-28.343038005790483 4.489978403278576 1.795744334292792 223 191 188
-28.123021596963298 5.421938026039034 1.8510978517535666 223 191 189
-28.057878658453426 5.405046524734618 0.32146372959757696 218 175 173
-28.343038005790483 4.489978403278576 1.795744334292792 223 191 188
-28.057878658453426 5.405046524734618 0.32146372959757696 218 175 173
-28.27721782728772 4.47595594429726 0.2661102121368023 218 175 173
-28.27721782728772 4.47595594429726 0.2661102121368023 218 175 173
-28.057878658453426 5.405046524734618 0.32146372959757696 218 175 173
-28.123021596963298 5.421938026039034 -1.2081703925584106 213 159 158
-28.27721782728772 4.47595594429726 0.2661102121368023 218 175 173
-28.123021596963298 5.421938026039034 -1.2081703925584106 213 159 158
-28.343038005790483 4.489978403278576 -1.2635239100191853 212 159 157
-28.343038005790483 4.489978403278576 -1.2635239100191853 212 159 157
-28.123021596963298 5.421938026039034 -1.2081703925584106 213 159 158
-28.312073767794026 5.4709590721145975 -2.5880732692501653 208 145 144
-28.343038005790483 4.489978403278576 -1.2635239100191853 212 159 157
-28.312073767794026 5.4709590721145975 -2.5880732692501653 208 145 144
-28.534055603630765 4.530673164237216 -2.64342678671094 208 145 144
-28.534055603630765 4.530673164237216 -2.64342678671094 208 145 144
-28.312073767794026 5.4709590721145975 -2.5880732692501653 208 145 144
-28.606529427260767 5.547311141421719 -3.6831703925584134 204 134 133
-28.534055603630765 4.530673164237216 -2.64342678671094 208 145 144
-28.606529427260767 5.547311141421719 -3.6831703925584134 204 134 133
-28.8315724874341 4.5940567404334764 -3.738523910019188 204 133 133
-28.8315724874341 4.5940567404334764 -3.738523910019188 204 133 133
-28.606529427260767 5.547311141421719 -3.6831703925584134 204 134 133
-28.97756520382171 5.643520361440472 -4.386266026063433 202 126 126
-28.8315724874341 4.5940567404334764 -3.738523910019188 204 133 133
-28.97756520382171 5.643520361440472 -4.386266026063433 202 126 126
-29.206465631691803 4.673924705809925 -4.441619543524208 202 126 126
-29.206465631691803 4.673924705809925 -4.441619543524208 202 126 126
-28.97756520382171 5.643520361440472 -4.386266026063433 202 126 126
-29.388861530508798 5.750169103386367 -4.6285362704024235 201 124 124
-29.206465631691803 4.673924705809925 -4.441619543524208 202 126 126
-29.388861530508798 5.750169103386367 -4.6285362704024235 201 124 124
-29.622037883409792 4.762459027442677 -4.683889787863198 201 123 123
-29.622037883409792 4.762459027442677 -4.683889787863198 201 123 123
-29.388861530508798 5.750169103386367 -4.6285362704024235 201 124 124
-29.800157857195885 5.8568178453322615 -4.386266026063434 202 126 126
-29.622037883409792 4.762459027442677 -4.683889787863198 201 123 123
-29.800157857195885 5.8568178453322615 -4.386266026063434 202 126 126
-30.037610135127785 4.85099334907543 -4.441619543524209 202 126 126
-30.037610135127785 4.85099334907543 -4.441619543524209 202 126 126
-29.800157857195885 5.8568178453322615 -4.386266026063434 202 126 126
-30.171193633756825 5.953027065351014 -3.6831703925584143 204 134 133
-30.037610135127785 4.85099334907543 -4.441619543524209 202 126 126
-30.171193633756825 5.953027065351014 -3.6831703925584143 204 134 133
-30.412503279385483 4.930861314451878 -3.7385239100191887 204 133 133
-30.412503279385483 4.930861314451878 -3.7385239100191887 204 133 133
-30.171193633756825 5.953027065351014 -3.6831703925584143 204 134 133
-30.46564929322357 6.029379134658136 -2.588073269250167 208 145 144
-30.412503279385483 4.930861314451878 -3.7385239100191887 204 133 133
-30.46564929322357 6.029379134658136 -2.588073269250167 208 145 144
-30.71002016318882 4.9942448906481385 -2.6434267867109416 208 145 144
-30.71002016318882 4.9942448906481385 -2.6434267867109416 208 145 144
-30.46564929322357 6.029379134658136 -2.588073269250167 208 145 144
-30.6547014640543 6.078400180733699 -1.2081703925584144 213 159 158
-30.71002016318882 4.9942448906481385 -2.6434267867109416 208 145 144
-30.6547014640543 6.078400180733699 -1.2081703925584144 213 159 158
-30.9010377610291 5.034939651606779 -1.263523910019189 212 159 157
-30.9010377610291 5.034939651606779 -1.263523910019189 212 159 157
-30.6547014640543 6.078400180733699 -1.2081703925584144 213 159 158
-30.71984440256417 6.095291682038116 0.32146372959757513 218 175 173
-30.9010377610291 5.034939651606779 -1.263523910019189 212 159 157
-30.71984440256417 6.095291682038116 0.32146372959757513 218 175 173
-30.966857939531863 5.048962110588095 0.2661102121368005 218 175 173
-30.71984440256417 6.095291682038116 0.32146372959757635 218 175 173
-30.42708326377967 7.130887017462169 0.37636201411659026 218 176 174
-30.362737278642044 7.111176120712245 1.90599613627258 223 192 189
-30.71984440256417 6.095291682038116 0.32146372959757635 218 175 173
-30.362737278642044 7.111176120712245 1.90599613627258 223 192 189
-30.6547014640543 6.078400180733699 1.8510978517535661 223 191 189
-30.6547014640543 6.078400180733699 1.8510978517535661 223 191 189
-30.362737278642044 7.111176120712245 1.90599613627258 223 192 189
-30.17599795657927 7.053972870370249 3.2858990129643324 228 206 203
-30.6547014640543 6.078400180733699 1.8510978517535661 223 191 189
-30.17599795657927 7.053972870370249 3.2858990129643324 228 206 203
-30.46564929322357 6.029379134658136 3.231000728445318 227 206 202
-30.46564929322357 6.029379134658136 3.231000728445318 227 206 202
-30.17599795657927 7.053972870370249 3.2858990129643324 228 206 203
-29.885144643524217 6.964876719138136 4.38099613627258 231 218 214
-30.46564929322357 6.029379134658136 3.231000728445318 227 206 202
-29.885144643524217 6.964876719138136 4.38099613627258 231 218 214
-30.171193633756825 5.953027065351014 4.326097851753567 231 217 213
-30.171193633756825 5.953027065351014 4.326097851753567 231 217 213
-29.885144643524217 6.964876719138136 4.38099613627258 231 218 214
-29.51864808825291 6.852609019067893 5.0840917697776 234 225 221
-30.171193633756825 5.953027065351014 4.326097851753567 231 217 213
-29.51864808825291 6.852609019067893 5.0840917697776 234 225 221
-29.800157857195885 5.8568178453322615 5.0291934852585864 233 224 220
-29.800157857195885 5.8568178453322615 5.0291934852585864 233 224 220
-29.51864808825291 6.852609019067893 5.0840917697776 234 225 221
-29.11238352712695 6.728159314857458 5.32636201411659 234 228 223
-29.800157857195885 5.8568178453322615 5.0291934852585864 233 224 220
-29.11238352712695 6.728159314857458 5.32636201411659 234 228 223
-29.388861530508798 5.750169103386367 5.271463729597577 234 227 223
-29.388861530508798 5.750169103386367 5.271463729597577 234 227 223
-29.11238352712695 6.728159314857458 5.32636201411659 234 228 223
-28.706118966000993 6.603709610647022 5.084091769777601 234 225 221
-29.388861530508798 5.750169103386367 5.271463729597577 234 227 223
-28.706118966000993 6.603709610647022 5.084091769777601 234 225 221
-28.97756520382171 5.643520361440472 5.029193485258587 233 224 220
-28.97756520382171 5.643520361440472 5.029193485258587 233 224 220
-28.706118966000993 6.603709610647022 5.084091769777601 234 225 221
-28.339622410729685 6.491441910576779 4.38099613627258 231 218 214
-28.97756520382171 5.643520361440472 5.029193485258587 233 224 220
-28.339622410729685 6.491441910576779 4.38099613627258 231 218 214
-28.60652942726077 5.547311141421719 4.326097851753567 231 217 213
-28.60652942726077 5.547311141421719 4.326097851753567 231 217 213
-28.339622410729685 6.491441910576779 4.38099613627258 231 218 214
-28.048769097674633 6.402345759344667 3.2858990129643333 228 206 203
-28.60652942726077 5.547311141421719 4.326097851753567 231 217 213
-28.048769097674633 6.402345759344667 3.2858990129643333 228 206 203
-28.312073767794026 5.4709590721145975 3.231000728445319 227 206 202
-28.312073767794026 5.4709590721145975 3.231000728445319 227 206 202
-28.048769097674633 6.402345759344667 3.2858990129643333 228 206 203
-27.86202977561186 6.34514250900267 1.9059961362725804 223 192 189
-28.312073767794026 5.4709590721145975 3.231000728445319 227 206 202
-27.86202977561186 6.34514250900267 1.9059961362725804 223 192 189
-28.123021596963298 5.421938026039034 1.8510978517535666 223 191 189
-28.123021596963298 5.421938026039034 1.8510978517535666 223 191 189
-27.86202977561186 6.34514250900267 1.9059961362725804 223 192 189
-27.79768379047423 6.325431612252746 0.37636201411659087 218 176 174
-28.123021596963298 5.421938026039034 1.8510978517535666 223 191 189
-27.79768379047423 6.325431612252746 0.37636201411659087 218 176 174
-28.057878658453426 5.405046524734618 0.32146372959757696 218 175 173
-28.057878658453426 5.405046524734618 0.32146372959757696 218 175 173
-27.79768379047423 6.325431612252746 0.37636201411659087 218 176 174
-27.86202977561186 6.34514250900267 -1.1532721080393968 213 160 158
-28.057878658453426 5.405046524734618 0.32146372959757696 218 175 173
-27.86202977561186 6.34514250900267 -1.1532721080393968 213 160 158
-28.123021596963298 5.421938026039034 -1.2081703925584106 213 159 158
-28.123021596963298 5.421938026039034 -1.2081703925584106 213 159 158
-27.86202977561186 6.34514250900267 -1.1532721080393968 213 160 158
-28.048769097674633 6.402345759344667 -2.533174984731151 208 146 145
-28.123021596963298 5.421938026039034 -1.2081703925584106 213 159 158
-28.048769097674633 6.402345759344667 -2.533174984731151 208 146 145
-28.312073767794026 5.4709590721145975 -2.5880732692501653 208 145 144
-28.312073767794026 5.4709590721145975 -2.5880732692501653 208 145 144
-28.048769097674633 6.402345759344667 -2.533174984731151 208 146 145
-28.33962241072968 6.491441910576779 -3.628272108039399 205 134 134
-28.312073767794026 5.4709590721145975 -2.5880732692501653 208 145 144
-28.33962241072968 6.491441910576779 -3.628272108039399 205 134 134
-28.606529427260767 5.547311141421719 -3.6831703925584134 204 134 133
-28.606529427260767 5.547311141421719 -3.6831703925584134 204 134 133
-28.33962241072968 6.491441910576779 -3.628272108039399 205 134 134
-28.706118966000993 6.603709610647022 -4.33136774154442 202 127 127
-28.606529427260767 5.547311141421719 -3.6831703925584134 204 134 133
-28.706118966000993 6.603709610647022 -4.33136774154442 202 127 127
-28.97756520382171 5.643520361440472 -4.386266026063433 202 126 126
-28.97756520382171 5.643520361440472 -4.386266026063433 202 126 126
-28.706118966000993 6.603709610647022 -4.33136774154442 202 127 127
-29.11238352712695 6.728159314857458 -4.57363798588341 201 124 124
-28.97756520382171 5.643520361440472 -4.386266026063433 202 126 126
-29.11238352712695 6.728159314857458 -4.57363798588341 201 124 124
-29.388861530508798 5.750169103386367 -4.6285362704024235 201 124 124
-29.388861530508798 5.750169103386367 -4.6285362704024235 201 124 124
-29.11238352712695 6.728159314857458 -4.57363798588341 201 124 124
-29.51864808825291 6.852609019067893 -4.331367741544421 202 127 127
-29.388861530508798 5.750169103386367 -4.6285362704024235 201 124 124
-29.51864808825291 6.852609019067893 -4.331367741544421 202 127 127
-29.800157857195885 5.8568178453322615 -4.386266026063434 202 126 126
-29.800157857195885 5.8568178453322615 -4.386266026063434 202 126 126
-29.51864808825291 6.852609019067893 -4.331367741544421 202 127 127
-29.885144643524217 6.964876719138136 -3.6282721080394 205 134 134
-29.800157857195885 5.8568178453322615 -4.386266026063434 202 126 126
-29.885144643524217 6.964876719138136 -3.6282721080394 205 134 134
-30.171193633756825 5.953027065351014 -3.6831703925584143 204 134 133
-30.171193633756825 5.953027065351014 -3.6831703925584143 204 134 133
-29.885144643524217 6.964876719138136 -3.6282721080394 205 134 134
-30.17599795657927 7.053972870370249 -2.533174984731153 208 146 145
-30.171193633756825 5.953027065351014 -3.6831703925584143 204 134 133
-30.17599795657927 7.053972870370249 -2.533174984731153 208 146 145
-30.46564929322357 6.029379134658136 -2.588073269250167 208 145 144
-30.46564929322357 6.029379134658136 -2.588073269250167 208 145 144
-30.17599795657927 7.053972870370249 -2.533174984731153 208 146 145
-30.362737278642044 7.111176120712245 -1.1532721080394006 213 160 158
-30.46564929322357 6.029379134658136 -2.588073269250167 208 145 144
-30.362737278642044 7.111176120712245 -1.1532721080394006 213 160 158
-30.6547014640543 6.078400180733699 -1.2081703925584144 213 159 158
-30.6547014640543 6.078400180733699 -1.2081703925584144 213 159 158
-30.362737278642044 7.111176120712245 -1.1532721080394006 213 160 158
-30.42708326377967 7.130887017462169 0.37636201411658904 218 176 174
-30.6547014640543 6.078400180733699 -1.2081703925584144 213 159 158
-30.42708326377967 7.130887017462169 0.37636201411658904 218 176 174
-30.71984440256417 6.095291682038116 0.32146372959757513 218 175 173
-30.42708326377967 7.130887017462169 0.37636201411659026 218 176 174
-30.08927676273752 8.154021970354693 0.4307273228405814 218 177 174
-30.02584279607959 8.131548494253767 1.9603614449965712 223 193 190
-30.42708326377967 7.130887017462169 0.37636201411659026 218 176 174
-30.02584279607959 8.131548494253767 1.9603614449965712 223 193 190
-30.362737278642044 7.111176120712245 1.90599613627258 223 192 189
-30.362737278642044 7.111176120712245 1.90599613627258 223 192 189
-30.02584279607959 8.131548494253767 1.9603614449965712 223 193 190
-29.84175025473272 8.066327926373662 3.3402643216883234 228 207 203
-30.362737278642044 7.111176120712245 1.90599613627258 223 192 189
-29.84175025473272 8.066327926373662 3.3402643216883234 228 207 203
-30.17599795657927 7.053972870370249 3.2858990129643324 228 206 203
-30.17599795657927 7.053972870370249 3.2858990129643324 228 206 203
-29.84175025473272 8.066327926373662 3.3402643216883234 228 207 203
-29.555019399292092 7.964744510316898 4.4353614449965715 231 218 214
-30.17599795657927 7.053972870370249 3.2858990129643324 228 206 203
-29.555019399292092 7.964744510316898 4.4353614449965715 231 218 214
-29.885144643524217 6.964876719138136 4.38099613627258 231 218 214
-29.885144643524217 6.964876719138136 4.38099613627258 231 218 214
-29.555019399292092 7.964744510316898 4.4353614449965715 231 218 214
-29.19371744365958 7.83674193862039 5.138457078501591 234 226 221
-29.885144643524217 6.964876719138136 4.38099613627258 231 218 214
-29.19371744365958 7.83674193862039 5.138457078501591 234 226 221
-29.51864808825291 6.852609019067893 5.0840917697776 234 225 221
-29.51864808825291 6.852609019067893 5.0840917697776 234 225 221
-29.19371744365958 7.83674193862039 5.138457078501591 234 226 221
-28.79321114059124 7.694849994848152 5.380727322840581 235 228 224
-29.51864808825291 6.852609019067893 5.0840917697776 234 225 221
-28.79321114059124 7.694849994848152 5.380727322840581 235 228 224
-29.11238352712695 6.728159314857458 5.32636201411659 234 228 223
-29.11238352712695 6.728159314857458 5.32636201411659 234 228 223
-28.79321114059124 7.694849994848152 5.380727322840581 235 228 224
-28.3927048375229 7.552958051075914 5.138457078501592 234 226 221
-29.11238352712695 6.728159314857458 5.32636201411659 234 228 223
-28.3927048375229 7.552958051075914 5.138457078501592 234 226 221
-28.706118966000993 6.603709610647022 5.084091769777601 234 225 221
-28.706118966000993 6.603709610647022 5.084091769777601 234 225 221
-28.3927048375229 7.552958051075914 5.138457078501592 234 226 221
-28.031402881890386 7.424955479379406 4.4353614449965715 231 218 214
-28.706118966000993 6.603709610647022 5.084091769777601 234 225 221
-28.031402881890386 7.424955479379406 4.4353614449965715 231 218 214
-28.339622410729685 6.491441910576779 4.38099613627258 231 218 214
-28.339622410729685 6.491441910576779 4.38099613627258 231 218 214
-28.031402881890386 7.424955479379406 4.4353614449965715 231 218 214
-27.74467202644976 7.323372063322642 3.3402643216883243 228 207 203
-28.339622410729685 6.491441910576779 4.38099613627258 231 218 214
-27.74467202644976 7.323372063322642 3.3402643216883243 228 207 203
-28.048769097674633 6.402345759344667 3.2858990129643333 228 206 203
-28.048769097674633 6.402345759344667 3.2858990129643333 228 206 203
-27.74467202644976 7.323372063322642 3.3402643216883243 228 207 203
-27.56057948510289 7.258151495442537 1.9603614449965716 223 193 190
-28.048769097674633 6.402345759344667 3.2858990129643333 228 206 203
-27.56057948510289 7.258151495442537 1.9603614449965716 223 193 190
-27.86202977561186 6.34514250900267 1.9059961362725804 223 192 189
-27.86202977561186 6.34514250900267 1.9059961362725804 223 192 189
-27.56057948510289 7.258151495442537 1.9603614449965716 223 193 190
-27.49714551844496 7.23567801934161 0.430727322840582 218 177 174
-27.86202977561186 6.34514250900267 1.9059961362725804 223 192 189
-27.49714551844496 7.23567801934161 0.430727322840582 218 177 174
-27.79768379047423 6.325431612252746 0.37636201411659087 218 176 174
-27.79768379047423 6.325431612252746 0.37636201411659087 218 176 174
-27.49714551844496 7.23567801934161 0.430727322840582 218 177 174
-27.56057948510289 7.258151495442537 -1.0989067993154056 213 161 159
-27.79768379047423 6.325431612252746 0.37636201411659087 218 176 174
-27.56057948510289 7.258151495442537 -1.0989067993154056 213 161 159
-27.86202977561186 6.34514250900267 -1.1532721080393968 213 160 158
-27.86202977561186 6.34514250900267 -1.1532721080393968 213 160 158
-27.56057948510289 7.258151495442537 -1.0989067993154056 213 161 159
-27.74467202644976 7.323372063322642 -2.47880967600716 208 146 145
-27.86202977561186 6.34514250900267 -1.1532721080393968 213 160 158
-27.74467202644976 7.323372063322642 -2.47880967600716 208 146 145
-28.048769097674633 6.402345759344667 -2.533174984731151 208 146 145
-28.048769097674633 6.402345759344667 -2.533174984731151 208 146 145
-27.74467202644976 7.323372063322642 -2.47880967600716 208 146 145
-28.031402881890386 7.424955479379406 -3.573906799315408 205 135 134
-28.048769097674633 6.402345759344667 -2.533174984731151 208 146 145
-28.031402881890386 7.424955479379406 -3.573906799315408 205 135 134
-28.33962241072968 6.491441910576779 -3.628272108039399 205 134 134
-28.33962241072968 6.491441910576779 -3.628272108039399 205 134 134
-28.031402881890386 7.424955479379406 -3.573906799315408 205 135 134
-28.3927048375229 7.552958051075914 -4.277002432820429 202 128 127
-28.33962241072968 6.491441910576779 -3.628272108039399 205 134 134
-28.3927048375229 7.552958051075914 -4.277002432820429 202 128 127
-28.706118966000993 6.603709610647022 -4.33136774154442 202 127 127
-28.706118966000993 6.603709610647022 -4.33136774154442 202 127 127
-28.3927048375229 7.552958051075914 -4.277002432820429 202 128 127
-28.79321114059124 7.694849994848152 -4.519272677159419 202 125 125
-28.706118966000993 6.603709610647022 -4.33136774154442 202 127 127
-28.79321114059124 7.694849994848152 -4.519272677159419 202 125 125
-29.11238352712695 6.728159314857458 -4.57363798588341 201 124 124
-29.11238352712695 6.728159314857458 -4.57363798588341 201 124 124
-28.79321114059124 7.694849994848152 -4.519272677159419 202 125 125
-29.19371744365958 7.83674193862039 -4.27700243282043 202 128 127
-29.11238352712695 6.728159314857458 -4.57363798588341 201 124 124
-29.19371744365958 7.83674193862039 -4.27700243282043 202 128 127
-29.51864808825291 6.852609019067893 -4.331367741544421 202 127 127
-29.51864808825291 6.852609019067893 -4.331367741544421 202 127 127
-29.19371744365958 7.83674193862039 -4.27700243282043 202 128 127
-29.555019399292092 7.964744510316898 -3.573906799315409 205 135 134
-29.51864808825291 6.852609019067893 -4.331367741544421 202 127 127
-29.555019399292092 7.964744510316898 -3.573906799315409 205 135 134
-29.885144643524217 6.964876719138136 -3.6282721080394 205 134 134
-29.885144643524217 6.964876719138136 -3.6282721080394 205 134 134
-29.555019399292092 7.964744510316898 -3.573906799315409 205 135 134
-29.84175025473272 8.066327926373662 -2.478809676007162 208 146 145
-29.885144643524217 6.964876719138136 -3.6282721080394 205 134 134
-29.84175025473272 8.066327926373662 -2.478809676007162 208 146 145
-30.17599795657927 7.053972870370249 -2.533174984731153 208 146 145
-30.17599795657927 7.053972870370249 -2.533174984731153 208 146 145
-29.84175025473272 8.066327926373662 -2.478809676007162 208 146 145
-30.02584279607959 8.131548494253767 -1.0989067993154094 213 161 159
-30.17599795657927 7.053972870370249 -2.533174984731153 208 146 145
-30.02584279607959 8.131548494253767 -1.0989067993154094 213 161 159
-30.362737278642044 7.111176120712245 -1.1532721080394006 213 160 158
-30.362737278642044 7.111176120712245 -1.1532721080394006 213 160 158
-30.02584279607959 8.131548494253767 -1.0989067993154094 213 161 159
-30.08927676273752 8.154021970354693 0.4307273228405802 218 177 174
-30.362737278642044 7.111176120712245 -1.1532721080394006 213 160 158
-30.08927676273752 8.154021970354693 0.4307273228405802 218 177 174
-30.42708326377967 7.130887017462169 0.37636201411658904 218 176 174
-30.08927676273752 8.154021970354693 0.4307273228405814 218 177 174
-29.707217611889835 9.163033088205529 0.48448266767683007 218 177 175
-29.644805591110647 9.137860386398284 2.0141167898328196 223 193 190
-30.08927676273752 8.154021970354693 0.4307273228405814 218 177 174
-29.644805591110647 9.137860386398284 2.0141167898328196 223 193 190
-30.02584279607959 8.131548494253767 1.9603614449965712 223 193 190
-30.02584279607959 8.131548494253767 1.9603614449965712 223 193 190
-29.644805591110647 9.137860386398284 2.0141167898328196 223 193 190
-29.463678852217072 9.064806360417974 3.394019666524572 228 207 204
-30.02584279607959 8.131548494253767 1.9603614449965712 223 193 190
-29.463678852217072 9.064806360417974 3.394019666524572 228 207 204
-29.84175025473272 8.066327926373662 3.3402643216883234 228 207 203
-29.84175025473272 8.066327926373662 3.3402643216883234 228 207 203
-29.463678852217072 9.064806360417974 3.394019666524572 228 207 204
-29.181567342396207 8.951022047324876 4.489116789832821 232 219 215
-29.84175025473272 8.066327926373662 3.3402643216883234 228 207 203
-29.181567342396207 8.951022047324876 4.489116789832821 232 219 215
-29.555019399292092 7.964744510316898 4.4353614449965715 231 218 214
-29.555019399292092 7.964744510316898 4.4353614449965715 231 218 214
-29.181567342396207 8.951022047324876 4.489116789832821 232 219 215
-28.82608610181579 8.80764544846647 5.19221242333784 234 226 222
-29.555019399292092 7.964744510316898 4.4353614449965715 231 218 214
-28.82608610181579 8.80764544846647 5.19221242333784 234 226 222
-29.19371744365958 7.83674193862039 5.138457078501591 234 226 221
-29.19371744365958 7.83674193862039 5.138457078501591 234 226 221
-28.82608610181579 8.80764544846647 5.19221242333784 234 226 222
-28.43203211108727 8.648711264302523 5.43448266767683 235 229 224
-29.19371744365958 7.83674193862039 5.138457078501591 234 226 221
-28.43203211108727 8.648711264302523 5.43448266767683 235 229 224
-28.79321114059124 7.694849994848152 5.380727322840581 235 228 224
-28.79321114059124 7.694849994848152 5.380727322840581 235 228 224
-28.43203211108727 8.648711264302523 5.43448266767683 235 229 224
-28.03797812035875 8.489777080138575 5.192212423337841 234 226 222
-28.79321114059124 7.694849994848152 5.380727322840581 235 228 224
-28.03797812035875 8.489777080138575 5.192212423337841 234 226 222
-28.3927048375229 7.552958051075914 5.138457078501592 234 226 221
-28.3927048375229 7.552958051075914 5.138457078501592 234 226 221
-28.03797812035875 8.489777080138575 5.192212423337841 234 226 222
-27.68249687977833 8.34640048128017 4.489116789832821 232 219 215
-28.3927048375229 7.552958051075914 5.138457078501592 234 226 221
-27.68249687977833 8.34640048128017 4.489116789832821 232 219 215
-28.031402881890386 7.424955479379406 4.4353614449965715 231 218 214
-28.031402881890386 7.424955479379406 4.4353614449965715 231 218 214
-27.68249687977833 8.34640048128017 4.489116789832821 232 219 215
-27.40038536995747 8.232616168187073 3.394019666524573 228 207 204
-28.031402881890386 7.424955479379406 4.4353614449965715 231 218 214
-27.40038536995747 8.232616168187073 3.394019666524573 228 207 204
-27.74467202644976 7.323372063322642 3.3402643216883243 228 207 203
-27.74467202644976 7.323372063322642 3.3402643216883243 228 207 203
-27.40038536995747 8.232616168187073 3.394019666524573 228 207 204
-27.219258631063894 8.159562142206761 2.01411678983282 223 193 190
-27.74467202644976 7.323372063322642 3.3402643216883243 228 207 203
-27.219258631063894 8.159562142206761 2.01411678983282 223 193 190
-27.56057948510289 7.258151495442537 1.9603614449965716 223 193 190
-27.56057948510289 7.258151495442537 1.9603614449965716 223 193 190
-27.219258631063894 8.159562142206761 2.01411678983282 223 193 190
-27.156846610284706 8.134389440399518 0.4844826676768307 218 177 175
-27.56057948510289 7.258151495442537 1.9603614449965716 223 193 190
-27.156846610284706 8.134389440399518 0.4844826676768307 218 177 175
-27.49714551844496 7.23567801934161 0.430727322840582 218 177 174
-27.49714551844496 7.23567801934161 0.430727322840582 218 177 174
-27.156846610284706 8.134389440399518 0.4844826676768307 218 177 175
-27.219258631063894 8.159562142206761 -1.045151454479157 213 161 160
-27.49714551844496 7.23567801934161 0.430727322840582 218 177 174
-27.219258631063894 8.159562142206761 -1.045151454479157 213 161 160
-27.56057948510289 7.258151495442537 -1.0989067993154056 213 161 159
-27.56057948510289 7.258151495442537 -1.0989067993154056 213 161 159
-27.219258631063894 8.159562142206761 -1.045151454479157 213 161 160
-27.40038536995747 8.232616168187073 -2.4250543311709114 209 147 146
-27.56057948510289 7.258151495442537 -1.0989067993154056 213 161 159
-27.40038536995747 8.232616168187073 -2.4250543311709114 209 147 146
-27.74467202644976 7.323372063322642 -2.47880967600716 208 146 145
-27.74467202644976 7.323372063322642 -2.47880967600716 208 146 145
-27.40038536995747 8.232616168187073 -2.4250543311709114 209 147 146
-27.68249687977833 8.34640048128017 -3.5201514544791594 205 135 135
-27.74467202644976 7.323372063322642 -2.47880967600716 208 146 145
-27.68249687977833 8.34640048128017 -3.5201514544791594 205 135 135
-28.031402881890386 7.424955479379406 -3.573906799315408 205 135 134
-28.031402881890386 7.424955479379406 -3.573906799315408 205 135 134
-27.68249687977833 8.34640048128017 -3.5201514544791594 205 135 135
-28.03797812035875 8.489777080138575 -4.22324708798418 203 128 128
-28.031402881890386 7.424955479379406 -3.573906799315408 205 135 134
-28.03797812035875 8.489777080138575 -4.22324708798418 203 128 128
-28.3927048375229 7.552958051075914 -4.277002432820429 202 128 127
-28.3927048375229 7.552958051075914 -4.277002432820429 202 128 127
-28.03797812035875 8.489777080138575 -4.22324708798418 203 128 128
-28.43203211108727 8.648711264302523 -4.46551733232317 202 126 125
-28.3927048375229 7.552958051075914 -4.277002432820429 202 128 127
-28.43203211108727 8.648711264302523 -4.46551733232317 202 126 125
-28.79321114059124 7.694849994848152 -4.519272677159419 202 125 125
-28.79321114059124 7.694849994848152 -4.519272677159419 202 125 125
-28.43203211108727 8.648711264302523 -4.46551733232317 202 126 125
-28.82608610181579 8.80764544846647 -4.223247087984181 203 128 128
-28.79321114059124 7.694849994848152 -4.519272677159419 202 125 125
-28.82608610181579 8.80764544846647 -4.223247087984181 203 128 128
-29.19371744365958 7.83674193862039 -4.27700243282043 202 128 127
-29.19371744365958 7.83674193862039 -4.27700243282043 202 128 127
-28.82608610181579 8.80764544846647 -4.223247087984181 203 128 128
-29.181567342396207 8.951022047324876 -3.5201514544791603 205 135 135
-29.19371744365958 7.83674193862039 -4.27700243282043 202 128 127
-29.181567342396207 8.951022047324876 -3.5201514544791603 205 135 135
-29.555019399292092 7.964744510316898 -3.573906799315409 205 135 134
-29.555019399292092 7.964744510316898 -3.573906799315409 205 135 134
-29.181567342396207 8.951022047324876 -3.5201514544791603 205 135 135
-29.463678852217072 9.064806360417974 -2.425054331170913 209 147 146
-29.555019399292092 7.964744510316898 -3.573906799315409 205 135 134
-29.463678852217072 9.064806360417974 -2.425054331170913 209 147 146
-29.84175025473272 8.066327926373662 -2.478809676007162 208 146 145
-29.84175025473272 8.066327926373662 -2.478809676007162 208 146 145
-29.463678852217072 9.064806360417974 -2.425054331170913 209 147 146
-29.644805591110647 9.137860386398284 -1.0451514544791607 213 161 160
-29.84175025473272 8.066327926373662 -2.478809676007162 208 146 145
-29.644805591110647 9.137860386398284 -1.0451514544791607 213 161 160
-30.02584279607959 8.131548494253767 -1.0989067993154094 213 161 159
-30.02584279607959 8.131548494253767 -1.0989067993154094 213 161 159
-29.644805591110647 9.137860386398284 -1.0451514544791607 213 161 160
-29.707217611889835 9.163033088205529 0.48448266767682885 218 177 175
-30.02584279607959 8.131548494253767 -1.0989067993154094 213 161 159
-29.707217611889835 9.163033088205529 0.48448266767682885 218 177 175
-30.08927676273752 8.154021970354693 0.4307273228405802 218 177 174
-29.707217611889835 9.163033088205529 0.48448266767683007 218 177 175
-29.281780789750677 10.156324517667468 0.537551924317951 218 178 175
-29.220495109061957 10.128521809228573 2.0671860464739407 224 194 191
-29.707217611889835 9.163033088205529 0.48448266767683007 218 177 175
-29.220495109061957 10.128521809228573 2.0671860464739407 224 194 191
-29.644805591110647 9.137860386398284 2.0141167898328196 223 193 190
-29.644805591110647 9.137860386398284 2.0141167898328196 223 193 190
-29.220495109061957 10.128521809228573 2.0671860464739407 224 194 191
-29.04263713642405 10.04783520672675 3.447088923165693 228 208 204
-29.644805591110647 9.137860386398284 2.0141167898328196 223 193 190
-29.04263713642405 10.04783520672675 3.447088923165693 228 208 204
-29.463678852217072 9.064806360417974 3.394019666524572 228 207 204
-29.463678852217072 9.064806360417974 3.394019666524572 228 207 204
-29.04263713642405 10.04783520672675 3.447088923165693 228 208 204
-28.765616849408122 9.922162876991491 4.542186046473941 232 219 215
-29.463678852217072 9.064806360417974 3.394019666524572 228 207 204
-28.765616849408122 9.922162876991491 4.542186046473941 232 219 215
-29.181567342396207 8.951022047324876 4.489116789832821 232 219 215
-29.181567342396207 8.951022047324876 4.489116789832821 232 219 215
-28.765616849408122 9.922162876991491 4.542186046473941 232 219 215
-28.416550923821124 9.763806503267894 5.2452816799789606 234 227 222
-29.181567342396207 8.951022047324876 4.489116789832821 232 219 215
-28.416550923821124 9.763806503267894 5.2452816799789606 234 227 222
-28.82608610181579 8.80764544846647 5.19221242333784 234 226 222
-28.82608610181579 8.80764544846647 5.19221242333784 234 226 222
-28.416550923821124 9.763806503267894 5.2452816799789606 234 227 222
-28.02960836454482 9.588267110749754 5.487551924317951 235 229 225
-28.82608610181579 8.80764544846647 5.19221242333784 234 226 222
-28.02960836454482 9.588267110749754 5.487551924317951 235 229 225
-28.43203211108727 8.648711264302523 5.43448266767683 235 229 224
-28.43203211108727 8.648711264302523 5.43448266767683 235 229 224
-28.02960836454482 9.588267110749754 5.487551924317951 235 229 225
-27.642665805268514 9.412727718231617 5.245281679978961 234 227 222
-28.43203211108727 8.648711264302523 5.43448266767683 235 229 224
-27.642665805268514 9.412727718231617 5.245281679978961 234 227 222
-28.03797812035875 8.489777080138575 5.192212423337841 234 226 222
-28.03797812035875 8.489777080138575 5.192212423337841 234 226 222
-27.642665805268514 9.412727718231617 5.245281679978961 234 227 222
-27.293599879681516 9.25437134450802 4.542186046473941 232 219 215
-28.03797812035875 8.489777080138575 5.192212423337841 234 226 222
-27.293599879681516 9.25437134450802 4.542186046473941 232 219 215
-27.68249687977833 8.34640048128017 4.489116789832821 232 219 215
-27.68249687977833 8.34640048128017 4.489116789832821 232 219 215
-27.293599879681516 9.25437134450802 4.542186046473941 232 219 215
-27.016579592665586 9.12869901477276 3.447088923165694 228 208 204
-27.68249687977833 8.34640048128017 4.489116789832821 232 219 215
-27.016579592665586 9.12869901477276 3.447088923165694 228 208 204
-27.40038536995747 8.232616168187073 3.394019666524573 228 207 204
-27.40038536995747 8.232616168187073 3.394019666524573 228 207 204
-27.016579592665586 9.12869901477276 3.447088923165694 228 208 204
-26.83872162002768 9.048012412270936 2.067186046473941 224 194 191
-27.40038536995747 8.232616168187073 3.394019666524573 228 207 204
-26.83872162002768 9.048012412270936 2.067186046473941 224 194 191
-27.219258631063894 8.159562142206761 2.01411678983282 223 193 190
-27.219258631063894 8.159562142206761 2.01411678983282 223 193 190
-26.83872162002768 9.048012412270936 2.067186046473941 224 194 191
-26.77743593933896 9.020209703832041 0.5375519243179515 218 178 175
-27.219258631063894 8.159562142206761 2.01411678983282 223 193 190
-26.77743593933896 9.020209703832041 0.5375519243179515 218 178 175
-27.156846610284706 8.134389440399518 0.4844826676768307 218 177 175
-27.156846610284706 8.134389440399518 0.4844826676768307 218 177 175
-26.77743593933896 9.020209703832041 0.5375519243179515 218 178 175
-26.83872162002768 9.048012412270936 -0.9920821978380361 213 162 160
-27.156846610284706 8.134389440399518 0.4844826676768307 218 177 175
-26.83872162002768 9.048012412270936 -0.9920821978380361 213 162 160
-27.219258631063894 8.159562142206761 -1.045151454479157 213 161 160
-27.219258631063894 8.159562142206761 -1.045151454479157 213 161 160
-26.83872162002768 9.048012412270936 -0.9920821978380361 213 162 160
-27.016579592665586 9.12869901477276 -2.371985074529791 209 147 146
-27.219258631063894 8.159562142206761 -1.045151454479157 213 161 160
-27.016579592665586 9.12869901477276 -2.371985074529791 209 147 146
-27.40038536995747 8.232616168187073 -2.4250543311709114 209 147 146
-27.40038536995747 8.232616168187073 -2.4250543311709114 209 147 146
-27.016579592665586 9.12869901477276 -2.371985074529791 209 147 146
-27.293599879681516 9.254371344508018 -3.467082197838039 205 136 135
-27.40038536995747 8.232616168187073 -2.4250543311709114 209 147 146
-27.293599879681516 9.254371344508018 -3.467082197838039 205 136 135
-27.68249687977833 8.34640048128017 -3.5201514544791594 205 135 135
-27.68249687977833 8.34640048128017 -3.5201514544791594 205 135 135
-27.293599879681516 9.254371344508018 -3.467082197838039 205 136 135
-27.642665805268514 9.412727718231617 -4.170177831343059 203 129 128
-27.68249687977833 8.34640048128017 -3.5201514544791594 205 135 135
-27.642665805268514 9.412727718231617 -4.170177831343059 203 129 128
-28.03797812035875 8.489777080138575 -4.22324708798418 203 128 128
-28.03797812035875 8.489777080138575 -4.22324708798418 203 128 128
-27.642665805268514 9.412727718231617 -4.170177831343059 203 129 128
-28.02960836454482 9.588267110749754 -4.412448075682049 202 126 126
-28.03797812035875 8.489777080138575 -4.22324708798418 203 128 128
-28.02960836454482 9.588267110749754 -4.412448075682049 202 126 126
-28.43203211108727 8.648711264302523 -4.46551733232317 202 126 125
-28.43203211108727 8.648711264302523 -4.46551733232317 202 126 125
-28.02960836454482 9.588267110749754 -4.412448075682049 202 126 126
-28.416550923821124 9.763806503267894 -4.17017783134306 203 129 128
-28.43203211108727 8.648711264302523 -4.46551733232317 202 126 125
-28.416550923821124 9.763806503267894 -4.17017783134306 203 129 128
-28.82608610181579 8.80764544846647 -4.223247087984181 203 128 128
-28.82608610181579 8.80764544846647 -4.223247087984181 203 128 128
-28.416550923821124 9.763806503267894 -4.17017783134306 203 129 128
-28.765616849408122 9.922162876991491 -3.4670821978380397 205 136 135
-28.82608610181579 8.80764544846647 -4.223247087984181 203 128 128
-28.765616849408122 9.922162876991491 -3.4670821978380397 205 136 135
-29.181567342396207 8.951022047324876 -3.5201514544791603 205 135 135
-29.181567342396207 8.951022047324876 -3.5201514544791603 205 135 135
-28.765616849408122 9.922162876991491 -3.4670821978380397 205 136 135
-29.04263713642405 10.04783520672675 -2.3719850745297926 209 147 146
-29.181567342396207 8.951022047324876 -3.5201514544791603 205 135 135
-29.04263713642405 10.04783520672675 -2.3719850745297926 209 147 146
-29.463678852217072 9.064806360417974 -2.425054331170913 209 147 146
-29.463678852217072 9.064806360417974 -2.425054331170913 209 147 146
-29.04263713642405 10.04783520672675 -2.3719850745297926 209 147 146
-29.220495109061957 10.128521809228573 -0.9920821978380399 213 162 160
-29.463678852217072 9.064806360417974 -2.425054331170913 209 147 146
-29.220495109061957 10.128521809228573 -0.9920821978380399 213 162 160
-29.644805591110647 9.137860386398284 -1.0451514544791607 213 161 160
-29.644805591110647 9.137860386398284 -1.0451514544791607 213 161 160
-29.220495109061957 10.128521809228573 -0.9920821978380399 213 162 160
-29.281780789750677 10.156324517667468 0.5375519243179497 218 178 175
-29.644805591110647 9.137860386398284 -1.0451514544791607 213 161 160
-29.281780789750677 10.156324517667468 0.5375519243179497 218 178 175
-29.707217611889835 9.163033088205529 0.48448266767682885 218 177 175
-29.281780789750677 10.156324517667468 0.537551924317951 218 178 175
-28.81391514870698 11.132371543811796 0.589859940043455 219 178 176
-28.753854369014444 11.102013217165833 2.1194940621994447 224 194 191
-29.281780789750677 10.156324517667468 0.537551924317951 218 178 175
-28.753854369014444 11.102013217165833 2.1194940621994447 224 194 191
-29.220495109061957 10.128521809228573 2.0671860464739407 224 194 191
-29.220495109061957 10.128521809228573 2.0671860464739407 224 194 191
-28.753854369014444 11.102013217165833 2.1194940621994447 224 194 191
-28.57955119752121 11.013909921758946 3.4993969388911967 228 209 205
-29.220495109061957 10.128521809228573 2.0671860464739407 224 194 191
-28.57955119752121 11.013909921758946 3.4993969388911967 228 209 205
-29.04263713642405 10.04783520672675 3.447088923165693 228 208 204
-29.04263713642405 10.04783520672675 3.447088923165693 228 208 204
-28.57955119752121 11.013909921758946 3.4993969388911967 228 209 205
-28.30806764309464 10.876685821997318 4.594494062199446 232 220 216
-29.04263713642405 10.04783520672675 3.447088923165693 228 208 204
-28.30806764309464 10.876685821997318 4.594494062199446 232 220 216
-28.765616849408122 9.922162876991491 4.542186046473941 232 219 215
-28.765616849408122 9.922162876991491 4.542186046473941 232 219 215
-28.30806764309464 10.876685821997318 4.594494062199446 232 220 216
-27.965978407579147 10.703773368862139 5.297589695704465 234 227 223
-28.765616849408122 9.922162876991491 4.542186046473941 232 219 215
-27.965978407579147 10.703773368862139 5.297589695704465 234 227 223
-28.416550923821124 9.763806503267894 5.2452816799789606 234 227 222
-28.416550923821124 9.763806503267894 5.2452816799789606 234 227 222
-27.965978407579147 10.703773368862139 5.297589695704465 234 227 223
-27.586769568822852 10.512098438018183 5.539859940043455 235 230 225
-28.416550923821124 9.763806503267894 5.2452816799789606 234 227 222
-27.586769568822852 10.512098438018183 5.539859940043455 235 230 225
-28.02960836454482 9.588267110749754 5.487551924317951 235 229 225
-28.02960836454482 9.588267110749754 5.487551924317951 235 229 225
-27.586769568822852 10.512098438018183 5.539859940043455 235 230 225
-27.207560730066557 10.320423507174226 5.297589695704466 234 227 223
-28.02960836454482 9.588267110749754 5.487551924317951 235 229 225
-27.207560730066557 10.320423507174226 5.297589695704466 234 227 223
-27.642665805268514 9.412727718231617 5.245281679978961 234 227 222
-27.642665805268514 9.412727718231617 5.245281679978961 234 227 222
-27.207560730066557 10.320423507174226 5.297589695704466 234 227 223
-26.86547149455107 10.147511054039047 4.594494062199446 232 220 216
-27.642665805268514 9.412727718231617 5.245281679978961 234 227 222
-26.86547149455107 10.147511054039047 4.594494062199446 232 220 216
-27.293599879681516 9.25437134450802 4.542186046473941 232 219 215
-27.293599879681516 9.25437134450802 4.542186046473941 232 219 215
-26.86547149455107 10.147511054039047 4.594494062199446 232 220 216
-26.593987940124496 10.010286954277419 3.4993969388911976 228 209 205
-27.293599879681516 9.25437134450802 4.542186046473941 232 219 215
-26.593987940124496 10.010286954277419 3.4993969388911976 228 209 205
-27.016579592665586 9.12869901477276 3.447088923165694 228 208 204
-27.016579592665586 9.12869901477276 3.447088923165694 228 208 204
-26.593987940124496 10.010286954277419 3.4993969388911976 228 209 205
-26.41968476863126 9.922183658870534 2.119494062199445 224 194 191
-27.016579592665586 9.12869901477276 3.447088923165694 228 208 204
-26.41968476863126 9.922183658870534 2.119494062199445 224 194 191
-26.83872162002768 9.048012412270936 2.067186046473941 224 194 191
-26.83872162002768 9.048012412270936 2.067186046473941 224 194 191
-26.41968476863126 9.922183658870534 2.119494062199445 224 194 191
-26.35962398893873 9.891825332224569 0.5898599400434555 219 178 176
-26.83872162002768 9.048012412270936 2.067186046473941 224 194 191
-26.35962398893873 9.891825332224569 0.5898599400434555 219 178 176
-26.77743593933896 9.020209703832041 0.5375519243179515 218 178 175
-26.77743593933896 9.020209703832041 0.5375519243179515 218 178 175
-26.35962398893873 9.891825332224569 0.5898599400434555 219 178 176
-26.41968476863126 9.922183658870534 -0.939774182112532 214 162 161
-26.77743593933896 9.020209703832041 0.5375519243179515 218 178 175
-26.41968476863126 9.922183658870534 -0.939774182112532 214 162 161
-26.83872162002768 9.048012412270936 -0.9920821978380361 213 162 160
-26.83872162002768 9.048012412270936 -0.9920821978380361 213 162 160
-26.41968476863126 9.922183658870534 -0.939774182112532 214 162 161
-26.593987940124496 10.010286954277419 -2.3196770588042863 209 148 147
-26.83872162002768 9.048012412270936 -0.9920821978380361 213 162 160
-26.593987940124496 10.010286954277419 -2.3196770588042863 209 148 147
-27.016579592665586 9.12869901477276 -2.371985074529791 209 147 146
-27.016579592665586 9.12869901477276 -2.371985074529791 209 147 146
-26.593987940124496 10.010286954277419 -2.3196770588042863 209 148 147
-26.86547149455107 10.147511054039047 -3.4147741821125344 205 137 136
-27.016579592665586 9.12869901477276 -2.371985074529791 209 147 146
-26.86547149455107 10.147511054039047 -3.4147741821125344 205 137 136
-27.293599879681516 9.254371344508018 -3.467082197838039 205 136 135
-27.293599879681516 9.254371344508018 -3.467082197838039 205 136 135
-26.86547149455107 10.147511054039047 -3.4147741821125344 205 137 136
-27.207560730066557 10.320423507174226 -4.117869815617555 203 129 129
-27.293599879681516 9.254371344508018 -3.467082197838039 205 136 135
-27.207560730066557 10.320423507174226 -4.117869815617555 203 129 129
-27.642665805268514 9.412727718231617 -4.170177831343059 203 129 128
-27.642665805268514 9.412727718231617 -4.170177831343059 203 129 128
-27.207560730066557 10.320423507174226 -4.117869815617555 203 129 129
-27.586769568822852 10.512098438018183 -4.360140059956545 202 127 126
-27.642665805268514 9.412727718231617 -4.170177831343059 203 129 128
-27.586769568822852 10.512098438018183 -4.360140059956545 202 127 126
-28.02960836454482 9.588267110749754 -4.412448075682049 202 126 126
-28.02960836454482 9.588267110749754 -4.412448075682049 202 126 126
-27.586769568822852 10.512098438018183 -4.360140059956545 202 127 126
-27.965978407579147 10.703773368862139 -4.1178698156175555 203 129 129
-28.02960836454482 9.588267110749754 -4.412448075682049 202 126 126
-27.965978407579147 10.703773368862139 -4.1178698156175555 203 129 129
-28.416550923821124 9.763806503267894 -4.17017783134306 203 129 128
-28.416550923821124 9.763806503267894 -4.17017783134306 203 129 128
-27.965978407579147 10.703773368862139 -4.1178698156175555 203 129 129
-28.30806764309464 10.876685821997318 -3.4147741821125353 205 137 136
-28.416550923821124 9.763806503267894 -4.17017783134306 203 129 128
-28.30806764309464 10.876685821997318 -3.4147741821125353 205 137 136
-28.765616849408122 9.922162876991491 -3.4670821978380397 205 136 135
-28.765616849408122 9.922162876991491 -3.4670821978380397 205 136 135
-28.30806764309464 10.876685821997318 -3.4147741821125353 205 137 136
-28.57955119752121 11.013909921758946 -2.319677058804288 209 148 147
-28.765616849408122 9.922162876991491 -3.4670821978380397 205 136 135
-28.57955119752121 11.013909921758946 -2.319677058804288 209 148 147
-29.04263713642405 10.04783520672675 -2.3719850745297926 209 147 146
-29.04263713642405 10.04783520672675 -2.3719850745297926 209 147 146
-28.57955119752121 11.013909921758946 -2.319677058804288 209 148 147
-28.753854369014444 11.102013217165833 -0.9397741821125358 214 162 161
-29.04263713642405 10.04783520672675 -2.3719850745297926 209 147 146
-28.753854369014444 11.102013217165833 -0.9397741821125358 214 162 161
-29.220495109061957 10.128521809228573 -0.9920821978380399 213 162 160
-29.220495109061957 10.128521809228573 -0.9920821978380399 213 162 160
-28.753854369014444 11.102013217165833 -0.9397741821125358 214 162 161
-28.81391514870698 11.132371543811796 0.5898599400434538 219 178 176
-29.220495109061957 10.128521809228573 -0.9920821978380399 213 162 160
-28.81391514870698 11.132371543811796 0.5898599400434538 219 178 176
-29.281780789750677 10.156324517667468 0.5375519243179497 218 178 175
-28.81391514870698 11.132371543811796 0.589859940043455 219 178 176
-28.30463507330288 12.089722820398798 0.6413326401454236 219 179 176
-28.24589171597515 12.056887729049983 2.170966762301413 224 195 192
-28.81391514870698 11.132371543811796 0.589859940043455 219 178 176
-28.24589171597515 12.056887729049983 2.170966762301413 224 195 192
-28.753854369014444 11.102013217165833 2.1194940621994447 224 194 191
-28.753854369014444 11.102013217165833 2.1194940621994447 224 194 191
-28.24589171597515 12.056887729049983 2.170966762301413 224 195 192
-28.075411853096245 11.961596582520295 3.5508696389931655 229 209 206
-28.753854369014444 11.102013217165833 2.1194940621994447 224 194 191
-28.075411853096245 11.961596582520295 3.5508696389931655 229 209 206
-28.57955119752121 11.013909921758946 3.4993969388911967 228 209 205
-28.57955119752121 11.013909921758946 3.4993969388911967 228 209 205
-28.075411853096245 11.961596582520295 3.5508696389931655 229 209 206
-27.809883241447796 11.813177142164518 4.6459667623014145 232 220 216
-28.57955119752121 11.013909921758946 3.4993969388911967 228 209 205
-27.809883241447796 11.813177142164518 4.6459667623014145 232 220 216
-28.30806764309464 10.876685821997318 4.594494062199446 232 220 216
-28.30806764309464 10.876685821997318 4.594494062199446 232 220 216
-27.809883241447796 11.813177142164518 4.6459667623014145 232 220 216
-27.475297671584578 11.626157736903721 5.349062395806433 234 228 223
-28.30806764309464 10.876685821997318 4.594494062199446 232 220 216
-27.475297671584578 11.626157736903721 5.349062395806433 234 228 223
-27.965978407579147 10.703773368862139 5.297589695704465 234 227 223
-27.965978407579147 10.703773368862139 5.297589695704465 234 227 223
-27.475297671584578 11.626157736903721 5.349062395806433 234 228 223
-27.10440671027954 11.41884512916565 5.591332640145424 235 230 226
-27.965978407579147 10.703773368862139 5.297589695704465 234 227 223
-27.10440671027954 11.41884512916565 5.591332640145424 235 230 226
-27.586769568822852 10.512098438018183 5.539859940043455 235 230 225
-27.586769568822852 10.512098438018183 5.539859940043455 235 230 225
-27.10440671027954 11.41884512916565 5.591332640145424 235 230 226
-26.733515748974504 11.21153252142758 5.349062395806435 234 228 223
-27.586769568822852 10.512098438018183 5.539859940043455 235 230 225
-26.733515748974504 11.21153252142758 5.349062395806435 234 228 223
-27.207560730066557 10.320423507174226 5.297589695704466 234 227 223
-27.207560730066557 10.320423507174226 5.297589695704466 234 227 223
-26.733515748974504 11.21153252142758 5.349062395806435 234 228 223
-26.398930179111286 11.024513116166784 4.6459667623014145 232 220 216
-27.207560730066557 10.320423507174226 5.297589695704466 234 227 223
-26.398930179111286 11.024513116166784 4.6459667623014145 232 220 216
-26.86547149455107 10.147511054039047 4.594494062199446 232 220 216
-26.86547149455107 10.147511054039047 4.594494062199446 232 220 216
-26.398930179111286 11.024513116166784 4.6459667623014145 232 220 216
-26.133401567462837 10.876093675811006 3.5508696389931664 229 209 206
-26.86547149455107 10.147511054039047 4.594494062199446 232 220 216
-26.133401567462837 10.876093675811006 3.5508696389931664 229 209 206
-26.593987940124496 10.010286954277419 3.4993969388911976 228 209 205
-26.593987940124496 10.010286954277419 3.4993969388911976 228 209 205
-26.133401567462837 10.876093675811006 3.5508696389931664 229 209 206
-25.96292170458393 10.780802529281319 2.170966762301414 224 195 192
-26.593987940124496 10.010286954277419 3.4993969388911976 228 209 205
-25.96292170458393 10.780802529281319 2.170966762301414 224 195 192
-26.41968476863126 9.922183658870534 2.119494062199445 224 194 191
-26.41968476863126 9.922183658870534 2.119494062199445 224 194 191
-25.96292170458393 10.780802529281319 2.170966762301414 224 195 192
-25.904178347256202 10.747967437932504 0.6413326401454241 219 179 176
-26.41968476863126 9.922183658870534 2.119494062199445 224 194 191
-25.904178347256202 10.747967437932504 0.6413326401454241 219 179 176
-26.35962398893873 9.891825332224569 0.5898599400434555 219 178 176
-26.35962398893873 9.891825332224569 0.5898599400434555 219 178 176
-25.904178347256202 10.747967437932504 0.6413326401454241 219 179 176
-25.96292170458393 10.780802529281319 -0.8883014820105635 214 163 161
-26.35962398893873 9.891825332224569 0.5898599400434555 219 178 176
-25.96292170458393 10.780802529281319 -0.8883014820105635 214 163 161
-26.41968476863126 9.922183658870534 -0.939774182112532 214 162 161
-26.41968476863126 9.922183658870534 -0.939774182112532 214 162 161
-25.96292170458393 10.780802529281319 -0.8883014820105635 214 163 161
-26.133401567462837 10.876093675811006 -2.268204358702318 209 148 147
-26.41968476863126 9.922183658870534 -0.939774182112532 214 162 161
-26.133401567462837 10.876093675811006 -2.268204358702318 209 148 147
-26.593987940124496 10.010286954277419 -2.3196770588042863 209 148 147
-26.593987940124496 10.010286954277419 -2.3196770588042863 209 148 147
-26.133401567462837 10.876093675811006 -2.268204358702318 209 148 147
-26.398930179111286 11.024513116166784 -3.363301482010566 205 137 136
-26.593987940124496 10.010286954277419 -2.3196770588042863 209 148 147
-26.398930179111286 11.024513116166784 -3.363301482010566 205 137 136
-26.86547149455107 10.147511054039047 -3.4147741821125344 205 137 136
-26.86547149455107 10.147511054039047 -3.4147741821125344 205 137 136
-26.398930179111286 11.024513116166784 -3.363301482010566 205 137 136
-26.733515748974504 11.21153252142758 -4.066397115515587 203 130 129
-26.86547149455107 10.147511054039047 -3.4147741821125344 205 137 136
-26.733515748974504 11.21153252142758 -4.066397115515587 203 130 129
-27.207560730066557 10.320423507174226 -4.117869815617555 203 129 129
-27.207560730066557 10.320423507174226 -4.117869815617555 203 129 129
-26.733515748974504 11.21153252142758 -4.066397115515587 203 130 129
-27.10440671027954 11.41884512916565 -4.308667359854576 202 127 127
-27.207560730066557 10.320423507174226 -4.117869815617555 203 129 129
-27.10440671027954 11.41884512916565 -4.308667359854576 202 127 127
-27.586769568822852 10.512098438018183 -4.360140059956545 202 127 126
-27.586769568822852 10.512098438018183 -4.360140059956545 202 127 126
-27.10440671027954 11.41884512916565 -4.308667359854576 202 127 127
-27.475297671584578 11.626157736903721 -4.066397115515587 203 130 129
-27.586769568822852 10.512098438018183 -4.360140059956545 202 127 126
-27.475297671584578 11.626157736903721 -4.066397115515587 203 130 129
-27.965978407579147 10.703773368862139 -4.1178698156175555 203 129 129
-27.965978407579147 10.703773368862139 -4.1178698156175555 203 129 129
-27.475297671584578 11.626157736903721 -4.066397115515587 203 130 129
-27.809883241447796 11.813177142164518 -3.363301482010567 205 137 136
-27.965978407579147 10.703773368862139 -4.1178698156175555 203 129 129
-27.809883241447796 11.813177142164518 -3.363301482010567 205 137 136
-28.30806764309464 10.876685821997318 -3.4147741821125353 205 137 136
-28.30806764309464 10.876685821997318 -3.4147741821125353 205 137 136
-27.809883241447796 11.813177142164518 -3.363301482010567 205 137 136
-28.075411853096245 11.961596582520295 -2.2682043587023197 209 148 147
-28.30806764309464 10.876685821997318 -3.4147741821125353 205 137 136
-28.075411853096245 11.961596582520295 -2.2682043587023197 209 148 147
-28.57955119752121 11.013909921758946 -2.319677058804288 209 148 147
-28.57955119752121 11.013909921758946 -2.319677058804288 209 148 147
-28.075411853096245 11.961596582520295 -2.2682043587023197 209 148 147
-28.24589171597515 12.056887729049983 -0.8883014820105672 214 163 161
-28.57955119752121 11.013909921758946 -2.319677058804288 209 148 147
-28.24589171597515 12.056887729049983 -0.8883014820105672 214 163 161
-28.753854369014444 11.102013217165833 -0.9397741821125358 214 162 161
-28.753854369014444 11.102013217165833 -0.9397741821125358 214 162 161
-28.24589171597515 12.056887729049983 -0.8883014820105672 214 163 161
-28.30463507330288 12.089722820398798 0.6413326401454224 219 179 176
-28.753854369014444 11.102013217165833 -0.9397741821125358 214 162 161
-28.30463507330288 12.089722820398798 0.6413326401454224 219 179 176
-28.81391514870698 11.132371543811796 0.5898599400434538 219 178 176
-28.30463507330288 12.089722820398798 0.6413326401454236 219 179 176
-27.75501239567383 13.027001391259459 0.6918971328275813 219 179 177
-27.69767282620899 12.991772155849011 2.221531254983571 224 195 192
-28.30463507330288 12.089722820398798 0.6413326401454236 219 179 176
-27.69767282620899 12.991772155849011 2.221531254983571 224 195 192
-28.24589171597515 12.056887729049983 2.170966762301413 224 195 192
-28.24589171597515 12.056887729049983 2.170966762301413 224 195 192
-27.69767282620899 12.991772155849011 2.221531254983571 224 195 192
-27.53126691438196 12.889532932636156 3.6014341316753233 229 210 206
-28.24589171597515 12.056887729049983 2.170966762301413 224 195 192
-27.53126691438196 12.889532932636156 3.6014341316753233 229 210 206
-28.075411853096245 11.961596582520295 3.5508696389931655 229 209 206
-28.075411853096245 11.961596582520295 3.5508696389931655 229 209 206
-27.53126691438196 12.889532932636156 3.6014341316753233 229 210 206
-27.272083630260532 12.730291609131523 4.696531254983571 232 221 217
-28.075411853096245 11.961596582520295 3.5508696389931655 229 209 206
-27.272083630260532 12.730291609131523 4.696531254983571 232 221 217
-27.809883241447796 11.813177142164518 4.6459667623014145 232 220 216
-27.809883241447796 11.813177142164518 4.6459667623014145 232 220 216
-27.272083630260532 12.730291609131523 4.696531254983571 232 221 217
-26.94549363953064 12.529635835579288 5.399626888488591 235 228 224
-27.809883241447796 11.813177142164518 4.6459667623014145 232 220 216
-26.94549363953064 12.529635835579288 5.399626888488591 235 228 224
-27.475297671584578 11.626157736903721 5.349062395806433 234 228 223
-27.475297671584578 11.626157736903721 5.349062395806433 234 228 223
-26.94549363953064 12.529635835579288 5.399626888488591 235 228 224
-26.58346584597119 12.307207197145726 5.641897132827581 235 231 226
-27.475297671584578 11.626157736903721 5.349062395806433 234 228 223
-26.58346584597119 12.307207197145726 5.641897132827581 235 231 226
-27.10440671027954 11.41884512916565 5.591332640145424 235 230 226
-27.10440671027954 11.41884512916565 5.591332640145424 235 230 226
-26.58346584597119 12.307207197145726 5.641897132827581 235 231 226
-26.22143805241174 12.084778558712163 5.399626888488592 235 228 224
-27.10440671027954 11.41884512916565 5.591332640145424 235 230 226
-26.22143805241174 12.084778558712163 5.399626888488592 235 228 224
-26.733515748974504 11.21153252142758 5.349062395806435 234 228 223
-26.733515748974504 11.21153252142758 5.349062395806435 234 228 223
-26.22143805241174 12.084778558712163 5.399626888488592 235 228 224
-25.89484806168185 11.884122785159928 4.696531254983571 232 221 217
-26.733515748974504 11.21153252142758 5.349062395806435 234 228 223
-25.89484806168185 11.884122785159928 4.696531254983571 232 221 217
-26.398930179111286 11.024513116166784 4.6459667623014145 232 220 216
-26.398930179111286 11.024513116166784 4.6459667623014145 232 220 216
-25.89484806168185 11.884122785159928 4.696531254983571 232 221 217
-25.63566477756042 11.724881461655295 3.6014341316753242 229 210 206
-26.398930179111286 11.024513116166784 4.6459667623014145 232 220 216
-25.63566477756042 11.724881461655295 3.6014341316753242 229 210 206
-26.133401567462837 10.876093675811006 3.5508696389931664 229 209 206
-26.133401567462837 10.876093675811006 3.5508696389931664 229 209 206
-25.63566477756042 11.724881461655295 3.6014341316753242 229 210 206
-25.46925886573339 11.622642238442442 2.2215312549835713 224 195 192
-26.133401567462837 10.876093675811006 3.5508696389931664 229 209 206
-25.46925886573339 11.622642238442442 2.2215312549835713 224 195 192
-25.96292170458393 10.780802529281319 2.170966762301414 224 195 192
-25.96292170458393 10.780802529281319 2.170966762301414 224 195 192
-25.46925886573339 11.622642238442442 2.2215312549835713 224 195 192
-25.41191929626855 11.587413003031992 0.6918971328275818 219 179 177
-25.96292170458393 10.780802529281319 2.170966762301414 224 195 192
-25.41191929626855 11.587413003031992 0.6918971328275818 219 179 177
-25.904178347256202 10.747967437932504 0.6413326401454241 219 179 176
-25.904178347256202 10.747967437932504 0.6413326401454241 219 179 176
-25.41191929626855 11.587413003031992 0.6918971328275818 219 179 177
-25.46925886573339 11.622642238442442 -0.8377369893284058 214 163 162
-25.904178347256202 10.747967437932504 0.6413326401454241 219 179 176
-25.46925886573339 11.622642238442442 -0.8377369893284058 214 163 162
-25.96292170458393 10.780802529281319 -0.8883014820105635 214 163 161
-25.96292170458393 10.780802529281319 -0.8883014820105635 214 163 161
-25.46925886573339 11.622642238442442 -0.8377369893284058 214 163 162
-25.63566477756042 11.724881461655295 -2.21763986602016 209 149 148
-25.96292170458393 10.780802529281319 -0.8883014820105635 214 163 161
-25.63566477756042 11.724881461655295 -2.21763986602016 209 149 148
-26.133401567462837 10.876093675811006 -2.268204358702318 209 148 147
-26.133401567462837 10.876093675811006 -2.268204358702318 209 148 147
-25.63566477756042 11.724881461655295 -2.21763986602016 209 149 148
-25.89484806168185 11.884122785159928 -3.312736989328408 206 138 137
-26.133401567462837 10.876093675811006 -2.268204358702318 209 148 147
-25.89484806168185 11.884122785159928 -3.312736989328408 206 138 137
-26.398930179111286 11.024513116166784 -3.363301482010566 205 137 136
-26.398930179111286 11.024513116166784 -3.363301482010566 205 137 136
-25.89484806168185 11.884122785159928 -3.312736989328408 206 138 137
-26.22143805241174 12.084778558712163 -4.015832622833429 203 130 130
-26.398930179111286 11.024513116166784 -3.363301482010566 205 137 136
-26.22143805241174 12.084778558712163 -4.015832622833429 203 130 130
-26.733515748974504 11.21153252142758 -4.066397115515587 203 130 129
-26.733515748974504 11.21153252142758 -4.066397115515587 203 130 129
-26.22143805241174 12.084778558712163 -4.015832622833429 203 130 130
-26.58346584597119 12.307207197145726 -4.258102867172419 202 128 127
-26.733515748974504 11.21153252142758 -4.066397115515587 203 130 129
-26.58346584597119 12.307207197145726 -4.258102867172419 202 128 127
-27.10440671027954 11.41884512916565 -4.308667359854576 202 127 127
-27.10440671027954 11.41884512916565 -4.308667359854576 202 127 127
-26.58346584597119 12.307207197145726 -4.258102867172419 202 128 127
-26.94549363953064 12.529635835579288 -4.01583262283343 203 130 130
-27.10440671027954 11.41884512916565 -4.308667359854576 202 127 127
-26.94549363953064 12.529635835579288 -4.01583262283343 203 130 130
-27.475297671584578 11.626157736903721 -4.066397115515587 203 130 129
-27.475297671584578 11.626157736903721 -4.066397115515587 203 130 129
-26.94549363953064 12.529635835579288 -4.01583262283343 203 130 130
-27.272083630260532 12.730291609131523 -3.312736989328409 206 138 137
-27.475297671584578 11.626157736903721 -4.066397115515587 203 130 129
-27.272083630260532 12.730291609131523 -3.312736989328409 206 138 137
-27.809883241447796 11.813177142164518 -3.363301482010567 205 137 136
-27.809883241447796 11.813177142164518 -3.363301482010567 205 137 136
-27.272083630260532 12.730291609131523 -3.312736989328409 206 138 137
-27.53126691438196 12.889532932636156 -2.217639866020162 209 149 148
-27.809883241447796 11.813177142164518 -3.363301482010567 205 137 136
-27.53126691438196 12.889532932636156 -2.217639866020162 209 149 148
-28.075411853096245 11.961596582520295 -2.2682043587023197 209 148 147
-28.075411853096245 11.961596582520295 -2.2682043587023197 209 148 147
-27.53126691438196 12.889532932636156 -2.217639866020162 209 149 148
-27.69767282620899 12.991772155849011 -0.8377369893284096 214 163 162
-28.075411853096245 11.961596582520295 -2.2682043587023197 209 148 147
-27.69767282620899 12.991772155849011 -0.8377369893284096 214 163 162
-28.24589171597515 12.056887729049983 -0.8883014820105672 214 163 161
-28.24589171597515 12.056887729049983 -0.8883014820105672 214 163 161
-27.69767282620899 12.991772155849011 -0.8377369893284096 214 163 162
-27.75501239567383 13.027001391259459 0.69189713282758 219 179 177
-28.24589171597515 12.056887729049983 -0.8883014820105672 214 163 161
-27.75501239567383 13.027001391259459 0.69189713282758 219 179 177
-28.30463507330288 12.089722820398798 0.6413326401454224 219 179 176
-27.75501239567383 13.027001391259459 0.6918971328275813 219 179 177
-27.16616873906243 13.94290463566137 0.7414818124292173 219 180 177
-27.110313134583627 13.90536696521786 2.271115934585207 224 196 193
-27.75501239567383 13.027001391259459 0.6918971328275813 219 179 177
-27.110313134583627 13.90536696521786 2.271115934585207 224 196 193
-27.69767282620899 12.991772155849011 2.221531254983571 224 195 192
-27.69767282620899 12.991772155849011 2.221531254983571 224 195 192
-27.110313134583627 13.90536696521786 2.271115934585207 224 196 193
-26.948213856882482 13.796428402610672 3.651018811276959 229 210 207
-27.69767282620899 12.991772155849011 2.221531254983571 224 195 192
-26.948213856882482 13.796428402610672 3.651018811276959 229 210 207
-27.53126691438196 12.889532932636156 3.6014341316753233 229 210 206
-27.53126691438196 12.889532932636156 3.6014341316753233 229 210 206
-26.948213856882482 13.796428402610672 3.651018811276959 229 210 207
-26.69573831267246 13.626752613367398 4.746115934585208 232 222 217
-27.53126691438196 12.889532932636156 3.6014341316753233 229 210 206
-26.69573831267246 13.626752613367398 4.746115934585208 232 222 217
-27.272083630260532 12.730291609131523 4.696531254983571 232 221 217
-27.272083630260532 12.730291609131523 4.696531254983571 232 221 217
-26.69573831267246 13.626752613367398 4.746115934585208 232 222 217
-26.377600567321394 13.4129486459399 5.449211568090227 235 229 224
-27.272083630260532 12.730291609131523 4.696531254983571 232 221 217
-26.377600567321394 13.4129486459399 5.449211568090227 235 229 224
-26.94549363953064 12.529635835579288 5.399626888488591 235 228 224
-26.94549363953064 12.529635835579288 5.399626888488591 235 228 224
-26.377600567321394 13.4129486459399 5.449211568090227 235 229 224
-26.024942159940256 13.175945122319824 5.691481812429218 236 231 227
-26.94549363953064 12.529635835579288 5.399626888488591 235 228 224
-26.024942159940256 13.175945122319824 5.691481812429218 236 231 227
-26.58346584597119 12.307207197145726 5.641897132827581 235 231 226
-26.58346584597119 12.307207197145726 5.641897132827581 235 231 226
-26.024942159940256 13.175945122319824 5.691481812429218 236 231 227
-25.672283752559117 12.938941598699747 5.449211568090228 235 229 224
-26.58346584597119 12.307207197145726 5.641897132827581 235 231 226
-25.672283752559117 12.938941598699747 5.449211568090228 235 229 224
-26.22143805241174 12.084778558712163 5.399626888488592 235 228 224
-26.22143805241174 12.084778558712163 5.399626888488592 235 228 224
-25.672283752559117 12.938941598699747 5.449211568090228 235 229 224
-25.35414600720805 12.72513763127225 4.746115934585208 232 222 217
-26.22143805241174 12.084778558712163 5.399626888488592 235 228 224
-25.35414600720805 12.72513763127225 4.746115934585208 232 222 217
-25.89484806168185 11.884122785159928 4.696531254983571 232 221 217
-25.89484806168185 11.884122785159928 4.696531254983571 232 221 217
-25.35414600720805 12.72513763127225 4.746115934585208 232 222 217
-25.10167046299803 12.555461842028974 3.65101881127696 229 210 207
-25.89484806168185 11.884122785159928 4.696531254983571 232 221 217
-25.10167046299803 12.555461842028974 3.65101881127696 229 210 207
-25.63566477756042 11.724881461655295 3.6014341316753242 229 210 206
-25.63566477756042 11.724881461655295 3.6014341316753242 229 210 206
-25.10167046299803 12.555461842028974 3.65101881127696 229 210 207
-24.939571185296884 12.446523279421788 2.2711159345852074 224 196 193
-25.63566477756042 11.724881461655295 3.6014341316753242 229 210 206
-24.939571185296884 12.446523279421788 2.2711159345852074 224 196 193
-25.46925886573339 11.622642238442442 2.2215312549835713 224 195 192
-25.46925886573339 11.622642238442442 2.2215312549835713 224 195 192
-24.939571185296884 12.446523279421788 2.2711159345852074 224 196 193
-24.88371558081808 12.408985608978279 0.7414818124292178 219 180 177
-25.46925886573339 11.622642238442442 2.2215312549835713 224 195 192
-24.88371558081808 12.408985608978279 0.7414818124292178 219 180 177
-25.41191929626855 11.587413003031992 0.6918971328275818 219 179 177
-25.41191929626855 11.587413003031992 0.6918971328275818 219 179 177
-24.88371558081808 12.408985608978279 0.7414818124292178 219 180 177
-24.939571185296884 12.446523279421788 -0.7881523097267698 214 164 162
-25.41191929626855 11.587413003031992 0.6918971328275818 219 179 177
-24.939571185296884 12.446523279421788 -0.7881523097267698 214 164 162
-25.46925886573339 11.622642238442442 -0.8377369893284058 214 163 162
-25.46925886573339 11.622642238442442 -0.8377369893284058 214 163 162
-24.939571185296884 12.446523279421788 -0.7881523097267698 214 164 162
-25.10167046299803 12.555461842028974 -2.168055186418524 209 149 148
-25.46925886573339 11.622642238442442 -0.8377369893284058 214 163 162
-25.10167046299803 12.555461842028974 -2.168055186418524 209 149 148
-25.63566477756042 11.724881461655295 -2.21763986602016 209 149 148
-25.63566477756042 11.724881461655295 -2.21763986602016 209 149 148
-25.10167046299803 12.555461842028974 -2.168055186418524 209 149 148
-25.35414600720805 12.72513763127225 -3.263152309726772 206 138 137
-25.63566477756042 11.724881461655295 -2.21763986602016 209 149 148
-25.35414600720805 12.72513763127225 -3.263152309726772 206 138 137
-25.89484806168185 11.884122785159928 -3.312736989328408 206 138 137
-25.89484806168185 11.884122785159928 -3.312736989328408 206 138 137
-25.35414600720805 12.72513763127225 -3.263152309726772 206 138 137
-25.672283752559117 12.938941598699747 -3.9662479432317923 203 131 130
-25.89484806168185 11.884122785159928 -3.312736989328408 206 138 137
-25.672283752559117 12.938941598699747 -3.9662479432317923 203 131 130
-26.22143805241174 12.084778558712163 -4.015832622833429 203 130 130
-26.22143805241174 12.084778558712163 -4.015832622833429 203 130 130
-25.672283752559117 12.938941598699747 -3.9662479432317923 203 131 130
-26.024942159940256 13.175945122319824 -4.208518187570783 203 128 128
-26.22143805241174 12.084778558712163 -4.015832622833429 203 130 130
-26.024942159940256 13.175945122319824 -4.208518187570783 203 128 128
-26.58346584597119 12.307207197145726 -4.258102867172419 202 128 127
-26.58346584597119 12.307207197145726 -4.258102867172419 202 128 127
-26.024942159940256 13.175945122319824 -4.208518187570783 203 128 128
-26.377600567321394 13.4129486459399 -3.966247943231793 203 131 130
-26.58346584597119 12.307207197145726 -4.258102867172419 202 128 127
-26.377600567321394 13.4129486459399 -3.966247943231793 203 131 130
-26.94549363953064 12.529635835579288 -4.01583262283343 203 130 130
-26.94549363953064 12.529635835579288 -4.01583262283343 203 130 130
-26.377600567321394 13.4129486459399 -3.966247943231793 203 131 130
-26.69573831267246 13.626752613367398 -3.263152309726773 206 138 137
-26.94549363953064 12.529635835579288 -4.01583262283343 203 130 130
-26.69573831267246 13.626752613367398 -3.263152309726773 206 138 137
-27.272083630260532 12.730291609131523 -3.312736989328409 206 138 137
-27.272083630260532 12.730291609131523 -3.312736989328409 206 138 137
-26.69573831267246 13.626752613367398 -3.263152309726773 206 138 137
-26.948213856882482 13.796428402610672 -2.168055186418526 209 149 148
-27.272083630260532 12.730291609131523 -3.312736989328409 206 138 137
-26.948213856882482 13.796428402610672 -2.168055186418526 209 149 148
-27.53126691438196 12.889532932636156 -2.217639866020162 209 149 148
-27.53126691438196 12.889532932636156 -2.217639866020162 209 149 148
-26.948213856882482 13.796428402610672 -2.168055186418526 209 149 148
-27.110313134583627 13.90536696521786 -0.7881523097267735 214 164 162
-27.53126691438196 12.889532932636156 -2.217639866020162 209 149 148
-27.110313134583627 13.90536696521786 -0.7881523097267735 214 164 162
-27.69767282620899 12.991772155849011 -0.8377369893284096 214 163 162
-27.69767282620899 12.991772155849011 -0.8377369893284096 214 163 162
-27.110313134583627 13.90536696521786 -0.7881523097267735 214 164 162
-27.16616873906243 13.94290463566137 0.7414818124292161 219 180 177
-27.69767282620899 12.991772155849011 -0.8377369893284096 214 163 162
-27.16616873906243 13.94290463566137 0.7414818124292161 219 180 177
-27.75501239567383 13.027001391259459 0.69189713282758 219 179 177
-27.16616873906243 13.94290463566137 0.7414818124292173 219 180 177
-26.539268421166085 14.836203292384287 0.7900164608277784 219 180 178
-26.484970814079418 14.796445335712948 2.319650582983768 224 196 193
-27.16616873906243 13.94290463566137 0.7414818124292173 219 180 177
-26.484970814079418 14.796445335712948 2.319650582983768 224 196 193
-27.110313134583627 13.90536696521786 2.271115934585207 224 196 193
-27.110313134583627 13.90536696521786 2.271115934585207 224 196 193
-26.484970814079418 14.796445335712948 2.319650582983768 224 196 193
-26.327393020914737 14.681063251507895 3.6995534596755206 229 211 207
-27.110313134583627 13.90536696521786 2.271115934585207 224 196 193
-26.327393020914737 14.681063251507895 3.6995534596755206 229 211 207
-26.948213856882482 13.796428402610672 3.651018811276959 229 210 207
-26.948213856882482 13.796428402610672 3.651018811276959 229 210 207
-26.327393020914737 14.681063251507895 3.6995534596755206 229 211 207
-26.08195985397604 14.501351442085369 4.794650582983769 233 222 218
-26.948213856882482 13.796428402610672 3.651018811276959 229 210 207
-26.08195985397604 14.501351442085369 4.794650582983769 233 222 218
-26.69573831267246 13.626752613367398 4.746115934585208 232 222 217
-26.69573831267246 13.626752613367398 4.746115934585208 232 222 217
-26.08195985397604 14.501351442085369 4.794650582983769 233 222 218
-25.77269602167672 14.274901351477453 5.497746216488788 235 229 225
-26.69573831267246 13.626752613367398 4.746115934585208 232 222 217
-25.77269602167672 14.274901351477453 5.497746216488788 235 229 225
-26.377600567321394 13.4129486459399 5.449211568090227 235 229 224
-26.377600567321394 13.4129486459399 5.449211568090227 235 229 224
-25.77269602167672 14.274901351477453 5.497746216488788 235 229 225
-25.429874422690048 14.023879492323402 5.740016460827778 236 232 227
-26.377600567321394 13.4129486459399 5.449211568090227 235 229 224
-25.429874422690048 14.023879492323402 5.740016460827778 236 232 227
-26.024942159940256 13.175945122319824 5.691481812429218 236 231 227
-26.024942159940256 13.175945122319824 5.691481812429218 236 231 227
-25.429874422690048 14.023879492323402 5.740016460827778 236 232 227
-25.08705282370338 13.772857633169352 5.497746216488789 235 229 225
-26.024942159940256 13.175945122319824 5.691481812429218 236 231 227
-25.08705282370338 13.772857633169352 5.497746216488789 235 229 225
-25.672283752559117 12.938941598699747 5.449211568090228 235 229 224
-25.672283752559117 12.938941598699747 5.449211568090228 235 229 224
-25.08705282370338 13.772857633169352 5.497746216488789 235 229 225
-24.77778899140406 13.546407542561436 4.794650582983769 233 222 218
-25.672283752559117 12.938941598699747 5.449211568090228 235 229 224
-24.77778899140406 13.546407542561436 4.794650582983769 233 222 218
-25.35414600720805 12.72513763127225 4.746115934585208 232 222 217
-25.35414600720805 12.72513763127225 4.746115934585208 232 222 217
-24.77778899140406 13.546407542561436 4.794650582983769 233 222 218
-24.532355824465363 13.36669573313891 3.6995534596755215 229 211 207
-25.35414600720805 12.72513763127225 4.746115934585208 232 222 217
-24.532355824465363 13.36669573313891 3.6995534596755215 229 211 207
-25.10167046299803 12.555461842028974 3.65101881127696 229 210 207
-25.10167046299803 12.555461842028974 3.65101881127696 229 210 207
-24.532355824465363 13.36669573313891 3.6995534596755215 229 211 207
-24.374778031300682 13.251313648933857 2.3196505829837686 224 196 193
-25.10167046299803 12.555461842028974 3.65101881127696 229 210 207
-24.374778031300682 13.251313648933857 2.3196505829837686 224 196 193
-24.939571185296884 12.446523279421788 2.2711159345852074 224 196 193
-24.939571185296884 12.446523279421788 2.2711159345852074 224 196 193
-24.374778031300682 13.251313648933857 2.3196505829837686 224 196 193
-24.320480424214015 13.211555692262518 0.790016460827779 219 180 178
-24.939571185296884 12.446523279421788 2.2711159345852074 224 196 193
-24.320480424214015 13.211555692262518 0.790016460827779 219 180 178
-24.88371558081808 12.408985608978279 0.7414818124292178 219 180 177
-24.88371558081808 12.408985608978279 0.7414818124292178 219 180 177
-24.320480424214015 13.211555692262518 0.790016460827779 219 180 178
-24.374778031300682 13.251313648933857 -0.7396176613282086 214 164 163
-24.88371558081808 12.408985608978279 0.7414818124292178 219 180 177
-24.374778031300682 13.251313648933857 -0.7396176613282086 214 164 163
-24.939571185296884 12.446523279421788 -0.7881523097267698 214 164 162
-24.939571185296884 12.446523279421788 -0.7881523097267698 214 164 162
-24.374778031300682 13.251313648933857 -0.7396176613282086 214 164 163
-24.532355824465363 13.36669573313891 -2.1195205380199633 210 150 149
-24.939571185296884 12.446523279421788 -0.7881523097267698 214 164 162
-24.532355824465363 13.36669573313891 -2.1195205380199633 210 150 149
-25.10167046299803 12.555461842028974 -2.168055186418524 209 149 148
-25.10167046299803 12.555461842028974 -2.168055186418524 209 149 148
-24.532355824465363 13.36669573313891 -2.1195205380199633 210 150 149
-24.77778899140406 13.546407542561434 -3.2146176613282114 206 139 138
-25.10167046299803 12.555461842028974 -2.168055186418524 209 149 148
-24.77778899140406 13.546407542561434 -3.2146176613282114 206 139 138
-25.35414600720805 12.72513763127225 -3.263152309726772 206 138 137
-25.35414600720805 12.72513763127225 -3.263152309726772 206 138 137
-24.77778899140406 13.546407542561434 -3.2146176613282114 206 139 138
-25.08705282370338 13.772857633169352 -3.9177132948332316 204 131 131
-25.35414600720805 12.72513763127225 -3.263152309726772 206 138 137
-25.08705282370338 13.772857633169352 -3.9177132948332316 204 131 131
-25.672283752559117 12.938941598699747 -3.9662479432317923 203 131 130
-25.672283752559117 12.938941598699747 -3.9662479432317923 203 131 130
-25.08705282370338 13.772857633169352 -3.9177132948332316 204 131 131
-25.429874422690048 14.023879492323402 -4.159983539172222 203 129 128
-25.672283752559117 12.938941598699747 -3.9662479432317923 203 131 130
-25.429874422690048 14.023879492323402 -4.159983539172222 203 129 128
-26.024942159940256 13.175945122319824 -4.208518187570783 203 128 128
-26.024942159940256 13.175945122319824 -4.208518187570783 203 128 128
-25.429874422690048 14.023879492323402 -4.159983539172222 203 129 128
-25.77269602167672 14.274901351477453 -3.9177132948332325 204 131 131
-26.024942159940256 13.175945122319824 -4.208518187570783 203 128 128
-25.77269602167672 14.274901351477453 -3.9177132948332325 204 131 131
-26.377600567321394 13.4129486459399 -3.966247943231793 203 131 130
-26.377600567321394 13.4129486459399 -3.966247943231793 203 131 130
-25.77269602167672 14.274901351477453 -3.9177132948332325 204 131 131
-26.08195985397604 14.501351442085369 -3.2146176613282123 206 139 138
-26.377600567321394 13.4129486459399 -3.966247943231793 203 131 130
-26.08195985397604 14.501351442085369 -3.2146176613282123 206 139 138
-26.69573831267246 13.626752613367398 -3.263152309726773 206 138 137
-26.69573831267246 13.626752613367398 -3.263152309726773 206 138 137
-26.08195985397604 14.501351442085369 -3.2146176613282123 206 139 138
-26.327393020914737 14.681063251507895 -2.119520538019965 210 150 149
-26.69573831267246 13.626752613367398 -3.263152309726773 206 138 137
-26.327393020914737 14.681063251507895 -2.119520538019965 210 150 149
-26.948213856882482 13.796428402610672 -2.168055186418526 209 149 148
-26.948213856882482 13.796428402610672 -2.168055186418526 209 149 148
-26.327393020914737 14.681063251507895 -2.119520538019965 210 150 149
-26.484970814079418 14.796445335712948 -0.7396176613282124 214 164 163
-26.948213856882482 13.796428402610672 -2.168055186418526 209 149 148
-26.484970814079418 14.796445335712948 -0.7396176613282124 214 164 163
-27.110313134583627 13.90536696521786 -0.7881523097267735 214 164 162
-27.110313134583627 13.90536696521786 -0.7881523097267735 214 164 162
-26.484970814079418 14.796445335712948 -0.7396176613282124 214 164 163
-26.539268421166085 14.836203292384287 0.7900164608277772 219 180 178
-27.110313134583627 13.90536696521786 -0.7881523097267735 214 164 162
-26.539268421166085 14.836203292384287 0.7900164608277772 219 180 178
-27.16616873906243 13.94290463566137 0.7414818124292161 219 180 177
-26.539268421166085 14.836203292384287 0.7900164608277784 219 180 178
-25.875512009346156 15.70573972852426 0.8374323468765332 219 181 178
-25.822840398383136 15.663851464623995 2.367066469032523 225 197 194
-26.539268421166085 14.836203292384287 0.7900164608277784 219 180 178
-25.822840398383136 15.663851464623995 2.367066469032523 225 197 194
-26.484970814079418 14.796445335712948 2.319650582983768 224 196 193
-26.484970814079418 14.796445335712948 2.319650582983768 224 196 193
-25.822840398383136 15.663851464623995 2.367066469032523 225 197 194
-25.66998142975983 15.542286988046452 3.746969345724275 229 211 207
-26.484970814079418 14.796445335712948 2.319650582983768 224 196 193
-25.66998142975983 15.542286988046452 3.746969345724275 229 211 207
-26.327393020914737 14.681063251507895 3.6995534596755206 229 211 207
-26.327393020914737 14.681063251507895 3.6995534596755206 229 211 207
-25.66998142975983 15.542286988046452 3.746969345724275 229 211 207
-25.431898004356146 15.352945876748553 4.842066469032524 233 223 218
-26.327393020914737 14.681063251507895 3.6995534596755206 229 211 207
-25.431898004356146 15.352945876748553 4.842066469032524 233 223 218
-26.08195985397604 14.501351442085369 4.794650582983769 233 222 218
-26.08195985397604 14.501351442085369 4.794650582983769 233 222 218
-25.431898004356146 15.352945876748553 4.842066469032524 233 223 218
-25.131895386675364 15.11436215792123 5.545162102537543 235 230 225
-26.08195985397604 14.501351442085369 4.794650582983769 233 222 218
-25.131895386675364 15.11436215792123 5.545162102537543 235 230 225
-25.77269602167672 14.274901351477453 5.497746216488788 235 229 225
-25.77269602167672 14.274901351477453 5.497746216488788 235 229 225
-25.131895386675364 15.11436215792123 5.545162102537543 235 230 225
-24.79933992317722 14.849890068273819 5.787432346876534 236 232 228
-25.77269602167672 14.274901351477453 5.497746216488788 235 229 225
-24.79933992317722 14.849890068273819 5.787432346876534 236 232 228
-25.429874422690048 14.023879492323402 5.740016460827778 236 232 227
-25.429874422690048 14.023879492323402 5.740016460827778 236 232 227
-24.79933992317722 14.849890068273819 5.787432346876534 236 232 228
-24.46678445967908 14.585417978626406 5.545162102537544 235 230 225
-25.429874422690048 14.023879492323402 5.740016460827778 236 232 227
-24.46678445967908 14.585417978626406 5.545162102537544 235 230 225
-25.08705282370338 13.772857633169352 5.497746216488789 235 229 225
-25.08705282370338 13.772857633169352 5.497746216488789 235 229 225
-24.46678445967908 14.585417978626406 5.545162102537544 235 230 225
-24.166781841998297 14.346834259799083 4.842066469032524 233 223 218
-25.08705282370338 13.772857633169352 5.497746216488789 235 229 225
-24.166781841998297 14.346834259799083 4.842066469032524 233 223 218
-24.77778899140406 13.546407542561436 4.794650582983769 233 222 218
-24.77778899140406 13.546407542561436 4.794650582983769 233 222 218
-24.166781841998297 14.346834259799083 4.842066469032524 233 223 218
-23.928698416594614 14.157493148501183 3.746969345724276 229 211 207
-24.77778899140406 13.546407542561436 4.794650582983769 233 222 218
-23.928698416594614 14.157493148501183 3.746969345724276 229 211 207
-24.532355824465363 13.36669573313891 3.6995534596755215 229 211 207
-24.532355824465363 13.36669573313891 3.6995534596755215 229 211 207
-23.928698416594614 14.157493148501183 3.746969345724276 229 211 207
-23.775839447971304 14.03592867192364 2.3670664690325234 225 197 194
-24.532355824465363 13.36669573313891 3.6995534596755215 229 211 207
-23.775839447971304 14.03592867192364 2.3670664690325234 225 197 194
-24.374778031300682 13.251313648933857 2.3196505829837686 224 196 193
-24.374778031300682 13.251313648933857 2.3196505829837686 224 196 193
-23.775839447971304 14.03592867192364 2.3670664690325234 225 197 194
-23.723167837008287 13.994040408023373 0.8374323468765338 219 181 178
-24.374778031300682 13.251313648933857 2.3196505829837686 224 196 193
-23.723167837008287 13.994040408023373 0.8374323468765338 219 181 178
-24.320480424214015 13.211555692262518 0.790016460827779 219 180 178
-24.320480424214015 13.211555692262518 0.790016460827779 219 180 178
-23.723167837008287 13.994040408023373 0.8374323468765338 219 181 178
-23.775839447971304 14.03592867192364 -0.6922017752794538 214 165 163
-24.320480424214015 13.211555692262518 0.790016460827779 219 180 178
-23.775839447971304 14.03592867192364 -0.6922017752794538 214 165 163
-24.374778031300682 13.251313648933857 -0.7396176613282086 214 164 163
-24.374778031300682 13.251313648933857 -0.7396176613282086 214 164 163
-23.775839447971304 14.03592867192364 -0.6922017752794538 214 165 163
-23.928698416594614 14.157493148501183 -2.072104651971208 210 150 149
-24.374778031300682 13.251313648933857 -0.7396176613282086 214 164 163
-23.928698416594614 14.157493148501183 -2.072104651971208 210 150 149
-24.532355824465363 13.36669573313891 -2.1195205380199633 210 150 149
-24.532355824465363 13.36669573313891 -2.1195205380199633 210 150 149
-23.928698416594614 14.157493148501183 -2.072104651971208 210 150 149
-24.166781841998297 14.346834259799083 -3.167201775279456 206 139 138
-24.532355824465363 13.36669573313891 -2.1195205380199633 210 150 149
-24.166781841998297 14.346834259799083 -3.167201775279456 206 139 138
-24.77778899140406 13.546407542561434 -3.2146176613282114 206 139 138
-24.77778899140406 13.546407542561434 -3.2146176613282114 206 139 138
-24.166781841998297 14.346834259799083 -3.167201775279456 206 139 138
-24.46678445967908 14.585417978626406 -3.8702974087844764 204 132 131
-24.77778899140406 13.546407542561434 -3.2146176613282114 206 139 138
-24.46678445967908 14.585417978626406 -3.8702974087844764 204 132 131
-25.08705282370338 13.772857633169352 -3.9177132948332316 204 131 131
-25.08705282370338 13.772857633169352 -3.9177132948332316 204 131 131
-24.46678445967908 14.585417978626406 -3.8702974087844764 204 132 131
-24.79933992317722 14.849890068273819 -4.112567653123467 203 129 129
-25.08705282370338 13.772857633169352 -3.9177132948332316 204 131 131
-24.79933992317722 14.849890068273819 -4.112567653123467 203 129 129
-25.429874422690048 14.023879492323402 -4.159983539172222 203 129 128
-25.429874422690048 14.023879492323402 -4.159983539172222 203 129 128
-24.79933992317722 14.849890068273819 -4.112567653123467 203 129 129
-25.131895386675364 15.11436215792123 -3.8702974087844773 204 132 131
-25.429874422690048 14.023879492323402 -4.159983539172222 203 129 128
-25.131895386675364 15.11436215792123 -3.8702974087844773 204 132 131
-25.77269602167672 14.274901351477453 -3.9177132948332325 204 131 131
-25.77269602167672 14.274901351477453 -3.9177132948332325 204 131 131
-25.131895386675364 15.11436215792123 -3.8702974087844773 204 132 131
-25.431898004356146 15.352945876748553 -3.167201775279457 206 139 138
-25.77269602167672 14.274901351477453 -3.9177132948332325 204 131 131
-25.431898004356146 15.352945876748553 -3.167201775279457 206 139 138
-26.08195985397604 14.501351442085369 -3.2146176613282123 206 139 138
-26.08195985397604 14.501351442085369 -3.2146176613282123 206 139 138
-25.431898004356146 15.352945876748553 -3.167201775279457 206 139 138
-25.66998142975983 15.542286988046452 -2.07210465197121 210 150 149
-26.08195985397604 14.501351442085369 -3.2146176613282123 206 139 138
-25.66998142975983 15.542286988046452 -2.07210465197121 210 150 149
-26.327393020914737 14.681063251507895 -2.119520538019965 210 150 149
-26.327393020914737 14.681063251507895 -2.119520538019965 210 150 149
-25.66998142975983 15.542286988046452 -2.07210465197121 210 150 149
-25.822840398383136 15.663851464623995 -0.6922017752794576 214 165 163
-26.327393020914737 14.681063251507895 -2.119520538019965 210 150 149
-25.822840398383136 15.663851464623995 -0.6922017752794576 214 165 163
-26.484970814079418 14.796445335712948 -0.7396176613282124 214 164 163
-26.484970814079418 14.796445335712948 -0.7396176613282124 214 164 163
-25.822840398383136 15.663851464623995 -0.6922017752794576 214 165 163
-25.875512009346156 15.70573972852426 0.837432346876532 219 181 178
-26.484970814079418 14.796445335712948 -0.7396176613282124 214 164 163
-25.875512009346156 15.70573972852426 0.837432346876532 219 181 178
-26.539268421166085 14.836203292384287 0.7900164608277772 219 180 178
-25.875512009346156 15.70573972852426 0.8374323468765332 219 181 178
-25.17613058190481 16.55042562084927 0.8836623237364926 220 181 179
-25.12514710112466 16.506498295167436 2.4132964458924824 225 197 194
-25.875512009346156 15.70573972852426 0.8374323468765332 219 181 178
-25.12514710112466 16.506498295167436 2.4132964458924824 225 197 194
-25.822840398383136 15.663851464623995 2.367066469032523 225 197 194
-25.822840398383136 15.663851464623995 2.367066469032523 225 197 194
-25.12514710112466 16.506498295167436 2.4132964458924824 225 197 194
-24.977187277105774 16.37901623081934 3.7931993225842344 229 212 208
-25.822840398383136 15.663851464623995 2.367066469032523 225 197 194
-24.977187277105774 16.37901623081934 3.7931993225842344 229 212 208
-25.66998142975983 15.542286988046452 3.746969345724275 229 211 207
-25.66998142975983 15.542286988046452 3.746969345724275 229 211 207
-24.977187277105774 16.37901623081934 3.7931993225842344 229 212 208
-24.746734448319824 16.180458260483142 4.888296445892483 233 223 219
-25.66998142975983 15.542286988046452 3.746969345724275 229 211 207
-24.746734448319824 16.180458260483142 4.888296445892483 233 223 219
-25.431898004356146 15.352945876748553 4.842066469032524 233 223 218
-25.431898004356146 15.352945876748553 4.842066469032524 233 223 218
-24.746734448319824 16.180458260483142 4.888296445892483 233 223 219
-24.456346943307658 15.930260621730081 5.591392079397503 235 230 226
-25.431898004356146 15.352945876748553 4.842066469032524 233 223 218
-24.456346943307658 15.930260621730081 5.591392079397503 235 230 226
-25.131895386675364 15.11436215792123 5.545162102537543 235 230 225
-25.131895386675364 15.11436215792123 5.545162102537543 235 230 225
-24.456346943307658 15.930260621730081 5.591392079397503 235 230 226
-24.134449914308583 15.65291440267076 5.833662323736493 236 233 228
-25.131895386675364 15.11436215792123 5.545162102537543 235 230 225
-24.134449914308583 15.65291440267076 5.833662323736493 236 233 228
-24.79933992317722 14.849890068273819 5.787432346876534 236 232 228
-24.79933992317722 14.849890068273819 5.787432346876534 236 232 228
-24.134449914308583 15.65291440267076 5.833662323736493 236 233 228
-23.812552885309508 15.375568183611438 5.591392079397504 235 230 226
-24.79933992317722 14.849890068273819 5.787432346876534 236 232 228
-23.812552885309508 15.375568183611438 5.591392079397504 235 230 226
-24.46678445967908 14.585417978626406 5.545162102537544 235 230 225
-24.46678445967908 14.585417978626406 5.545162102537544 235 230 225
-23.812552885309508 15.375568183611438 5.591392079397504 235 230 226
-23.522165380297345 15.125370544858379 4.888296445892483 233 223 219
-24.46678445967908 14.585417978626406 5.545162102537544 235 230 225
-23.522165380297345 15.125370544858379 4.888296445892483 233 223 219
-24.166781841998297 14.346834259799083 4.842066469032524 233 223 218
-24.166781841998297 14.346834259799083 4.842066469032524 233 223 218
-23.522165380297345 15.125370544858379 4.888296445892483 233 223 219
-23.291712551511395 14.926812574522183 3.7931993225842353 229 212 208
-24.166781841998297 14.346834259799083 4.842066469032524 233 223 218
-23.291712551511395 14.926812574522183 3.7931993225842353 229 212 208
-23.928698416594614 14.157493148501183 3.746969345724276 229 211 207
-23.928698416594614 14.157493148501183 3.746969345724276 229 211 207
-23.291712551511395 14.926812574522183 3.7931993225842353 229 212 208
-23.143752727492505 14.799330510174086 2.413296445892483 225 197 194
-23.928698416594614 14.157493148501183 3.746969345724276 229 211 207
-23.143752727492505 14.799330510174086 2.413296445892483 225 197 194
-23.775839447971304 14.03592867192364 2.3670664690325234 225 197 194
-23.775839447971304 14.03592867192364 2.3670664690325234 225 197 194
-23.143752727492505 14.799330510174086 2.413296445892483 225 197 194
-23.092769246712358 14.755403184492248 0.8836623237364931 220 181 179
-23.775839447971304 14.03592867192364 2.3670664690325234 225 197 194
-23.092769246712358 14.755403184492248 0.8836623237364931 220 181 179
-23.723167837008287 13.994040408023373 0.8374323468765338 219 181 178
-23.723167837008287 13.994040408023373 0.8374323468765338 219 181 178
-23.092769246712358 14.755403184492248 0.8836623237364931 220 181 179
-23.143752727492505 14.799330510174086 -0.6459717984194945 215 165 164
-23.723167837008287 13.994040408023373 0.8374323468765338 219 181 178
-23.143752727492505 14.799330510174086 -0.6459717984194945 215 165 164
-23.775839447971304 14.03592867192364 -0.6922017752794538 214 165 163
-23.775839447971304 14.03592867192364 -0.6922017752794538 214 165 163
-23.143752727492505 14.799330510174086 -0.6459717984194945 215 165 164
-23.291712551511395 14.926812574522183 -2.025874675111249 210 151 150
-23.775839447971304 14.03592867192364 -0.6922017752794538 214 165 163
-23.291712551511395 14.926812574522183 -2.025874675111249 210 151 150
-23.928698416594614 14.157493148501183 -2.072104651971208 210 150 149
-23.928698416594614 14.157493148501183 -2.072104651971208 210 150 149
-23.291712551511395 14.926812574522183 -2.025874675111249 210 151 150
-23.522165380297345 15.125370544858379 -3.120971798419497 206 140 139
-23.928698416594614 14.157493148501183 -2.072104651971208 210 150 149
-23.522165380297345 15.125370544858379 -3.120971798419497 206 140 139
-24.166781841998297 14.346834259799083 -3.167201775279456 206 139 138
-24.166781841998297 14.346834259799083 -3.167201775279456 206 139 138
-23.522165380297345 15.125370544858379 -3.120971798419497 206 140 139
-23.812552885309508 15.375568183611438 -3.8240674319245174 204 132 132
-24.166781841998297 14.346834259799083 -3.167201775279456 206 139 138
-23.812552885309508 15.375568183611438 -3.8240674319245174 204 132 132
-24.46678445967908 14.585417978626406 -3.8702974087844764 204 132 131
-24.46678445967908 14.585417978626406 -3.8702974087844764 204 132 131
-23.812552885309508 15.375568183611438 -3.8240674319245174 204 132 132
-24.134449914308583 15.65291440267076 -4.066337676263507 203 130 129
-24.46678445967908 14.585417978626406 -3.8702974087844764 204 132 131
-24.134449914308583 15.65291440267076 -4.066337676263507 203 130 129
-24.79933992317722 14.849890068273819 -4.112567653123467 203 129 129
-24.79933992317722 14.849890068273819 -4.112567653123467 203 129 129
-24.134449914308583 15.65291440267076 -4.066337676263507 203 130 129
-24.456346943307658 15.930260621730081 -3.8240674319245183 204 132 132
-24.79933992317722 14.849890068273819 -4.112567653123467 203 129 129
-24.456346943307658 15.930260621730081 -3.8240674319245183 204 132 132
-25.131895386675364 15.11436215792123 -3.8702974087844773 204 132 131
-25.131895386675364 15.11436215792123 -3.8702974087844773 204 132 131
-24.456346943307658 15.930260621730081 -3.8240674319245183 204 132 132
-24.746734448319824 16.180458260483142 -3.120971798419498 206 140 139
-25.131895386675364 15.11436215792123 -3.8702974087844773 204 132 131
-24.746734448319824 16.180458260483142 -3.120971798419498 206 140 139
-25.431898004356146 15.352945876748553 -3.167201775279457 206 139 138
-25.431898004356146 15.352945876748553 -3.167201775279457 206 139 138
-24.746734448319824 16.180458260483142 -3.120971798419498 206 140 139
-24.977187277105774 16.37901623081934 -2.025874675111251 210 151 150
-25.431898004356146 15.352945876748553 -3.167201775279457 206 139 138
-24.977187277105774 16.37901623081934 -2.025874675111251 210 151 150
-25.66998142975983 15.542286988046452 -2.07210465197121 210 150 149
-25.66998142975983 15.542286988046452 -2.07210465197121 210 150 149
-24.977187277105774 16.37901623081934 -2.025874675111251 210 151 150
-25.12514710112466 16.506498295167436 -0.6459717984194983 215 165 164
-25.66998142975983 15.542286988046452 -2.07210465197121 210 150 149
-25.12514710112466 16.506498295167436 -0.6459717984194983 215 165 164
-25.822840398383136 15.663851464623995 -0.6922017752794576 214 165 163
-25.822840398383136 15.663851464623995 -0.6922017752794576 214 165 163
-25.12514710112466 16.506498295167436 -0.6459717984194983 215 165 164
-25.17613058190481 16.55042562084927 0.8836623237364913 220 181 179
-25.822840398383136 15.663851464623995 -0.6922017752794576 214 165 163
-25.17613058190481 16.55042562084927 0.8836623237364913 220 181 179
-25.875512009346156 15.70573972852426 0.837432346876532 219 181 178
-25.17613058190481 16.55042562084927 0.8836623237364926 220 181 179
-24.442380715563267 17.369239211388855 0.9286409239647511 220 182 179
-24.393141851661376 17.32336482272079 2.4582750461207405 225 198 195
-25.17613058190481 16.55042562084927 0.8836623237364926 220 181 179
-24.393141851661376 17.32336482272079 2.4582750461207405 225 198 195
-25.12514710112466 16.506498295167436 2.4132964458924824 225 197 194
-25.12514710112466 16.506498295167436 2.4132964458924824 225 197 194
-24.393141851661376 17.32336482272079 2.4582750461207405 225 198 195
-24.250245103021747 17.190232161505083 3.838177922812493 229 212 208
-25.12514710112466 16.506498295167436 2.4132964458924824 225 197 194
-24.250245103021747 17.190232161505083 3.838177922812493 229 212 208
-24.977187277105774 16.37901623081934 3.7931993225842344 229 212 208
-24.977187277105774 16.37901623081934 3.7931993225842344 229 212 208
-24.250245103021747 17.190232161505083 3.838177922812493 229 212 208
-24.027678199021423 16.98287318021132 4.933275046120741 233 223 219
-24.977187277105774 16.37901623081934 3.7931993225842344 229 212 208
-24.027678199021423 16.98287318021132 4.933275046120741 233 223 219
-24.746734448319824 16.180458260483142 4.888296445892483 233 223 219
-24.746734448319824 16.180458260483142 4.888296445892483 233 223 219
-24.027678199021423 16.98287318021132 4.933275046120741 233 223 219
-23.74722753893876 16.72158562068352 5.636370679625761 235 231 226
-24.746734448319824 16.180458260483142 4.888296445892483 233 223 219
-23.74722753893876 16.72158562068352 5.636370679625761 235 231 226
-24.456346943307658 15.930260621730081 5.591392079397503 235 230 226
-24.456346943307658 15.930260621730081 5.591392079397503 235 230 226
-23.74722753893876 16.72158562068352 5.636370679625761 235 231 226
-23.436345587397295 16.43194612974573 5.878640923964751 236 233 229
-24.456346943307658 15.930260621730081 5.591392079397503 235 230 226
-23.436345587397295 16.43194612974573 5.878640923964751 236 233 229
-24.134449914308583 15.65291440267076 5.833662323736493 236 233 228
-24.134449914308583 15.65291440267076 5.833662323736493 236 233 228
-23.436345587397295 16.43194612974573 5.878640923964751 236 233 229
-23.12546363585583 16.142306638807938 5.636370679625761 235 231 226
-24.134449914308583 15.65291440267076 5.833662323736493 236 233 228
-23.12546363585583 16.142306638807938 5.636370679625761 235 231 226
-23.812552885309508 15.375568183611438 5.591392079397504 235 230 226
-23.812552885309508 15.375568183611438 5.591392079397504 235 230 226
-23.12546363585583 16.142306638807938 5.636370679625761 235 231 226
-22.845012975773166 15.881019079280133 4.933275046120741 233 223 219
-23.812552885309508 15.375568183611438 5.591392079397504 235 230 226
-22.845012975773166 15.881019079280133 4.933275046120741 233 223 219
-23.522165380297345 15.125370544858379 4.888296445892483 233 223 219
-23.522165380297345 15.125370544858379 4.888296445892483 233 223 219
-22.845012975773166 15.881019079280133 4.933275046120741 233 223 219
-22.622446071772842 15.673660097986374 3.838177922812494 229 212 208
-23.522165380297345 15.125370544858379 4.888296445892483 233 223 219
-22.622446071772842 15.673660097986374 3.838177922812494 229 212 208
-23.291712551511395 14.926812574522183 3.7931993225842353 229 212 208
-23.291712551511395 14.926812574522183 3.7931993225842353 229 212 208
-22.622446071772842 15.673660097986374 3.838177922812494 229 212 208
-22.479549323133213 15.540527436770667 2.4582750461207414 225 198 195
-23.291712551511395 14.926812574522183 3.7931993225842353 229 212 208
-22.479549323133213 15.540527436770667 2.4582750461207414 225 198 195
-23.143752727492505 14.799330510174086 2.413296445892483 225 197 194
-23.143752727492505 14.799330510174086 2.413296445892483 225 197 194
-22.479549323133213 15.540527436770667 2.4582750461207414 225 198 195
-22.43031045923132 15.494653048102602 0.9286409239647516 220 182 179
-23.143752727492505 14.799330510174086 2.413296445892483 225 197 194
-22.43031045923132 15.494653048102602 0.9286409239647516 220 182 179
-23.092769246712358 14.755403184492248 0.8836623237364931 220 181 179
-23.092769246712358 14.755403184492248 0.8836623237364931 220 181 179
-22.43031045923132 15.494653048102602 0.9286409239647516 220 182 179
-22.479549323133213 15.540527436770667 -0.600993198191236 215 166 164
-23.092769246712358 14.755403184492248 0.8836623237364931 220 181 179
-22.479549323133213 15.540527436770667 -0.600993198191236 215 166 164
-23.143752727492505 14.799330510174086 -0.6459717984194945 215 165 164
-23.143752727492505 14.799330510174086 -0.6459717984194945 215 165 164
-22.479549323133213 15.540527436770667 -0.600993198191236 215 166 164
-22.622446071772842 15.673660097986374 -1.9808960748829905 210 151 150
-23.143752727492505 14.799330510174086 -0.6459717984194945 215 165 164
-22.622446071772842 15.673660097986374 -1.9808960748829905 210 151 150
-23.291712551511395 14.926812574522183 -2.025874675111249 210 151 150
-23.291712551511395 14.926812574522183 -2.025874675111249 210 151 150
-22.622446071772842 15.673660097986374 -1.9808960748829905 210 151 150
-22.845012975773166 15.881019079280133 -3.0759931981912385 206 140 139
-23.291712551511395 14.926812574522183 -2.025874675111249 210 151 150
-22.845012975773166 15.881019079280133 -3.0759931981912385 206 140 139
-23.522165380297345 15.125370544858379 -3.120971798419497 206 140 139
-23.522165380297345 15.125370544858379 -3.120971798419497 206 140 139
-22.845012975773166 15.881019079280133 -3.0759931981912385 206 140 139
-23.12546363585583 16.142306638807938 -3.7790888316962588 204 133 132
-23.522165380297345 15.125370544858379 -3.120971798419497 206 140 139
-23.12546363585583 16.142306638807938 -3.7790888316962588 204 133 132
-23.812552885309508 15.375568183611438 -3.8240674319245174 204 132 132
-23.812552885309508 15.375568183611438 -3.8240674319245174 204 132 132
-23.12546363585583 16.142306638807938 -3.7790888316962588 204 133 132
-23.436345587397295 16.43194612974573 -4.02135907603525 203 130 130
-23.812552885309508 15.375568183611438 -3.8240674319245174 204 132 132
-23.436345587397295 16.43194612974573 -4.02135907603525 203 130 130
-24.134449914308583 15.65291440267076 -4.066337676263507 203 130 129
-24.134449914308583 15.65291440267076 -4.066337676263507 203 130 129
-23.436345587397295 16.43194612974573 -4.02135907603525 203 130 130
-23.74722753893876 16.72158562068352 -3.7790888316962596 204 133 132
-24.134449914308583 15.65291440267076 -4.066337676263507 203 130 129
-23.74722753893876 16.72158562068352 -3.7790888316962596 204 133 132
-24.456346943307658 15.930260621730081 -3.8240674319245183 204 132 132
-24.456346943307658 15.930260621730081 -3.8240674319245183 204 132 132
-23.74722753893876 16.72158562068352 -3.7790888316962596 204 133 132
-24.027678199021423 16.98287318021132 -3.0759931981912394 206 140 139
-24.456346943307658 15.930260621730081 -3.8240674319245183 204 132 132
-24.027678199021423 16.98287318021132 -3.0759931981912394 206 140 139
-24.746734448319824 16.180458260483142 -3.120971798419498 206 140 139
-24.746734448319824 16.180458260483142 -3.120971798419498 206 140 139
-24.027678199021423 16.98287318021132 -3.0759931981912394 206 140 139
-24.250245103021747 17.190232161505083 -1.9808960748829922 210 151 150
-24.746734448319824 16.180458260483142 -3.120971798419498 206 140 139
-24.250245103021747 17.190232161505083 -1.9808960748829922 210 151 150
-24.977187277105774 16.37901623081934 -2.025874675111251 210 151 150
-24.977187277105774 16.37901623081934 -2.025874675111251 210 151 150
-24.250245103021747 17.190232161505083 -1.9808960748829922 210 151 150
-24.393141851661376 17.32336482272079 -0.6009931981912398 215 166 164
-24.977187277105774 16.37901623081934 -2.025874675111251 210 151 150
-24.393141851661376 17.32336482272079 -0.6009931981912398 215 166 164
-25.12514710112466 16.506498295167436 -0.6459717984194983 215 165 164
-25.12514710112466 16.506498295167436 -0.6459717984194983 215 165 164
-24.393141851661376 17.32336482272079 -0.6009931981912398 215 166 164
-24.442380715563267 17.369239211388855 0.9286409239647498 220 182 179
-25.12514710112466 16.506498295167436 -0.6459717984194983 215 165 164
-24.442380715563267 17.369239211388855 0.9286409239647498 220 182 179
-25.17613058190481 16.55042562084927 0.8836623237364913 220 181 179
-24.442380715563267 17.369239211388855 0.9286409239647511 220 182 179
-23.675540190186545 18.16122228664906 0.9723044522245947 220 182 180
-23.62809703858334 18.113493127637266 2.5019385743805844 225 198 195
-24.442380715563267 17.369239211388855 0.9286409239647511 220 182 179
-23.62809703858334 18.113493127637266 2.5019385743805844 225 198 195
-24.393141851661376 17.32336482272079 2.4582750461207405 225 198 195
-24.393141851661376 17.32336482272079 2.4582750461207405 225 198 195
-23.62809703858334 18.113493127637266 2.5019385743805844 225 198 195
-23.490411650008514 17.974977713234566 3.8818414510723365 230 213 209
-24.393141851661376 17.32336482272079 2.4582750461207405 225 198 195
-23.490411650008514 17.974977713234566 3.8818414510723365 230 213 209
-24.250245103021747 17.190232161505083 3.838177922812493 229 212 208
-24.250245103021747 17.190232161505083 3.838177922812493 229 212 208
-23.490411650008514 17.974977713234566 3.8818414510723365 230 213 209
-23.275961629606282 17.75923489729633 4.976938574380585 233 224 220
-24.250245103021747 17.190232161505083 3.838177922812493 229 212 208
-23.275961629606282 17.75923489729633 4.976938574380585 233 224 220
-24.027678199021423 16.98287318021132 4.933275046120741 233 223 219
-24.027678199021423 16.98287318021132 4.933275046120741 233 223 219
-23.275961629606282 17.75923489729633 4.976938574380585 233 224 220
-23.00573883953477 17.48738308981519 5.680034207885605 236 231 227
-24.027678199021423 16.98287318021132 4.933275046120741 233 223 219
-23.00573883953477 17.48738308981519 5.680034207885605 236 231 227
-23.74722753893876 16.72158562068352 5.636370679625761 235 231 226
-23.74722753893876 16.72158562068352 5.636370679625761 235 231 226
-23.00573883953477 17.48738308981519 5.680034207885605 236 231 227
-22.70619456923906 17.186033039810308 5.922304452224595 236 234 229
-23.74722753893876 16.72158562068352 5.636370679625761 235 231 226
-22.70619456923906 17.186033039810308 5.922304452224595 236 234 229
-23.436345587397295 16.43194612974573 5.878640923964751 236 233 229
-23.436345587397295 16.43194612974573 5.878640923964751 236 233 229
-22.70619456923906 17.186033039810308 5.922304452224595 236 234 229
-22.40665029894335 16.88468298980543 5.680034207885606 236 231 227
-23.436345587397295 16.43194612974573 5.878640923964751 236 233 229
-22.40665029894335 16.88468298980543 5.680034207885606 236 231 227
-23.12546363585583 16.142306638807938 5.636370679625761 235 231 226
-23.12546363585583 16.142306638807938 5.636370679625761 235 231 226
-22.40665029894335 16.88468298980543 5.680034207885606 236 231 227
-22.13642750887184 16.612831182324285 4.976938574380585 233 224 220
-23.12546363585583 16.142306638807938 5.636370679625761 235 231 226
-22.13642750887184 16.612831182324285 4.976938574380585 233 224 220
-22.845012975773166 15.881019079280133 4.933275046120741 233 223 219
-22.845012975773166 15.881019079280133 4.933275046120741 233 223 219
-22.13642750887184 16.612831182324285 4.976938574380585 233 224 220
-21.921977488469608 16.397088366386054 3.8818414510723374 230 213 209
-22.845012975773166 15.881019079280133 4.933275046120741 233 223 219
-21.921977488469608 16.397088366386054 3.8818414510723374 230 213 209
-22.622446071772842 15.673660097986374 3.838177922812494 229 212 208
-22.622446071772842 15.673660097986374 3.838177922812494 229 212 208
-21.921977488469608 16.397088366386054 3.8818414510723374 230 213 209
-21.78429209989478 16.25857295198335 2.501938574380585 225 198 195
-22.622446071772842 15.673660097986374 3.838177922812494 229 212 208
-21.78429209989478 16.25857295198335 2.501938574380585 225 198 195
-22.479549323133213 15.540527436770667 2.4582750461207414 225 198 195
-22.479549323133213 15.540527436770667 2.4582750461207414 225 198 195
-21.78429209989478 16.25857295198335 2.501938574380585 225 198 195
-21.736848948291573 16.21084379297156 0.9723044522245953 220 182 180
-22.479549323133213 15.540527436770667 2.4582750461207414 225 198 195
-21.736848948291573 16.21084379297156 0.9723044522245953 220 182 180
-22.43031045923132 15.494653048102602 0.9286409239647516 220 182 179
-22.43031045923132 15.494653048102602 0.9286409239647516 220 182 179
-21.736848948291573 16.21084379297156 0.9723044522245953 220 182 180
-21.78429209989478 16.25857295198335 -0.5573296699313923 215 166 164
-22.43031045923132 15.494653048102602 0.9286409239647516 220 182 179
-21.78429209989478 16.25857295198335 -0.5573296699313923 215 166 164
-22.479549323133213 15.540527436770667 -0.600993198191236 215 166 164
-22.479549323133213 15.540527436770667 -0.600993198191236 215 166 164
-21.78429209989478 16.25857295198335 -0.5573296699313923 215 166 164
-21.921977488469608 16.397088366386054 -1.9372325466231468 210 152 151
-22.479549323133213 15.540527436770667 -0.600993198191236 215 166 164
-21.921977488469608 16.397088366386054 -1.9372325466231468 210 152 151
-22.622446071772842 15.673660097986374 -1.9808960748829905 210 151 150
-22.622446071772842 15.673660097986374 -1.9808960748829905 210 151 150
-21.921977488469608 16.397088366386054 -1.9372325466231468 210 152 151
-22.13642750887184 16.612831182324285 -3.0323296699313946 207 140 140
-22.622446071772842 15.673660097986374 -1.9808960748829905 210 151 150
-22.13642750887184 16.612831182324285 -3.0323296699313946 207 140 140
-22.845012975773166 15.881019079280133 -3.0759931981912385 206 140 139
-22.845012975773166 15.881019079280133 -3.0759931981912385 206 140 139
-22.13642750887184 16.612831182324285 -3.0323296699313946 207 140 140
-22.40665029894335 16.88468298980543 -3.735425303436415 204 133 133
-22.845012975773166 15.881019079280133 -3.0759931981912385 206 140 139
-22.40665029894335 16.88468298980543 -3.735425303436415 204 133 133
-23.12546363585583 16.142306638807938 -3.7790888316962588 204 133 132
-23.12546363585583 16.142306638807938 -3.7790888316962588 204 133 132
-22.40665029894335 16.88468298980543 -3.735425303436415 204 133 133
-22.70619456923906 17.186033039810308 -3.9776955477754052 203 131 130
-23.12546363585583 16.142306638807938 -3.7790888316962588 204 133 132
-22.70619456923906 17.186033039810308 -3.9776955477754052 203 131 130
-23.436345587397295 16.43194612974573 -4.02135907603525 203 130 130
-23.436345587397295 16.43194612974573 -4.02135907603525 203 130 130
-22.70619456923906 17.186033039810308 -3.9776955477754052 203 131 130
-23.00573883953477 17.48738308981519 -3.7354253034364158 204 133 133
-23.436345587397295 16.43194612974573 -4.02135907603525 203 130 130
-23.00573883953477 17.48738308981519 -3.7354253034364158 204 133 133
-23.74722753893876 16.72158562068352 -3.7790888316962596 204 133 132
-23.74722753893876 16.72158562068352 -3.7790888316962596 204 133 132
-23.00573883953477 17.48738308981519 -3.7354253034364158 204 133 133
-23.275961629606282 17.75923489729633 -3.0323296699313955 207 140 140
-23.74722753893876 16.72158562068352 -3.7790888316962596 204 133 132
-23.275961629606282 17.75923489729633 -3.0323296699313955 207 140 140
-24.027678199021423 16.98287318021132 -3.0759931981912394 206 140 139
-24.027678199021423 16.98287318021132 -3.0759931981912394 206 140 139
-23.275961629606282 17.75923489729633 -3.0323296699313955 207 140 140
-23.490411650008514 17.974977713234566 -1.9372325466231486 210 152 151
-24.027678199021423 16.98287318021132 -3.0759931981912394 206 140 139
-23.490411650008514 17.974977713234566 -1.9372325466231486 210 152 151
-24.250245103021747 17.190232161505083 -1.9808960748829922 210 151 150
-24.250245103021747 17.190232161505083 -1.9808960748829922 210 151 150
-23.490411650008514 17.974977713234566 -1.9372325466231486 210 152 151
-23.62809703858334 18.113493127637266 -0.5573296699313961 215 166 164
-24.250245103021747 17.190232161505083 -1.9808960748829922 210 151 150
-23.62809703858334 18.113493127637266 -0.5573296699313961 215 166 164
-24.393141851661376 17.32336482272079 -0.6009931981912398 215 166 164
-24.393141851661376 17.32336482272079 -0.6009931981912398 215 166 164
-23.62809703858334 18.113493127637266 -0.5573296699313961 215 166 164
-23.675540190186545 18.16122228664906 0.9723044522245935 220 182 180
-24.393141851661376 17.32336482272079 -0.6009931981912398 215 166 164
-23.675540190186545 18.16122228664906 0.9723044522245935 220 182 180
-24.442380715563267 17.369239211388855 0.9286409239647498 220 182 179
-23.675540190186545 18.16122228664906 0.9723044522245947 220 182 180
-22.87690437834265 18.92547701324579 1.0145910754860814 220 183 180
-22.831302928943337 18.87598526578523 2.544225197642071 225 199 195
-23.675540190186545 18.16122228664906 0.9723044522245947 220 182 180
-22.831302928943337 18.87598526578523 2.544225197642071 225 199 195
-23.62809703858334 18.113493127637266 2.5019385743805844 225 198 195
-23.62809703858334 18.113493127637266 2.5019385743805844 225 198 195
-22.831302928943337 18.87598526578523 2.544225197642071 225 199 195
-22.69896236833659 18.73235462047426 3.924128074333823 230 213 209
-23.62809703858334 18.113493127637266 2.5019385743805844 225 198 195
-22.69896236833659 18.73235462047426 3.924128074333823 230 213 209
-23.490411650008514 17.974977713234566 3.8818414510723365 230 213 209
-23.490411650008514 17.974977713234566 3.8818414510723365 230 213 209
-22.69896236833659 18.73235462047426 3.924128074333823 230 213 209
-22.4928371126655 18.508644645609476 5.019225197642072 233 224 220
-23.490411650008514 17.974977713234566 3.8818414510723365 230 213 209
-22.4928371126655 18.508644645609476 5.019225197642072 233 224 220
-23.275961629606282 17.75923489729633 4.976938574380585 233 224 220
-23.275961629606282 17.75923489729633 4.976938574380585 233 224 220
-22.4928371126655 18.508644645609476 5.019225197642072 233 224 220
-22.233104138114257 18.226753632209686 5.7223208311470914 236 232 227
-23.275961629606282 17.75923489729633 4.976938574380585 233 224 220
-22.233104138114257 18.226753632209686 5.7223208311470914 236 232 227
-23.00573883953477 17.48738308981519 5.680034207885605 236 231 227
-23.00573883953477 17.48738308981519 5.680034207885605 236 231 227
-22.233104138114257 18.226753632209686 5.7223208311470914 236 232 227
-21.945187917897982 17.914275036716642 5.964591075486082 237 234 230
-23.00573883953477 17.48738308981519 5.680034207885605 236 231 227
-21.945187917897982 17.914275036716642 5.964591075486082 237 234 230
-22.70619456923906 17.186033039810308 5.922304452224595 236 234 229
-22.70619456923906 17.186033039810308 5.922304452224595 236 234 229
-21.945187917897982 17.914275036716642 5.964591075486082 237 234 230
-21.657271697681704 17.6017964412236 5.722320831147092 236 232 227
-22.70619456923906 17.186033039810308 5.922304452224595 236 234 229
-21.657271697681704 17.6017964412236 5.722320831147092 236 232 227
-22.40665029894335 16.88468298980543 5.680034207885606 236 231 227
-22.40665029894335 16.88468298980543 5.680034207885606 236 231 227
-21.657271697681704 17.6017964412236 5.722320831147092 236 232 227
-21.39753872313046 17.31990542782381 5.019225197642072 233 224 220
-22.40665029894335 16.88468298980543 5.680034207885606 236 231 227
-21.39753872313046 17.31990542782381 5.019225197642072 233 224 220
-22.13642750887184 16.612831182324285 4.976938574380585 233 224 220
-22.13642750887184 16.612831182324285 4.976938574380585 233 224 220
-21.39753872313046 17.31990542782381 5.019225197642072 233 224 220
-21.19141346745937 17.096195452959023 3.924128074333824 230 213 209
-22.13642750887184 16.612831182324285 4.976938574380585 233 224 220
-21.19141346745937 17.096195452959023 3.924128074333824 230 213 209
-21.921977488469608 16.397088366386054 3.8818414510723374 230 213 209
-21.921977488469608 16.397088366386054 3.8818414510723374 230 213 209
-21.19141346745937 17.096195452959023 3.924128074333824 230 213 209
-21.05907290685262 16.952564807648056 2.5442251976420716 225 199 195
-21.921977488469608 16.397088366386054 3.8818414510723374 230 213 209
-21.05907290685262 16.952564807648056 2.5442251976420716 225 199 195
-21.78429209989478 16.25857295198335 2.501938574380585 225 198 195
-21.78429209989478 16.25857295198335 2.501938574380585 225 198 195
-21.05907290685262 16.952564807648056 2.5442251976420716 225 199 195
-21.01347145745331 16.90307306018749 1.014591075486082 220 183 180
-21.78429209989478 16.25857295198335 2.501938574380585 225 198 195
-21.01347145745331 16.90307306018749 1.014591075486082 220 183 180
-21.736848948291573 16.21084379297156 0.9723044522245953 220 182 180
-21.736848948291573 16.21084379297156 0.9723044522245953 220 182 180
-21.01347145745331 16.90307306018749 1.014591075486082 220 183 180
-21.05907290685262 16.952564807648056 -0.5150430466699056 215 167 165
-21.736848948291573 16.21084379297156 0.9723044522245953 220 182 180
-21.05907290685262 16.952564807648056 -0.5150430466699056 215 167 165
-21.78429209989478 16.25857295198335 -0.5573296699313923 215 166 164
-21.78429209989478 16.25857295198335 -0.5573296699313923 215 166 164
-21.05907290685262 16.952564807648056 -0.5150430466699056 215 167 165
-21.19141346745937 17.096195452959023 -1.8949459233616601 210 152 151
-21.78429209989478 16.25857295198335 -0.5573296699313923 215 166 164
-21.19141346745937 17.096195452959023 -1.8949459233616601 210 152 151
-21.921977488469608 16.397088366386054 -1.9372325466231468 210 152 151
-21.921977488469608 16.397088366386054 -1.9372325466231468 210 152 151
-21.19141346745937 17.096195452959023 -1.8949459233616601 210 152 151
-21.39753872313046 17.31990542782381 -2.990043046669908 207 141 140
-21.921977488469608 16.397088366386054 -1.9372325466231468 210 152 151
-21.39753872313046 17.31990542782381 -2.990043046669908 207 141 140
-22.13642750887184 16.612831182324285 -3.0323296699313946 207 140 140
-22.13642750887184 16.612831182324285 -3.0323296699313946 207 140 140
-21.39753872313046 17.31990542782381 -2.990043046669908 207 141 140
-21.657271697681704 17.6017964412236 -3.693138680174928 204 134 133
-22.13642750887184 16.612831182324285 -3.0323296699313946 207 140 140
-21.657271697681704 17.6017964412236 -3.693138680174928 204 134 133
-22.40665029894335 16.88468298980543 -3.735425303436415 204 133 133
-22.40665029894335 16.88468298980543 -3.735425303436415 204 133 133
-21.657271697681704 17.6017964412236 -3.693138680174928 204 134 133
-21.945187917897982 17.914275036716642 -3.9354089245139185 204 131 131
-22.40665029894335 16.88468298980543 -3.735425303436415 204 133 133
-21.945187917897982 17.914275036716642 -3.9354089245139185 204 131 131
-22.70619456923906 17.186033039810308 -3.9776955477754052 203 131 130
-22.70619456923906 17.186033039810308 -3.9776955477754052 203 131 130
-21.945187917897982 17.914275036716642 -3.9354089245139185 204 131 131
-22.233104138114257 18.226753632209686 -3.693138680174929 204 134 133
-22.70619456923906 17.186033039810308 -3.9776955477754052 203 131 130
-22.233104138114257 18.226753632209686 -3.693138680174929 204 134 133
-23.00573883953477 17.48738308981519 -3.7354253034364158 204 133 133
-23.00573883953477 17.48738308981519 -3.7354253034364158 204 133 133
-22.233104138114257 18.226753632209686 -3.693138680174929 204 134 133
-22.4928371126655 18.508644645609476 -2.990043046669909 207 141 140
-23.00573883953477 17.48738308981519 -3.7354253034364158 204 133 133
-22.4928371126655 18.508644645609476 -2.990043046669909 207 141 140
-23.275961629606282 17.75923489729633 -3.0323296699313955 207 140 140
-23.275961629606282 17.75923489729633 -3.0323296699313955 207 140 140
-22.4928371126655 18.508644645609476 -2.990043046669909 207 141 140
-22.69896236833659 18.73235462047426 -1.894945923361662 210 152 151
-23.275961629606282 17.75923489729633 -3.0323296699313955 207 140 140
-22.69896236833659 18.73235462047426 -1.894945923361662 210 152 151
-23.490411650008514 17.974977713234566 -1.9372325466231486 210 152 151
-23.490411650008514 17.974977713234566 -1.9372325466231486 210 152 151
-22.69896236833659 18.73235462047426 -1.894945923361662 210 152 151
-22.831302928943337 18.87598526578523 -0.5150430466699094 215 167 165
-23.490411650008514 17.974977713234566 -1.9372325466231486 210 152 151
-22.831302928943337 18.87598526578523 -0.5150430466699094 215 167 165
-23.62809703858334 18.113493127637266 -0.5573296699313961 215 166 164
-23.62809703858334 18.113493127637266 -0.5573296699313961 215 166 164
-22.831302928943337 18.87598526578523 -0.5150430466699094 215 167 165
-22.87690437834265 18.92547701324579 1.0145910754860803 220 183 180
-23.62809703858334 18.113493127637266 -0.5573296699313961 215 166 164
-22.87690437834265 18.92547701324579 1.0145910754860803 220 183 180
-23.675540190186545 18.16122228664906 0.9723044522245935 220 182 180
-22.87690437834265 18.92547701324579 1.0145910754860814 220 183 180
-22.04778326959806 19.66116274357972 1.0554409105893647 220 183 181
-22.004064713747145 19.61000012902252 2.5850750327453547 225 199 196
-22.87690437834265 18.92547701324579 1.0145910754860814 220 183 180
-22.004064713747145 19.61000012902252 2.5850750327453547 225 199 196
-22.831302928943337 18.87598526578523 2.544225197642071 225 199 195
-22.831302928943337 18.87598526578523 2.544225197642071 225 199 195
-22.004064713747145 19.61000012902252 2.5850750327453547 225 199 196
-21.87718852304618 19.461520438534677 3.9649779094371067 230 213 210
-22.831302928943337 18.87598526578523 2.544225197642071 225 199 195
-21.87718852304618 19.461520438534677 3.9649779094371067 230 213 210
-22.69896236833659 18.73235462047426 3.924128074333823 230 213 209
-22.69896236833659 18.73235462047426 3.924128074333823 230 213 209
-21.87718852304618 19.461520438534677 3.9649779094371067 230 213 210
-21.679574223039374 19.230257898739975 5.060075032745355 234 225 221
-22.69896236833659 18.73235462047426 3.924128074333823 230 213 209
-21.679574223039374 19.230257898739975 5.060075032745355 234 225 221
-22.4928371126655 18.508644645609476 5.019225197642072 233 224 220
-22.4928371126655 18.508644645609476 5.019225197642072 233 224 220
-21.679574223039374 19.230257898739975 5.060075032745355 234 225 221
-21.430565678271186 18.93885009833438 5.7631706662503746 236 232 228
-22.4928371126655 18.508644645609476 5.019225197642072 233 224 220
-21.430565678271186 18.93885009833438 5.7631706662503746 236 232 228
-22.233104138114257 18.226753632209686 5.7223208311470914 236 232 227
-22.233104138114257 18.226753632209686 5.7223208311470914 236 232 227
-21.430565678271186 18.93885009833438 5.7631706662503746 236 232 228
-21.154537580048075 18.615822063179127 6.005440910589365 237 235 230
-22.233104138114257 18.226753632209686 5.7223208311470914 236 232 227
-21.154537580048075 18.615822063179127 6.005440910589365 237 235 230
-21.945187917897982 17.914275036716642 5.964591075486082 237 234 230
-21.945187917897982 17.914275036716642 5.964591075486082 237 234 230
-21.154537580048075 18.615822063179127 6.005440910589365 237 235 230
-20.87850948182496 18.292794028023874 5.763170666250375 236 232 228
-21.945187917897982 17.914275036716642 5.964591075486082 237 234 230
-20.87850948182496 18.292794028023874 5.763170666250375 236 232 228
-21.657271697681704 17.6017964412236 5.722320831147092 236 232 227
-21.657271697681704 17.6017964412236 5.722320831147092 236 232 227
-20.87850948182496 18.292794028023874 5.763170666250375 236 232 228
-20.629500937056772 18.00138622761828 5.060075032745355 234 225 221
-21.657271697681704 17.6017964412236 5.722320831147092 236 232 227
-20.629500937056772 18.00138622761828 5.060075032745355 234 225 221
-21.39753872313046 17.31990542782381 5.019225197642072 233 224 220
-21.39753872313046 17.31990542782381 5.019225197642072 233 224 220
-20.629500937056772 18.00138622761828 5.060075032745355 234 225 221
-20.43188663704997 17.770123687823578 3.9649779094371076 230 213 210
-21.39753872313046 17.31990542782381 5.019225197642072 233 224 220
-20.43188663704997 17.770123687823578 3.9649779094371076 230 213 210
-21.19141346745937 17.096195452959023 3.924128074333824 230 213 209
-21.19141346745937 17.096195452959023 3.924128074333824 230 213 209
-20.43188663704997 17.770123687823578 3.9649779094371076 230 213 210
-20.305010446349005 17.621643997335735 2.5850750327453547 225 199 196
-21.19141346745937 17.096195452959023 3.924128074333824 230 213 209
-20.305010446349005 17.621643997335735 2.5850750327453547 225 199 196
-21.05907290685262 16.952564807648056 2.5442251976420716 225 199 195
-21.05907290685262 16.952564807648056 2.5442251976420716 225 199 195
-20.305010446349005 17.621643997335735 2.5850750327453547 225 199 196
-20.26129189049809 17.570481382778535 1.0554409105893654 220 183 181
-21.05907290685262 16.952564807648056 2.5442251976420716 225 199 195
-20.26129189049809 17.570481382778535 1.0554409105893654 220 183 181
-21.01347145745331 16.90307306018749 1.014591075486082 220 183 180
-21.01347145745331 16.90307306018749 1.014591075486082 220 183 180
-20.26129189049809 17.570481382778535 1.0554409105893654 220 183 181
-20.305010446349005 17.621643997335735 -0.4741932115666223 215 167 165
-21.01347145745331 16.90307306018749 1.014591075486082 220 183 180
-20.305010446349005 17.621643997335735 -0.4741932115666223 215 167 165
-21.05907290685262 16.952564807648056 -0.5150430466699056 215 167 165
-21.05907290685262 16.952564807648056 -0.5150430466699056 215 167 165
-20.305010446349005 17.621643997335735 -0.4741932115666223 215 167 165
-20.43188663704997 17.770123687823578 -1.8540960882583768 210 153 151
-21.05907290685262 16.952564807648056 -0.5150430466699056 215 167 165
-20.43188663704997 17.770123687823578 -1.8540960882583768 210 153 151
-21.19141346745937 17.096195452959023 -1.8949459233616601 210 152 151
-21.19141346745937 17.096195452959023 -1.8949459233616601 210 152 151
-20.43188663704997 17.770123687823578 -1.8540960882583768 210 153 151
-20.629500937056772 18.00138622761828 -2.949193211566625 207 141 141
-21.19141346745937 17.096195452959023 -1.8949459233616601 210 152 151
-20.629500937056772 18.00138622761828 -2.949193211566625 207 141 141
-21.39753872313046 17.31990542782381 -2.990043046669908 207 141 140
-21.39753872313046 17.31990542782381 -2.990043046669908 207 141 140
-20.629500937056772 18.00138622761828 -2.949193211566625 207 141 141
-20.87850948182496 18.292794028023874 -3.652288845071645 204 134 133
-21.39753872313046 17.31990542782381 -2.990043046669908 207 141 140
-20.87850948182496 18.292794028023874 -3.652288845071645 204 134 133
-21.657271697681704 17.6017964412236 -3.693138680174928 204 134 133
-21.657271697681704 17.6017964412236 -3.693138680174928 204 134 133
-20.87850948182496 18.292794028023874 -3.652288845071645 204 134 133
-21.154537580048075 18.615822063179127 -3.8945590894106354 204 132 131
-21.657271697681704 17.6017964412236 -3.693138680174928 204 134 133
-21.154537580048075 18.615822063179127 -3.8945590894106354 204 132 131
-21.945187917897982 17.914275036716642 -3.9354089245139185 204 131 131
-21.945187917897982 17.914275036716642 -3.9354089245139185 204 131 131
-21.154537580048075 18.615822063179127 -3.8945590894106354 204 132 131
-21.430565678271186 18.93885009833438 -3.652288845071646 204 134 133
-21.945187917897982 17.914275036716642 -3.9354089245139185 204 131 131
-21.430565678271186 18.93885009833438 -3.652288845071646 204 134 133
-22.233104138114257 18.226753632209686 -3.693138680174929 204 134 133
-22.233104138114257 18.226753632209686 -3.693138680174929 204 134 133
-21.430565678271186 18.93885009833438 -3.652288845071646 204 134 133
-21.679574223039374 19.230257898739975 -2.9491932115666257 207 141 141
-22.233104138114257 18.226753632209686 -3.693138680174929 204 134 133
-21.679574223039374 19.230257898739975 -2.9491932115666257 207 141 141
-22.4928371126655 18.508644645609476 -2.990043046669909 207 141 140
-22.4928371126655 18.508644645609476 -2.990043046669909 207 141 140
-21.679574223039374 19.230257898739975 -2.9491932115666257 207 141 141
-21.87718852304618 19.461520438534677 -1.8540960882583786 210 153 151
-22.4928371126655 18.508644645609476 -2.990043046669909 207 141 140
-21.87718852304618 19.461520438534677 -1.8540960882583786 210 153 151
-22.69896236833659 18.73235462047426 -1.894945923361662 210 152 151
-22.69896236833659 18.73235462047426 -1.894945923361662 210 152 151
-21.87718852304618 19.461520438534677 -1.8540960882583786 210 153 151
-22.004064713747145 19.61000012902252 -0.4741932115666261 215 167 165
-22.69896236833659 18.73235462047426 -1.894945923361662 210 152 151
-22.004064713747145 19.61000012902252 -0.4741932115666261 215 167 165
-22.831302928943337 18.87598526578523 -0.5150430466699094 215 167 165
-22.831302928943337 18.87598526578523 -0.5150430466699094 215 167 165
-22.004064713747145 19.61000012902252 -0.4741932115666261 215 167 165
-22.04778326959806 19.66116274357972 1.0554409105893636 220 183 181
-22.831302928943337 18.87598526578523 -0.5150430466699094 215 167 165
-22.04778326959806 19.66116274357972 1.0554409105893636 220 183 181
-22.87690437834265 18.92547701324579 1.0145910754860803 220 183 180
-22.04778326959806 19.66116274357972 1.0554409105893647 220 183 181
-21.189499067277243 20.367492884953315 1.0947961090467537 220 183 181
-21.147700118215255 20.314750367841107 2.6244302312027434 225 199 196
-22.04778326959806 19.66116274357972 1.0554409105893647 220 183 181
-21.147700118215255 20.314750367841107 2.6244302312027434 225 199 196
-22.004064713747145 19.61000012902252 2.5850750327453547 225 199 196
-22.004064713747145 19.61000012902252 2.5850750327453547 225 199 196
-21.147700118215255 20.314750367841107 2.6244302312027434 225 199 196
-21.026394843393877 20.16168562155816 4.004333107894496 230 214 210
-22.004064713747145 19.61000012902252 2.5850750327453547 225 199 196
-21.026394843393877 20.16168562155816 4.004333107894496 230 214 210
-21.87718852304618 19.461520438534677 3.9649779094371067 230 213 210
-21.87718852304618 19.461520438534677 3.9649779094371067 230 213 210
-21.026394843393877 20.16168562155816 4.004333107894496 230 214 210
-20.837457448296178 19.92328168993544 5.099430231202744 234 225 221
-21.87718852304618 19.461520438534677 3.9649779094371067 230 213 210
-20.837457448296178 19.92328168993544 5.099430231202744 234 225 221
-21.679574223039374 19.230257898739975 5.060075032745355 234 225 221
-21.679574223039374 19.230257898739975 5.060075032745355 234 225 221
-20.837457448296178 19.92328168993544 5.099430231202744 234 225 221
-20.599382441558554 19.622875210858044 5.802525864707763 236 233 228
-21.679574223039374 19.230257898739975 5.060075032745355 234 225 221
-20.599382441558554 19.622875210858044 5.802525864707763 236 233 228
-21.430565678271186 18.93885009833438 5.7631706662503746 236 232 228
-21.430565678271186 18.93885009833438 5.7631706662503746 236 232 228
-20.599382441558554 19.622875210858044 5.802525864707763 236 233 228
-20.335474263606596 19.289872063553084 6.044796109046754 237 235 230
-21.430565678271186 18.93885009833438 5.7631706662503746 236 232 228
-20.335474263606596 19.289872063553084 6.044796109046754 237 235 230
-21.154537580048075 18.615822063179127 6.005440910589365 237 235 230
-21.154537580048075 18.615822063179127 6.005440910589365 237 235 230
-20.335474263606596 19.289872063553084 6.044796109046754 237 235 230
-20.071566085654638 18.95686891624812 5.802525864707764 236 233 228
-21.154537580048075 18.615822063179127 6.005440910589365 237 235 230
-20.071566085654638 18.95686891624812 5.802525864707764 236 233 228
-20.87850948182496 18.292794028023874 5.763170666250375 236 232 228
-20.87850948182496 18.292794028023874 5.763170666250375 236 232 228
-20.071566085654638 18.95686891624812 5.802525864707764 236 233 228
-19.833491078917014 18.656462437170724 5.099430231202744 234 225 221
-20.87850948182496 18.292794028023874 5.763170666250375 236 232 228
-19.833491078917014 18.656462437170724 5.099430231202744 234 225 221
-20.629500937056772 18.00138622761828 5.060075032745355 234 225 221
-20.629500937056772 18.00138622761828 5.060075032745355 234 225 221
-19.833491078917014 18.656462437170724 5.099430231202744 234 225 221
-19.644553683819314 18.418058505548004 4.004333107894497 230 214 210
-20.629500937056772 18.00138622761828 5.060075032745355 234 225 221
-19.644553683819314 18.418058505548004 4.004333107894497 230 214 210
-20.43188663704997 17.770123687823578 3.9649779094371076 230 213 210
-20.43188663704997 17.770123687823578 3.9649779094371076 230 213 210
-19.644553683819314 18.418058505548004 4.004333107894497 230 214 210
-19.523248408997937 18.264993759265057 2.624430231202744 225 199 196
-20.43188663704997 17.770123687823578 3.9649779094371076 230 213 210
-19.523248408997937 18.264993759265057 2.624430231202744 225 199 196
-20.305010446349005 17.621643997335735 2.5850750327453547 225 199 196
-20.305010446349005 17.621643997335735 2.5850750327453547 225 199 196
-19.523248408997937 18.264993759265057 2.624430231202744 225 199 196
-19.48144945993595 18.212251242152853 1.0947961090467544 220 183 181
-20.305010446349005 17.621643997335735 2.5850750327453547 225 199 196
-19.48144945993595 18.212251242152853 1.0947961090467544 220 183 181
-20.26129189049809 17.570481382778535 1.0554409105893654 220 183 181
-20.26129189049809 17.570481382778535 1.0554409105893654 220 183 181
-19.48144945993595 18.212251242152853 1.0947961090467544 220 183 181
-19.523248408997937 18.264993759265057 -0.4348380131092333 215 168 166
-20.26129189049809 17.570481382778535 1.0554409105893654 220 183 181
-19.523248408997937 18.264993759265057 -0.4348380131092333 215 168 166
-20.305010446349005 17.621643997335735 -0.4741932115666223 215 167 165
-20.305010446349005 17.621643997335735 -0.4741932115666223 215 167 165
-19.523248408997937 18.264993759265057 -0.4348380131092333 215 168 166
-19.644553683819314 18.418058505548004 -1.8147408898009878 211 153 152
-20.305010446349005 17.621643997335735 -0.4741932115666223 215 167 165
-19.644553683819314 18.418058505548004 -1.8147408898009878 211 153 152
-20.43188663704997 17.770123687823578 -1.8540960882583768 210 153 151
-20.43188663704997 17.770123687823578 -1.8540960882583768 210 153 151
-19.644553683819314 18.418058505548004 -1.8147408898009878 211 153 152
-19.833491078917014 18.656462437170724 -2.909838013109236 207 142 141
-20.43188663704997 17.770123687823578 -1.8540960882583768 210 153 151
-19.833491078917014 18.656462437170724 -2.909838013109236 207 142 141
-20.629500937056772 18.00138622761828 -2.949193211566625 207 141 141
-20.629500937056772 18.00138622761828 -2.949193211566625 207 141 141
-19.833491078917014 18.656462437170724 -2.909838013109236 207 142 141
-20.071566085654638 18.95686891624812 -3.6129336466142563 205 134 134
-20.629500937056772 18.00138622761828 -2.949193211566625 207 141 141
-20.071566085654638 18.95686891624812 -3.6129336466142563 205 134 134
-20.87850948182496 18.292794028023874 -3.652288845071645 204 134 133
-20.87850948182496 18.292794028023874 -3.652288845071645 204 134 133
-20.071566085654638 18.95686891624812 -3.6129336466142563 205 134 134
-20.335474263606596 19.289872063553084 -3.8552038909532467 204 132 131
-20.87850948182496 18.292794028023874 -3.652288845071645 204 134 133
-20.335474263606596 19.289872063553084 -3.8552038909532467 204 132 131
-21.154537580048075 18.615822063179127 -3.8945590894106354 204 132 131
-21.154537580048075 18.615822063179127 -3.8945590894106354 204 132 131
-20.335474263606596 19.289872063553084 -3.8552038909532467 204 132 131
-20.599382441558554 19.622875210858044 -3.612933646614257 205 134 134
-21.154537580048075 18.615822063179127 -3.8945590894106354 204 132 131
-20.599382441558554 19.622875210858044 -3.612933646614257 205 134 134
-21.430565678271186 18.93885009833438 -3.652288845071646 204 134 133
-21.430565678271186 18.93885009833438 -3.652288845071646 204 134 133
-20.599382441558554 19.622875210858044 -3.612933646614257 205 134 134
-20.837457448296178 19.92328168993544 -2.909838013109237 207 142 141
-21.430565678271186 18.93885009833438 -3.652288845071646 204 134 133
-20.837457448296178 19.92328168993544 -2.909838013109237 207 142 141
-21.679574223039374 19.230257898739975 -2.9491932115666257 207 141 141
-21.679574223039374 19.230257898739975 -2.9491932115666257 207 141 141
-20.837457448296178 19.92328168993544 -2.909838013109237 207 142 141
-21.026394843393877 20.16168562155816 -1.8147408898009896 211 153 152
-21.679574223039374 19.230257898739975 -2.9491932115666257 207 141 141
-21.026394843393877 20.16168562155816 -1.8147408898009896 211 153 152
-21.87718852304618 19.461520438534677 -1.8540960882583786 210 153 151
-21.87718852304618 19.461520438534677 -1.8540960882583786 210 153 151
-21.026394843393877 20.16168562155816 -1.8147408898009896 211 153 152
-21.147700118215255 20.314750367841107 -0.4348380131092371 215 168 166
-21.87718852304618 19.461520438534677 -1.8540960882583786 210 153 151
-21.147700118215255 20.314750367841107 -0.4348380131092371 215 168 166
-22.004064713747145 19.61000012902252 -0.4741932115666261 215 167 165
-22.004064713747145 19.61000012902252 -0.4741932115666261 215 167 165
-21.147700118215255 20.314750367841107 -0.4348380131092371 215 168 166
-21.189499067277243 20.367492884953315 1.0947961090467526 220 183 181
-22.004064713747145 19.61000012902252 -0.4741932115666261 215 167 165
-21.189499067277243 20.367492884953315 1.0947961090467526 220 183 181
-22.04778326959806 19.66116274357972 1.0554409105893636 220 183 181
-21.189499067277243 20.367492884953315 1.0947961090467537 220 183 181
-20.303384288208726 21.043731905495136 1.1326009389634257 220 184 181
-20.263537508211257 20.98949944862795 2.662235061119415 226 200 197
-21.189499067277243 20.367492884953315 1.0947961090467537 220 183 181
-20.263537508211257 20.98949944862795 2.662235061119415 226 200 197
-21.147700118215255 20.314750367841107 2.6244302312027434 225 199 196
-21.147700118215255 20.314750367841107 2.6244302312027434 225 199 196
-20.263537508211257 20.98949944862795 2.662235061119415 226 200 197
-20.147897648673847 20.832110728764288 4.042137937811168 230 214 210
-21.147700118215255 20.314750367841107 2.6244302312027434 225 199 196
-20.147897648673847 20.832110728764288 4.042137937811168 230 214 210
-21.026394843393877 20.16168562155816 4.004333107894496 230 214 210
-21.026394843393877 20.16168562155816 4.004333107894496 230 214 210
-20.147897648673847 20.832110728764288 4.042137937811168 230 214 210
-19.9677843447583 20.586972050396103 5.137235061119416 234 226 221
-21.026394843393877 20.16168562155816 4.004333107894496 230 214 210
-19.9677843447583 20.586972050396103 5.137235061119416 234 226 221
-20.837457448296178 19.92328168993544 5.099430231202744 234 225 221
-20.837457448296178 19.92328168993544 5.099430231202744 234 225 221
-19.9677843447583 20.586972050396103 5.137235061119416 234 226 221
-19.740828341575043 20.278079295343677 5.840330694624436 236 233 228
-20.837457448296178 19.92328168993544 5.099430231202744 234 225 221
-19.740828341575043 20.278079295343677 5.840330694624436 236 233 228
-20.599382441558554 19.622875210858044 5.802525864707763 236 233 228
-20.599382441558554 19.622875210858044 5.802525864707763 236 233 228
-19.740828341575043 20.278079295343677 5.840330694624436 236 233 228
-19.48924567401111 19.935669038653916 6.0826009389634255 237 235 231
-20.599382441558554 19.622875210858044 5.802525864707763 236 233 228
-19.48924567401111 19.935669038653916 6.0826009389634255 237 235 231
-20.335474263606596 19.289872063553084 6.044796109046754 237 235 230
-20.335474263606596 19.289872063553084 6.044796109046754 237 235 230
-19.48924567401111 19.935669038653916 6.0826009389634255 237 235 231
-19.23766300644718 19.593258781964153 5.840330694624436 236 233 228
-20.335474263606596 19.289872063553084 6.044796109046754 237 235 230
-19.23766300644718 19.593258781964153 5.840330694624436 236 233 228
-20.071566085654638 18.95686891624812 5.802525864707764 236 233 228
-20.071566085654638 18.95686891624812 5.802525864707764 236 233 228
-19.23766300644718 19.593258781964153 5.840330694624436 236 233 228
-19.01070700326392 19.284366026911727 5.137235061119416 234 226 221
-20.071566085654638 18.95686891624812 5.802525864707764 236 233 228
-19.01070700326392 19.284366026911727 5.137235061119416 234 226 221
-19.833491078917014 18.656462437170724 5.099430231202744 234 225 221
-19.833491078917014 18.656462437170724 5.099430231202744 234 225 221
-19.01070700326392 19.284366026911727 5.137235061119416 234 226 221
-18.83059369934837 19.03922734854354 4.042137937811169 230 214 210
-19.833491078917014 18.656462437170724 5.099430231202744 234 225 221
-18.83059369934837 19.03922734854354 4.042137937811169 230 214 210
-19.644553683819314 18.418058505548004 4.004333107894497 230 214 210
-19.644553683819314 18.418058505548004 4.004333107894497 230 214 210
-18.83059369934837 19.03922734854354 4.042137937811169 230 214 210
-18.714953839810963 18.88183862867988 2.662235061119416 226 200 197
-19.644553683819314 18.418058505548004 4.004333107894497 230 214 210
-18.714953839810963 18.88183862867988 2.662235061119416 226 200 197
-19.523248408997937 18.264993759265057 2.624430231202744 225 199 196
-19.523248408997937 18.264993759265057 2.624430231202744 225 199 196
-18.714953839810963 18.88183862867988 2.662235061119416 226 200 197
-18.675107059813495 18.827606171812693 1.1326009389634264 220 184 181
-19.523248408997937 18.264993759265057 2.624430231202744 225 199 196
-18.675107059813495 18.827606171812693 1.1326009389634264 220 184 181
-19.48144945993595 18.212251242152853 1.0947961090467544 220 183 181
-19.48144945993595 18.212251242152853 1.0947961090467544 220 183 181
-18.675107059813495 18.827606171812693 1.1326009389634264 220 184 181
-18.714953839810963 18.88183862867988 -0.3970331831925613 215 168 166
-19.48144945993595 18.212251242152853 1.0947961090467544 220 183 181
-18.714953839810963 18.88183862867988 -0.3970331831925613 215 168 166
-19.523248408997937 18.264993759265057 -0.4348380131092333 215 168 166
-19.523248408997937 18.264993759265057 -0.4348380131092333 215 168 166
-18.714953839810963 18.88183862867988 -0.3970331831925613 215 168 166
-18.83059369934837 19.03922734854354 -1.7769360598843158 211 154 152
-19.523248408997937 18.264993759265057 -0.4348380131092333 215 168 166
-18.83059369934837 19.03922734854354 -1.7769360598843158 211 154 152
-19.644553683819314 18.418058505548004 -1.8147408898009878 211 153 152
-19.644553683819314 18.418058505548004 -1.8147408898009878 211 153 152
-18.83059369934837 19.03922734854354 -1.7769360598843158 211 154 152
-19.01070700326392 19.284366026911727 -2.872033183192564 207 142 141
-19.644553683819314 18.418058505548004 -1.8147408898009878 211 153 152
-19.01070700326392 19.284366026911727 -2.872033183192564 207 142 141
-19.833491078917014 18.656462437170724 -2.909838013109236 207 142 141
-19.833491078917014 18.656462437170724 -2.909838013109236 207 142 141
-19.01070700326392 19.284366026911727 -2.872033183192564 207 142 141
-19.23766300644718 19.593258781964153 -3.575128816697584 205 135 134
-19.833491078917014 18.656462437170724 -2.909838013109236 207 142 141
-19.23766300644718 19.593258781964153 -3.575128816697584 205 135 134
-20.071566085654638 18.95686891624812 -3.6129336466142563 205 134 134
-20.071566085654638 18.95686891624812 -3.6129336466142563 205 134 134
-19.23766300644718 19.593258781964153 -3.575128816697584 205 135 134
-19.48924567401111 19.935669038653916 -3.8173990610365744 204 132 132
-20.071566085654638 18.95686891624812 -3.6129336466142563 205 134 134
-19.48924567401111 19.935669038653916 -3.8173990610365744 204 132 132
-20.335474263606596 19.289872063553084 -3.8552038909532467 204 132 131
-20.335474263606596 19.289872063553084 -3.8552038909532467 204 132 131
-19.48924567401111 19.935669038653916 -3.8173990610365744 204 132 132
-19.740828341575043 20.278079295343677 -3.575128816697585 205 135 134
-20.335474263606596 19.289872063553084 -3.8552038909532467 204 132 131
-19.740828341575043 20.278079295343677 -3.575128816697585 205 135 134
-20.599382441558554 19.622875210858044 -3.612933646614257 205 134 134
-20.599382441558554 19.622875210858044 -3.612933646614257 205 134 134
-19.740828341575043 20.278079295343677 -3.575128816697585 205 135 134
-19.9677843447583 20.586972050396103 -2.8720331831925647 207 142 141
-20.599382441558554 19.622875210858044 -3.612933646614257 205 134 134
-19.9677843447583 20.586972050396103 -2.8720331831925647 207 142 141
-20.837457448296178 19.92328168993544 -2.909838013109237 207 142 141
-20.837457448296178 19.92328168993544 -2.909838013109237 207 142 141
-19.9677843447583 20.586972050396103 -2.8720331831925647 207 142 141
-20.147897648673847 20.832110728764288 -1.7769360598843176 211 154 152
-20.837457448296178 19.92328168993544 -2.909838013109237 207 142 141
-20.147897648673847 20.832110728764288 -1.7769360598843176 211 154 152
-21.026394843393877 20.16168562155816 -1.8147408898009896 211 153 152
-21.026394843393877 20.16168562155816 -1.8147408898009896 211 153 152
-20.147897648673847 20.832110728764288 -1.7769360598843176 211 154 152
-20.263537508211257 20.98949944862795 -0.3970331831925651 215 168 166
-21.026394843393877 20.16168562155816 -1.8147408898009896 211 153 152
-20.263537508211257 20.98949944862795 -0.3970331831925651 215 168 166
-21.147700118215255 20.314750367841107 -0.4348380131092371 215 168 166
-21.147700118215255 20.314750367841107 -0.4348380131092371 215 168 166
-20.263537508211257 20.98949944862795 -0.3970331831925651 215 168 166
-20.303384288208726 21.043731905495136 1.1326009389634246 220 184 181
-21.147700118215255 20.314750367841107 -0.4348380131092371 215 168 166
-20.303384288208726 21.043731905495136 1.1326009389634246 220 184 181
-21.189499067277243 20.367492884953315 1.0947961090467526 220 183 181
-20.303384288208726 21.043731905495136 1.1326009389634257 220 184 181
-19.390780293028364 21.689192531349537 1.1688018639607751 221 184 182
-19.35291442131721 21.633558899313037 2.698435986116765 226 200 197
-20.303384288208726 21.043731905495136 1.1326009389634257 220 184 181
-19.35291442131721 21.633558899313037 2.698435986116765 226 200 197
-20.263537508211257 20.98949944862795 2.662235061119415 226 200 197
-20.263537508211257 20.98949944862795 2.662235061119415 226 200 197
-19.35291442131721 21.633558899313037 2.698435986116765 226 200 197
-19.24302338153388 21.472103810729582 4.078338862808517 230 215 211
-20.263537508211257 20.98949944862795 2.662235061119415 226 200 197
-19.24302338153388 21.472103810729582 4.078338862808517 230 215 211
-20.147897648673847 20.832110728764288 4.042137937811168 230 214 210
-20.147897648673847 20.832110728764288 4.042137937811168 230 214 210
-19.24302338153388 21.472103810729582 4.078338862808517 230 215 211
-19.07186407430826 21.220631614593465 5.173435986116766 234 226 222
-20.147897648673847 20.832110728764288 4.042137937811168 230 214 210
-19.07186407430826 21.220631614593465 5.173435986116766 234 226 222
-19.9677843447583 20.586972050396103 5.137235061119416 234 226 221
-19.9677843447583 20.586972050396103 5.137235061119416 234 226 221
-19.07186407430826 21.220631614593465 5.173435986116766 234 226 222
-18.85619076516861 20.903758161572313 5.876531619621785 236 233 229
-19.9677843447583 20.586972050396103 5.137235061119416 234 226 221
-18.85619076516861 20.903758161572313 5.876531619621785 236 233 229
-19.740828341575043 20.278079295343677 5.840330694624436 236 233 228
-19.740828341575043 20.278079295343677 5.840330694624436 236 233 228
-18.85619076516861 20.903758161572313 5.876531619621785 236 233 229
-18.617115060297824 20.552501233034995 6.118801863960775 237 236 231
-19.740828341575043 20.278079295343677 5.840330694624436 236 233 228
-18.617115060297824 20.552501233034995 6.118801863960775 237 236 231
-19.48924567401111 19.935669038653916 6.0826009389634255 237 235 231
-19.48924567401111 19.935669038653916 6.0826009389634255 237 235 231
-18.617115060297824 20.552501233034995 6.118801863960775 237 236 231
-18.37803935542704 20.201244304497678 5.876531619621786 236 233 229
-19.48924567401111 19.935669038653916 6.0826009389634255 237 235 231
-18.37803935542704 20.201244304497678 5.876531619621786 236 233 229
-19.23766300644718 19.593258781964153 5.840330694624436 236 233 228
-19.23766300644718 19.593258781964153 5.840330694624436 236 233 228
-18.37803935542704 20.201244304497678 5.876531619621786 236 233 229
-18.16236604628739 19.884370851476525 5.173435986116766 234 226 222
-19.23766300644718 19.593258781964153 5.840330694624436 236 233 228
-18.16236604628739 19.884370851476525 5.173435986116766 234 226 222
-19.01070700326392 19.284366026911727 5.137235061119416 234 226 221
-19.01070700326392 19.284366026911727 5.137235061119416 234 226 221
-18.16236604628739 19.884370851476525 5.173435986116766 234 226 222
-17.991206739061766 19.63289865534041 4.078338862808518 230 215 211
-19.01070700326392 19.284366026911727 5.137235061119416 234 226 221
-17.991206739061766 19.63289865534041 4.078338862808518 230 215 211
-18.83059369934837 19.03922734854354 4.042137937811169 230 214 210
-18.83059369934837 19.03922734854354 4.042137937811169 230 214 210
-17.991206739061766 19.63289865534041 4.078338862808518 230 215 211
-17.88131569927844 19.471443566756953 2.698435986116765 226 200 197
-18.83059369934837 19.03922734854354 4.042137937811169 230 214 210
-17.88131569927844 19.471443566756953 2.698435986116765 226 200 197
-18.714953839810963 18.88183862867988 2.662235061119416 226 200 197
-18.714953839810963 18.88183862867988 2.662235061119416 226 200 197
-17.88131569927844 19.471443566756953 2.698435986116765 226 200 197
-17.843449827567284 19.415809934720453 1.1688018639607758 221 184 182
-18.714953839810963 18.88183862867988 2.662235061119416 226 200 197
-17.843449827567284 19.415809934720453 1.1688018639607758 221 184 182
-18.675107059813495 18.827606171812693 1.1326009389634264 220 184 181
-18.675107059813495 18.827606171812693 1.1326009389634264 220 184 181
-17.843449827567284 19.415809934720453 1.1688018639607758 221 184 182
-17.88131569927844 19.471443566756953 -0.3608322581952119 215 168 166
-18.675107059813495 18.827606171812693 1.1326009389634264 220 184 181
-17.88131569927844 19.471443566756953 -0.3608322581952119 215 168 166
-18.714953839810963 18.88183862867988 -0.3970331831925613 215 168 166
-18.714953839810963 18.88183862867988 -0.3970331831925613 215 168 166
-17.88131569927844 19.471443566756953 -0.3608322581952119 215 168 166
-17.991206739061766 19.63289865534041 -1.7407351348869664 211 154 153
-18.714953839810963 18.88183862867988 -0.3970331831925613 215 168 166
-17.991206739061766 19.63289865534041 -1.7407351348869664 211 154 153
-18.83059369934837 19.03922734854354 -1.7769360598843158 211 154 152
-18.83059369934837 19.03922734854354 -1.7769360598843158 211 154 152
-17.991206739061766 19.63289865534041 -1.7407351348869664 211 154 153
-18.16236604628739 19.884370851476522 -2.8358322581952145 207 143 142
-18.83059369934837 19.03922734854354 -1.7769360598843158 211 154 152
-18.16236604628739 19.884370851476522 -2.8358322581952145 207 143 142
-19.01070700326392 19.284366026911727 -2.872033183192564 207 142 141
-19.01070700326392 19.284366026911727 -2.872033183192564 207 142 141
-18.16236604628739 19.884370851476522 -2.8358322581952145 207 143 142
-18.37803935542704 20.201244304497678 -3.5389278917002347 205 135 135
-19.01070700326392 19.284366026911727 -2.872033183192564 207 142 141
-18.37803935542704 20.201244304497678 -3.5389278917002347 205 135 135
-19.23766300644718 19.593258781964153 -3.575128816697584 205 135 134
-19.23766300644718 19.593258781964153 -3.575128816697584 205 135 134
-18.37803935542704 20.201244304497678 -3.5389278917002347 205 135 135
-18.617115060297824 20.552501233034995 -3.781198136039225 204 133 132
-19.23766300644718 19.593258781964153 -3.575128816697584 205 135 134
-18.617115060297824 20.552501233034995 -3.781198136039225 204 133 132
-19.48924567401111 19.935669038653916 -3.8173990610365744 204 132 132
-19.48924567401111 19.935669038653916 -3.8173990610365744 204 132 132
-18.617115060297824 20.552501233034995 -3.781198136039225 204 133 132
-18.85619076516861 20.903758161572313 -3.5389278917002356 205 135 135
-19.48924567401111 19.935669038653916 -3.8173990610365744 204 132 132
-18.85619076516861 20.903758161572313 -3.5389278917002356 205 135 135
-19.740828341575043 20.278079295343677 -3.575128816697585 205 135 134
-19.740828341575043 20.278079295343677 -3.575128816697585 205 135 134
-18.85619076516861 20.903758161572313 -3.5389278917002356 205 135 135
-19.07186407430826 21.220631614593465 -2.8358322581952153 207 143 142
-19.740828341575043 20.278079295343677 -3.575128816697585 205 135 134
-19.07186407430826 21.220631614593465 -2.8358322581952153 207 143 142
-19.9677843447583 20.586972050396103 -2.8720331831925647 207 142 141
-19.9677843447583 20.586972050396103 -2.8720331831925647 207 142 141
-19.07186407430826 21.220631614593465 -2.8358322581952153 207 143 142
-19.24302338153388 21.472103810729582 -1.7407351348869682 211 154 153
-19.9677843447583 20.586972050396103 -2.8720331831925647 207 142 141
-19.24302338153388 21.472103810729582 -1.7407351348869682 211 154 153
-20.147897648673847 20.832110728764288 -1.7769360598843176 211 154 152
-20.147897648673847 20.832110728764288 -1.7769360598843176 211 154 152
-19.24302338153388 21.472103810729582 -1.7407351348869682 211 154 153
-19.35291442131721 21.633558899313037 -0.3608322581952157 215 168 166
-20.147897648673847 20.832110728764288 -1.7769360598843176 211 154 152
-19.35291442131721 21.633558899313037 -0.3608322581952157 215 168 166
-20.263537508211257 20.98949944862795 -0.3970331831925651 215 168 166
-20.263537508211257 20.98949944862795 -0.3970331831925651 215 168 166
-19.35291442131721 21.633558899313037 -0.3608322581952157 215 168 166
-19.390780293028364 21.689192531349537 1.168801863960774 221 184 182
-20.263537508211257 20.98949944862795 -0.3970331831925651 215 168 166
-19.390780293028364 21.689192531349537 1.168801863960774 221 184 182
-20.303384288208726 21.043731905495136 1.1326009389634246 220 184 181
-19.390780293028364 21.689192531349537 1.1688018639607751 221 184 182
-18.453036175117166 22.303233172461887 1.2033476189906374 221 185 182
-18.417176451537713 22.246285780258003 2.7329817411466273 226 201 197
-19.390780293028364 21.689192531349537 1.1688018639607751 221 184 182
-18.417176451537713 22.246285780258003 2.7329817411466273 226 201 197
-19.35291442131721 21.633558899313037 2.698435986116765 226 200 197
-19.35291442131721 21.633558899313037 2.698435986116765 226 200 197
-18.417176451537713 22.246285780258003 2.7329817411466273 226 201 197
-18.3131074803927 22.08101801117107 4.112884617838379 230 215 211
-19.35291442131721 21.633558899313037 2.698435986116765 226 200 197
-18.3131074803927 22.08101801117107 4.112884617838379 230 215 211
-19.24302338153388 21.472103810729582 4.078338862808517 230 215 211
-19.24302338153388 21.472103810729582 4.078338862808517 230 215 211
-18.3131074803927 22.08101801117107 4.112884617838379 230 215 211
-18.151016257668953 21.82360742592758 5.207981741146628 234 226 222
-19.24302338153388 21.472103810729582 4.078338862808517 230 215 211
-18.151016257668953 21.82360742592758 5.207981741146628 234 226 222
-19.07186407430826 21.220631614593465 5.173435986116766 234 226 222
-19.07186407430826 21.220631614593465 5.173435986116766 234 226 222
-18.151016257668953 21.82360742592758 5.207981741146628 234 226 222
-17.946769401602634 21.49925116609617 5.911077374651647 236 234 229
-19.07186407430826 21.220631614593465 5.173435986116766 234 226 222
-17.946769401602634 21.49925116609617 5.911077374651647 236 234 229
-18.85619076516861 20.903758161572313 5.876531619621785 236 233 229
-18.85619076516861 20.903758161572313 5.876531619621785 236 233 229
-17.946769401602634 21.49925116609617 5.911077374651647 236 234 229
-17.720360017537036 21.139699482312086 6.1533476189906375 237 236 232
-18.85619076516861 20.903758161572313 5.876531619621785 236 233 229
-17.720360017537036 21.139699482312086 6.1533476189906375 237 236 232
-18.617115060297824 20.552501233034995 6.118801863960775 237 236 231
-18.617115060297824 20.552501233034995 6.118801863960775 237 236 231
-17.720360017537036 21.139699482312086 6.1533476189906375 237 236 232
-17.49395063347144 20.780147798528002 5.911077374651648 236 234 229
-18.617115060297824 20.552501233034995 6.118801863960775 237 236 231
-17.49395063347144 20.780147798528002 5.911077374651648 236 234 229
-18.37803935542704 20.201244304497678 5.876531619621786 236 233 229
-18.37803935542704 20.201244304497678 5.876531619621786 236 233 229
-17.49395063347144 20.780147798528002 5.911077374651648 236 234 229
-17.28970377740512 20.455791538696595 5.207981741146628 234 226 222
-18.37803935542704 20.201244304497678 5.876531619621786 236 233 229
-17.28970377740512 20.455791538696595 5.207981741146628 234 226 222
-18.16236604628739 19.884370851476525 5.173435986116766 234 226 222
-18.16236604628739 19.884370851476525 5.173435986116766 234 226 222
-17.28970377740512 20.455791538696595 5.207981741146628 234 226 222
-17.127612554681374 20.198380953453103 4.112884617838381 230 215 211
-18.16236604628739 19.884370851476525 5.173435986116766 234 226 222
-17.127612554681374 20.198380953453103 4.112884617838381 230 215 211
-17.991206739061766 19.63289865534041 4.078338862808518 230 215 211
-17.991206739061766 19.63289865534041 4.078338862808518 230 215 211
-17.127612554681374 20.198380953453103 4.112884617838381 230 215 211
-17.02354358353636 20.033113184366172 2.7329817411466273 226 201 197
-17.991206739061766 19.63289865534041 4.078338862808518 230 215 211
-17.02354358353636 20.033113184366172 2.7329817411466273 226 201 197
-17.88131569927844 19.471443566756953 2.698435986116765 226 200 197
-17.88131569927844 19.471443566756953 2.698435986116765 226 200 197
-17.02354358353636 20.033113184366172 2.7329817411466273 226 201 197
-16.987683859956906 19.976165792162284 1.203347618990638 221 185 182
-17.88131569927844 19.471443566756953 2.698435986116765 226 200 197
-16.987683859956906 19.976165792162284 1.203347618990638 221 185 182
-17.843449827567284 19.415809934720453 1.1688018639607758 221 184 182
-17.843449827567284 19.415809934720453 1.1688018639607758 221 184 182
-16.987683859956906 19.976165792162284 1.203347618990638 221 185 182
-17.02354358353636 20.033113184366172 -0.3262865031653497 216 169 167
-17.843449827567284 19.415809934720453 1.1688018639607758 221 184 182
-17.02354358353636 20.033113184366172 -0.3262865031653497 216 169 167
-17.88131569927844 19.471443566756953 -0.3608322581952119 215 168 166
-17.88131569927844 19.471443566756953 -0.3608322581952119 215 168 166
-17.02354358353636 20.033113184366172 -0.3262865031653497 216 169 167
-17.127612554681374 20.198380953453103 -1.7061893798571042 211 154 153
-17.88131569927844 19.471443566756953 -0.3608322581952119 215 168 166
-17.127612554681374 20.198380953453103 -1.7061893798571042 211 154 153
-17.991206739061766 19.63289865534041 -1.7407351348869664 211 154 153
-17.991206739061766 19.63289865534041 -1.7407351348869664 211 154 153
-17.127612554681374 20.198380953453103 -1.7061893798571042 211 154 153
-17.28970377740512 20.455791538696595 -2.801286503165352 207 143 142
-17.991206739061766 19.63289865534041 -1.7407351348869664 211 154 153
-17.28970377740512 20.455791538696595 -2.801286503165352 207 143 142
-18.16236604628739 19.884370851476522 -2.8358322581952145 207 143 142
-18.16236604628739 19.884370851476522 -2.8358322581952145 207 143 142
-17.28970377740512 20.455791538696595 -2.801286503165352 207 143 142
-17.49395063347144 20.780147798528002 -3.5043821366703725 205 136 135
-18.16236604628739 19.884370851476522 -2.8358322581952145 207 143 142
-17.49395063347144 20.780147798528002 -3.5043821366703725 205 136 135
-18.37803935542704 20.201244304497678 -3.5389278917002347 205 135 135
-18.37803935542704 20.201244304497678 -3.5389278917002347 205 135 135
-17.49395063347144 20.780147798528002 -3.5043821366703725 205 136 135
-17.720360017537036 21.139699482312086 -3.746652381009363 204 133 133
-18.37803935542704 20.201244304497678 -3.5389278917002347 205 135 135
-17.720360017537036 21.139699482312086 -3.746652381009363 204 133 133
-18.617115060297824 20.552501233034995 -3.781198136039225 204 133 132
-18.617115060297824 20.552501233034995 -3.781198136039225 204 133 132
-17.720360017537036 21.139699482312086 -3.746652381009363 204 133 133
-17.946769401602634 21.49925116609617 -3.5043821366703733 205 136 135
-18.617115060297824 20.552501233034995 -3.781198136039225 204 133 132
-17.946769401602634 21.49925116609617 -3.5043821366703733 205 136 135
-18.85619076516861 20.903758161572313 -3.5389278917002356 205 135 135
-18.85619076516861 20.903758161572313 -3.5389278917002356 205 135 135
-17.946769401602634 21.49925116609617 -3.5043821366703733 205 136 135
-18.151016257668953 21.82360742592758 -2.801286503165353 207 143 142
-18.85619076516861 20.903758161572313 -3.5389278917002356 205 135 135
-18.151016257668953 21.82360742592758 -2.801286503165353 207 143 142
-19.07186407430826 21.220631614593465 -2.8358322581952153 207 143 142
-19.07186407430826 21.220631614593465 -2.8358322581952153 207 143 142
-18.151016257668953 21.82360742592758 -2.801286503165353 207 143 142
-18.3131074803927 22.08101801117107 -1.706189379857106 211 154 153
-19.07186407430826 21.220631614593465 -2.8358322581952153 207 143 142
-18.3131074803927 22.08101801117107 -1.706189379857106 211 154 153
-19.24302338153388 21.472103810729582 -1.7407351348869682 211 154 153
-19.24302338153388 21.472103810729582 -1.7407351348869682 211 154 153
-18.3131074803927 22.08101801117107 -1.706189379857106 211 154 153
-18.417176451537713 22.246285780258003 -0.32628650316535346 216 169 167
-19.24302338153388 21.472103810729582 -1.7407351348869682 211 154 153
-18.417176451537713 22.246285780258003 -0.32628650316535346 216 169 167
-19.35291442131721 21.633558899313037 -0.3608322581952157 215 168 166
-19.35291442131721 21.633558899313037 -0.3608322581952157 215 168 166
-18.417176451537713 22.246285780258003 -0.32628650316535346 216 169 167
-18.453036175117166 22.303233172461887 1.2033476189906362 221 185 182
-19.35291442131721 21.633558899313037 -0.3608322581952157 215 168 166
-18.453036175117166 22.303233172461887 1.2033476189906362 221 185 182
-19.390780293028364 21.689192531349537 1.168801863960774 221 184 182
-18.453036175117166 22.303233172461887 1.2033476189906374 221 185 182
-17.49150793941957 22.88525559933205 1.2361892829330237 221 185 182
-17.45767641974518 22.827080402464837 2.765823405089013 226 201 198
-18.453036175117166 22.303233172461887 1.2033476189906374 221 185 182
-17.45767641974518 22.827080402464837 2.765823405089013 226 201 198
-18.417176451537713 22.246285780258003 2.7329817411466273 226 201 197
-18.417176451537713 22.246285780258003 2.7329817411466273 226 201 197
-17.45767641974518 22.827080402464837 2.765823405089013 226 201 198
-17.359493525585787 22.658249405462985 4.145726281780766 230 215 211
-18.417176451537713 22.246285780258003 2.7329817411466273 226 201 197
-17.359493525585787 22.658249405462985 4.145726281780766 230 215 211
-18.3131074803927 22.08101801117107 4.112884617838379 230 215 211
-18.3131074803927 22.08101801117107 4.112884617838379 230 215 211
-17.359493525585787 22.658249405462985 4.145726281780766 230 215 211
-17.206570082702168 22.395288962627763 5.240823405089014 234 227 222
-18.3131074803927 22.08101801117107 4.112884617838379 230 215 211
-17.206570082702168 22.395288962627763 5.240823405089014 234 227 222
-18.151016257668953 21.82360742592758 5.207981741146628 234 226 222
-18.151016257668953 21.82360742592758 5.207981741146628 234 226 222
-17.206570082702168 22.395288962627763 5.240823405089014 234 227 222
-17.01387530316405 22.063939474257023 5.943919038594034 236 234 229
-18.151016257668953 21.82360742592758 5.207981741146628 234 226 222
-17.01387530316405 22.063939474257023 5.943919038594034 236 234 229
-17.946769401602634 21.49925116609617 5.911077374651647 236 234 229
-17.946769401602634 21.49925116609617 5.911077374651647 236 234 229
-17.01387530316405 22.063939474257023 5.943919038594034 236 234 229
-16.80027149457609 21.696635736920125 6.186189282933023 237 237 232
-17.946769401602634 21.49925116609617 5.911077374651647 236 234 229
-16.80027149457609 21.696635736920125 6.186189282933023 237 237 232
-17.720360017537036 21.139699482312086 6.1533476189906375 237 236 232
-17.720360017537036 21.139699482312086 6.1533476189906375 237 236 232
-16.80027149457609 21.696635736920125 6.186189282933023 237 237 232
-16.586667685988136 21.32933199958323 5.943919038594034 236 234 229
-17.720360017537036 21.139699482312086 6.1533476189906375 237 236 232
-16.586667685988136 21.32933199958323 5.943919038594034 236 234 229
-17.49395063347144 20.780147798528002 5.911077374651648 236 234 229
-17.49395063347144 20.780147798528002 5.911077374651648 236 234 229
-16.586667685988136 21.32933199958323 5.943919038594034 236 234 229
-16.393972906450013 20.997982511212488 5.240823405089014 234 227 222
-17.49395063347144 20.780147798528002 5.911077374651648 236 234 229
-16.393972906450013 20.997982511212488 5.240823405089014 234 227 222
-17.28970377740512 20.455791538696595 5.207981741146628 234 226 222
-17.28970377740512 20.455791538696595 5.207981741146628 234 226 222
-16.393972906450013 20.997982511212488 5.240823405089014 234 227 222
-16.241049463566394 20.735022068377265 4.1457262817807665 230 215 211
-17.28970377740512 20.455791538696595 5.207981741146628 234 226 222
-16.241049463566394 20.735022068377265 4.1457262817807665 230 215 211
-17.127612554681374 20.198380953453103 4.112884617838381 230 215 211
-17.127612554681374 20.198380953453103 4.112884617838381 230 215 211
-16.241049463566394 20.735022068377265 4.1457262817807665 230 215 211
-16.142866569407005 20.566191071375414 2.765823405089014 226 201 198
-17.127612554681374 20.198380953453103 4.112884617838381 230 215 211
-16.142866569407005 20.566191071375414 2.765823405089014 226 201 198
-17.02354358353636 20.033113184366172 2.7329817411466273 226 201 197
-17.02354358353636 20.033113184366172 2.7329817411466273 226 201 197
-16.142866569407005 20.566191071375414 2.765823405089014 226 201 198
-16.10903504973261 20.5080158745082 1.2361892829330243 221 185 182
-17.02354358353636 20.033113184366172 2.7329817411466273 226 201 197
-16.10903504973261 20.5080158745082 1.2361892829330243 221 185 182
-16.987683859956906 19.976165792162284 1.203347618990638 221 185 182
-16.987683859956906 19.976165792162284 1.203347618990638 221 185 182
-16.10903504973261 20.5080158745082 1.2361892829330243 221 185 182
-16.142866569407005 20.566191071375414 -0.2934448392229634 216 169 167
-16.987683859956906 19.976165792162284 1.203347618990638 221 185 182
-16.142866569407005 20.566191071375414 -0.2934448392229634 216 169 167
-17.02354358353636 20.033113184366172 -0.3262865031653497 216 169 167
-17.02354358353636 20.033113184366172 -0.3262865031653497 216 169 167
-16.142866569407005 20.566191071375414 -0.2934448392229634 216 169 167
-16.241049463566394 20.735022068377265 -1.6733477159147179 211 155 153
-17.02354358353636 20.033113184366172 -0.3262865031653497 216 169 167
-16.241049463566394 20.735022068377265 -1.6733477159147179 211 155 153
-17.127612554681374 20.198380953453103 -1.7061893798571042 211 154 153
-17.127612554681374 20.198380953453103 -1.7061893798571042 211 154 153
-16.241049463566394 20.735022068377265 -1.6733477159147179 211 155 153
-16.393972906450013 20.997982511212488 -2.768444839222966 207 143 142
-17.127612554681374 20.198380953453103 -1.7061893798571042 211 154 153
-16.393972906450013 20.997982511212488 -2.768444839222966 207 143 142
-17.28970377740512 20.455791538696595 -2.801286503165352 207 143 142
-17.28970377740512 20.455791538696595 -2.801286503165352 207 143 142
-16.393972906450013 20.997982511212488 -2.768444839222966 207 143 142
-16.586667685988136 21.32933199958323 -3.471540472727986 205 136 135
-17.28970377740512 20.455791538696595 -2.801286503165352 207 143 142
-16.586667685988136 21.32933199958323 -3.471540472727986 205 136 135
-17.49395063347144 20.780147798528002 -3.5043821366703725 205 136 135
-17.49395063347144 20.780147798528002 -3.5043821366703725 205 136 135
-16.586667685988136 21.32933199958323 -3.471540472727986 205 136 135
-16.80027149457609 21.696635736920125 -3.7138107170669765 204 133 133
-17.49395063347144 20.780147798528002 -3.5043821366703725 205 136 135
-16.80027149457609 21.696635736920125 -3.7138107170669765 204 133 133
-17.720360017537036 21.139699482312086 -3.746652381009363 204 133 133
-17.720360017537036 21.139699482312086 -3.746652381009363 204 133 133
-16.80027149457609 21.696635736920125 -3.7138107170669765 204 133 133
-17.01387530316405 22.063939474257023 -3.471540472727987 205 136 135
-17.720360017537036 21.139699482312086 -3.746652381009363 204 133 133
-17.01387530316405 22.063939474257023 -3.471540472727987 205 136 135
-17.946769401602634 21.49925116609617 -3.5043821366703733 205 136 135
-17.946769401602634 21.49925116609617 -3.5043821366703733 205 136 135
-17.01387530316405 22.063939474257023 -3.471540472727987 205 136 135
-17.206570082702168 22.395288962627763 -2.768444839222967 207 143 142
-17.946769401602634 21.49925116609617 -3.5043821366703733 205 136 135
-17.206570082702168 22.395288962627763 -2.768444839222967 207 143 142
-18.151016257668953 21.82360742592758 -2.801286503165353 207 143 142
-18.151016257668953 21.82360742592758 -2.801286503165353 207 143 142
-17.206570082702168 22.395288962627763 -2.768444839222967 207 143 142
-17.359493525585787 22.658249405462985 -1.6733477159147196 211 155 153
-18.151016257668953 21.82360742592758 -2.801286503165353 207 143 142
-17.359493525585787 22.658249405462985 -1.6733477159147196 211 155 153
-18.3131074803927 22.08101801117107 -1.706189379857106 211 154 153
-18.3131074803927 22.08101801117107 -1.706189379857106 211 154 153
-17.359493525585787 22.658249405462985 -1.6733477159147196 211 155 153
-17.45767641974518 22.827080402464837 -0.29344483922296716 216 169 167
-18.3131074803927 22.08101801117107 -1.706189379857106 211 154 153
-17.45767641974518 22.827080402464837 -0.29344483922296716 216 169 167
-18.417176451537713 22.246285780258003 -0.32628650316535346 216 169 167
-18.417176451537713 22.246285780258003 -0.32628650316535346 216 169 167
-17.45767641974518 22.827080402464837 -0.29344483922296716 216 169 167
-17.49150793941957 22.88525559933205 1.2361892829330225 221 185 182
-18.417176451537713 22.246285780258003 -0.32628650316535346 216 169 167
-17.49150793941957 22.88525559933205 1.2361892829330225 221 185 182
-18.453036175117166 22.303233172461887 1.2033476189906362 221 185 182
-17.49150793941957 22.88525559933205 1.2361892829330237 221 185 182
-16.507557907473355 23.434702880498488 1.2672803478745607 221 185 183
-16.475773767002536 23.375384302729383 2.7969144700305506 226 201 198
-17.49150793941957 22.88525559933205 1.2361892829330237 221 185 182
-16.475773767002536 23.375384302729383 2.7969144700305506 226 201 198
-17.45767641974518 22.827080402464837 2.765823405089013 226 201 198
-17.45767641974518 22.827080402464837 2.765823405089013 226 201 198
-16.475773767002536 23.375384302729383 2.7969144700305506 226 201 198
-16.383532598712506 23.203235085110936 4.176817346722302 231 216 212
-17.45767641974518 22.827080402464837 2.765823405089013 226 201 198
-16.383532598712506 23.203235085110936 4.176817346722302 231 216 212
-17.359493525585787 22.658249405462985 4.145726281780766 230 215 211
-17.359493525585787 22.658249405462985 4.145726281780766 230 215 211
-16.383532598712506 23.203235085110936 4.176817346722302 231 216 212
-16.23986361083749 22.935106392497772 5.271914470030551 234 227 223
-17.359493525585787 22.658249405462985 4.145726281780766 230 215 211
-16.23986361083749 22.935106392497772 5.271914470030551 234 227 223
-17.206570082702168 22.395288962627763 5.240823405089014 234 227 222
-17.206570082702168 22.395288962627763 5.240823405089014 234 227 222
-16.23986361083749 22.935106392497772 5.271914470030551 234 227 223
-16.058830124911402 22.59724452948532 5.9750101035355705 237 234 230
-17.206570082702168 22.395288962627763 5.240823405089014 234 227 222
-16.058830124911402 22.59724452948532 5.9750101035355705 237 234 230
-17.01387530316405 22.063939474257023 5.943919038594034 236 234 229
-17.01387530316405 22.063939474257023 5.943919038594034 236 234 229
-16.058830124911402 22.59724452948532 5.9750101035355705 237 234 230
-15.858152959871147 22.222721769247258 6.217280347874561 237 237 232
-17.01387530316405 22.063939474257023 5.943919038594034 236 234 229
-15.858152959871147 22.222721769247258 6.217280347874561 237 237 232
-16.80027149457609 21.696635736920125 6.186189282933023 237 237 232
-16.80027149457609 21.696635736920125 6.186189282933023 237 237 232
-15.858152959871147 22.222721769247258 6.217280347874561 237 237 232
-15.65747579483089 21.848199009009193 5.975010103535571 237 234 230
-16.80027149457609 21.696635736920125 6.186189282933023 237 237 232
-15.65747579483089 21.848199009009193 5.975010103535571 237 234 230
-16.586667685988136 21.32933199958323 5.943919038594034 236 234 229
-16.586667685988136 21.32933199958323 5.943919038594034 236 234 229
-15.65747579483089 21.848199009009193 5.975010103535571 237 234 230
-15.476442308904803 21.510337145996736 5.271914470030551 234 227 223
-16.586667685988136 21.32933199958323 5.943919038594034 236 234 229
-15.476442308904803 21.510337145996736 5.271914470030551 234 227 223
-16.393972906450013 20.997982511212488 5.240823405089014 234 227 222
-16.393972906450013 20.997982511212488 5.240823405089014 234 227 222
-15.476442308904803 21.510337145996736 5.271914470030551 234 227 223
-15.332773321029787 21.242208453383576 4.176817346722304 231 216 212
-16.393972906450013 20.997982511212488 5.240823405089014 234 227 222
-15.332773321029787 21.242208453383576 4.176817346722304 231 216 212
-16.241049463566394 20.735022068377265 4.1457262817807665 230 215 211
-16.241049463566394 20.735022068377265 4.1457262817807665 230 215 211
-15.332773321029787 21.242208453383576 4.176817346722304 231 216 212
-15.240532152739753 21.07005923576513 2.7969144700305506 226 201 198
-16.241049463566394 20.735022068377265 4.1457262817807665 230 215 211
-15.240532152739753 21.07005923576513 2.7969144700305506 226 201 198
-16.142866569407005 20.566191071375414 2.765823405089014 226 201 198
-16.142866569407005 20.566191071375414 2.765823405089014 226 201 198
-15.240532152739753 21.07005923576513 2.7969144700305506 226 201 198
-15.208748012268938 21.010740657996024 1.2672803478745613 221 185 183
-16.142866569407005 20.566191071375414 2.765823405089014 226 201 198
-15.208748012268938 21.010740657996024 1.2672803478745613 221 185 183
-16.10903504973261 20.5080158745082 1.2361892829330243 221 185 182
-16.10903504973261 20.5080158745082 1.2361892829330243 221 185 182
-15.208748012268938 21.010740657996024 1.2672803478745613 221 185 183
-15.240532152739753 21.07005923576513 -0.26235377428142637 216 169 167
-16.10903504973261 20.5080158745082 1.2361892829330243 221 185 182
-15.240532152739753 21.07005923576513 -0.26235377428142637 216 169 167
-16.142866569407005 20.566191071375414 -0.2934448392229634 216 169 167
-16.142866569407005 20.566191071375414 -0.2934448392229634 216 169 167
-15.240532152739753 21.07005923576513 -0.26235377428142637 216 169 167
-15.332773321029787 21.242208453383576 -1.6422566509731809 211 155 154
-16.142866569407005 20.566191071375414 -0.2934448392229634 216 169 167
-15.332773321029787 21.242208453383576 -1.6422566509731809 211 155 154
-16.241049463566394 20.735022068377265 -1.6733477159147179 211 155 153
-16.241049463566394 20.735022068377265 -1.6733477159147179 211 155 153
-15.332773321029787 21.242208453383576 -1.6422566509731809 211 155 154
-15.476442308904803 21.510337145996736 -2.737353774281429 208 144 143
-16.241049463566394 20.735022068377265 -1.6733477159147179 211 155 153
-15.476442308904803 21.510337145996736 -2.737353774281429 208 144 143
-16.393972906450013 20.997982511212488 -2.768444839222966 207 143 142
-16.393972906450013 20.997982511212488 -2.768444839222966 207 143 142
-15.476442308904803 21.510337145996736 -2.737353774281429 208 144 143
-15.65747579483089 21.848199009009193 -3.440449407786449 205 136 136
-16.393972906450013 20.997982511212488 -2.768444839222966 207 143 142
-15.65747579483089 21.848199009009193 -3.440449407786449 205 136 136
-16.586667685988136 21.32933199958323 -3.471540472727986 205 136 135
-16.586667685988136 21.32933199958323 -3.471540472727986 205 136 135
-15.65747579483089 21.848199009009193 -3.440449407786449 205 136 136
-15.858152959871147 22.222721769247258 -3.6827196521254395 204 134 133
-16.586667685988136 21.32933199958323 -3.471540472727986 205 136 135
-15.858152959871147 22.222721769247258 -3.6827196521254395 204 134 133
-16.80027149457609 21.696635736920125 -3.7138107170669765 204 133 133
-16.80027149457609 21.696635736920125 -3.7138107170669765 204 133 133
-15.858152959871147 22.222721769247258 -3.6827196521254395 204 134 133
-16.058830124911402 22.59724452948532 -3.44044940778645 205 136 136
-16.80027149457609 21.696635736920125 -3.7138107170669765 204 133 133
-16.058830124911402 22.59724452948532 -3.44044940778645 205 136 136
-17.01387530316405 22.063939474257023 -3.471540472727987 205 136 135
-17.01387530316405 22.063939474257023 -3.471540472727987 205 136 135
-16.058830124911402 22.59724452948532 -3.44044940778645 205 136 136
-16.23986361083749 22.935106392497772 -2.73735377428143 208 144 143
-17.01387530316405 22.063939474257023 -3.471540472727987 205 136 135
-16.23986361083749 22.935106392497772 -2.73735377428143 208 144 143
-17.206570082702168 22.395288962627763 -2.768444839222967 207 143 142
-17.206570082702168 22.395288962627763 -2.768444839222967 207 143 142
-16.23986361083749 22.935106392497772 -2.73735377428143 208 144 143
-16.383532598712506 23.203235085110936 -1.6422566509731826 211 155 154
-17.206570082702168 22.395288962627763 -2.768444839222967 207 143 142
-16.383532598712506 23.203235085110936 -1.6422566509731826 211 155 154
-17.359493525585787 22.658249405462985 -1.6733477159147196 211 155 153
-17.359493525585787 22.658249405462985 -1.6733477159147196 211 155 153
-16.383532598712506 23.203235085110936 -1.6422566509731826 211 155 154
-16.475773767002536 23.375384302729383 -0.26235377428143014 216 169 167
-17.359493525585787 22.658249405462985 -1.6733477159147196 211 155 153
-16.475773767002536 23.375384302729383 -0.26235377428143014 216 169 167
-17.45767641974518 22.827080402464837 -0.29344483922296716 216 169 167
-17.45767641974518 22.827080402464837 -0.29344483922296716 216 169 167
-16.475773767002536 23.375384302729383 -0.26235377428143014 216 169 167
-16.507557907473355 23.434702880498488 1.2672803478745596 221 185 183
-17.45767641974518 22.827080402464837 -0.29344483922296716 216 169 167
-16.507557907473355 23.434702880498488 1.2672803478745596 221 185 183
-17.49150793941957 22.88525559933205 1.2361892829330225 221 185 182
-16.507557907473355 23.434702880498488 1.2672803478745607 221 185 183
-15.502554291323932 23.951057580258748 1.2965767849695262 221 186 183
-15.472834114164538 23.890678475233646 2.8262109071255157 226 202 198
-16.507557907473355 23.434702880498488 1.2672803478745607 221 185 183
-15.472834114164538 23.890678475233646 2.8262109071255157 226 202 198
-16.475773767002536 23.375384302729383 2.7969144700305506 226 201 198
-16.475773767002536 23.375384302729383 2.7969144700305506 226 201 198
-15.472834114164538 23.890678475233646 2.8262109071255157 226 202 198
-15.386582800699365 23.71545148764416 4.206113783817268 231 216 212
-16.475773767002536 23.375384302729383 2.7969144700305506 226 201 198
-15.386582800699365 23.71545148764416 4.206113783817268 231 216 212
-16.383532598712506 23.203235085110936 4.176817346722302 231 216 212
-16.383532598712506 23.203235085110936 4.176817346722302 231 216 212
-15.386582800699365 23.71545148764416 4.206113783817268 231 216 212
-15.252243230438625 23.44252905591376 5.301210907125517 234 227 223
-16.383532598712506 23.203235085110936 4.176817346722302 231 216 212
-15.252243230438625 23.44252905591376 5.301210907125517 234 227 223
-16.23986361083749 22.935106392497772 5.271914470030551 234 227 223
-16.23986361083749 22.935106392497772 5.271914470030551 234 227 223
-15.252243230438625 23.44252905591376 5.301210907125517 234 227 223
-15.082965496518261 23.098626729222612 6.004306540630536 237 235 230
-16.23986361083749 22.935106392497772 5.271914470030551 234 227 223
-15.082965496518261 23.098626729222612 6.004306540630536 237 235 230
-16.058830124911402 22.59724452948532 5.9750101035355705 237 234 230
-16.058830124911402 22.59724452948532 5.9750101035355705 237 234 230
-15.082965496518261 23.098626729222612 6.004306540630536 237 235 230
-14.895319682961722 22.717408063415654 6.246576784969527 237 237 232
-16.058830124911402 22.59724452948532 5.9750101035355705 237 234 230
-14.895319682961722 22.717408063415654 6.246576784969527 237 237 232
-15.858152959871147 22.222721769247258 6.217280347874561 237 237 232
-15.858152959871147 22.222721769247258 6.217280347874561 237 237 232
-14.895319682961722 22.717408063415654 6.246576784969527 237 237 232
-14.707673869405184 22.3361893976087 6.004306540630537 237 235 230
-15.858152959871147 22.222721769247258 6.217280347874561 237 237 232
-14.707673869405184 22.3361893976087 6.004306540630537 237 235 230
-15.65747579483089 21.848199009009193 5.975010103535571 237 234 230
-15.65747579483089 21.848199009009193 5.975010103535571 237 234 230
-14.707673869405184 22.3361893976087 6.004306540630537 237 235 230
-14.538396135484819 21.992287070917552 5.301210907125517 234 227 223
-15.65747579483089 21.848199009009193 5.975010103535571 237 234 230
-14.538396135484819 21.992287070917552 5.301210907125517 234 227 223
-15.476442308904803 21.510337145996736 5.271914470030551 234 227 223
-15.476442308904803 21.510337145996736 5.271914470030551 234 227 223
-14.538396135484819 21.992287070917552 5.301210907125517 234 227 223
-14.404056565224078 21.71936463918715 4.206113783817269 231 216 212
-15.476442308904803 21.510337145996736 5.271914470030551 234 227 223
-14.404056565224078 21.71936463918715 4.206113783817269 231 216 212
-15.332773321029787 21.242208453383576 4.176817346722304 231 216 212
-15.332773321029787 21.242208453383576 4.176817346722304 231 216 212
-14.404056565224078 21.71936463918715 4.206113783817269 231 216 212
-14.317805251758905 21.544137651597666 2.8262109071255166 226 202 198
-15.332773321029787 21.242208453383576 4.176817346722304 231 216 212
-14.317805251758905 21.544137651597666 2.8262109071255166 226 202 198
-15.240532152739753 21.07005923576513 2.7969144700305506 226 201 198
-15.240532152739753 21.07005923576513 2.7969144700305506 226 201 198
-14.317805251758905 21.544137651597666 2.8262109071255166 226 202 198
-14.288085074599511 21.483758546572563 1.2965767849695269 221 186 183
-15.240532152739753 21.07005923576513 2.7969144700305506 226 201 198
-14.288085074599511 21.483758546572563 1.2965767849695269 221 186 183
-15.208748012268938 21.010740657996024 1.2672803478745613 221 185 183
-15.208748012268938 21.010740657996024 1.2672803478745613 221 185 183
-14.288085074599511 21.483758546572563 1.2965767849695269 221 186 183
-14.317805251758905 21.544137651597666 -0.23305733718646082 216 170 168
-15.208748012268938 21.010740657996024 1.2672803478745613 221 185 183
-14.317805251758905 21.544137651597666 -0.23305733718646082 216 170 168
-15.240532152739753 21.07005923576513 -0.26235377428142637 216 169 167
-15.240532152739753 21.07005923576513 -0.26235377428142637 216 169 167
-14.317805251758905 21.544137651597666 -0.23305733718646082 216 170 168
-14.404056565224078 21.71936463918715 -1.6129602138782153 211 155 154
-15.240532152739753 21.07005923576513 -0.26235377428142637 216 169 167
-14.404056565224078 21.71936463918715 -1.6129602138782153 211 155 154
-15.332773321029787 21.242208453383576 -1.6422566509731809 211 155 154
-15.332773321029787 21.242208453383576 -1.6422566509731809 211 155 154
-14.404056565224078 21.71936463918715 -1.6129602138782153 211 155 154
-14.538396135484819 21.992287070917552 -2.7080573371864634 208 144 143
-15.332773321029787 21.242208453383576 -1.6422566509731809 211 155 154
-14.538396135484819 21.992287070917552 -2.7080573371864634 208 144 143
-15.476442308904803 21.510337145996736 -2.737353774281429 208 144 143
-15.476442308904803 21.510337145996736 -2.737353774281429 208 144 143
-14.538396135484819 21.992287070917552 -2.7080573371864634 208 144 143
-14.707673869405184 22.3361893976087 -3.4111529706914836 205 137 136
-15.476442308904803 21.510337145996736 -2.737353774281429 208 144 143
-14.707673869405184 22.3361893976087 -3.4111529706914836 205 137 136
-15.65747579483089 21.848199009009193 -3.440449407786449 205 136 136
-15.65747579483089 21.848199009009193 -3.440449407786449 205 136 136
-14.707673869405184 22.3361893976087 -3.4111529706914836 205 137 136
-14.895319682961722 22.717408063415654 -3.653423215030474 204 134 133
-15.65747579483089 21.848199009009193 -3.440449407786449 205 136 136
-14.895319682961722 22.717408063415654 -3.653423215030474 204 134 133
-15.858152959871147 22.222721769247258 -3.6827196521254395 204 134 133
-15.858152959871147 22.222721769247258 -3.6827196521254395 204 134 133
-14.895319682961722 22.717408063415654 -3.653423215030474 204 134 133
-15.082965496518261 23.098626729222612 -3.4111529706914845 205 137 136
-15.858152959871147 22.222721769247258 -3.6827196521254395 204 134 133
-15.082965496518261 23.098626729222612 -3.4111529706914845 205 137 136
-16.058830124911402 22.59724452948532 -3.44044940778645 205 136 136
-16.058830124911402 22.59724452948532 -3.44044940778645 205 136 136
-15.082965496518261 23.098626729222612 -3.4111529706914845 205 137 136
-15.252243230438625 23.44252905591376 -2.7080573371864642 208 144 143
-16.058830124911402 22.59724452948532 -3.44044940778645 205 136 136
-15.252243230438625 23.44252905591376 -2.7080573371864642 208 144 143
-16.23986361083749 22.935106392497772 -2.73735377428143 208 144 143
-16.23986361083749 22.935106392497772 -2.73735377428143 208 144 143
-15.252243230438625 23.44252905591376 -2.7080573371864642 208 144 143
-15.386582800699365 23.71545148764416 -1.612960213878217 211 155 154
-16.23986361083749 22.935106392497772 -2.73735377428143 208 144 143
-15.386582800699365 23.71545148764416 -1.612960213878217 211 155 154
-16.383532598712506 23.203235085110936 -1.6422566509731826 211 155 154
-16.383532598712506 23.203235085110936 -1.6422566509731826 211 155 154
-15.386582800699365 23.71545148764416 -1.612960213878217 211 155 154
-15.472834114164538 23.890678475233646 -0.2330573371864646 216 170 168
-16.383532598712506 23.203235085110936 -1.6422566509731826 211 155 154
-15.472834114164538 23.890678475233646 -0.2330573371864646 216 170 168
-16.475773767002536 23.375384302729383 -0.26235377428143014 216 169 167
-16.475773767002536 23.375384302729383 -0.26235377428143014 216 169 167
-15.472834114164538 23.890678475233646 -0.2330573371864646 216 170 168
-15.502554291323932 23.951057580258748 1.296576784969525 221 186 183
-16.475773767002536 23.375384302729383 -0.26235377428143014 216 169 167
-15.502554291323932 23.951057580258748 1.296576784969525 221 186 183
-16.507557907473355 23.434702880498488 1.2672803478745596 221 185 183
-15.502554291323932 23.951057580258748 1.2965767849695262 221 186 183
-14.477870886039199 24.433840208113995 1.3240371067902137 221 186 183
-14.450228938116627 24.372481851152095 2.8536712289462036 226 202 199
-15.502554291323932 23.951057580258748 1.2965767849695262 221 186 183
-14.450228938116627 24.372481851152095 2.8536712289462036 226 202 199
-15.472834114164538 23.890678475233646 2.8262109071255157 226 202 198
-15.472834114164538 23.890678475233646 2.8262109071255157 226 202 198
-14.450228938116627 24.372481851152095 2.8536712289462036 226 202 199
-14.370008880804352 24.194412963754637 4.233574105637956 231 216 212
-15.472834114164538 23.890678475233646 2.8262109071255157 226 202 198
-14.370008880804352 24.194412963754637 4.233574105637956 231 216 212
-15.386582800699365 23.71545148764416 4.206113783817268 231 216 212
-15.386582800699365 23.71545148764416 4.206113783817268 231 216 212
-14.370008880804352 24.194412963754637 4.233574105637956 231 216 212
-14.245063212238101 23.91706416929898 5.328671228946204 234 228 223
-15.386582800699365 23.71545148764416 4.206113783817268 231 216 212
-14.245063212238101 23.91706416929898 5.328671228946204 234 228 223
-15.252243230438625 23.44252905591376 5.301210907125517 234 227 223
-15.252243230438625 23.44252905591376 5.301210907125517 234 227 223
-14.245063212238101 23.91706416929898 5.328671228946204 234 228 223
-14.087622485004804 23.567584300189115 6.0317668624512235 237 235 230
-15.252243230438625 23.44252905591376 5.301210907125517 234 227 223
-14.087622485004804 23.567584300189115 6.0317668624512235 237 235 230
-15.082965496518261 23.098626729222612 6.004306540630536 237 235 230
-15.082965496518261 23.098626729222612 6.004306540630536 237 235 230
-14.087622485004804 23.567584300189115 6.0317668624512235 237 235 230
-13.913098094440102 23.180182880982947 6.274037106790214 238 237 233
-15.082965496518261 23.098626729222612 6.004306540630536 237 235 230
-13.913098094440102 23.180182880982947 6.274037106790214 238 237 233
-14.895319682961722 22.717408063415654 6.246576784969527 237 237 232
-14.895319682961722 22.717408063415654 6.246576784969527 237 237 232
-13.913098094440102 23.180182880982947 6.274037106790214 238 237 233
-13.738573703875401 22.79278146177678 6.031766862451224 237 235 230
-14.895319682961722 22.717408063415654 6.246576784969527 237 237 232
-13.738573703875401 22.79278146177678 6.031766862451224 237 235 230
-14.707673869405184 22.3361893976087 6.004306540630537 237 235 230
-14.707673869405184 22.3361893976087 6.004306540630537 237 235 230
-13.738573703875401 22.79278146177678 6.031766862451224 237 235 230
-13.581132976642103 22.443301592666916 5.328671228946204 234 228 223
-14.707673869405184 22.3361893976087 6.004306540630537 237 235 230
-13.581132976642103 22.443301592666916 5.328671228946204 234 228 223
-14.538396135484819 21.992287070917552 5.301210907125517 234 227 223
-14.538396135484819 21.992287070917552 5.301210907125517 234 227 223
-13.581132976642103 22.443301592666916 5.328671228946204 234 228 223
-13.456187308075853 22.165952798211258 4.233574105637956 231 216 212
-14.538396135484819 21.992287070917552 5.301210907125517 234 227 223
-13.456187308075853 22.165952798211258 4.233574105637956 231 216 212
-14.404056565224078 21.71936463918715 4.206113783817269 231 216 212
-14.404056565224078 21.71936463918715 4.206113783817269 231 216 212
-13.456187308075853 22.165952798211258 4.233574105637956 231 216 212
-13.375967250763576 21.9878839108138 2.8536712289462036 226 202 199
-14.404056565224078 21.71936463918715 4.206113783817269 231 216 212
-13.375967250763576 21.9878839108138 2.8536712289462036 226 202 199
-14.317805251758905 21.544137651597666 2.8262109071255166 226 202 198
-14.317805251758905 21.544137651597666 2.8262109071255166 226 202 198
-13.375967250763576 21.9878839108138 2.8536712289462036 226 202 199
-13.348325302841005 21.9265255538519 1.3240371067902144 221 186 183
-14.317805251758905 21.544137651597666 2.8262109071255166 226 202 198
-13.348325302841005 21.9265255538519 1.3240371067902144 221 186 183
-14.288085074599511 21.483758546572563 1.2965767849695269 221 186 183
-14.288085074599511 21.483758546572563 1.2965767849695269 221 186 183
-13.348325302841005 21.9265255538519 1.3240371067902144 221 186 183
-13.375967250763576 21.9878839108138 -0.20559701536577335 216 170 168
-14.288085074599511 21.483758546572563 1.2965767849695269 221 186 183
-13.375967250763576 21.9878839108138 -0.20559701536577335 216 170 168
-14.317805251758905 21.544137651597666 -0.23305733718646082 216 170 168
-14.317805251758905 21.544137651597666 -0.23305733718646082 216 170 168
-13.375967250763576 21.9878839108138 -0.20559701536577335 216 170 168
-13.456187308075853 22.165952798211258 -1.5854998920575278 211 156 154
-14.317805251758905 21.544137651597666 -0.23305733718646082 216 170 168
-13.456187308075853 22.165952798211258 -1.5854998920575278 211 156 154
-14.404056565224078 21.71936463918715 -1.6129602138782153 211 155 154
-14.404056565224078 21.71936463918715 -1.6129602138782153 211 155 154
-13.456187308075853 22.165952798211258 -1.5854998920575278 211 156 154
-13.581132976642103 22.443301592666916 -2.680597015365776 208 144 143
-14.404056565224078 21.71936463918715 -1.6129602138782153 211 155 154
-13.581132976642103 22.443301592666916 -2.680597015365776 208 144 143
-14.538396135484819 21.992287070917552 -2.7080573371864634 208 144 143
-14.538396135484819 21.992287070917552 -2.7080573371864634 208 144 143
-13.581132976642103 22.443301592666916 -2.680597015365776 208 144 143
-13.738573703875401 22.79278146177678 -3.383692648870796 205 137 136
-14.538396135484819 21.992287070917552 -2.7080573371864634 208 144 143
-13.738573703875401 22.79278146177678 -3.383692648870796 205 137 136
-14.707673869405184 22.3361893976087 -3.4111529706914836 205 137 136
-14.707673869405184 22.3361893976087 -3.4111529706914836 205 137 136
-13.738573703875401 22.79278146177678 -3.383692648870796 205 137 136
-13.913098094440102 23.180182880982947 -3.6259628932097865 205 134 134
-14.707673869405184 22.3361893976087 -3.4111529706914836 205 137 136
-13.913098094440102 23.180182880982947 -3.6259628932097865 205 134 134
-14.895319682961722 22.717408063415654 -3.653423215030474 204 134 133
-14.895319682961722 22.717408063415654 -3.653423215030474 204 134 133
-13.913098094440102 23.180182880982947 -3.6259628932097865 205 134 134
-14.087622485004804 23.567584300189115 -3.383692648870797 205 137 136
-14.895319682961722 22.717408063415654 -3.653423215030474 204 134 133
-14.087622485004804 23.567584300189115 -3.383692648870797 205 137 136
-15.082965496518261 23.098626729222612 -3.4111529706914845 205 137 136
-15.082965496518261 23.098626729222612 -3.4111529706914845 205 137 136
-14.087622485004804 23.567584300189115 -3.383692648870797 205 137 136
-14.245063212238101 23.91706416929898 -2.6805970153657768 208 144 143
-15.082965496518261 23.098626729222612 -3.4111529706914845 205 137 136
-14.245063212238101 23.91706416929898 -2.6805970153657768 208 144 143
-15.252243230438625 23.44252905591376 -2.7080573371864642 208 144 143
-15.252243230438625 23.44252905591376 -2.7080573371864642 208 144 143
-14.245063212238101 23.91706416929898 -2.6805970153657768 208 144 143
-14.370008880804352 24.194412963754637 -1.5854998920575296 211 156 154
-15.252243230438625 23.44252905591376 -2.7080573371864642 208 144 143
-14.370008880804352 24.194412963754637 -1.5854998920575296 211 156 154
-15.386582800699365 23.71545148764416 -1.612960213878217 211 155 154
-15.386582800699365 23.71545148764416 -1.612960213878217 211 155 154
-14.370008880804352 24.194412963754637 -1.5854998920575296 211 156 154
-14.450228938116627 24.372481851152095 -0.20559701536577712 216 170 168
-15.386582800699365 23.71545148764416 -1.612960213878217 211 155 154
-14.450228938116627 24.372481851152095 -0.20559701536577712 216 170 168
-15.472834114164538 23.890678475233646 -0.2330573371864646 216 170 168
-15.472834114164538 23.890678475233646 -0.2330573371864646 216 170 168
-14.450228938116627 24.372481851152095 -0.20559701536577712 216 170 168
-14.477870886039199 24.433840208113995 1.3240371067902126 221 186 183
-15.472834114164538 23.890678475233646 -0.2330573371864646 216 170 168
-14.477870886039199 24.433840208113995 1.3240371067902126 221 186 183
-15.502554291323932 23.951057580258748 1.296576784969525 221 186 183
-14.477870886039199 24.433840208113995 1.3240371067902137 221 186 183
-13.434886837839315 24.882607905449397 1.3496224260783323 221 186 183
-13.409335322220265 24.82035001194514 2.8792565482343218 226 202 199
-14.477870886039199 24.433840208113995 1.3240371067902137 221 186 183
-13.409335322220265 24.82035001194514 2.8792565482343218 226 202 199
-14.450228938116627 24.372481851152095 2.8536712289462036 226 202 199
-14.450228938116627 24.372481851152095 2.8536712289462036 226 202 199
-13.409335322220265 24.82035001194514 2.8792565482343218 226 202 199
-13.335181935739785 24.639670567824815 4.259159424926074 231 216 213
-14.450228938116627 24.372481851152095 2.8536712289462036 226 202 199
-13.335181935739785 24.639670567824815 4.259159424926074 231 216 213
-14.370008880804352 24.194412963754637 4.233574105637956 231 216 212
-14.370008880804352 24.194412963754637 4.233574105637956 231 216 212
-13.335181935739785 24.639670567824815 4.259159424926074 231 216 213
-13.219685328523607 24.35825573594663 5.354256548234323 235 228 224
-14.370008880804352 24.194412963754637 4.233574105637956 231 216 212
-13.219685328523607 24.35825573594663 5.354256548234323 235 228 224
-14.245063212238101 23.91706416929898 5.328671228946204 234 228 223
-14.245063212238101 23.91706416929898 5.328671228946204 234 228 223
-13.219685328523607 24.35825573594663 5.354256548234323 235 228 224
-13.074151113198232 24.00365236078725 6.057352181739342 237 235 231
-14.245063212238101 23.91706416929898 5.328671228946204 234 228 223
-13.074151113198232 24.00365236078725 6.057352181739342 237 235 231
-14.087622485004804 23.567584300189115 6.0317668624512235 237 235 230
-14.087622485004804 23.567584300189115 6.0317668624512235 237 235 230
-13.074151113198232 24.00365236078725 6.057352181739342 237 235 231
-12.912825192756209 23.610571491374266 6.299622426078333 238 238 233
-14.087622485004804 23.567584300189115 6.0317668624512235 237 235 230
-12.912825192756209 23.610571491374266 6.299622426078333 238 238 233
-13.913098094440102 23.180182880982947 6.274037106790214 238 237 233
-13.913098094440102 23.180182880982947 6.274037106790214 238 237 233
-12.912825192756209 23.610571491374266 6.299622426078333 238 238 233
-12.751499272314188 23.217490621961282 6.057352181739343 237 235 231
-13.913098094440102 23.180182880982947 6.274037106790214 238 237 233
-12.751499272314188 23.217490621961282 6.057352181739343 237 235 231
-13.738573703875401 22.79278146177678 6.031766862451224 237 235 230
-13.738573703875401 22.79278146177678 6.031766862451224 237 235 230
-12.751499272314188 23.217490621961282 6.057352181739343 237 235 231
-12.605965056988813 22.862887246801904 5.354256548234323 235 228 224
-13.738573703875401 22.79278146177678 6.031766862451224 237 235 230
-12.605965056988813 22.862887246801904 5.354256548234323 235 228 224
-13.581132976642103 22.443301592666916 5.328671228946204 234 228 223
-13.581132976642103 22.443301592666916 5.328671228946204 234 228 223
-12.605965056988813 22.862887246801904 5.354256548234323 235 228 224
-12.490468449772635 22.581472414923716 4.259159424926075 231 216 213
-13.581132976642103 22.443301592666916 5.328671228946204 234 228 223
-12.490468449772635 22.581472414923716 4.259159424926075 231 216 213
-13.456187308075853 22.165952798211258 4.233574105637956 231 216 212
-13.456187308075853 22.165952798211258 4.233574105637956 231 216 212
-12.490468449772635 22.581472414923716 4.259159424926075 231 216 213
-12.416315063292153 22.400792970803394 2.8792565482343226 226 202 199
-13.456187308075853 22.165952798211258 4.233574105637956 231 216 212
-12.416315063292153 22.400792970803394 2.8792565482343226 226 202 199
-13.375967250763576 21.9878839108138 2.8536712289462036 226 202 199
-13.375967250763576 21.9878839108138 2.8536712289462036 226 202 199
-12.416315063292153 22.400792970803394 2.8792565482343226 226 202 199
-12.390763547673103 22.338535077299134 1.349622426078333 221 186 183
-13.375967250763576 21.9878839108138 2.8536712289462036 226 202 199
-12.390763547673103 22.338535077299134 1.349622426078333 221 186 183
-13.348325302841005 21.9265255538519 1.3240371067902144 221 186 183
-13.348325302841005 21.9265255538519 1.3240371067902144 221 186 183
-12.390763547673103 22.338535077299134 1.349622426078333 221 186 183
-12.416315063292153 22.400792970803394 -0.18001169607765477 216 170 168
-13.348325302841005 21.9265255538519 1.3240371067902144 221 186 183
-12.416315063292153 22.400792970803394 -0.18001169607765477 216 170 168
-13.375967250763576 21.9878839108138 -0.20559701536577335 216 170 168
-13.375967250763576 21.9878839108138 -0.20559701536577335 216 170 168
-12.416315063292153 22.400792970803394 -0.18001169607765477 216 170 168
-12.490468449772635 22.581472414923716 -1.5599145727694093 211 156 154
-13.375967250763576 21.9878839108138 -0.20559701536577335 216 170 168
-12.490468449772635 22.581472414923716 -1.5599145727694093 211 156 154
-13.456187308075853 22.165952798211258 -1.5854998920575278 211 156 154
-13.456187308075853 22.165952798211258 -1.5854998920575278 211 156 154
-12.490468449772635 22.581472414923716 -1.5599145727694093 211 156 154
-12.605965056988813 22.862887246801904 -2.6550116960776573 208 144 143
-13.456187308075853 22.165952798211258 -1.5854998920575278 211 156 154
-12.605965056988813 22.862887246801904 -2.6550116960776573 208 144 143
-13.581132976642103 22.443301592666916 -2.680597015365776 208 144 143
-13.581132976642103 22.443301592666916 -2.680597015365776 208 144 143
-12.605965056988813 22.862887246801904 -2.6550116960776573 208 144 143
-12.751499272314188 23.217490621961282 -3.3581073295826775 205 137 136
-13.581132976642103 22.443301592666916 -2.680597015365776 208 144 143
-12.751499272314188 23.217490621961282 -3.3581073295826775 205 137 136
-13.738573703875401 22.79278146177678 -3.383692648870796 205 137 136
-13.738573703875401 22.79278146177678 -3.383692648870796 205 137 136
-12.751499272314188 23.217490621961282 -3.3581073295826775 205 137 136
-12.912825192756209 23.610571491374266 -3.600377573921668 205 135 134
-13.738573703875401 22.79278146177678 -3.383692648870796 205 137 136
-12.912825192756209 23.610571491374266 -3.600377573921668 205 135 134
-13.913098094440102 23.180182880982947 -3.6259628932097865 205 134 134
-13.913098094440102 23.180182880982947 -3.6259628932097865 205 134 134
-12.912825192756209 23.610571491374266 -3.600377573921668 205 135 134
-13.074151113198232 24.00365236078725 -3.3581073295826784 205 137 136
-13.913098094440102 23.180182880982947 -3.6259628932097865 205 134 134
-13.074151113198232 24.00365236078725 -3.3581073295826784 205 137 136
-14.087622485004804 23.567584300189115 -3.383692648870797 205 137 136
-14.087622485004804 23.567584300189115 -3.383692648870797 205 137 136
-13.074151113198232 24.00365236078725 -3.3581073295826784 205 137 136
-13.219685328523607 24.35825573594663 -2.655011696077658 208 144 143
-14.087622485004804 23.567584300189115 -3.383692648870797 205 137 136
-13.219685328523607 24.35825573594663 -2.655011696077658 208 144 143
-14.245063212238101 23.91706416929898 -2.6805970153657768 208 144 143
-14.245063212238101 23.91706416929898 -2.6805970153657768 208 144 143
-13.219685328523607 24.35825573594663 -2.655011696077658 208 144 143
-13.335181935739785 24.639670567824815 -1.559914572769411 211 156 154
-14.245063212238101 23.91706416929898 -2.6805970153657768 208 144 143
-13.335181935739785 24.639670567824815 -1.559914572769411 211 156 154
-14.370008880804352 24.194412963754637 -1.5854998920575296 211 156 154
-14.370008880804352 24.194412963754637 -1.5854998920575296 211 156 154
-13.335181935739785 24.639670567824815 -1.559914572769411 211 156 154
-13.409335322220265 24.82035001194514 -0.18001169607765855 216 170 168
-14.370008880804352 24.194412963754637 -1.5854998920575296 211 156 154
-13.409335322220265 24.82035001194514 -0.18001169607765855 216 170 168
-14.450228938116627 24.372481851152095 -0.20559701536577712 216 170 168
-14.450228938116627 24.372481851152095 -0.20559701536577712 216 170 168
-13.409335322220265 24.82035001194514 -0.18001169607765855 216 170 168
-13.434886837839315 24.882607905449397 1.3496224260783312 221 186 183
-14.450228938116627 24.372481851152095 -0.20559701536577712 216 170 168
-13.434886837839315 24.882607905449397 1.3496224260783312 221 186 183
-14.477870886039199 24.433840208113995 1.3240371067902126 221 186 183
-13.434886837839315 24.882607905449397 1.3496224260783323 221 186 183
-12.37498645206776 25.29695335078575 1.3732965108142383 221 186 184
-12.35153574565767 25.233874117888657 2.902930632970228 226 202 199
-13.434886837839315 24.882607905449397 1.3496224260783323 221 186 183
-12.35153574565767 25.233874117888657 2.902930632970228 226 202 199
-13.409335322220265 24.82035001194514 2.8792565482343218 226 202 199
-13.409335322220265 24.82035001194514 2.8792565482343218 226 202 199
-12.35153574565767 25.233874117888657 2.902930632970228 226 202 199
-12.2834791449615 25.0508110540122 4.28283350966198 231 217 213
-13.409335322220265 24.82035001194514 2.8792565482343218 226 202 199
-12.2834791449615 25.0508110540122 4.28283350966198 231 217 213
-13.335181935739785 24.639670567824815 4.259159424926074 231 216 213
-13.335181935739785 24.639670567824815 4.259159424926074 231 216 213
-12.2834791449615 25.0508110540122 4.28283350966198 231 217 213
-12.177478504233608 24.76568364732398 5.377930632970228 235 228 224
-13.335181935739785 24.639670567824815 4.259159424926074 231 216 213
-12.177478504233608 24.76568364732398 5.377930632970228 235 228 224
-13.219685328523607 24.35825573594663 5.354256548234323 235 228 224
-13.219685328523607 24.35825573594663 5.354256548234323 235 228 224
-12.177478504233608 24.76568364732398 5.377930632970228 235 228 224
-12.043909904738332 24.406402154990086 6.081026266475249 237 235 231
-13.219685328523607 24.35825573594663 5.354256548234323 235 228 224
-12.043909904738332 24.406402154990086 6.081026266475249 237 235 231
-13.074151113198232 24.00365236078725 6.057352181739342 237 235 231
-13.074151113198232 24.00365236078725 6.057352181739342 237 235 231
-12.043909904738332 24.406402154990086 6.081026266475249 237 235 231
-11.895847971621427 24.00813555274152 6.323296510814238 238 238 233
-13.074151113198232 24.00365236078725 6.057352181739342 237 235 231
-11.895847971621427 24.00813555274152 6.323296510814238 238 238 233
-12.912825192756209 23.610571491374266 6.299622426078333 238 238 233
-12.912825192756209 23.610571491374266 6.299622426078333 238 238 233
-11.895847971621427 24.00813555274152 6.323296510814238 238 238 233
-11.74778603850452 23.609868950492952 6.081026266475249 237 235 231
-12.912825192756209 23.610571491374266 6.299622426078333 238 238 233
-11.74778603850452 23.609868950492952 6.081026266475249 237 235 231
-12.751499272314188 23.217490621961282 6.057352181739343 237 235 231
-12.751499272314188 23.217490621961282 6.057352181739343 237 235 231
-11.74778603850452 23.609868950492952 6.081026266475249 237 235 231
-11.614217439009245 23.250587458159064 5.377930632970228 235 228 224
-12.751499272314188 23.217490621961282 6.057352181739343 237 235 231
-11.614217439009245 23.250587458159064 5.377930632970228 235 228 224
-12.605965056988813 22.862887246801904 5.354256548234323 235 228 224
-12.605965056988813 22.862887246801904 5.354256548234323 235 228 224
-11.614217439009245 23.250587458159064 5.377930632970228 235 228 224
-11.508216798281353 22.96546005147084 4.282833509661981 231 217 213
-12.605965056988813 22.862887246801904 5.354256548234323 235 228 224
-11.508216798281353 22.96546005147084 4.282833509661981 231 217 213
-12.490468449772635 22.581472414923716 4.259159424926075 231 216 213
-12.490468449772635 22.581472414923716 4.259159424926075 231 216 213
-11.508216798281353 22.96546005147084 4.282833509661981 231 217 213
-11.440160197585183 22.782396987594385 2.9029306329702287 226 202 199
-12.490468449772635 22.581472414923716 4.259159424926075 231 216 213
-11.440160197585183 22.782396987594385 2.9029306329702287 226 202 199
-12.416315063292153 22.400792970803394 2.8792565482343226 226 202 199
-12.416315063292153 22.400792970803394 2.8792565482343226 226 202 199
-11.440160197585183 22.782396987594385 2.9029306329702287 226 202 199
-11.416709491175093 22.71931775469729 1.373296510814239 221 186 184
-12.416315063292153 22.400792970803394 2.8792565482343226 226 202 199
-11.416709491175093 22.71931775469729 1.373296510814239 221 186 184
-12.390763547673103 22.338535077299134 1.349622426078333 221 186 183
-12.390763547673103 22.338535077299134 1.349622426078333 221 186 183
-11.416709491175093 22.71931775469729 1.373296510814239 221 186 184
-11.440160197585183 22.782396987594385 -0.15633761134174873 216 170 168
-12.390763547673103 22.338535077299134 1.349622426078333 221 186 183
-11.440160197585183 22.782396987594385 -0.15633761134174873 216 170 168
-12.416315063292153 22.400792970803394 -0.18001169607765477 216 170 168
-12.416315063292153 22.400792970803394 -0.18001169607765477 216 170 168
-11.440160197585183 22.782396987594385 -0.15633761134174873 216 170 168
-11.508216798281353 22.96546005147084 -1.5362404880335032 212 156 155
-12.416315063292153 22.400792970803394 -0.18001169607765477 216 170 168
-11.508216798281353 22.96546005147084 -1.5362404880335032 212 156 155
-12.490468449772635 22.581472414923716 -1.5599145727694093 211 156 154
-12.490468449772635 22.581472414923716 -1.5599145727694093 211 156 154
-11.508216798281353 22.96546005147084 -1.5362404880335032 212 156 155
-11.614217439009245 23.250587458159064 -2.6313376113417513 208 145 144
-12.490468449772635 22.581472414923716 -1.5599145727694093 211 156 154
-11.614217439009245 23.250587458159064 -2.6313376113417513 208 145 144
-12.605965056988813 22.862887246801904 -2.6550116960776573 208 144 143
-12.605965056988813 22.862887246801904 -2.6550116960776573 208 144 143
-11.614217439009245 23.250587458159064 -2.6313376113417513 208 145 144
-11.74778603850452 23.609868950492952 -3.3344332448467715 206 137 137
-12.605965056988813 22.862887246801904 -2.6550116960776573 208 144 143
-11.74778603850452 23.609868950492952 -3.3344332448467715 206 137 137
-12.751499272314188 23.217490621961282 -3.3581073295826775 205 137 136
-12.751499272314188 23.217490621961282 -3.3581073295826775 205 137 136
-11.74778603850452 23.609868950492952 -3.3344332448467715 206 137 137
-11.895847971621427 24.00813555274152 -3.576703489185762 205 135 134
-12.751499272314188 23.217490621961282 -3.3581073295826775 205 137 136
-11.895847971621427 24.00813555274152 -3.576703489185762 205 135 134
-12.912825192756209 23.610571491374266 -3.600377573921668 205 135 134
-12.912825192756209 23.610571491374266 -3.600377573921668 205 135 134
-11.895847971621427 24.00813555274152 -3.576703489185762 205 135 134
-12.043909904738332 24.406402154990086 -3.3344332448467724 206 137 137
-12.912825192756209 23.610571491374266 -3.600377573921668 205 135 134
-12.043909904738332 24.406402154990086 -3.3344332448467724 206 137 137
-13.074151113198232 24.00365236078725 -3.3581073295826784 205 137 136
-13.074151113198232 24.00365236078725 -3.3581073295826784 205 137 136
-12.043909904738332 24.406402154990086 -3.3344332448467724 206 137 137
-12.177478504233608 24.76568364732398 -2.631337611341752 208 145 144
-13.074151113198232 24.00365236078725 -3.3581073295826784 205 137 136
-12.177478504233608 24.76568364732398 -2.631337611341752 208 145 144
-13.219685328523607 24.35825573594663 -2.655011696077658 208 144 143
-13.219685328523607 24.35825573594663 -2.655011696077658 208 144 143
-12.177478504233608 24.76568364732398 -2.631337611341752 208 145 144
-12.2834791449615 25.0508110540122 -1.536240488033505 212 156 155
-13.219685328523607 24.35825573594663 -2.655011696077658 208 144 143
-12.2834791449615 25.0508110540122 -1.536240488033505 212 156 155
-13.335181935739785 24.639670567824815 -1.559914572769411 211 156 154
-13.335181935739785 24.639670567824815 -1.559914572769411 211 156 154
-12.2834791449615 25.0508110540122 -1.536240488033505 212 156 155
-12.35153574565767 25.233874117888657 -0.1563376113417525 216 170 168
-13.335181935739785 24.639670567824815 -1.559914572769411 211 156 154
-12.35153574565767 25.233874117888657 -0.1563376113417525 216 170 168
-13.409335322220265 24.82035001194514 -0.18001169607765855 216 170 168
-13.409335322220265 24.82035001194514 -0.18001169607765855 216 170 168
-12.35153574565767 25.233874117888657 -0.1563376113417525 216 170 168
-12.37498645206776 25.29695335078575 1.3732965108142372 221 186 184
-13.409335322220265 24.82035001194514 -0.18001169607765855 216 170 168
-12.37498645206776 25.29695335078575 1.3732965108142372 221 186 184
-13.434886837839315 24.882607905449397 1.3496224260783312 221 186 183
-12.37498645206776 25.29695335078575 1.3732965108142383 221 186 184
-11.299559012108467 25.676503862299143 1.3950258355260183 221 187 184
-11.27821788316416 25.612680030783004 2.924659957682008 226 203 199
-12.37498645206776 25.29695335078575 1.3732965108142383 221 186 184
-11.27821788316416 25.612680030783004 2.924659957682008 226 203 199
-12.35153574565767 25.233874117888657 2.902930632970228 226 202 199
-12.35153574565767 25.233874117888657 2.902930632970228 226 202 199
-11.27821788316416 25.612680030783004 2.924659957682008 226 203 199
-11.216283514724694 25.427456057550167 4.30456283437376 231 217 213
-12.35153574565767 25.233874117888657 2.902930632970228 226 202 199
-11.216283514724694 25.427456057550167 4.30456283437376 231 217 213
-12.2834791449615 25.0508110540122 4.28283350966198 231 217 213
-12.2834791449615 25.0508110540122 4.28283350966198 231 217 213
-11.216283514724694 25.427456057550167 4.30456283437376 231 217 213
-11.119818474295045 25.138962955631975 5.399659957682009 235 228 224
-12.2834791449615 25.0508110540122 4.28283350966198 231 217 213
-11.119818474295045 25.138962955631975 5.399659957682009 235 228 224
-12.177478504233608 24.76568364732398 5.377930632970228 235 228 224
-12.177478504233608 24.76568364732398 5.377930632970228 235 228 224
-11.119818474295045 25.138962955631975 5.399659957682009 235 228 224
-10.998265432143922 24.77544043989381 6.102755591187028 237 236 231
-12.177478504233608 24.76568364732398 5.377930632970228 235 228 224
-10.998265432143922 24.77544043989381 6.102755591187028 237 236 231
-12.043909904738332 24.406402154990086 6.081026266475249 237 235 231
-12.043909904738332 24.406402154990086 6.081026266475249 237 235 231
-10.998265432143922 24.77544043989381 6.102755591187028 237 236 231
-10.863522846946923 24.372472626986422 6.345025835526019 238 238 233
-12.043909904738332 24.406402154990086 6.081026266475249 237 235 231
-10.863522846946923 24.372472626986422 6.345025835526019 238 238 233
-11.895847971621427 24.00813555274152 6.323296510814238 238 238 233
-11.895847971621427 24.00813555274152 6.323296510814238 238 238 233
-10.863522846946923 24.372472626986422 6.345025835526019 238 238 233
-10.728780261749925 23.969504814079038 6.102755591187029 237 236 231
-11.895847971621427 24.00813555274152 6.323296510814238 238 238 233
-10.728780261749925 23.969504814079038 6.102755591187029 237 236 231
-11.74778603850452 23.609868950492952 6.081026266475249 237 235 231
-11.74778603850452 23.609868950492952 6.081026266475249 237 235 231
-10.728780261749925 23.969504814079038 6.102755591187029 237 236 231
-10.607227219598801 23.605982298340873 5.399659957682009 235 228 224
-11.74778603850452 23.609868950492952 6.081026266475249 237 235 231
-10.607227219598801 23.605982298340873 5.399659957682009 235 228 224
-11.614217439009245 23.250587458159064 5.377930632970228 235 228 224
-11.614217439009245 23.250587458159064 5.377930632970228 235 228 224
-10.607227219598801 23.605982298340873 5.399659957682009 235 228 224
-10.510762179169152 23.317489196422677 4.304562834373761 231 217 213
-11.614217439009245 23.250587458159064 5.377930632970228 235 228 224
-10.510762179169152 23.317489196422677 4.304562834373761 231 217 213
-11.508216798281353 22.96546005147084 4.282833509661981 231 217 213
-11.508216798281353 22.96546005147084 4.282833509661981 231 217 213
-10.510762179169152 23.317489196422677 4.304562834373761 231 217 213
-10.448827810729686 23.132265223189844 2.9246599576820085 226 203 199
-11.508216798281353 22.96546005147084 4.282833509661981 231 217 213
-10.448827810729686 23.132265223189844 2.9246599576820085 226 203 199
-11.440160197585183 22.782396987594385 2.9029306329702287 226 202 199
-11.440160197585183 22.782396987594385 2.9029306329702287 226 202 199
-10.448827810729686 23.132265223189844 2.9246599576820085 226 203 199
-10.427486681785378 23.068441391673705 1.395025835526019 221 187 184
-11.440160197585183 22.782396987594385 2.9029306329702287 226 202 199
-10.427486681785378 23.068441391673705 1.395025835526019 221 187 184
-11.416709491175093 22.71931775469729 1.373296510814239 221 186 184
-11.416709491175093 22.71931775469729 1.373296510814239 221 186 184
-10.427486681785378 23.068441391673705 1.395025835526019 221 187 184
-10.448827810729686 23.132265223189844 -0.1346082866299687 216 171 169
-11.416709491175093 22.71931775469729 1.373296510814239 221 186 184
-10.448827810729686 23.132265223189844 -0.1346082866299687 216 171 169
-11.440160197585183 22.782396987594385 -0.15633761134174873 216 170 168
-11.440160197585183 22.782396987594385 -0.15633761134174873 216 170 168
-10.448827810729686 23.132265223189844 -0.1346082866299687 216 171 169
-10.510762179169152 23.317489196422677 -1.5145111633217232 212 156 155
-11.440160197585183 22.782396987594385 -0.15633761134174873 216 170 168
-10.510762179169152 23.317489196422677 -1.5145111633217232 212 156 155
-11.508216798281353 22.96546005147084 -1.5362404880335032 212 156 155
-11.508216798281353 22.96546005147084 -1.5362404880335032 212 156 155
-10.510762179169152 23.317489196422677 -1.5145111633217232 212 156 155
-10.607227219598801 23.60598229834087 -2.609608286629971 208 145 144
-11.508216798281353 22.96546005147084 -1.5362404880335032 212 156 155
-10.607227219598801 23.60598229834087 -2.609608286629971 208 145 144
-11.614217439009245 23.250587458159064 -2.6313376113417513 208 145 144
-11.614217439009245 23.250587458159064 -2.6313376113417513 208 145 144
-10.607227219598801 23.60598229834087 -2.609608286629971 208 145 144
-10.728780261749925 23.969504814079038 -3.3127039201349913 206 138 137
-11.614217439009245 23.250587458159064 -2.6313376113417513 208 145 144
-10.728780261749925 23.969504814079038 -3.3127039201349913 206 138 137
-11.74778603850452 23.609868950492952 -3.3344332448467715 206 137 137
-11.74778603850452 23.609868950492952 -3.3344332448467715 206 137 137
-10.728780261749925 23.969504814079038 -3.3127039201349913 206 138 137
-10.863522846946923 24.372472626986422 -3.5549741644739816 205 135 134
-11.74778603850452 23.609868950492952 -3.3344332448467715 206 137 137
-10.863522846946923 24.372472626986422 -3.5549741644739816 205 135 134
-11.895847971621427 24.00813555274152 -3.576703489185762 205 135 134
-11.895847971621427 24.00813555274152 -3.576703489185762 205 135 134
-10.863522846946923 24.372472626986422 -3.5549741644739816 205 135 134
-10.998265432143922 24.77544043989381 -3.312703920134992 206 138 137
-11.895847971621427 24.00813555274152 -3.576703489185762 205 135 134
-10.998265432143922 24.77544043989381 -3.312703920134992 206 138 137
-12.043909904738332 24.406402154990086 -3.3344332448467724 206 137 137
-12.043909904738332 24.406402154990086 -3.3344332448467724 206 137 137
-10.998265432143922 24.77544043989381 -3.312703920134992 206 138 137
-11.119818474295045 25.138962955631975 -2.609608286629972 208 145 144
-12.043909904738332 24.406402154990086 -3.3344332448467724 206 137 137
-11.119818474295045 25.138962955631975 -2.609608286629972 208 145 144
-12.177478504233608 24.76568364732398 -2.631337611341752 208 145 144
-12.177478504233608 24.76568364732398 -2.631337611341752 208 145 144
-11.119818474295045 25.138962955631975 -2.609608286629972 208 145 144
-11.216283514724694 25.427456057550167 -1.514511163321725 212 156 155
-12.177478504233608 24.76568364732398 -2.631337611341752 208 145 144
-11.216283514724694 25.427456057550167 -1.514511163321725 212 156 155
-12.2834791449615 25.0508110540122 -1.536240488033505 212 156 155
-12.2834791449615 25.0508110540122 -1.536240488033505 212 156 155
-11.216283514724694 25.427456057550167 -1.514511163321725 212 156 155
-11.27821788316416 25.612680030783004 -0.13460828662997248 216 171 169
-12.2834791449615 25.0508110540122 -1.536240488033505 212 156 155
-11.27821788316416 25.612680030783004 -0.13460828662997248 216 171 169
-12.35153574565767 25.233874117888657 -0.1563376113417525 216 170 168
-12.35153574565767 25.233874117888657 -0.1563376113417525 216 170 168
-11.27821788316416 25.612680030783004 -0.13460828662997248 216 171 169
-11.299559012108467 25.676503862299143 1.3950258355260172 221 187 184
-12.35153574565767 25.233874117888657 -0.1563376113417525 216 170 168
-11.299559012108467 25.676503862299143 1.3950258355260172 221 187 184
-12.37498645206776 25.29695335078575 1.3732965108142372 221 186 184
-11.299559012108467 25.676503862299143 1.3950258355260183 221 187 184
-10.209998586733242 26.0209206749458 1.41477962876576 221 187 184
-10.190774392938035 25.956427608442937 2.9444137509217496 226 203 199
-11.299559012108467 25.676503862299143 1.3950258355260183 221 187 184
-10.190774392938035 25.956427608442937 2.9444137509217496 226 203 199
-11.27821788316416 25.612680030783004 2.924659957682008 226 203 199
-11.27821788316416 25.612680030783004 2.924659957682008 226 203 199
-10.190774392938035 25.956427608442937 2.9444137509217496 226 203 199
-10.134983609583925 25.769261439633272 4.324316627613502 231 217 213
-11.27821788316416 25.612680030783004 2.924659957682008 226 203 199
-10.134983609583925 25.769261439633272 4.324316627613502 231 217 213
-11.216283514724694 25.427456057550167 4.30456283437376 231 217 213
-11.216283514724694 25.427456057550167 4.30456283437376 231 217 213
-10.134983609583925 25.769261439633272 4.324316627613502 231 217 213
-10.048087427262855 25.477743297183274 5.41941375092175 235 229 224
-11.216283514724694 25.427456057550167 4.30456283437376 231 217 213
-10.048087427262855 25.477743297183274 5.41941375092175 235 229 224
-11.119818474295045 25.138962955631975 5.399659957682009 235 228 224
-11.119818474295045 25.138962955631975 5.399659957682009 235 228 224
-10.048087427262855 25.477743297183274 5.41941375092175 235 229 224
-9.938591849741714 25.110409008002275 6.1225093844267695 237 236 231
-11.119818474295045 25.138962955631975 5.399659957682009 235 228 224
-9.938591849741714 25.110409008002275 6.1225093844267695 237 236 231
-10.998265432143922 24.77544043989381 6.102755591187028 237 236 231
-10.998265432143922 24.77544043989381 6.102755591187028 237 236 231
-9.938591849741714 25.110409008002275 6.1225093844267695 237 236 231
-9.81721506704882 24.7032158116838 6.36477962876576 238 238 234
-10.998265432143922 24.77544043989381 6.102755591187028 237 236 231
-9.81721506704882 24.7032158116838 6.36477962876576 238 238 234
-10.863522846946923 24.372472626986422 6.345025835526019 238 238 233
-10.863522846946923 24.372472626986422 6.345025835526019 238 238 233
-9.81721506704882 24.7032158116838 6.36477962876576 238 238 234
-9.69583828435593 24.296022615365327 6.12250938442677 237 236 231
-10.863522846946923 24.372472626986422 6.345025835526019 238 238 233
-9.69583828435593 24.296022615365327 6.12250938442677 237 236 231
-10.728780261749925 23.969504814079038 6.102755591187029 237 236 231
-10.728780261749925 23.969504814079038 6.102755591187029 237 236 231
-9.69583828435593 24.296022615365327 6.12250938442677 237 236 231
-9.586342706834788 23.92868832618433 5.41941375092175 235 229 224
-10.728780261749925 23.969504814079038 6.102755591187029 237 236 231
-9.586342706834788 23.92868832618433 5.41941375092175 235 229 224
-10.607227219598801 23.605982298340873 5.399659957682009 235 228 224
-10.607227219598801 23.605982298340873 5.399659957682009 235 228 224
-9.586342706834788 23.92868832618433 5.41941375092175 235 229 224
-9.499446524513717 23.63717018373433 4.324316627613503 231 217 213
-10.607227219598801 23.605982298340873 5.399659957682009 235 228 224
-9.499446524513717 23.63717018373433 4.324316627613503 231 217 213
-10.510762179169152 23.317489196422677 4.304562834373761 231 217 213
-10.510762179169152 23.317489196422677 4.304562834373761 231 217 213
-9.499446524513717 23.63717018373433 4.324316627613503 231 217 213
-9.443655741159606 23.450004014924666 2.94441375092175 226 203 199
-10.510762179169152 23.317489196422677 4.304562834373761 231 217 213
-9.443655741159606 23.450004014924666 2.94441375092175 226 203 199
-10.448827810729686 23.132265223189844 2.9246599576820085 226 203 199
-10.448827810729686 23.132265223189844 2.9246599576820085 226 203 199
-9.443655741159606 23.450004014924666 2.94441375092175 226 203 199
-9.4244315473644 23.385510948421803 1.4147796287657606 221 187 184
-10.448827810729686 23.132265223189844 2.9246599576820085 226 203 199
-9.4244315473644 23.385510948421803 1.4147796287657606 221 187 184
-10.427486681785378 23.068441391673705 1.395025835526019 221 187 184
-10.427486681785378 23.068441391673705 1.395025835526019 221 187 184
-9.4244315473644 23.385510948421803 1.4147796287657606 221 187 184
-9.443655741159606 23.450004014924666 -0.11485449339022713 216 171 169
-10.427486681785378 23.068441391673705 1.395025835526019 221 187 184
-9.443655741159606 23.450004014924666 -0.11485449339022713 216 171 169
-10.448827810729686 23.132265223189844 -0.1346082866299687 216 171 169
-10.448827810729686 23.132265223189844 -0.1346082866299687 216 171 169
-9.443655741159606 23.450004014924666 -0.11485449339022713 216 171 169
-9.499446524513717 23.63717018373433 -1.4947573700819816 212 157 155
-10.448827810729686 23.132265223189844 -0.1346082866299687 216 171 169
-9.499446524513717 23.63717018373433 -1.4947573700819816 212 157 155
-10.510762179169152 23.317489196422677 -1.5145111633217232 212 156 155
-10.510762179169152 23.317489196422677 -1.5145111633217232 212 156 155
-9.499446524513717 23.63717018373433 -1.4947573700819816 212 157 155
-9.586342706834788 23.92868832618433 -2.58985449339023 208 145 144
-10.510762179169152 23.317489196422677 -1.5145111633217232 212 156 155
-9.586342706834788 23.92868832618433 -2.58985449339023 208 145 144
-10.607227219598801 23.60598229834087 -2.609608286629971 208 145 144
-10.607227219598801 23.60598229834087 -2.609608286629971 208 145 144
-9.586342706834788 23.92868832618433 -2.58985449339023 208 145 144
-9.69583828435593 24.296022615365327 -3.29295012689525 206 138 137
-10.607227219598801 23.60598229834087 -2.609608286629971 208 145 144
-9.69583828435593 24.296022615365327 -3.29295012689525 206 138 137
-10.728780261749925 23.969504814079038 -3.3127039201349913 206 138 137
-10.728780261749925 23.969504814079038 -3.3127039201349913 206 138 137
-9.69583828435593 24.296022615365327 -3.29295012689525 206 138 137
-9.81721506704882 24.7032158116838 -3.5352203712342405 205 135 135
-10.728780261749925 23.969504814079038 -3.3127039201349913 206 138 137
-9.81721506704882 24.7032158116838 -3.5352203712342405 205 135 135
-10.863522846946923 24.372472626986422 -3.5549741644739816 205 135 134
-10.863522846946923 24.372472626986422 -3.5549741644739816 205 135 134
-9.81721506704882 24.7032158116838 -3.5352203712342405 205 135 135
-9.938591849741714 25.110409008002275 -3.292950126895251 206 138 137
-10.863522846946923 24.372472626986422 -3.5549741644739816 205 135 134
-9.938591849741714 25.110409008002275 -3.292950126895251 206 138 137
-10.998265432143922 24.77544043989381 -3.312703920134992 206 138 137
-10.998265432143922 24.77544043989381 -3.312703920134992 206 138 137
-9.938591849741714 25.110409008002275 -3.292950126895251 206 138 137
-10.048087427262855 25.477743297183274 -2.5898544933902308 208 145 144
-10.998265432143922 24.77544043989381 -3.312703920134992 206 138 137
-10.048087427262855 25.477743297183274 -2.5898544933902308 208 145 144
-11.119818474295045 25.138962955631975 -2.609608286629972 208 145 144
-11.119818474295045 25.138962955631975 -2.609608286629972 208 145 144
-10.048087427262855 25.477743297183274 -2.5898544933902308 208 145 144
-10.134983609583925 25.769261439633272 -1.4947573700819834 212 157 155
-11.119818474295045 25.138962955631975 -2.609608286629972 208 145 144
-10.134983609583925 25.769261439633272 -1.4947573700819834 212 157 155
-11.216283514724694 25.427456057550167 -1.514511163321725 212 156 155
-11.216283514724694 25.427456057550167 -1.514511163321725 212 156 155
-10.134983609583925 25.769261439633272 -1.4947573700819834 212 157 155
-10.190774392938035 25.956427608442937 -0.1148544933902309 216 171 169
-11.216283514724694 25.427456057550167 -1.514511163321725 212 156 155
-10.190774392938035 25.956427608442937 -0.1148544933902309 216 171 169
-11.27821788316416 25.612680030783004 -0.13460828662997248 216 171 169
-11.27821788316416 25.612680030783004 -0.13460828662997248 216 171 169
-10.190774392938035 25.956427608442937 -0.1148544933902309 216 171 169
-10.209998586733242 26.0209206749458 1.4147796287657588 221 187 184
-11.27821788316416 25.612680030783004 -0.13460828662997248 216 171 169
-10.209998586733242 26.0209206749458 1.4147796287657588 221 187 184
-11.299559012108467 25.676503862299143 1.3950258355260172 221 187 184
-10.209998586733242 26.0209206749458 1.41477962876576 221 187 184
-9.107703809144597 26.32989836920278 1.43252991668578 221 187 184
-9.09060267622881 26.264810148248337 2.9621640388417694 227 203 200
-10.209998586733242 26.0209206749458 1.41477962876576 221 187 184
-9.09060267622881 26.264810148248337 2.9621640388417694 227 203 200
-10.190774392938035 25.956427608442937 2.9444137509217496 226 203 199
-10.190774392938035 25.956427608442937 2.9444137509217496 226 203 199
-9.09060267622881 26.264810148248337 2.9621640388417694 227 203 200
-9.040973255521843 26.07591677394832 4.342066915533522 231 217 213
-10.190774392938035 25.956427608442937 2.9444137509217496 226 203 199
-9.040973255521843 26.07591677394832 4.342066915533522 231 217 213
-10.134983609583925 25.769261439633272 4.324316627613502 231 217 213
-10.134983609583925 25.769261439633272 4.324316627613502 231 217 213
-9.040973255521843 26.07591677394832 4.342066915533522 231 217 213
-8.963673620511 25.78170844587676 5.43716403884177 235 229 224
-10.134983609583925 25.769261439633272 4.324316627613502 231 217 213
-8.963673620511 25.78170844587676 5.43716403884177 235 229 224
-10.048087427262855 25.477743297183274 5.41941375092175 235 229 224
-10.048087427262855 25.477743297183274 5.41941375092175 235 229 224
-8.963673620511 25.78170844587676 5.43716403884177 235 229 224
-8.866270398049373 25.41098432505524 6.14025967234679 237 236 231
-10.048087427262855 25.477743297183274 5.41941375092175 235 229 224
-8.866270398049373 25.41098432505524 6.14025967234679 237 236 231
-9.938591849741714 25.110409008002275 6.1225093844267695 237 236 231
-9.938591849741714 25.110409008002275 6.1225093844267695 237 236 231
-8.866270398049373 25.41098432505524 6.14025967234679 237 236 231
-8.75829809419966 25.00003347141661 6.38252991668578 238 239 234
-9.938591849741714 25.110409008002275 6.1225093844267695 237 236 231
-8.75829809419966 25.00003347141661 6.38252991668578 238 239 234
-9.81721506704882 24.7032158116838 6.36477962876576 238 238 234
-9.81721506704882 24.7032158116838 6.36477962876576 238 238 234
-8.75829809419966 25.00003347141661 6.38252991668578 238 239 234
-8.650325790349944 24.589082617777983 6.14025967234679 237 236 231
-9.81721506704882 24.7032158116838 6.36477962876576 238 238 234
-8.650325790349944 24.589082617777983 6.14025967234679 237 236 231
-9.69583828435593 24.296022615365327 6.12250938442677 237 236 231
-9.69583828435593 24.296022615365327 6.12250938442677 237 236 231
-8.650325790349944 24.589082617777983 6.14025967234679 237 236 231
-8.552922567888317 24.218358496956466 5.43716403884177 235 229 224
-9.69583828435593 24.296022615365327 6.12250938442677 237 236 231
-8.552922567888317 24.218358496956466 5.43716403884177 235 229 224
-9.586342706834788 23.92868832618433 5.41941375092175 235 229 224
-9.586342706834788 23.92868832618433 5.41941375092175 235 229 224
-8.552922567888317 24.218358496956466 5.43716403884177 235 229 224
-8.475622932877474 23.9241501688849 4.342066915533523 231 217 213
-9.586342706834788 23.92868832618433 5.41941375092175 235 229 224
-8.475622932877474 23.9241501688849 4.342066915533523 231 217 213
-9.499446524513717 23.63717018373433 4.324316627613503 231 217 213
-9.499446524513717 23.63717018373433 4.324316627613503 231 217 213
-8.475622932877474 23.9241501688849 4.342066915533523 231 217 213
-8.425993512170507 23.73525679458489 2.9621640388417703 227 203 200
-9.499446524513717 23.63717018373433 4.324316627613503 231 217 213
-8.425993512170507 23.73525679458489 2.9621640388417703 227 203 200
-9.443655741159606 23.450004014924666 2.94441375092175 226 203 199
-9.443655741159606 23.450004014924666 2.94441375092175 226 203 199
-8.425993512170507 23.73525679458489 2.9621640388417703 227 203 200
-8.40889237925472 23.67016857363044 1.4325299166857806 221 187 184
-9.443655741159606 23.450004014924666 2.94441375092175 226 203 199
-8.40889237925472 23.67016857363044 1.4325299166857806 221 187 184
-9.4244315473644 23.385510948421803 1.4147796287657606 221 187 184
-9.4244315473644 23.385510948421803 1.4147796287657606 221 187 184
-8.40889237925472 23.67016857363044 1.4325299166857806 221 187 184
-8.425993512170507 23.73525679458489 -0.09710420547020715 216 171 169
-9.4244315473644 23.385510948421803 1.4147796287657606 221 187 184
-8.425993512170507 23.73525679458489 -0.09710420547020715 216 171 169
-9.443655741159606 23.450004014924666 -0.11485449339022713 216 171 169
-9.443655741159606 23.450004014924666 -0.11485449339022713 216 171 169
-8.425993512170507 23.73525679458489 -0.09710420547020715 216 171 169
-8.475622932877474 23.9241501688849 -1.4770070821619616 212 157 155
-9.443655741159606 23.450004014924666 -0.11485449339022713 216 171 169
-8.475622932877474 23.9241501688849 -1.4770070821619616 212 157 155
-9.499446524513717 23.63717018373433 -1.4947573700819816 212 157 155
-9.499446524513717 23.63717018373433 -1.4947573700819816 212 157 155
-8.475622932877474 23.9241501688849 -1.4770070821619616 212 157 155
-8.552922567888317 24.218358496956462 -2.5721042054702097 208 145 144
-9.499446524513717 23.63717018373433 -1.4947573700819816 212 157 155
-8.552922567888317 24.218358496956462 -2.5721042054702097 208 145 144
-9.586342706834788 23.92868832618433 -2.58985449339023 208 145 144
-9.586342706834788 23.92868832618433 -2.58985449339023 208 145 144
-8.552922567888317 24.218358496956462 -2.5721042054702097 208 145 144
-8.650325790349944 24.589082617777983 -3.27519983897523 206 138 137
-9.586342706834788 23.92868832618433 -2.58985449339023 208 145 144
-8.650325790349944 24.589082617777983 -3.27519983897523 206 138 137
-9.69583828435593 24.296022615365327 -3.29295012689525 206 138 137
-9.69583828435593 24.296022615365327 -3.29295012689525 206 138 137
-8.650325790349944 24.589082617777983 -3.27519983897523 206 138 137
-8.75829809419966 25.00003347141661 -3.5174700833142203 205 135 135
-9.69583828435593 24.296022615365327 -3.29295012689525 206 138 137
-8.75829809419966 25.00003347141661 -3.5174700833142203 205 135 135
-9.81721506704882 24.7032158116838 -3.5352203712342405 205 135 135
-9.81721506704882 24.7032158116838 -3.5352203712342405 205 135 135
-8.75829809419966 25.00003347141661 -3.5174700833142203 205 135 135
-8.866270398049373 25.41098432505524 -3.275199838975231 206 138 137
-9.81721506704882 24.7032158116838 -3.5352203712342405 205 135 135
-8.866270398049373 25.41098432505524 -3.275199838975231 206 138 137
-9.938591849741714 25.110409008002275 -3.292950126895251 206 138 137
-9.938591849741714 25.110409008002275 -3.292950126895251 206 138 137
-8.866270398049373 25.41098432505524 -3.275199838975231 206 138 137
-8.963673620511 25.78170844587676 -2.5721042054702106 208 145 144
-9.938591849741714 25.110409008002275 -3.292950126895251 206 138 137
-8.963673620511 25.78170844587676 -2.5721042054702106 208 145 144
-10.048087427262855 25.477743297183274 -2.5898544933902308 208 145 144
-10.048087427262855 25.477743297183274 -2.5898544933902308 208 145 144
-8.963673620511 25.78170844587676 -2.5721042054702106 208 145 144
-9.040973255521843 26.07591677394832 -1.4770070821619634 212 157 155
-10.048087427262855 25.477743297183274 -2.5898544933902308 208 145 144
-9.040973255521843 26.07591677394832 -1.4770070821619634 212 157 155
-10.134983609583925 25.769261439633272 -1.4947573700819834 212 157 155
-10.134983609583925 25.769261439633272 -1.4947573700819834 212 157 155
-9.040973255521843 26.07591677394832 -1.4770070821619634 212 157 155
-9.09060267622881 26.264810148248337 -0.09710420547021092 216 171 169
-10.134983609583925 25.769261439633272 -1.4947573700819834 212 157 155
-9.09060267622881 26.264810148248337 -0.09710420547021092 216 171 169
-10.190774392938035 25.956427608442937 -0.1148544933902309 216 171 169
-10.190774392938035 25.956427608442937 -0.1148544933902309 216 171 169
-9.09060267622881 26.264810148248337 -0.09710420547021092 216 171 169
-9.107703809144597 26.32989836920278 1.4325299166857788 221 187 184
-10.190774392938035 25.956427608442937 -0.1148544933902309 216 171 169
-9.107703809144597 26.32989836920278 1.4325299166857788 221 187 184
-10.209998586733242 26.0209206749458 1.4147796287657588 221 187 184
-9.107703809144597 26.32989836920278 1.43252991668578 221 187 184
-7.994077616114187 26.60316442892406 1.4482515626530994 221 187 184
-7.979104597177251 26.53755395751947 2.977885684809089 227 203 200
-9.107703809144597 26.32989836920278 1.43252991668578 221 187 184
-7.979104597177251 26.53755395751947 2.977885684809089 227 203 200
-9.09060267622881 26.264810148248337 2.9621640388417694 227 203 200
-9.09060267622881 26.264810148248337 2.9621640388417694 227 203 200
-7.979104597177251 26.53755395751947 2.977885684809089 227 203 200
-7.935651203783146 26.347144953381825 4.357788561500842 231 217 214
-9.09060267622881 26.264810148248337 2.9621640388417694 227 203 200
-7.935651203783146 26.347144953381825 4.357788561500842 231 217 214
-9.040973255521843 26.07591677394832 4.342066915533522 231 217 213
-9.040973255521843 26.07591677394832 4.342066915533522 231 217 213
-7.935651203783146 26.347144953381825 4.357788561500842 231 217 214
-7.867970956834882 26.050575976493654 5.45288568480909 235 229 225
-9.040973255521843 26.07591677394832 4.342066915533522 231 217 213
-7.867970956834882 26.050575976493654 5.45288568480909 235 229 225
-8.963673620511 25.78170844587676 5.43716403884177 235 229 224
-8.963673620511 25.78170844587676 5.43716403884177 235 229 224
-7.867970956834882 26.050575976493654 5.45288568480909 235 229 225
-7.782688870459764 25.676877264630335 6.155981318314109 237 236 232
-8.963673620511 25.78170844587676 5.43716403884177 235 229 224
-7.782688870459764 25.676877264630335 6.155981318314109 237 236 232
-8.866270398049373 25.41098432505524 6.14025967234679 237 236 231
-8.866270398049373 25.41098432505524 6.14025967234679 237 236 231
-7.782688870459764 25.676877264630335 6.155981318314109 237 236 232
-7.6881529494674234 25.262629051421076 6.398251562653099 238 239 234
-8.866270398049373 25.41098432505524 6.14025967234679 237 236 231
-7.6881529494674234 25.262629051421076 6.398251562653099 238 239 234
-8.75829809419966 25.00003347141661 6.38252991668578 238 239 234
-8.75829809419966 25.00003347141661 6.38252991668578 238 239 234
-7.6881529494674234 25.262629051421076 6.398251562653099 238 239 234
-7.593617028475082 24.848380838211817 6.15598131831411 237 236 232
-8.75829809419966 25.00003347141661 6.38252991668578 238 239 234
-7.593617028475082 24.848380838211817 6.15598131831411 237 236 232
-8.650325790349944 24.589082617777983 6.14025967234679 237 236 231
-8.650325790349944 24.589082617777983 6.14025967234679 237 236 231
-7.593617028475082 24.848380838211817 6.15598131831411 237 236 232
-7.508334942099964 24.4746821263485 5.45288568480909 235 229 225
-8.650325790349944 24.589082617777983 6.14025967234679 237 236 231
-7.508334942099964 24.4746821263485 5.45288568480909 235 229 225
-8.552922567888317 24.218358496956466 5.43716403884177 235 229 224
-8.552922567888317 24.218358496956466 5.43716403884177 235 229 224
-7.508334942099964 24.4746821263485 5.45288568480909 235 229 225
-7.4406546951517 24.178113149460327 4.3577885615008425 231 217 214
-8.552922567888317 24.218358496956466 5.43716403884177 235 229 224
-7.4406546951517 24.178113149460327 4.3577885615008425 231 217 214
-8.475622932877474 23.9241501688849 4.342066915533523 231 217 213
-8.475622932877474 23.9241501688849 4.342066915533523 231 217 213
-7.4406546951517 24.178113149460327 4.3577885615008425 231 217 214
-7.397201301757596 23.98770414532268 2.9778856848090896 227 203 200
-8.475622932877474 23.9241501688849 4.342066915533523 231 217 213
-7.397201301757596 23.98770414532268 2.9778856848090896 227 203 200
-8.425993512170507 23.73525679458489 2.9621640388417703 227 203 200
-8.425993512170507 23.73525679458489 2.9621640388417703 227 203 200
-7.397201301757596 23.98770414532268 2.9778856848090896 227 203 200
-7.382228282820659 23.92209367391809 1.4482515626531 221 187 184
-8.425993512170507 23.73525679458489 2.9621640388417703 227 203 200
-7.382228282820659 23.92209367391809 1.4482515626531 221 187 184
-8.40889237925472 23.67016857363044 1.4325299166857806 221 187 184
-8.40889237925472 23.67016857363044 1.4325299166857806 221 187 184
-7.382228282820659 23.92209367391809 1.4482515626531 221 187 184
-7.397201301757596 23.98770414532268 -0.08138255950288764 216 171 169
-8.40889237925472 23.67016857363044 1.4325299166857806 221 187 184
-7.397201301757596 23.98770414532268 -0.08138255950288764 216 171 169
-8.425993512170507 23.73525679458489 -0.09710420547020715 216 171 169
-8.425993512170507 23.73525679458489 -0.09710420547020715 216 171 169
-7.397201301757596 23.98770414532268 -0.08138255950288764 216 171 169
-7.4406546951517 24.178113149460327 -1.4612854361946421 212 157 155
-8.425993512170507 23.73525679458489 -0.09710420547020715 216 171 169
-7.4406546951517 24.178113149460327 -1.4612854361946421 212 157 155
-8.475622932877474 23.9241501688849 -1.4770070821619616 212 157 155
-8.475622932877474 23.9241501688849 -1.4770070821619616 212 157 155
-7.4406546951517 24.178113149460327 -1.4612854361946421 212 157 155
-7.508334942099964 24.474682126348497 -2.5563825595028904 208 145 144
-8.475622932877474 23.9241501688849 -1.4770070821619616 212 157 155
-7.508334942099964 24.474682126348497 -2.5563825595028904 208 145 144
-8.552922567888317 24.218358496956462 -2.5721042054702097 208 145 144
-8.552922567888317 24.218358496956462 -2.5721042054702097 208 145 144
-7.508334942099964 24.474682126348497 -2.5563825595028904 208 145 144
-7.593617028475082 24.848380838211817 -3.2594781930079106 206 138 137
-8.552922567888317 24.218358496956462 -2.5721042054702097 208 145 144
-7.593617028475082 24.848380838211817 -3.2594781930079106 206 138 137
-8.650325790349944 24.589082617777983 -3.27519983897523 206 138 137
-8.650325790349944 24.589082617777983 -3.27519983897523 206 138 137
-7.593617028475082 24.848380838211817 -3.2594781930079106 206 138 137
-7.6881529494674234 25.262629051421076 -3.501748437346901 205 136 135
-8.650325790349944 24.589082617777983 -3.27519983897523 206 138 137
-7.6881529494674234 25.262629051421076 -3.501748437346901 205 136 135
-8.75829809419966 25.00003347141661 -3.5174700833142203 205 135 135
-8.75829809419966 25.00003347141661 -3.5174700833142203 205 135 135
-7.6881529494674234 25.262629051421076 -3.501748437346901 205 136 135
-7.782688870459764 25.676877264630335 -3.2594781930079115 206 138 137
-8.75829809419966 25.00003347141661 -3.5174700833142203 205 135 135
-7.782688870459764 25.676877264630335 -3.2594781930079115 206 138 137
-8.866270398049373 25.41098432505524 -3.275199838975231 206 138 137
-8.866270398049373 25.41098432505524 -3.275199838975231 206 138 137
-7.782688870459764 25.676877264630335 -3.2594781930079115 206 138 137
-7.867970956834882 26.050575976493654 -2.5563825595028913 208 145 144
-8.866270398049373 25.41098432505524 -3.275199838975231 206 138 137
-7.867970956834882 26.050575976493654 -2.5563825595028913 208 145 144
-8.963673620511 25.78170844587676 -2.5721042054702106 208 145 144
-8.963673620511 25.78170844587676 -2.5721042054702106 208 145 144
-7.867970956834882 26.050575976493654 -2.5563825595028913 208 145 144
-7.935651203783146 26.347144953381825 -1.461285436194644 212 157 155
-8.963673620511 25.78170844587676 -2.5721042054702106 208 145 144
-7.935651203783146 26.347144953381825 -1.461285436194644 212 157 155
-9.040973255521843 26.07591677394832 -1.4770070821619634 212 157 155
-9.040973255521843 26.07591677394832 -1.4770070821619634 212 157 155
-7.935651203783146 26.347144953381825 -1.461285436194644 212 157 155
-7.979104597177251 26.53755395751947 -0.08138255950289142 216 171 169
-9.040973255521843 26.07591677394832 -1.4770070821619634 212 157 155
-7.979104597177251 26.53755395751947 -0.08138255950289142 216 171 169
-9.09060267622881 26.264810148248337 -0.09710420547021092 216 171 169
-9.09060267622881 26.264810148248337 -0.09710420547021092 216 171 169
-7.979104597177251 26.53755395751947 -0.08138255950289142 216 171 169
-7.994077616114187 26.60316442892406 1.4482515626530983 221 187 184
-9.09060267622881 26.264810148248337 -0.09710420547021092 216 171 169
-7.994077616114187 26.60316442892406 1.4482515626530983 221 187 184
-9.107703809144597 26.32989836920278 1.4325299166857788 221 187 184
-7.994077616114187 26.60316442892406 1.4482515626530994 221 187 184
-6.870526940098007 26.840478906923416 1.4619223028460675 222 187 185
-6.857686155907379 26.774418029579955 2.991556425002057 227 203 200
-7.994077616114187 26.60316442892406 1.4482515626530994 221 187 184
-6.857686155907379 26.774418029579955 2.991556425002057 227 203 200
-7.979104597177251 26.53755395751947 2.977885684809089 227 203 200
-7.979104597177251 26.53755395751947 2.977885684809089 227 203 200
-6.857686155907379 26.774418029579955 2.991556425002057 227 203 200
-6.820420748759075 26.58270189649715 4.371459301693809 231 218 214
-7.979104597177251 26.53755395751947 2.977885684809089 227 203 200
-6.820420748759075 26.58270189649715 4.371459301693809 231 218 214
-7.935651203783146 26.347144953381825 4.357788561500842 231 217 214
-7.935651203783146 26.347144953381825 4.357788561500842 231 217 214
-6.820420748759075 26.58270189649715 4.371459301693809 231 218 214
-6.762378516348131 26.284097018545985 5.466556425002058 235 229 225
-7.935651203783146 26.347144953381825 4.357788561500842 231 217 214
-6.762378516348131 26.284097018545985 5.466556425002058 235 229 225
-7.867970956834882 26.050575976493654 5.45288568480909 235 229 225
-7.867970956834882 26.050575976493654 5.45288568480909 235 229 225
-6.762378516348131 26.284097018545985 5.466556425002058 235 229 225
-6.689241036786943 25.907832921682846 6.1696520585070775 237 236 232
-7.867970956834882 26.050575976493654 5.45288568480909 235 229 225
-6.689241036786943 25.907832921682846 6.1696520585070775 237 236 232
-7.782688870459764 25.676877264630335 6.155981318314109 237 236 232
-7.782688870459764 25.676877264630335 6.155981318314109 237 236 232
-6.689241036786943 25.907832921682846 6.1696520585070775 237 236 232
-6.6081675161537445 25.49074095729481 6.411922302846068 238 239 234
-7.782688870459764 25.676877264630335 6.155981318314109 237 236 232
-6.6081675161537445 25.49074095729481 6.411922302846068 238 239 234
-7.6881529494674234 25.262629051421076 6.398251562653099 238 239 234
-7.6881529494674234 25.262629051421076 6.398251562653099 238 239 234
-6.6081675161537445 25.49074095729481 6.411922302846068 238 239 234
-6.527093995520547 25.073648992906772 6.169652058507078 237 236 232
-7.6881529494674234 25.262629051421076 6.398251562653099 238 239 234
-6.527093995520547 25.073648992906772 6.169652058507078 237 236 232
-7.593617028475082 24.848380838211817 6.15598131831411 237 236 232
-7.593617028475082 24.848380838211817 6.15598131831411 237 236 232
-6.527093995520547 25.073648992906772 6.169652058507078 237 236 232
-6.453956515959359 24.697384896043634 5.466556425002058 235 229 225
-7.593617028475082 24.848380838211817 6.15598131831411 237 236 232
-6.453956515959359 24.697384896043634 5.466556425002058 235 229 225
-7.508334942099964 24.4746821263485 5.45288568480909 235 229 225
-7.508334942099964 24.4746821263485 5.45288568480909 235 229 225
-6.453956515959359 24.697384896043634 5.466556425002058 235 229 225
-6.395914283548414 24.39878001809247 4.37145930169381 231 218 214
-7.508334942099964 24.4746821263485 5.45288568480909 235 229 225
-6.395914283548414 24.39878001809247 4.37145930169381 231 218 214
-7.4406546951517 24.178113149460327 4.3577885615008425 231 217 214
-7.4406546951517 24.178113149460327 4.3577885615008425 231 217 214
-6.395914283548414 24.39878001809247 4.37145930169381 231 218 214
-6.358648876400111 24.207063885009664 2.9915564250020577 227 203 200
-7.4406546951517 24.178113149460327 4.3577885615008425 231 217 214
-6.358648876400111 24.207063885009664 2.9915564250020577 227 203 200
-7.397201301757596 23.98770414532268 2.9778856848090896 227 203 200
-7.397201301757596 23.98770414532268 2.9778856848090896 227 203 200
-6.358648876400111 24.207063885009664 2.9915564250020577 227 203 200
-6.345808092209483 24.141003007666203 1.4619223028460682 222 187 185
-7.397201301757596 23.98770414532268 2.9778856848090896 227 203 200
-6.345808092209483 24.141003007666203 1.4619223028460682 222 187 185
-7.382228282820659 23.92209367391809 1.4482515626531 221 187 184
-7.382228282820659 23.92209367391809 1.4482515626531 221 187 184
-6.345808092209483 24.141003007666203 1.4619223028460682 222 187 185
-6.358648876400111 24.207063885009664 -0.06771181930991954 216 171 169
-7.382228282820659 23.92209367391809 1.4482515626531 221 187 184
-6.358648876400111 24.207063885009664 -0.06771181930991954 216 171 169
-7.397201301757596 23.98770414532268 -0.08138255950288764 216 171 169
-7.397201301757596 23.98770414532268 -0.08138255950288764 216 171 169
-6.358648876400111 24.207063885009664 -0.06771181930991954 216 171 169
-6.395914283548414 24.39878001809247 -1.447614696001674 212 157 156
-7.397201301757596 23.98770414532268 -0.08138255950288764 216 171 169
-6.395914283548414 24.39878001809247 -1.447614696001674 212 157 156
-7.4406546951517 24.178113149460327 -1.4612854361946421 212 157 155
-7.4406546951517 24.178113149460327 -1.4612854361946421 212 157 155
-6.395914283548414 24.39878001809247 -1.447614696001674 212 157 156
-6.453956515959359 24.697384896043634 -2.542711819309922 208 146 145
-7.4406546951517 24.178113149460327 -1.4612854361946421 212 157 155
-6.453956515959359 24.697384896043634 -2.542711819309922 208 146 145
-7.508334942099964 24.474682126348497 -2.5563825595028904 208 145 144
-7.508334942099964 24.474682126348497 -2.5563825595028904 208 145 144
-6.453956515959359 24.697384896043634 -2.542711819309922 208 146 145
-6.527093995520547 25.073648992906772 -3.245807452814942 206 138 138
-7.508334942099964 24.474682126348497 -2.5563825595028904 208 145 144
-6.527093995520547 25.073648992906772 -3.245807452814942 206 138 138
-7.593617028475082 24.848380838211817 -3.2594781930079106 206 138 137
-7.593617028475082 24.848380838211817 -3.2594781930079106 206 138 137
-6.527093995520547 25.073648992906772 -3.245807452814942 206 138 138
-6.6081675161537445 25.49074095729481 -3.4880776971539325 205 136 135
-7.593617028475082 24.848380838211817 -3.2594781930079106 206 138 137
-6.6081675161537445 25.49074095729481 -3.4880776971539325 205 136 135
-7.6881529494674234 25.262629051421076 -3.501748437346901 205 136 135
-7.6881529494674234 25.262629051421076 -3.501748437346901 205 136 135
-6.6081675161537445 25.49074095729481 -3.4880776971539325 205 136 135
-6.689241036786943 25.907832921682846 -3.245807452814943 206 138 138
-7.6881529494674234 25.262629051421076 -3.501748437346901 205 136 135
-6.689241036786943 25.907832921682846 -3.245807452814943 206 138 138
-7.782688870459764 25.676877264630335 -3.2594781930079115 206 138 137
-7.782688870459764 25.676877264630335 -3.2594781930079115 206 138 137
-6.689241036786943 25.907832921682846 -3.245807452814943 206 138 138
-6.762378516348131 26.284097018545985 -2.5427118193099227 208 146 145
-7.782688870459764 25.676877264630335 -3.2594781930079115 206 138 137
-6.762378516348131 26.284097018545985 -2.5427118193099227 208 146 145
-7.867970956834882 26.050575976493654 -2.5563825595028913 208 145 144
-7.867970956834882 26.050575976493654 -2.5563825595028913 208 145 144
-6.762378516348131 26.284097018545985 -2.5427118193099227 208 146 145
-6.820420748759075 26.58270189649715 -1.4476146960016758 212 157 156
-7.867970956834882 26.050575976493654 -2.5563825595028913 208 145 144
-6.820420748759075 26.58270189649715 -1.4476146960016758 212 157 156
-7.935651203783146 26.347144953381825 -1.461285436194644 212 157 155
-7.935651203783146 26.347144953381825 -1.461285436194644 212 157 155
-6.820420748759075 26.58270189649715 -1.4476146960016758 212 157 156
-6.857686155907379 26.774418029579955 -0.06771181930992332 216 171 169
-7.935651203783146 26.347144953381825 -1.461285436194644 212 157 155
-6.857686155907379 26.774418029579955 -0.06771181930992332 216 171 169
-7.979104597177251 26.53755395751947 -0.08138255950289142 216 171 169
-7.979104597177251 26.53755395751947 -0.08138255950289142 216 171 169
-6.857686155907379 26.774418029579955 -0.06771181930992332 216 171 169
-6.870526940098007 26.840478906923416 1.4619223028460664 222 187 185
-7.979104597177251 26.53755395751947 -0.08138255950289142 216 171 169
-6.870526940098007 26.840478906923416 1.4619223028460664 222 187 185
-7.994077616114187 26.60316442892406 1.4482515626530983 221 187 184
-6.870526940098007 26.840478906923416 1.4619223028460675 222 187 185
-5.738462351055102 27.041634178470975 1.4735227777827236 222 187 185
-5.727757111669468 26.97519380592751 3.0031568999387135 227 203 200
-6.870526940098007 26.840478906923416 1.4619223028460675 222 187 185
-5.727757111669468 26.97519380592751 3.0031568999387135 227 203 200
-6.857686155907379 26.774418029579955 2.991556425002057 227 203 200
-6.857686155907379 26.774418029579955 2.991556425002057 227 203 200
-5.727757111669468 26.97519380592751 3.0031568999387135 227 203 200
-5.696689296931421 26.78237633487897 4.383059776630466 231 218 214
-6.857686155907379 26.774418029579955 2.991556425002057 227 203 200
-5.696689296931421 26.78237633487897 4.383059776630466 231 218 214
-6.820420748759075 26.58270189649715 4.371459301693809 231 218 214
-6.820420748759075 26.58270189649715 4.371459301693809 231 218 214
-5.696689296931421 26.78237633487897 4.383059776630466 231 218 214
-5.6483000410097155 26.482056082829892 5.478156899938714 235 229 225
-6.820420748759075 26.58270189649715 4.371459301693809 231 218 214
-5.6483000410097155 26.482056082829892 5.478156899938714 235 229 225
-6.762378516348131 26.284097018545985 5.466556425002058 235 229 225
-6.762378516348131 26.284097018545985 5.466556425002058 235 229 225
-5.6483000410097155 26.482056082829892 5.478156899938714 235 229 225
-5.587326021421737 26.10363048850509 6.181252533443733 237 236 232
-6.762378516348131 26.284097018545985 5.466556425002058 235 229 225
-5.587326021421737 26.10363048850509 6.181252533443733 237 236 232
-6.689241036786943 25.907832921682846 6.1696520585070775 237 236 232
-6.689241036786943 25.907832921682846 6.1696520585070775 237 236 232
-5.587326021421737 26.10363048850509 6.181252533443733 237 236 232
-5.5197358000357335 25.684142485723218 6.423522777782724 238 239 234
-6.689241036786943 25.907832921682846 6.1696520585070775 237 236 232
-5.5197358000357335 25.684142485723218 6.423522777782724 238 239 234
-6.6081675161537445 25.49074095729481 6.411922302846068 238 239 234
-6.6081675161537445 25.49074095729481 6.411922302846068 238 239 234
-5.5197358000357335 25.684142485723218 6.423522777782724 238 239 234
-5.45214557864973 25.264654482941346 6.181252533443734 237 236 232
-6.6081675161537445 25.49074095729481 6.411922302846068 238 239 234
-5.45214557864973 25.264654482941346 6.181252533443734 237 236 232
-6.527093995520547 25.073648992906772 6.169652058507078 237 236 232
-6.527093995520547 25.073648992906772 6.169652058507078 237 236 232
-5.45214557864973 25.264654482941346 6.181252533443734 237 236 232
-5.3911715590617515 24.88622888861654 5.478156899938714 235 229 225
-6.527093995520547 25.073648992906772 6.169652058507078 237 236 232
-5.3911715590617515 24.88622888861654 5.478156899938714 235 229 225
-6.453956515959359 24.697384896043634 5.466556425002058 235 229 225
-6.453956515959359 24.697384896043634 5.466556425002058 235 229 225
-5.3911715590617515 24.88622888861654 5.478156899938714 235 229 225
-5.342782303140046 24.585908636567467 4.383059776630466 231 218 214
-6.453956515959359 24.697384896043634 5.466556425002058 235 229 225
-5.342782303140046 24.585908636567467 4.383059776630466 231 218 214
-6.395914283548414 24.39878001809247 4.37145930169381 231 218 214
-6.395914283548414 24.39878001809247 4.37145930169381 231 218 214
-5.342782303140046 24.585908636567467 4.383059776630466 231 218 214
-5.311714488401999 24.393091165518925 3.0031568999387135 227 203 200
-6.395914283548414 24.39878001809247 4.37145930169381 231 218 214
-5.311714488401999 24.393091165518925 3.0031568999387135 227 203 200
-6.358648876400111 24.207063885009664 2.9915564250020577 227 203 200
-6.358648876400111 24.207063885009664 2.9915564250020577 227 203 200
-5.311714488401999 24.393091165518925 3.0031568999387135 227 203 200
-5.301009249016365 24.32665079297546 1.4735227777827242 222 187 185
-6.358648876400111 24.207063885009664 2.9915564250020577 227 203 200
-5.301009249016365 24.32665079297546 1.4735227777827242 222 187 185
-6.345808092209483 24.141003007666203 1.4619223028460682 222 187 185
-6.345808092209483 24.141003007666203 1.4619223028460682 222 187 185
-5.301009249016365 24.32665079297546 1.4735227777827242 222 187 185
-5.311714488401999 24.393091165518925 -0.05611134437326348 216 171 169
-6.345808092209483 24.141003007666203 1.4619223028460682 222 187 185
-5.311714488401999 24.393091165518925 -0.05611134437326348 216 171 169
-6.358648876400111 24.207063885009664 -0.06771181930991954 216 171 169
-6.358648876400111 24.207063885009664 -0.06771181930991954 216 171 169
-5.311714488401999 24.393091165518925 -0.05611134437326348 216 171 169
-5.342782303140046 24.585908636567467 -1.436014221065018 212 157 156
-6.358648876400111 24.207063885009664 -0.06771181930991954 216 171 169
-5.342782303140046 24.585908636567467 -1.436014221065018 212 157 156
-6.395914283548414 24.39878001809247 -1.447614696001674 212 157 156
-6.395914283548414 24.39878001809247 -1.447614696001674 212 157 156
-5.342782303140046 24.585908636567467 -1.436014221065018 212 157 156
-5.3911715590617515 24.88622888861654 -2.531111344373266 208 146 145
-6.395914283548414 24.39878001809247 -1.447614696001674 212 157 156
-5.3911715590617515 24.88622888861654 -2.531111344373266 208 146 145
-6.453956515959359 24.697384896043634 -2.542711819309922 208 146 145
-6.453956515959359 24.697384896043634 -2.542711819309922 208 146 145
-5.3911715590617515 24.88622888861654 -2.531111344373266 208 146 145
-5.45214557864973 25.264654482941346 -3.2342069778782863 206 138 138
-6.453956515959359 24.697384896043634 -2.542711819309922 208 146 145
-5.45214557864973 25.264654482941346 -3.2342069778782863 206 138 138
-6.527093995520547 25.073648992906772 -3.245807452814942 206 138 138
-6.527093995520547 25.073648992906772 -3.245807452814942 206 138 138
-5.45214557864973 25.264654482941346 -3.2342069778782863 206 138 138
-5.5197358000357335 25.684142485723218 -3.4764772222172766 205 136 135
-6.527093995520547 25.073648992906772 -3.245807452814942 206 138 138
-5.5197358000357335 25.684142485723218 -3.4764772222172766 205 136 135
-6.6081675161537445 25.49074095729481 -3.4880776971539325 205 136 135
-6.6081675161537445 25.49074095729481 -3.4880776971539325 205 136 135
-5.5197358000357335 25.684142485723218 -3.4764772222172766 205 136 135
-5.587326021421737 26.10363048850509 -3.234206977878287 206 138 138
-6.6081675161537445 25.49074095729481 -3.4880776971539325 205 136 135
-5.587326021421737 26.10363048850509 -3.234206977878287 206 138 138
-6.689241036786943 25.907832921682846 -3.245807452814943 206 138 138
-6.689241036786943 25.907832921682846 -3.245807452814943 206 138 138
-5.587326021421737 26.10363048850509 -3.234206977878287 206 138 138
-5.6483000410097155 26.482056082829892 -2.531111344373267 208 146 145
-6.689241036786943 25.907832921682846 -3.245807452814943 206 138 138
-5.6483000410097155 26.482056082829892 -2.531111344373267 208 146 145
-6.762378516348131 26.284097018545985 -2.5427118193099227 208 146 145
-6.762378516348131 26.284097018545985 -2.5427118193099227 208 146 145
-5.6483000410097155 26.482056082829892 -2.531111344373267 208 146 145
-5.696689296931421 26.78237633487897 -1.4360142210650197 212 157 156
-6.762378516348131 26.284097018545985 -2.5427118193099227 208 146 145
-5.696689296931421 26.78237633487897 -1.4360142210650197 212 157 156
-6.820420748759075 26.58270189649715 -1.4476146960016758 212 157 156
-6.820420748759075 26.58270189649715 -1.4476146960016758 212 157 156
-5.696689296931421 26.78237633487897 -1.4360142210650197 212 157 156
-5.727757111669468 26.97519380592751 -0.05611134437326726 216 171 169
-6.820420748759075 26.58270189649715 -1.4476146960016758 212 157 156
-5.727757111669468 26.97519380592751 -0.05611134437326726 216 171 169
-6.857686155907379 26.774418029579955 -0.06771181930992332 216 171 169
-6.857686155907379 26.774418029579955 -0.06771181930992332 216 171 169
-5.727757111669468 26.97519380592751 -0.05611134437326726 216 171 169
-5.738462351055102 27.041634178470975 1.4735227777827224 222 187 185
-6.857686155907379 26.774418029579955 -0.06771181930992332 216 171 169
-5.738462351055102 27.041634178470975 1.4735227777827224 222 187 185
-6.870526940098007 26.840478906923416 1.4619223028460664 222 187 185
-5.738462351055102 27.041634178470975 1.4735227777827236 222 187 185
-4.599297647943475 27.206454764798348 1.4830365597362511 222 188 185
-4.590730556040742 27.13970500681865 3.012670681892241 227 203 200
-5.738462351055102 27.041634178470975 1.4735227777827236 222 187 185
-4.590730556040742 27.13970500681865 3.012670681892241 227 203 200
-5.727757111669468 26.97519380592751 3.0031568999387135 227 203 200
-5.727757111669468 26.97519380592751 3.0031568999387135 227 203 200
-4.590730556040742 27.13970500681865 3.012670681892241 227 203 200
-4.565867886978424 26.94598966426352 4.392573558583993 231 218 214
-5.727757111669468 26.97519380592751 3.0031568999387135 227 203 200
-4.565867886978424 26.94598966426352 4.392573558583993 231 218 214
-5.696689296931421 26.78237633487897 4.383059776630466 231 218 214
-5.696689296931421 26.78237633487897 4.383059776630466 231 218 214
-4.565867886978424 26.94598966426352 4.392573558583993 231 218 214
-4.527143372032739 26.64427094455641 5.487670681892242 235 229 225
-5.696689296931421 26.78237633487897 4.383059776630466 231 218 214
-4.527143372032739 26.64427094455641 5.487670681892242 235 229 225
-5.6483000410097155 26.482056082829892 5.478156899938714 235 229 225
-5.6483000410097155 26.482056082829892 5.478156899938714 235 229 225
-4.527143372032739 26.64427094455641 5.487670681892242 235 229 225
-4.478347636536135 26.264083178180186 6.190766315397261 237 237 232
-5.6483000410097155 26.482056082829892 5.478156899938714 235 229 225
-4.478347636536135 26.264083178180186 6.190766315397261 237 237 232
-5.587326021421737 26.10363048850509 6.181252533443733 237 236 232
-5.587326021421737 26.10363048850509 6.181252533443733 237 236 232
-4.478347636536135 26.264083178180186 6.190766315397261 237 237 232
-4.424257147058898 25.84264179263168 6.4330365597362515 238 239 234
-5.587326021421737 26.10363048850509 6.181252533443733 237 236 232
-4.424257147058898 25.84264179263168 6.4330365597362515 238 239 234
-5.5197358000357335 25.684142485723218 6.423522777782724 238 239 234
-5.5197358000357335 25.684142485723218 6.423522777782724 238 239 234
-4.424257147058898 25.84264179263168 6.4330365597362515 238 239 234
-4.370166657581661 25.421200407083173 6.190766315397262 237 237 232
-5.5197358000357335 25.684142485723218 6.423522777782724 238 239 234
-4.370166657581661 25.421200407083173 6.190766315397262 237 237 232
-5.45214557864973 25.264654482941346 6.181252533443734 237 236 232
-5.45214557864973 25.264654482941346 6.181252533443734 237 236 232
-4.370166657581661 25.421200407083173 6.190766315397262 237 237 232
-4.321370922085056 25.04101264070695 5.487670681892242 235 229 225
-5.45214557864973 25.264654482941346 6.181252533443734 237 236 232
-4.321370922085056 25.04101264070695 5.487670681892242 235 229 225
-5.3911715590617515 24.88622888861654 5.478156899938714 235 229 225
-5.3911715590617515 24.88622888861654 5.478156899938714 235 229 225
-4.321370922085056 25.04101264070695 5.487670681892242 235 229 225
-4.282646407139373 24.73929392099984 4.392573558583994 231 218 214
-5.3911715590617515 24.88622888861654 5.478156899938714 235 229 225
-4.282646407139373 24.73929392099984 4.392573558583994 231 218 214
-5.342782303140046 24.585908636567467 4.383059776630466 231 218 214
-5.342782303140046 24.585908636567467 4.383059776630466 231 218 214
-4.282646407139373 24.73929392099984 4.392573558583994 231 218 214
-4.2577837380770545 24.54557857844471 3.0126706818922413 227 203 200
-5.342782303140046 24.585908636567467 4.383059776630466 231 218 214
-4.2577837380770545 24.54557857844471 3.0126706818922413 227 203 200
-5.311714488401999 24.393091165518925 3.0031568999387135 227 203 200
-5.311714488401999 24.393091165518925 3.0031568999387135 227 203 200
-4.2577837380770545 24.54557857844471 3.0126706818922413 227 203 200
-4.249216646174322 24.478828820465015 1.4830365597362518 222 188 185
-5.311714488401999 24.393091165518925 3.0031568999387135 227 203 200
-4.249216646174322 24.478828820465015 1.4830365597362518 222 188 185
-5.301009249016365 24.32665079297546 1.4735227777827242 222 187 185
-5.301009249016365 24.32665079297546 1.4735227777827242 222 187 185
-4.249216646174322 24.478828820465015 1.4830365597362518 222 188 185
-4.2577837380770545 24.54557857844471 -0.046597562419735894 217 172 170
-5.301009249016365 24.32665079297546 1.4735227777827242 222 187 185
-4.2577837380770545 24.54557857844471 -0.046597562419735894 217 172 170
-5.311714488401999 24.393091165518925 -0.05611134437326348 216 171 169
-5.311714488401999 24.393091165518925 -0.05611134437326348 216 171 169
-4.2577837380770545 24.54557857844471 -0.046597562419735894 217 172 170
-4.282646407139373 24.73929392099984 -1.4265004391114904 212 157 156
-5.311714488401999 24.393091165518925 -0.05611134437326348 216 171 169
-4.282646407139373 24.73929392099984 -1.4265004391114904 212 157 156
-5.342782303140046 24.585908636567467 -1.436014221065018 212 157 156
-5.342782303140046 24.585908636567467 -1.436014221065018 212 157 156
-4.282646407139373 24.73929392099984 -1.4265004391114904 212 157 156
-4.321370922085056 25.04101264070695 -2.521597562419738 208 146 145
-5.342782303140046 24.585908636567467 -1.436014221065018 212 157 156
-4.321370922085056 25.04101264070695 -2.521597562419738 208 146 145
-5.3911715590617515 24.88622888861654 -2.531111344373266 208 146 145
-5.3911715590617515 24.88622888861654 -2.531111344373266 208 146 145
-4.321370922085056 25.04101264070695 -2.521597562419738 208 146 145
-4.370166657581661 25.421200407083173 -3.2246931959247584 206 138 138
-5.3911715590617515 24.88622888861654 -2.531111344373266 208 146 145
-4.370166657581661 25.421200407083173 -3.2246931959247584 206 138 138
-5.45214557864973 25.264654482941346 -3.2342069778782863 206 138 138
-5.45214557864973 25.264654482941346 -3.2342069778782863 206 138 138
-4.370166657581661 25.421200407083173 -3.2246931959247584 206 138 138
-4.424257147058898 25.84264179263168 -3.466963440263749 205 136 135
-5.45214557864973 25.264654482941346 -3.2342069778782863 206 138 138
-4.424257147058898 25.84264179263168 -3.466963440263749 205 136 135
-5.5197358000357335 25.684142485723218 -3.4764772222172766 205 136 135
-5.5197358000357335 25.684142485723218 -3.4764772222172766 205 136 135
-4.424257147058898 25.84264179263168 -3.466963440263749 205 136 135
-4.478347636536135 26.264083178180186 -3.2246931959247593 206 138 138
-5.5197358000357335 25.684142485723218 -3.4764772222172766 205 136 135
-4.478347636536135 26.264083178180186 -3.2246931959247593 206 138 138
-5.587326021421737 26.10363048850509 -3.234206977878287 206 138 138
-5.587326021421737 26.10363048850509 -3.234206977878287 206 138 138
-4.478347636536135 26.264083178180186 -3.2246931959247593 206 138 138
-4.527143372032739 26.64427094455641 -2.521597562419739 208 146 145
-5.587326021421737 26.10363048850509 -3.234206977878287 206 138 138
-4.527143372032739 26.64427094455641 -2.521597562419739 208 146 145
-5.6483000410097155 26.482056082829892 -2.531111344373267 208 146 145
-5.6483000410097155 26.482056082829892 -2.531111344373267 208 146 145
-4.527143372032739 26.64427094455641 -2.521597562419739 208 146 145
-4.565867886978424 26.94598966426352 -1.4265004391114922 212 157 156
-5.6483000410097155 26.482056082829892 -2.531111344373267 208 146 145
-4.565867886978424 26.94598966426352 -1.4265004391114922 212 157 156
-5.696689296931421 26.78237633487897 -1.4360142210650197 212 157 156
-5.696689296931421 26.78237633487897 -1.4360142210650197 212 157 156
-4.565867886978424 26.94598966426352 -1.4265004391114922 212 157 156
-4.590730556040742 27.13970500681865 -0.04659756241973967 217 172 170
-5.696689296931421 26.78237633487897 -1.4360142210650197 212 157 156
-4.590730556040742 27.13970500681865 -0.04659756241973967 217 172 170
-5.727757111669468 26.97519380592751 -0.05611134437326726 216 171 169
-5.727757111669468 26.97519380592751 -0.05611134437326726 216 171 169
-4.590730556040742 27.13970500681865 -0.04659756241973967 217 172 170
-4.599297647943475 27.206454764798348 1.48303655973625 222 188 185
-5.727757111669468 26.97519380592751 -0.05611134437326726 216 171 169
-4.599297647943475 27.206454764798348 1.48303655973625 222 188 185
-5.738462351055102 27.041634178470975 1.4735227777827224 222 187 185
-4.599297647943475 27.206454764798348 1.4830365597362511 222 188 185
-3.454449402561638 27.33479721084497 1.4904501759986983 222 188 185
-3.4480224388525142 27.26780751468579 3.0200842981546883 227 204 200
-4.599297647943475 27.206454764798348 1.4830365597362511 222 188 185
-3.4480224388525142 27.26780751468579 3.0200842981546883 227 204 200
-4.590730556040742 27.13970500681865 3.012670681892241 227 203 200
-4.590730556040742 27.13970500681865 3.012670681892241 227 203 200
-3.4480224388525142 27.26780751468579 3.0200842981546883 227 204 200
-3.429370663712281 27.07339584441296 4.399987174846441 231 218 214
-4.590730556040742 27.13970500681865 3.012670681892241 227 203 200
-3.429370663712281 27.07339584441296 4.399987174846441 231 218 214
-4.565867886978424 26.94598966426352 4.392573558583993 231 218 214
-4.565867886978424 26.94598966426352 4.392573558583993 231 218 214
-3.429370663712281 27.07339584441296 4.399987174846441 231 218 214
-3.400319842846223 26.770592568858543 5.495084298154689 235 229 225
-4.565867886978424 26.94598966426352 4.392573558583993 231 218 214
-3.400319842846223 26.770592568858543 5.495084298154689 235 229 225
-4.527143372032739 26.64427094455641 5.487670681892242 235 229 225
-4.527143372032739 26.64427094455641 5.487670681892242 235 229 225
-3.400319842846223 26.770592568858543 5.495084298154689 235 229 225
-3.3637136730096815 26.389038182388283 6.198179931659708 237 237 232
-4.527143372032739 26.64427094455641 5.487670681892242 235 229 225
-3.3637136730096815 26.389038182388283 6.198179931659708 237 237 232
-4.478347636536135 26.264083178180186 6.190766315397261 237 237 232
-4.478347636536135 26.264083178180186 6.190766315397261 237 237 232
-3.3637136730096815 26.389038182388283 6.198179931659708 237 237 232
-3.3231354211564392 25.966081886795624 6.4404501759986985 238 239 234
-4.478347636536135 26.264083178180186 6.190766315397261 237 237 232
-3.3231354211564392 25.966081886795624 6.4404501759986985 238 239 234
-4.424257147058898 25.84264179263168 6.4330365597362515 238 239 234
-4.424257147058898 25.84264179263168 6.4330365597362515 238 239 234
-3.3231354211564392 25.966081886795624 6.4404501759986985 238 239 234
-3.282557169303197 25.543125591202962 6.198179931659709 237 237 232
-4.424257147058898 25.84264179263168 6.4330365597362515 238 239 234
-3.282557169303197 25.543125591202962 6.198179931659709 237 237 232
-4.370166657581661 25.421200407083173 6.190766315397262 237 237 232
-4.370166657581661 25.421200407083173 6.190766315397262 237 237 232
-3.282557169303197 25.543125591202962 6.198179931659709 237 237 232
-3.2459509994666553 25.161571204732702 5.495084298154689 235 229 225
-4.370166657581661 25.421200407083173 6.190766315397262 237 237 232
-3.2459509994666553 25.161571204732702 5.495084298154689 235 229 225
-4.321370922085056 25.04101264070695 5.487670681892242 235 229 225
-4.321370922085056 25.04101264070695 5.487670681892242 235 229 225
-3.2459509994666553 25.161571204732702 5.495084298154689 235 229 225
-3.2169001786005973 24.858767929178285 4.399987174846441 231 218 214
-4.321370922085056 25.04101264070695 5.487670681892242 235 229 225
-3.2169001786005973 24.858767929178285 4.399987174846441 231 218 214
-4.282646407139373 24.73929392099984 4.392573558583994 231 218 214
-4.282646407139373 24.73929392099984 4.392573558583994 231 218 214
-3.2169001786005973 24.858767929178285 4.399987174846441 231 218 214
-3.198248403460364 24.664356258905457 3.0200842981546883 227 204 200
-4.282646407139373 24.73929392099984 4.392573558583994 231 218 214
-3.198248403460364 24.664356258905457 3.0200842981546883 227 204 200
-4.2577837380770545 24.54557857844471 3.0126706818922413 227 203 200
-4.2577837380770545 24.54557857844471 3.0126706818922413 227 203 200
-3.198248403460364 24.664356258905457 3.0200842981546883 227 204 200
-3.1918214397512403 24.597366562746274 1.490450175998699 222 188 185
-4.2577837380770545 24.54557857844471 3.0126706818922413 227 203 200
-3.1918214397512403 24.597366562746274 1.490450175998699 222 188 185
-4.249216646174322 24.478828820465015 1.4830365597362518 222 188 185
-4.249216646174322 24.478828820465015 1.4830365597362518 222 188 185
-3.1918214397512403 24.597366562746274 1.490450175998699 222 188 185
-3.198248403460364 24.664356258905457 -0.03918394615728871 217 172 170
-4.249216646174322 24.478828820465015 1.4830365597362518 222 188 185
-3.198248403460364 24.664356258905457 -0.03918394615728871 217 172 170
-4.2577837380770545 24.54557857844471 -0.046597562419735894 217 172 170
-4.2577837380770545 24.54557857844471 -0.046597562419735894 217 172 170
-3.198248403460364 24.664356258905457 -0.03918394615728871 217 172 170
-3.2169001786005973 24.858767929178285 -1.4190868228490432 212 157 156
-4.2577837380770545 24.54557857844471 -0.046597562419735894 217 172 170
-3.2169001786005973 24.858767929178285 -1.4190868228490432 212 157 156
-4.282646407139373 24.73929392099984 -1.4265004391114904 212 157 156
-4.282646407139373 24.73929392099984 -1.4265004391114904 212 157 156
-3.2169001786005973 24.858767929178285 -1.4190868228490432 212 157 156
-3.2459509994666553 25.161571204732702 -2.5141839461572912 208 146 145
-4.282646407139373 24.73929392099984 -1.4265004391114904 212 157 156
-3.2459509994666553 25.161571204732702 -2.5141839461572912 208 146 145
-4.321370922085056 25.04101264070695 -2.521597562419738 208 146 145
-4.321370922085056 25.04101264070695 -2.521597562419738 208 146 145
-3.2459509994666553 25.161571204732702 -2.5141839461572912 208 146 145
-3.282557169303197 25.543125591202962 -3.2172795796623115 206 139 138
-4.321370922085056 25.04101264070695 -2.521597562419738 208 146 145
-3.282557169303197 25.543125591202962 -3.2172795796623115 206 139 138
-4.370166657581661 25.421200407083173 -3.2246931959247584 206 138 138
-4.370166657581661 25.421200407083173 -3.2246931959247584 206 138 138
-3.282557169303197 25.543125591202962 -3.2172795796623115 206 139 138
-3.3231354211564392 25.966081886795624 -3.459549824001302 205 136 135
-4.370166657581661 25.421200407083173 -3.2246931959247584 206 138 138
-3.3231354211564392 25.966081886795624 -3.459549824001302 205 136 135
-4.424257147058898 25.84264179263168 -3.466963440263749 205 136 135
-4.424257147058898 25.84264179263168 -3.466963440263749 205 136 135
-3.3231354211564392 25.966081886795624 -3.459549824001302 205 136 135
-3.3637136730096815 26.389038182388283 -3.2172795796623124 206 139 138
-4.424257147058898 25.84264179263168 -3.466963440263749 205 136 135
-3.3637136730096815 26.389038182388283 -3.2172795796623124 206 139 138
-4.478347636536135 26.264083178180186 -3.2246931959247593 206 138 138
-4.478347636536135 26.264083178180186 -3.2246931959247593 206 138 138
-3.3637136730096815 26.389038182388283 -3.2172795796623124 206 139 138
-3.400319842846223 26.770592568858543 -2.514183946157292 208 146 145
-4.478347636536135 26.264083178180186 -3.2246931959247593 206 138 138
-3.400319842846223 26.770592568858543 -2.514183946157292 208 146 145
-4.527143372032739 26.64427094455641 -2.521597562419739 208 146 145
-4.527143372032739 26.64427094455641 -2.521597562419739 208 146 145
-3.400319842846223 26.770592568858543 -2.514183946157292 208 146 145
-3.429370663712281 27.07339584441296 -1.419086822849045 212 157 156
-4.527143372032739 26.64427094455641 -2.521597562419739 208 146 145
-3.429370663712281 27.07339584441296 -1.419086822849045 212 157 156
-4.565867886978424 26.94598966426352 -1.4265004391114922 212 157 156
-4.565867886978424 26.94598966426352 -1.4265004391114922 212 157 156
-3.429370663712281 27.07339584441296 -1.419086822849045 212 157 156
-3.4480224388525142 27.26780751468579 -0.03918394615729248 217 172 170
-4.565867886978424 26.94598966426352 -1.4265004391114922 212 157 156
-3.4480224388525142 27.26780751468579 -0.03918394615729248 217 172 170
-4.590730556040742 27.13970500681865 -0.04659756241973967 217 172 170
-4.590730556040742 27.13970500681865 -0.04659756241973967 217 172 170
-3.4480224388525142 27.26780751468579 -0.03918394615729248 217 172 170
-3.454449402561638 27.33479721084497 1.4904501759986972 222 188 185
-4.590730556040742 27.13970500681865 -0.04659756241973967 217 172 170
-3.454449402561638 27.33479721084497 1.4904501759986972 222 188 185
-4.599297647943475 27.206454764798348 1.48303655973625 222 188 185
-3.454449402561638 27.33479721084497 1.4904501759986983 222 188 185
-2.305336460597064 27.426550003766952 1.4957531279600214 222 188 185
-2.301051051678844 27.359389297067114 3.025387250116011 227 204 200
-3.454449402561638 27.33479721084497 1.4904501759986983 222 188 185
-2.301051051678844 27.359389297067114 3.025387250116011 227 204 200
-3.4480224388525142 27.26780751468579 3.0200842981546883 227 204 200
-3.4480224388525142 27.26780751468579 3.0200842981546883 227 204 200
-2.301051051678844 27.359389297067114 3.025387250116011 227 204 200
-2.288614310607299 27.16448133487554 4.405290126807763 231 218 214
-3.4480224388525142 27.26780751468579 3.0200842981546883 227 204 200
-2.288614310607299 27.16448133487554 4.405290126807763 231 218 214
-3.429370663712281 27.07339584441296 4.399987174846441 231 218 214
-3.429370663712281 27.07339584441296 4.399987174846441 231 218 214
-2.288614310607299 27.16448133487554 4.405290126807763 231 218 214
-2.269243632250382 26.86090506653516 5.500387250116011 235 229 225
-3.429370663712281 27.07339584441296 4.399987174846441 231 218 214
-2.269243632250382 26.86090506653516 5.500387250116011 235 229 225
-3.400319842846223 26.770592568858543 5.495084298154689 235 229 225
-3.400319842846223 26.770592568858543 5.495084298154689 235 229 225
-2.269243632250382 26.86090506653516 5.500387250116011 235 229 225
-2.2448351535691207 26.478376652331377 6.203482883621032 237 237 232
-3.400319842846223 26.770592568858543 5.495084298154689 235 229 225
-2.2448351535691207 26.478376652331377 6.203482883621032 237 237 232
-3.3637136730096815 26.389038182388283 6.198179931659708 237 237 232
-3.3637136730096815 26.389038182388283 6.198179931659708 237 237 232
-2.2448351535691207 26.478376652331377 6.203482883621032 237 237 232
-2.217778146520707 26.054340638678624 6.445753127960021 238 239 234
-3.3637136730096815 26.389038182388283 6.198179931659708 237 237 232
-2.217778146520707 26.054340638678624 6.445753127960021 238 239 234
-3.3231354211564392 25.966081886795624 6.4404501759986985 238 239 234
-3.3231354211564392 25.966081886795624 6.4404501759986985 238 239 234
-2.217778146520707 26.054340638678624 6.445753127960021 238 239 234
-2.1907211394722936 25.63030462502588 6.203482883621032 237 237 232
-3.3231354211564392 25.966081886795624 6.4404501759986985 238 239 234
-2.1907211394722936 25.63030462502588 6.203482883621032 237 237 232
-3.282557169303197 25.543125591202962 6.198179931659709 237 237 232
-3.282557169303197 25.543125591202962 6.198179931659709 237 237 232
-2.1907211394722936 25.63030462502588 6.203482883621032 237 237 232
-2.166312660791032 25.247776210822092 5.500387250116011 235 229 225
-3.282557169303197 25.543125591202962 6.198179931659709 237 237 232
-2.166312660791032 25.247776210822092 5.500387250116011 235 229 225
-3.2459509994666553 25.161571204732702 5.495084298154689 235 229 225
-3.2459509994666553 25.161571204732702 5.495084298154689 235 229 225
-2.166312660791032 25.247776210822092 5.500387250116011 235 229 225
-2.1469419824341154 24.944199942481713 4.405290126807764 231 218 214
-3.2459509994666553 25.161571204732702 5.495084298154689 235 229 225
-2.1469419824341154 24.944199942481713 4.405290126807764 231 218 214
-3.2169001786005973 24.858767929178285 4.399987174846441 231 218 214
-3.2169001786005973 24.858767929178285 4.399987174846441 231 218 214
-2.1469419824341154 24.944199942481713 4.405290126807764 231 218 214
-2.1345052413625702 24.74929198029014 3.0253872501160117 227 204 200
-3.2169001786005973 24.858767929178285 4.399987174846441 231 218 214
-2.1345052413625702 24.74929198029014 3.0253872501160117 227 204 200
-3.198248403460364 24.664356258905457 3.0200842981546883 227 204 200
-3.198248403460364 24.664356258905457 3.0200842981546883 227 204 200
-2.1345052413625702 24.74929198029014 3.0253872501160117 227 204 200
-2.13021983244435 24.6821312735903 1.495753127960022 222 188 185
-3.198248403460364 24.664356258905457 3.0200842981546883 227 204 200
-2.13021983244435 24.6821312735903 1.495753127960022 222 188 185
-3.1918214397512403 24.597366562746274 1.490450175998699 222 188 185
-3.1918214397512403 24.597366562746274 1.490450175998699 222 188 185
-2.13021983244435 24.6821312735903 1.495753127960022 222 188 185
-2.1345052413625702 24.74929198029014 -0.033880994195965686 217 172 170
-3.1918214397512403 24.597366562746274 1.490450175998699 222 188 185
-2.1345052413625702 24.74929198029014 -0.033880994195965686 217 172 170
-3.198248403460364 24.664356258905457 -0.03918394615728871 217 172 170
-3.198248403460364 24.664356258905457 -0.03918394615728871 217 172 170
-2.1345052413625702 24.74929198029014 -0.033880994195965686 217 172 170
-2.1469419824341154 24.944199942481713 -1.4137838708877202 212 157 156
-3.198248403460364 24.664356258905457 -0.03918394615728871 217 172 170
-2.1469419824341154 24.944199942481713 -1.4137838708877202 212 157 156
-3.2169001786005973 24.858767929178285 -1.4190868228490432 212 157 156
-3.2169001786005973 24.858767929178285 -1.4190868228490432 212 157 156
-2.1469419824341154 24.944199942481713 -1.4137838708877202 212 157 156
-2.166312660791032 25.24777621082209 -2.508880994195968 208 146 145
-3.2169001786005973 24.858767929178285 -1.4190868228490432 212 157 156
-2.166312660791032 25.24777621082209 -2.508880994195968 208 146 145
-3.2459509994666553 25.161571204732702 -2.5141839461572912 208 146 145
-3.2459509994666553 25.161571204732702 -2.5141839461572912 208 146 145
-2.166312660791032 25.24777621082209 -2.508880994195968 208 146 145
-2.1907211394722936 25.63030462502588 -3.2119766277009885 206 139 138
-3.2459509994666553 25.161571204732702 -2.5141839461572912 208 146 145
-2.1907211394722936 25.63030462502588 -3.2119766277009885 206 139 138
-3.282557169303197 25.543125591202962 -3.2172795796623115 206 139 138
-3.282557169303197 25.543125591202962 -3.2172795796623115 206 139 138
-2.1907211394722936 25.63030462502588 -3.2119766277009885 206 139 138
-2.217778146520707 26.054340638678624 -3.454246872039979 205 136 135
-3.282557169303197 25.543125591202962 -3.2172795796623115 206 139 138
-2.217778146520707 26.054340638678624 -3.454246872039979 205 136 135
-3.3231354211564392 25.966081886795624 -3.459549824001302 205 136 135
-3.3231354211564392 25.966081886795624 -3.459549824001302 205 136 135
-2.217778146520707 26.054340638678624 -3.454246872039979 205 136 135
-2.2448351535691207 26.478376652331377 -3.2119766277009894 206 139 138
-3.3231354211564392 25.966081886795624 -3.459549824001302 205 136 135
-2.2448351535691207 26.478376652331377 -3.2119766277009894 206 139 138
-3.3637136730096815 26.389038182388283 -3.2172795796623124 206 139 138
-3.3637136730096815 26.389038182388283 -3.2172795796623124 206 139 138
-2.2448351535691207 26.478376652331377 -3.2119766277009894 206 139 138
-2.269243632250382 26.86090506653516 -2.508880994195969 208 146 145
-3.3637136730096815 26.389038182388283 -3.2172795796623124 206 139 138
-2.269243632250382 26.86090506653516 -2.508880994195969 208 146 145
-3.400319842846223 26.770592568858543 -2.514183946157292 208 146 145
-3.400319842846223 26.770592568858543 -2.514183946157292 208 146 145
-2.269243632250382 26.86090506653516 -2.508880994195969 208 146 145
-2.288614310607299 27.16448133487554 -1.413783870887722 212 157 156
-3.400319842846223 26.770592568858543 -2.514183946157292 208 146 145
-2.288614310607299 27.16448133487554 -1.413783870887722 212 157 156
-3.429370663712281 27.07339584441296 -1.419086822849045 212 157 156
-3.429370663712281 27.07339584441296 -1.419086822849045 212 157 156
-2.288614310607299 27.16448133487554 -1.413783870887722 212 157 156
-2.301051051678844 27.359389297067114 -0.03388099419596946 217 172 170
-3.429370663712281 27.07339584441296 -1.419086822849045 212 157 156
-2.301051051678844 27.359389297067114 -0.03388099419596946 217 172 170
-3.4480224388525142 27.26780751468579 -0.03918394615729248 217 172 170
-3.4480224388525142 27.26780751468579 -0.03918394615729248 217 172 170
-2.301051051678844 27.359389297067114 -0.03388099419596946 217 172 170
-2.305336460597064 27.426550003766952 1.4957531279600202 222 188 185
-3.4480224388525142 27.26780751468579 -0.03918394615729248 217 172 170
-2.305336460597064 27.426550003766952 1.4957531279600202 222 188 185
-3.454449402561638 27.33479721084497 1.4904501759986972 222 188 185
-2.305336460597064 27.426550003766952 1.4957531279600214 222 188 185
-1.153379406483218 27.48163352111201 1.498937905975433 222 188 185
-1.151236475441119 27.414370358083744 3.028572028131423 227 204 200
-2.305336460597064 27.426550003766952 1.4957531279600214 222 188 185
-1.151236475441119 27.414370358083744 3.028572028131423 227 204 200
-2.301051051678844 27.359389297067114 3.025387250116011 227 204 200
-2.301051051678844 27.359389297067114 3.025387250116011 227 204 200
-1.151236475441119 27.414370358083744 3.028572028131423 227 204 200
-1.1450174473359012 27.219165056046172 4.408474904823175 231 218 214
-2.301051051678844 27.359389297067114 3.025387250116011 227 204 200
-1.1450174473359012 27.219165056046172 4.408474904823175 231 218 214
-2.288614310607299 27.16448133487554 4.405290126807763 231 218 214
-2.288614310607299 27.16448133487554 4.405290126807763 231 218 214
-1.1450174473359012 27.219165056046172 4.408474904823175 231 218 214
-1.13533108396902 26.915125670038044 5.5035720281314235 235 229 225
-2.288614310607299 27.16448133487554 4.405290126807763 231 218 214
-1.13533108396902 26.915125670038044 5.5035720281314235 235 229 225
-2.269243632250382 26.86090506653516 5.500387250116011 235 229 225
-2.269243632250382 26.86090506653516 5.500387250116011 235 229 225
-1.13533108396902 26.915125670038044 5.5035720281314235 235 229 225
-1.123125554075688 26.5320136935288 6.206667661636443 237 237 232
-2.269243632250382 26.86090506653516 5.500387250116011 235 229 225
-1.123125554075688 26.5320136935288 6.206667661636443 237 237 232
-2.2448351535691207 26.478376652331377 6.203482883621032 237 237 232
-2.2448351535691207 26.478376652331377 6.203482883621032 237 237 232
-1.123125554075688 26.5320136935288 6.206667661636443 237 237 232
-1.1095956199627914 26.10733079607726 6.448937905975433 238 239 234
-2.2448351535691207 26.478376652331377 6.203482883621032 237 237 232
-1.1095956199627914 26.10733079607726 6.448937905975433 238 239 234
-2.217778146520707 26.054340638678624 6.445753127960021 238 239 234
-2.217778146520707 26.054340638678624 6.445753127960021 238 239 234
-1.1095956199627914 26.10733079607726 6.448937905975433 238 239 234
-1.0960656858498947 25.682647898625724 6.206667661636444 237 237 232
-2.217778146520707 26.054340638678624 6.445753127960021 238 239 234
-1.0960656858498947 25.682647898625724 6.206667661636444 237 237 232
-2.1907211394722936 25.63030462502588 6.203482883621032 237 237 232
-2.1907211394722936 25.63030462502588 6.203482883621032 237 237 232
-1.0960656858498947 25.682647898625724 6.206667661636444 237 237 232
-1.0838601559565626 25.29953592211648 5.5035720281314235 235 229 225
-2.1907211394722936 25.63030462502588 6.203482883621032 237 237 232
-1.0838601559565626 25.29953592211648 5.5035720281314235 235 229 225
-2.166312660791032 25.247776210822092 5.500387250116011 235 229 225
-2.166312660791032 25.247776210822092 5.500387250116011 235 229 225
-1.0838601559565626 25.29953592211648 5.5035720281314235 235 229 225
-1.0741737925896815 24.995496536108348 4.408474904823176 231 218 214
-2.166312660791032 25.247776210822092 5.500387250116011 235 229 225
-1.0741737925896815 24.995496536108348 4.408474904823176 231 218 214
-2.1469419824341154 24.944199942481713 4.405290126807764 231 218 214
-2.1469419824341154 24.944199942481713 4.405290126807764 231 218 214
-1.0741737925896815 24.995496536108348 4.408474904823176 231 218 214
-1.0679547644844636 24.800291234070777 3.028572028131423 227 204 200
-2.1469419824341154 24.944199942481713 4.405290126807764 231 218 214
-1.0679547644844636 24.800291234070777 3.028572028131423 227 204 200
-2.1345052413625702 24.74929198029014 3.0253872501160117 227 204 200
-2.1345052413625702 24.74929198029014 3.0253872501160117 227 204 200
-1.0679547644844636 24.800291234070777 3.028572028131423 227 204 200
-1.0658118334423645 24.73302807104251 1.4989379059754337 222 188 185
-2.1345052413625702 24.74929198029014 3.0253872501160117 227 204 200
-1.0658118334423645 24.73302807104251 1.4989379059754337 222 188 185
-2.13021983244435 24.6821312735903 1.495753127960022 222 188 185
-2.13021983244435 24.6821312735903 1.495753127960022 222 188 185
-1.0658118334423645 24.73302807104251 1.4989379059754337 222 188 185
-1.0679547644844636 24.800291234070777 -0.03069621618055396 217 172 170
-2.13021983244435 24.6821312735903 1.495753127960022 222 188 185
-1.0679547644844636 24.800291234070777 -0.03069621618055396 217 172 170
-2.1345052413625702 24.74929198029014 -0.033880994195965686 217 172 170
-2.1345052413625702 24.74929198029014 -0.033880994195965686 217 172 170
-1.0679547644844636 24.800291234070777 -0.03069621618055396 217 172 170
-1.0741737925896815 24.995496536108348 -1.4105990928723084 212 157 156
-2.1345052413625702 24.74929198029014 -0.033880994195965686 217 172 170
-1.0741737925896815 24.995496536108348 -1.4105990928723084 212 157 156
-2.1469419824341154 24.944199942481713 -1.4137838708877202 212 157 156
-2.1469419824341154 24.944199942481713 -1.4137838708877202 212 157 156
-1.0741737925896815 24.995496536108348 -1.4105990928723084 212 157 156
-1.0838601559565626 25.299535922116476 -2.5056962161805565 208 146 145
-2.1469419824341154 24.944199942481713 -1.4137838708877202 212 157 156
-1.0838601559565626 25.299535922116476 -2.5056962161805565 208 146 145
-2.166312660791032 25.24777621082209 -2.508880994195968 208 146 145
-2.166312660791032 25.24777621082209 -2.508880994195968 208 146 145
-1.0838601559565626 25.299535922116476 -2.5056962161805565 208 146 145
-1.0960656858498947 25.682647898625724 -3.2087918496855767 206 139 138
-2.166312660791032 25.24777621082209 -2.508880994195968 208 146 145
-1.0960656858498947 25.682647898625724 -3.2087918496855767 206 139 138
-2.1907211394722936 25.63030462502588 -3.2119766277009885 206 139 138
-2.1907211394722936 25.63030462502588 -3.2119766277009885 206 139 138
-1.0960656858498947 25.682647898625724 -3.2087918496855767 206 139 138
-1.1095956199627914 26.10733079607726 -3.451062094024567 205 136 135
-2.1907211394722936 25.63030462502588 -3.2119766277009885 206 139 138
-1.1095956199627914 26.10733079607726 -3.451062094024567 205 136 135
-2.217778146520707 26.054340638678624 -3.454246872039979 205 136 135
-2.217778146520707 26.054340638678624 -3.454246872039979 205 136 135
-1.1095956199627914 26.10733079607726 -3.451062094024567 205 136 135
-1.123125554075688 26.5320136935288 -3.2087918496855776 206 139 138
-2.217778146520707 26.054340638678624 -3.454246872039979 205 136 135
-1.123125554075688 26.5320136935288 -3.2087918496855776 206 139 138
-2.2448351535691207 26.478376652331377 -3.2119766277009894 206 139 138
-2.2448351535691207 26.478376652331377 -3.2119766277009894 206 139 138
-1.123125554075688 26.5320136935288 -3.2087918496855776 206 139 138
-1.13533108396902 26.915125670038044 -2.5056962161805574 208 146 145
-2.2448351535691207 26.478376652331377 -3.2119766277009894 206 139 138
-1.13533108396902 26.915125670038044 -2.5056962161805574 208 146 145
-2.269243632250382 26.86090506653516 -2.508880994195969 208 146 145
-2.269243632250382 26.86090506653516 -2.508880994195969 208 146 145
-1.13533108396902 26.915125670038044 -2.5056962161805574 208 146 145
-1.1450174473359012 27.219165056046172 -1.4105990928723102 212 157 156
-2.269243632250382 26.86090506653516 -2.508880994195969 208 146 145
-1.1450174473359012 27.219165056046172 -1.4105990928723102 212 157 156
-2.288614310607299 27.16448133487554 -1.413783870887722 212 157 156
-2.288614310607299 27.16448133487554 -1.413783870887722 212 157 156
-1.1450174473359012 27.219165056046172 -1.4105990928723102 212 157 156
-1.151236475441119 27.414370358083744 -0.030696216180557734 217 172 170
-2.288614310607299 27.16448133487554 -1.413783870887722 212 157 156
-1.151236475441119 27.414370358083744 -0.030696216180557734 217 172 170
-2.301051051678844 27.359389297067114 -0.03388099419596946 217 172 170
-2.301051051678844 27.359389297067114 -0.03388099419596946 217 172 170
-1.151236475441119 27.414370358083744 -0.030696216180557734 217 172 170
-1.153379406483218 27.48163352111201 1.498937905975432 222 188 185
-2.301051051678844 27.359389297067114 -0.03388099419596946 217 172 170
-1.153379406483218 27.48163352111201 1.498937905975432 222 188 185
-2.305336460597064 27.426550003766952 1.4957531279600202 222 188 185
-1.153379406483218 27.48163352111201 1.498937905975433 222 188 185
0 27.5 1.5 222 188 185
0 27.432702709905836 3.02963412215599 227 204 200
-1.153379406483218 27.48163352111201 1.498937905975433 222 188 185
0 27.432702709905836 3.02963412215599 227 204 200
-1.151236475441119 27.414370358083744 3.028572028131423 227 204 200
-1.151236475441119 27.414370358083744 3.028572028131423 227 204 200
0 27.432702709905836 3.02963412215599 227 204 200
0 27.237398367265552 4.4095369988477415 231 218 214
-1.151236475441119 27.414370358083744 3.028572028131423 227 204 200
0 27.237398367265552 4.4095369988477415 231 218 214
-1.1450174473359012 27.219165056046172 4.408474904823175 231 218 214
-1.1450174473359012 27.219165056046172 4.408474904823175 231 218 214
0 27.237398367265552 4.4095369988477415 231 218 214
0 26.93320472190215 5.5046341221559905 235 229 225
-1.1450174473359012 27.219165056046172 4.408474904823175 231 218 214
0 26.93320472190215 5.5046341221559905 235 229 225
-1.13533108396902 26.915125670038044 5.5035720281314235 235 229 225
-1.13533108396902 26.915125670038044 5.5035720281314235 235 229 225
0 26.93320472190215 5.5046341221559905 235 229 225
0 26.549898367265552 6.20772975566101 237 237 232
-1.13533108396902 26.915125670038044 5.5035720281314235 235 229 225
0 26.549898367265552 6.20772975566101 237 237 232
-1.123125554075688 26.5320136935288 6.206667661636443 237 237 232
-1.123125554075688 26.5320136935288 6.206667661636443 237 237 232
0 26.549898367265552 6.20772975566101 237 237 232
0 26.125 6.45 238 239 235
-1.123125554075688 26.5320136935288 6.206667661636443 237 237 232
0 26.125 6.45 238 239 235
-1.1095956199627914 26.10733079607726 6.448937905975433 238 239 234
-1.1095956199627914 26.10733079607726 6.448937905975433 238 239 234
0 26.125 6.45 238 239 235
0 25.700101632734448 6.207729755661011 237 237 232
-1.1095956199627914 26.10733079607726 6.448937905975433 238 239 234
0 25.700101632734448 6.207729755661011 237 237 232
-1.0960656858498947 25.682647898625724 6.206667661636444 237 237 232
-1.0960656858498947 25.682647898625724 6.206667661636444 237 237 232
0 25.700101632734448 6.207729755661011 237 237 232
0 25.31679527809785 5.5046341221559905 235 229 225
-1.0960656858498947 25.682647898625724 6.206667661636444 237 237 232
0 25.31679527809785 5.5046341221559905 235 229 225
-1.0838601559565626 25.29953592211648 5.5035720281314235 235 229 225
-1.0838601559565626 25.29953592211648 5.5035720281314235 235 229 225
0 25.31679527809785 5.5046341221559905 235 229 225
0 25.012601632734448 4.409536998847743 231 218 214
-1.0838601559565626 25.29953592211648 5.5035720281314235 235 229 225
0 25.012601632734448 4.409536998847743 231 218 214
-1.0741737925896815 24.995496536108348 4.408474904823176 231 218 214
-1.0741737925896815 24.995496536108348 4.408474904823176 231 218 214
0 25.012601632734448 4.409536998847743 231 218 214
0 24.817297290094164 3.02963412215599 227 204 200
-1.0741737925896815 24.995496536108348 4.408474904823176 231 218 214
0 24.817297290094164 3.02963412215599 227 204 200
-1.0679547644844636 24.800291234070777 3.028572028131423 227 204 200
-1.0679547644844636 24.800291234070777 3.028572028131423 227 204 200
0 24.817297290094164 3.02963412215599 227 204 200
0 24.75 1.5000000000000007 222 188 185
-1.0679547644844636 24.800291234070777 3.028572028131423 227 204 200
0 24.75 1.5000000000000007 222 188 185
-1.0658118334423645 24.73302807104251 1.4989379059754337 222 188 185
-1.0658118334423645 24.73302807104251 1.4989379059754337 222 188 185
0 24.75 1.5000000000000007 222 188 185
0 24.817297290094164 -0.02963412215598704 217 172 170
-1.0658118334423645 24.73302807104251 1.4989379059754337 222 188 185
0 24.817297290094164 -0.02963412215598704 217 172 170
-1.0679547644844636 24.800291234070777 -0.03069621618055396 217 172 170
-1.0679547644844636 24.800291234070777 -0.03069621618055396 217 172 170
0 24.817297290094164 -0.02963412215598704 217 172 170
0 25.012601632734448 -1.4095369988477415 212 157 156
-1.0679547644844636 24.800291234070777 -0.03069621618055396 217 172 170
0 25.012601632734448 -1.4095369988477415 212 157 156
-1.0741737925896815 24.995496536108348 -1.4105990928723084 212 157 156
-1.0741737925896815 24.995496536108348 -1.4105990928723084 212 157 156
0 25.012601632734448 -1.4095369988477415 212 157 156
0 25.31679527809785 -2.5046341221559896 208 146 145
-1.0741737925896815 24.995496536108348 -1.4105990928723084 212 157 156
0 25.31679527809785 -2.5046341221559896 208 146 145
-1.0838601559565626 25.299535922116476 -2.5056962161805565 208 146 145
-1.0838601559565626 25.299535922116476 -2.5056962161805565 208 146 145
0 25.31679527809785 -2.5046341221559896 208 146 145
0 25.700101632734448 -3.20772975566101 206 139 138
-1.0838601559565626 25.299535922116476 -2.5056962161805565 208 146 145
0 25.700101632734448 -3.20772975566101 206 139 138
-1.0960656858498947 25.682647898625724 -3.2087918496855767 206 139 138
-1.0960656858498947 25.682647898625724 -3.2087918496855767 206 139 138
0 25.700101632734448 -3.20772975566101 206 139 138
0 26.125 -3.45 205 136 136
-1.0960656858498947 25.682647898625724 -3.2087918496855767 206 139 138
0 26.125 -3.45 205 136 136
-1.1095956199627914 26.10733079607726 -3.451062094024567 205 136 135
-1.1095956199627914 26.10733079607726 -3.451062094024567 205 136 135
0 26.125 -3.45 205 136 136
0 26.549898367265552 -3.2077297556610107 206 139 138
-1.1095956199627914 26.10733079607726 -3.451062094024567 205 136 135
0 26.549898367265552 -3.2077297556610107 206 139 138
-1.123125554075688 26.5320136935288 -3.2087918496855776 206 139 138
-1.123125554075688 26.5320136935288 -3.2087918496855776 206 139 138
0 26.549898367265552 -3.2077297556610107 206 139 138
0 26.93320472190215 -2.5046341221559905 208 146 145
-1.123125554075688 26.5320136935288 -3.2087918496855776 206 139 138
0 26.93320472190215 -2.5046341221559905 208 146 145
-1.13533108396902 26.915125670038044 -2.5056962161805574 208 146 145
-1.13533108396902 26.915125670038044 -2.5056962161805574 208 146 145
0 26.93320472190215 -2.5046341221559905 208 146 145
0 27.237398367265552 -1.4095369988477433 212 157 156
-1.13533108396902 26.915125670038044 -2.5056962161805574 208 146 145
0 27.237398367265552 -1.4095369988477433 212 157 156
-1.1450174473359012 27.219165056046172 -1.4105990928723102 212 157 156
-1.1450174473359012 27.219165056046172 -1.4105990928723102 212 157 156
0 27.237398367265552 -1.4095369988477433 212 157 156
0 27.432702709905836 -0.029634122155990816 217 172 170
-1.1450174473359012 27.219165056046172 -1.4105990928723102 212 157 156
0 27.432702709905836 -0.029634122155990816 217 172 170
-1.151236475441119 27.414370358083744 -0.030696216180557734 217 172 170
-1.151236475441119 27.414370358083744 -0.030696216180557734 217 172 170
0 27.432702709905836 -0.029634122155990816 217 172 170
0 27.5 1.499999999999999 222 188 185
-1.151236475441119 27.414370358083744 -0.030696216180557734 217 172 170
0 27.5 1.499999999999999 222 188 185
-1.153379406483218 27.48163352111201 1.498937905975432 222 188 185
0 27.5 1.5 222 188 185
1.153379406483218 27.48163352111201 1.498937905975433 222 188 185
1.151236475441119 27.414370358083744 3.028572028131423 227 204 200
0 27.5 1.5 222 188 185
1.151236475441119 27.414370358083744 3.028572028131423 227 204 200
0 27.432702709905836 3.02963412215599 227 204 200
0 27.432702709905836 3.02963412215599 227 204 200
1.151236475441119 27.414370358083744 3.028572028131423 227 204 200
1.1450174473359012 27.219165056046172 4.408474904823175 231 218 214
0 27.432702709905836 3.02963412215599 227 204 200
1.1450174473359012 27.219165056046172 4.408474904823175 231 218 214
0 27.237398367265552 4.4095369988477415 231 218 214
0 27.237398367265552 4.4095369988477415 231 218 214
1.1450174473359012 27.219165056046172 4.408474904823175 231 218 214
1.13533108396902 26.915125670038044 5.5035720281314235 235 229 225
0 27.237398367265552 4.4095369988477415 231 218 214
1.13533108396902 26.915125670038044 5.5035720281314235 235 229 225
0 26.93320472190215 5.5046341221559905 235 229 225
0 26.93320472190215 5.5046341221559905 235 229 225
1.13533108396902 26.915125670038044 5.5035720281314235 235 229 225
1.123125554075688 26.5320136935288 6.206667661636443 237 237 232
0 26.93320472190215 5.5046341221559905 235 229 225
1.123125554075688 26.5320136935288 6.206667661636443 237 237 232
0 26.549898367265552 6.20772975566101 237 237 232
0 26.549898367265552 6.20772975566101 237 237 232
1.123125554075688 26.5320136935288 6.206667661636443 237 237 232
1.1095956199627914 26.10733079607726 6.448937905975433 238 239 234
0 26.549898367265552 6.20772975566101 237 237 232
1.1095956199627914 26.10733079607726 6.448937905975433 238 239 234
0 26.125 6.45 238 239 235
0 26.125 6.45 238 239 235
1.1095956199627914 26.10733079607726 6.448937905975433 238 239 234
1.0960656858498947 25.682647898625724 6.206667661636444 237 237 232
0 26.125 6.45 238 239 235
1.0960656858498947 25.682647898625724 6.206667661636444 237 237 232
0 25.700101632734448 6.207729755661011 237 237 232
0 25.700101632734448 6.207729755661011 237 237 232
1.0960656858498947 25.682647898625724 6.206667661636444 237 237 232
1.0838601559565626 25.29953592211648 5.5035720281314235 235 229 225
0 25.700101632734448 6.207729755661011 237 237 232
1.0838601559565626 25.29953592211648 5.5035720281314235 235 229 225
0 25.31679527809785 5.5046341221559905 235 229 225
0 25.31679527809785 5.5046341221559905 235 229 225
1.0838601559565626 25.29953592211648 5.5035720281314235 235 229 225
1.0741737925896815 24.995496536108348 4.408474904823176 231 218 214
0 25.31679527809785 5.5046341221559905 235 229 225
1.0741737925896815 24.995496536108348 4.408474904823176 231 218 214
0 25.012601632734448 4.409536998847743 231 218 214
0 25.012601632734448 4.409536998847743 231 218 214
1.0741737925896815 24.995496536108348 4.408474904823176 231 218 214
1.0679547644844636 24.800291234070777 3.028572028131423 227 204 200
0 25.012601632734448 4.409536998847743 231 218 214
1.0679547644844636 24.800291234070777 3.028572028131423 227 204 200
0 24.817297290094164 3.02963412215599 227 204 200
0 24.817297290094164 3.02963412215599 227 204 200
1.0679547644844636 24.800291234070777 3.028572028131423 227 204 200
1.0658118334423645 24.73302807104251 1.4989379059754337 222 188 185
0 24.817297290094164 3.02963412215599 227 204 200
1.0658118334423645 24.73302807104251 1.4989379059754337 222 188 185
0 24.75 1.5000000000000007 222 188 185
0 24.75 1.5000000000000007 222 188 185
1.0658118334423645 24.73302807104251 1.4989379059754337 222 188 185
1.0679547644844636 24.800291234070777 -0.03069621618055396 217 172 170
0 24.75 1.5000000000000007 222 188 185
1.0679547644844636 24.800291234070777 -0.03069621618055396 217 172 170
0 24.817297290094164 -0.02963412215598704 217 172 170
0 24.817297290094164 -0.02963412215598704 217 172 170
1.0679547644844636 24.800291234070777 -0.03069621618055396 217 172 170
1.0741737925896815 24.995496536108348 -1.4105990928723084 212 157 156
0 24.817297290094164 -0.02963412215598704 217 172 170
1.0741737925896815 24.995496536108348 -1.4105990928723084 212 157 156
0 25.012601632734448 -1.4095369988477415 212 157 156
0 25.012601632734448 -1.4095369988477415 212 157 156
1.0741737925896815 24.995496536108348 -1.4105990928723084 212 157 156
1.0838601559565626 25.299535922116476 -2.5056962161805565 208 146 145
0 25.012601632734448 -1.4095369988477415 212 157 156
1.0838601559565626 25.299535922116476 -2.5056962161805565 208 146 145
0 25.31679527809785 -2.5046341221559896 208 146 145
0 25.31679527809785 -2.5046341221559896 208 146 145
1.0838601559565626 25.299535922116476 -2.5056962161805565 208 146 145
1.0960656858498947 25.682647898625724 -3.2087918496855767 206 139 138
0 25.31679527809785 -2.5046341221559896 208 146 145
1.0960656858498947 25.682647898625724 -3.2087918496855767 206 139 138
0 25.700101632734448 -3.20772975566101 206 139 138
0 25.700101632734448 -3.20772975566101 206 139 138
1.0960656858498947 25.682647898625724 -3.2087918496855767 206 139 138
1.1095956199627914 26.10733079607726 -3.451062094024567 205 136 135
0 25.700101632734448 -3.20772975566101 206 139 138
1.1095956199627914 26.10733079607726 -3.451062094024567 205 136 135
0 26.125 -3.45 205 136 136
0 26.125 -3.45 205 136 136
1.1095956199627914 26.10733079607726 -3.451062094024567 205 136 135
1.123125554075688 26.5320136935288 -3.2087918496855776 206 139 138
0 26.125 -3.45 205 136 136
1.123125554075688 26.5320136935288 -3.2087918496855776 206 139 138
0 26.549898367265552 -3.2077297556610107 206 139 138
0 26.549898367265552 -3.2077297556610107 206 139 138
1.123125554075688 26.5320136935288 -3.2087918496855776 206 139 138
1.13533108396902 26.915125670038044 -2.5056962161805574 208 146 145
0 26.549898367265552 -3.2077297556610107 206 139 138
1.13533108396902 26.915125670038044 -2.5056962161805574 208 146 145
0 26.93320472190215 -2.5046341221559905 208 146 145
0 26.93320472190215 -2.5046341221559905 208 146 145
1.13533108396902 26.915125670038044 -2.5056962161805574 208 146 145
1.1450174473359012 27.219165056046172 -1.4105990928723102 212 157 156
0 26.93320472190215 -2.5046341221559905 208 146 145
1.1450174473359012 27.219165056046172 -1.4105990928723102 212 157 156
0 27.237398367265552 -1.4095369988477433 212 157 156
0 27.237398367265552 -1.4095369988477433 212 157 156
1.1450174473359012 27.219165056046172 -1.4105990928723102 212 157 156
1.151236475441119 27.414370358083744 -0.030696216180557734 217 172 170
0 27.237398367265552 -1.4095369988477433 212 157 156
1.151236475441119 27.414370358083744 -0.030696216180557734 217 172 170
0 27.432702709905836 -0.029634122155990816 217 172 170
0 27.432702709905836 -0.029634122155990816 217 172 170
1.151236475441119 27.414370358083744 -0.030696216180557734 217 172 170
1.153379406483218 27.48163352111201 1.498937905975432 222 188 185
0 27.432702709905836 -0.029634122155990816 217 172 170
1.153379406483218 27.48163352111201 1.498937905975432 222 188 185
0 27.5 1.499999999999999 222 188 185
1.153379406483218 27.48163352111201 1.498937905975433 222 188 185
2.305336460597064 27.426550003766952 1.4957531279600214 222 188 185
2.301051051678844 27.359389297067114 3.025387250116011 227 204 200
1.153379406483218 27.48163352111201 1.498937905975433 222 188 185
2.301051051678844 27.359389297067114 3.025387250116011 227 204 200
1.151236475441119 27.414370358083744 3.028572028131423 227 204 200
1.151236475441119 27.414370358083744 3.028572028131423 227 204 200
2.301051051678844 27.359389297067114 3.025387250116011 227 204 200
2.288614310607299 27.16448133487554 4.405290126807763 231 218 214
1.151236475441119 27.414370358083744 3.028572028131423 227 204 200
2.288614310607299 27.16448133487554 4.405290126807763 231 218 214
1.1450174473359012 27.219165056046172 4.408474904823175 231 218 214
1.1450174473359012 27.219165056046172 4.408474904823175 231 218 214
2.288614310607299 27.16448133487554 4.405290126807763 231 218 214
2.269243632250382 26.86090506653516 5.500387250116011 235 229 225
1.1450174473359012 27.219165056046172 4.408474904823175 231 218 214
2.269243632250382 26.86090506653516 5.500387250116011 235 229 225
1.13533108396902 26.915125670038044 5.5035720281314235 235 229 225
1.13533108396902 26.915125670038044 5.5035720281314235 235 229 225
2.269243632250382 26.86090506653516 5.500387250116011 235 229 225
2.2448351535691207 26.478376652331377 6.203482883621032 237 237 232
1.13533108396902 26.915125670038044 5.5035720281314235 235 229 225
2.2448351535691207 26.478376652331377 6.203482883621032 237 237 232
1.123125554075688 26.5320136935288 6.206667661636443 237 237 232
1.123125554075688 26.5320136935288 6.206667661636443 237 237 232
2.2448351535691207 26.478376652331377 6.203482883621032 237 237 232
2.217778146520707 26.054340638678624 6.445753127960021 238 239 234
1.123125554075688 26.5320136935288 6.206667661636443 237 237 232
2.217778146520707 26.054340638678624 6.445753127960021 238 239 234
1.1095956199627914 26.10733079607726 6.448937905975433 238 239 234
1.1095956199627914 26.10733079607726 6.448937905975433 238 239 234
2.217778146520707 26.054340638678624 6.445753127960021 238 239 234
2.1907211394722936 25.63030462502588 6.203482883621032 237 237 232
1.1095956199627914 26.10733079607726 6.448937905975433 238 239 234
2.1907211394722936 25.63030462502588 6.203482883621032 237 237 232
1.0960656858498947 25.682647898625724 6.206667661636444 237 237 232
1.0960656858498947 25.682647898625724 6.206667661636444 237 237 232
2.1907211394722936 25.63030462502588 6.203482883621032 237 237 232
2.166312660791032 25.247776210822092 5.500387250116011 235 229 225
1.0960656858498947 25.682647898625724 6.206667661636444 237 237 232
2.166312660791032 25.247776210822092 5.500387250116011 235 229 225
1.0838601559565626 25.29953592211648 5.5035720281314235 235 229 225
1.0838601559565626 25.29953592211648 5.5035720281314235 235 229 225
2.166312660791032 25.247776210822092 5.500387250116011 235 229 225
2.1469419824341154 24.944199942481713 4.405290126807764 231 218 214
1.0838601559565626 25.29953592211648 5.5035720281314235 235 229 225
2.1469419824341154 24.944199942481713 4.405290126807764 231 218 214
1.0741737925896815 24.995496536108348 4.408474904823176 231 218 214
1.0741737925896815 24.995496536108348 4.408474904823176 231 218 214
2.1469419824341154 24.944199942481713 4.405290126807764 231 218 214
2.1345052413625702 24.74929198029014 3.0253872501160117 227 204 200
1.0741737925896815 24.995496536108348 4.408474904823176 231 218 214
2.1345052413625702 24.74929198029014 3.0253872501160117 227 204 200
1.0679547644844636 24.800291234070777 3.028572028131423 227 204 200
1.0679547644844636 24.800291234070777 3.028572028131423 227 204 200
2.1345052413625702 24.74929198029014 3.0253872501160117 227 204 200
2.13021983244435 24.6821312735903 1.495753127960022 222 188 185
1.0679547644844636 24.800291234070777 3.028572028131423 227 204 200
2.13021983244435 24.6821312735903 1.495753127960022 222 188 185
1.0658118334423645 24.73302807104251 1.4989379059754337 222 188 185
1.0658118334423645 24.73302807104251 1.4989379059754337 222 188 185
2.13021983244435 24.6821312735903 1.495753127960022 222 188 185
2.1345052413625702 24.74929198029014 -0.033880994195965686 217 172 170
1.0658118334423645 24.73302807104251 1.4989379059754337 222 188 185
2.1345052413625702 24.74929198029014 -0.033880994195965686 217 172 170
1.0679547644844636 24.800291234070777 -0.03069621618055396 217 172 170
1.0679547644844636 24.800291234070777 -0.03069621618055396 217 172 170
2.1345052413625702 24.74929198029014 -0.033880994195965686 217 172 170
2.1469419824341154 24.944199942481713 -1.4137838708877202 212 157 156
1.0679547644844636 24.800291234070777 -0.03069621618055396 217 172 170
2.1469419824341154 24.944199942481713 -1.4137838708877202 212 157 156
1.0741737925896815 24.995496536108348 -1.4105990928723084 212 157 156
1.0741737925896815 24.995496536108348 -1.4105990928723084 212 157 156
2.1469419824341154 24.944199942481713 -1.4137838708877202 212 157 156
2.166312660791032 25.24777621082209 -2.508880994195968 208 146 145
1.0741737925896815 24.995496536108348 -1.4105990928723084 212 157 156
2.166312660791032 25.24777621082209 -2.508880994195968 208 146 145
1.0838601559565626 25.299535922116476 -2.5056962161805565 208 146 145
1.0838601559565626 25.299535922116476 -2.5056962161805565 208 146 145
2.166312660791032 25.24777621082209 -2.508880994195968 208 146 145
2.1907211394722936 25.63030462502588 -3.2119766277009885 206 139 138
1.0838601559565626 25.299535922116476 -2.5056962161805565 208 146 145
2.1907211394722936 25.63030462502588 -3.2119766277009885 206 139 138
1.0960656858498947 25.682647898625724 -3.2087918496855767 206 139 138
1.0960656858498947 25.682647898625724 -3.2087918496855767 206 139 138
2.1907211394722936 25.63030462502588 -3.2119766277009885 206 139 138
2.217778146520707 26.054340638678624 -3.454246872039979 205 136 135
1.0960656858498947 25.682647898625724 -3.2087918496855767 206 139 138
2.217778146520707 26.054340638678624 -3.454246872039979 205 136 135
1.1095956199627914 26.10733079607726 -3.451062094024567 205 136 135
1.1095956199627914 26.10733079607726 -3.451062094024567 205 136 135
2.217778146520707 26.054340638678624 -3.454246872039979 205 136 135
2.2448351535691207 26.478376652331377 -3.2119766277009894 206 139 138
1.1095956199627914 26.10733079607726 -3.451062094024567 205 136 135
2.2448351535691207 26.478376652331377 -3.2119766277009894 206 139 138
1.123125554075688 26.5320136935288 -3.2087918496855776 206 139 138
1.123125554075688 26.5320136935288 -3.2087918496855776 206 139 138
2.2448351535691207 26.478376652331377 -3.2119766277009894 206 139 138
2.269243632250382 26.86090506653516 -2.508880994195969 208 146 145
1.123125554075688 26.5320136935288 -3.2087918496855776 206 139 138
2.269243632250382 26.86090506653516 -2.508880994195969 208 146 145
1.13533108396902 26.915125670038044 -2.5056962161805574 208 146 145
1.13533108396902 26.915125670038044 -2.5056962161805574 208 146 145
2.269243632250382 26.86090506653516 -2.508880994195969 208 146 145
2.288614310607299 27.16448133487554 -1.413783870887722 212 157 156
1.13533108396902 26.915125670038044 -2.5056962161805574 208 146 145
2.288614310607299 27.16448133487554 -1.413783870887722 212 157 156
1.1450174473359012 27.219165056046172 -1.4105990928723102 212 157 156
1.1450174473359012 27.219165056046172 -1.4105990928723102 212 157 156
2.288614310607299 27.16448133487554 -1.413783870887722 212 157 156
2.301051051678844 27.359389297067114 -0.03388099419596946 217 172 170
1.1450174473359012 27.219165056046172 -1.4105990928723102 212 157 156
2.301051051678844 27.359389297067114 -0.03388099419596946 217 172 170
1.151236475441119 27.414370358083744 -0.030696216180557734 217 172 170
1.151236475441119 27.414370358083744 -0.030696216180557734 217 172 170
2.301051051678844 27.359389297067114 -0.03388099419596946 217 172 170
2.305336460597064 27.426550003766952 1.4957531279600202 222 188 185
1.151236475441119 27.414370358083744 -0.030696216180557734 217 172 170
2.305336460597064 27.426550003766952 1.4957531279600202 222 188 185
1.153379406483218 27.48163352111201 1.498937905975432 222 188 185
2.305336460597064 27.426550003766952 1.4957531279600214 222 188 185
3.454449402561638 27.33479721084497 1.4904501759986983 222 188 185
3.4480224388525142 27.26780751468579 3.0200842981546883 227 204 200
2.305336460597064 27.426550003766952 1.4957531279600214 222 188 185
3.4480224388525142 27.26780751468579 3.0200842981546883 227 204 200
2.301051051678844 27.359389297067114 3.025387250116011 227 204 200
2.301051051678844 27.359389297067114 3.025387250116011 227 204 200
3.4480224388525142 27.26780751468579 3.0200842981546883 227 204 200
3.429370663712281 27.07339584441296 4.399987174846441 231 218 214
2.301051051678844 27.359389297067114 3.025387250116011 227 204 200
3.429370663712281 27.07339584441296 4.399987174846441 231 218 214
2.288614310607299 27.16448133487554 4.405290126807763 231 218 214
2.288614310607299 27.16448133487554 4.405290126807763 231 218 214
3.429370663712281 27.07339584441296 4.399987174846441 231 218 214
3.400319842846223 26.770592568858543 5.495084298154689 235 229 225
2.288614310607299 27.16448133487554 4.405290126807763 231 218 214
3.400319842846223 26.770592568858543 5.495084298154689 235 229 225
2.269243632250382 26.86090506653516 5.500387250116011 235 229 225
2.269243632250382 26.86090506653516 5.500387250116011 235 229 225
3.400319842846223 26.770592568858543 5.495084298154689 235 229 225
3.3637136730096815 26.389038182388283 6.198179931659708 237 237 232
2.269243632250382 26.86090506653516 5.500387250116011 235 229 225
3.3637136730096815 26.389038182388283 6.198179931659708 237 237 232
2.2448351535691207 26.478376652331377 6.203482883621032 237 237 232
2.2448351535691207 26.478376652331377 6.203482883621032 237 237 232
3.3637136730096815 26.389038182388283 6.198179931659708 237 237 232
3.3231354211564392 25.966081886795624 6.4404501759986985 238 239 234
2.2448351535691207 26.478376652331377 6.203482883621032 237 237 232
3.3231354211564392 25.966081886795624 6.4404501759986985 238 239 234
2.217778146520707 26.054340638678624 6.445753127960021 238 239 234
2.217778146520707 26.054340638678624 6.445753127960021 238 239 234
3.3231354211564392 25.966081886795624 6.4404501759986985 238 239 234
3.282557169303197 25.543125591202962 6.198179931659709 237 237 232
2.217778146520707 26.054340638678624 6.445753127960021 238 239 234
3.282557169303197 25.543125591202962 6.198179931659709 237 237 232
2.1907211394722936 25.63030462502588 6.203482883621032 237 237 232
2.1907211394722936 25.63030462502588 6.203482883621032 237 237 232
3.282557169303197 25.543125591202962 6.198179931659709 237 237 232
3.2459509994666553 25.161571204732702 5.495084298154689 235 229 225
2.1907211394722936 25.63030462502588 6.203482883621032 237 237 232
3.2459509994666553 25.161571204732702 5.495084298154689 235 229 225
2.166312660791032 25.247776210822092 5.500387250116011 235 229 225
2.166312660791032 25.247776210822092 5.500387250116011 235 229 225
3.2459509994666553 25.161571204732702 5.495084298154689 235 229 225
3.2169001786005973 24.858767929178285 4.399987174846441 231 218 214
2.166312660791032 25.247776210822092 5.500387250116011 235 229 225
3.2169001786005973 24.858767929178285 4.399987174846441 231 218 214
2.1469419824341154 24.944199942481713 4.405290126807764 231 218 214
2.1469419824341154 24.944199942481713 4.405290126807764 231 218 214
3.2169001786005973 24.858767929178285 4.399987174846441 231 218 214
3.198248403460364 24.664356258905457 3.0200842981546883 227 204 200
2.1469419824341154 24.944199942481713 4.405290126807764 231 218 214
3.198248403460364 24.664356258905457 3.0200842981546883 227 204 200
2.1345052413625702 24.74929198029014 3.0253872501160117 227 204 200
2.1345052413625702 24.74929198029014 3.0253872501160117 227 204 200
3.198248403460364 24.664356258905457 3.0200842981546883 227 204 200
3.1918214397512403 24.597366562746274 1.490450175998699 222 188 185
2.1345052413625702 24.74929198029014 3.0253872501160117 227 204 200
3.1918214397512403 24.597366562746274 1.490450175998699 222 188 185
2.13021983244435 24.6821312735903 1.495753127960022 222 188 185
2.13021983244435 24.6821312735903 1.495753127960022 222 188 185
3.1918214397512403 24.597366562746274 1.490450175998699 222 188 185
3.198248403460364 24.664356258905457 -0.03918394615728871 217 172 170
2.13021983244435 24.6821312735903 1.495753127960022 222 188 185
3.198248403460364 24.664356258905457 -0.03918394615728871 217 172 170
2.1345052413625702 24.74929198029014 -0.033880994195965686 217 172 170
2.1345052413625702 24.74929198029014 -0.033880994195965686 217 172 170
3.198248403460364 24.664356258905457 -0.03918394615728871 217 172 170
3.2169001786005973 24.858767929178285 -1.4190868228490432 212 157 156
2.1345052413625702 24.74929198029014 -0.033880994195965686 217 172 170
3.2169001786005973 24.858767929178285 -1.4190868228490432 212 157 156
2.1469419824341154 24.944199942481713 -1.4137838708877202 212 157 156
2.1469419824341154 24.944199942481713 -1.4137838708877202 212 157 156
3.2169001786005973 24.858767929178285 -1.4190868228490432 212 157 156
3.2459509994666553 25.161571204732702 -2.5141839461572912 208 146 145
2.1469419824341154 24.944199942481713 -1.4137838708877202 212 157 156
3.2459509994666553 25.161571204732702 -2.5141839461572912 208 146 145
2.166312660791032 25.24777621082209 -2.508880994195968 208 146 145
2.166312660791032 25.24777621082209 -2.508880994195968 208 146 145
3.2459509994666553 25.161571204732702 -2.5141839461572912 208 146 145
3.282557169303197 25.543125591202962 -3.2172795796623115 206 139 138
2.166312660791032 25.24777621082209 -2.508880994195968 208 146 145
3.282557169303197 25.543125591202962 -3.2172795796623115 206 139 138
2.1907211394722936 25.63030462502588 -3.2119766277009885 206 139 138
2.1907211394722936 25.63030462502588 -3.2119766277009885 206 139 138
3.282557169303197 25.543125591202962 -3.2172795796623115 206 139 138
3.3231354211564392 25.966081886795624 -3.459549824001302 205 136 135
2.1907211394722936 25.63030462502588 -3.2119766277009885 206 139 138
3.3231354211564392 25.966081886795624 -3.459549824001302 205 136 135
2.217778146520707 26.054340638678624 -3.454246872039979 205 136 135
2.217778146520707 26.054340638678624 -3.454246872039979 205 136 135
3.3231354211564392 25.966081886795624 -3.459549824001302 205 136 135
3.3637136730096815 26.389038182388283 -3.2172795796623124 206 139 138
2.217778146520707 26.054340638678624 -3.454246872039979 205 136 135
3.3637136730096815 26.389038182388283 -3.2172795796623124 206 139 138
2.2448351535691207 26.478376652331377 -3.2119766277009894 206 139 138
2.2448351535691207 26.478376652331377 -3.2119766277009894 206 139 138
3.3637136730096815 26.389038182388283 -3.2172795796623124 206 139 138
3.400319842846223 26.770592568858543 -2.514183946157292 208 146 145
2.2448351535691207 26.478376652331377 -3.2119766277009894 206 139 138
3.400319842846223 26.770592568858543 -2.514183946157292 208 146 145
2.269243632250382 26.86090506653516 -2.508880994195969 208 146 145
2.269243632250382 26.86090506653516 -2.508880994195969 208 146 145
3.400319842846223 26.770592568858543 -2.514183946157292 208 146 145
3.429370663712281 27.07339584441296 -1.419086822849045 212 157 156
2.269243632250382 26.86090506653516 -2.508880994195969 208 146 145
3.429370663712281 27.07339584441296 -1.419086822849045 212 157 156
2.288614310607299 27.16448133487554 -1.413783870887722 212 157 156
2.288614310607299 27.16448133487554 -1.413783870887722 212 157 156
3.429370663712281 27.07339584441296 -1.419086822849045 212 157 156
3.4480224388525142 27.26780751468579 -0.03918394615729248 217 172 170
2.288614310607299 27.16448133487554 -1.413783870887722 212 157 156
3.4480224388525142 27.26780751468579 -0.03918394615729248 217 172 170
2.301051051678844 27.359389297067114 -0.03388099419596946 217 172 170
2.301051051678844 27.359389297067114 -0.03388099419596946 217 172 170
3.4480224388525142 27.26780751468579 -0.03918394615729248 217 172 170
3.454449402561638 27.33479721084497 1.4904501759986972 222 188 185
2.301051051678844 27.359389297067114 -0.03388099419596946 217 172 170
3.454449402561638 27.33479721084497 1.4904501759986972 222 188 185
2.305336460597064 27.426550003766952 1.4957531279600202 222 188 185
3.454449402561638 27.33479721084497 1.4904501759986983 222 188 185
4.599297647943475 27.206454764798348 1.4830365597362511 222 188 185
4.590730556040742 27.13970500681865 3.012670681892241 227 203 200
3.454449402561638 27.33479721084497 1.4904501759986983 222 188 185
4.590730556040742 27.13970500681865 3.012670681892241 227 203 200
3.4480224388525142 27.26780751468579 3.0200842981546883 227 204 200
3.4480224388525142 27.26780751468579 3.0200842981546883 227 204 200
4.590730556040742 27.13970500681865 3.012670681892241 227 203 200
4.565867886978424 26.94598966426352 4.392573558583993 231 218 214
3.4480224388525142 27.26780751468579 3.0200842981546883 227 204 200
4.565867886978424 26.94598966426352 4.392573558583993 231 218 214
3.429370663712281 27.07339584441296 4.399987174846441 231 218 214
3.429370663712281 27.07339584441296 4.399987174846441 231 218 214
4.565867886978424 26.94598966426352 4.392573558583993 231 218 214
4.527143372032739 26.64427094455641 5.487670681892242 235 229 225
3.429370663712281 27.07339584441296 4.399987174846441 231 218 214
4.527143372032739 26.64427094455641 5.487670681892242 235 229 225
3.400319842846223 26.770592568858543 5.495084298154689 235 229 225
3.400319842846223 26.770592568858543 5.495084298154689 235 229 225
4.527143372032739 26.64427094455641 5.487670681892242 235 229 225
4.478347636536135 26.264083178180186 6.190766315397261 237 237 232
3.400319842846223 26.770592568858543 5.495084298154689 235 229 225
4.478347636536135 26.264083178180186 6.190766315397261 237 237 232
3.3637136730096815 26.389038182388283 6.198179931659708 237 237 232
3.3637136730096815 26.389038182388283 6.198179931659708 237 237 232
4.478347636536135 26.264083178180186 6.190766315397261 237 237 232
4.424257147058898 25.84264179263168 6.4330365597362515 238 239 234
3.3637136730096815 26.389038182388283 6.198179931659708 237 237 232
4.424257147058898 25.84264179263168 6.4330365597362515 238 239 234
3.3231354211564392 25.966081886795624 6.4404501759986985 238 239 234
3.3231354211564392 25.966081886795624 6.4404501759986985 238 239 234
4.424257147058898 25.84264179263168 6.4330365597362515 238 239 234
4.370166657581661 25.421200407083173 6.190766315397262 237 237 232
3.3231354211564392 25.966081886795624 6.4404501759986985 238 239 234
4.370166657581661 25.421200407083173 6.190766315397262 237 237 232
3.282557169303197 25.543125591202962 6.198179931659709 237 237 232
3.282557169303197 25.543125591202962 6.198179931659709 237 237 232
4.370166657581661 25.421200407083173 6.190766315397262 237 237 232
4.321370922085056 25.04101264070695 5.487670681892242 235 229 225
3.282557169303197 25.543125591202962 6.198179931659709 237 237 232
4.321370922085056 25.04101264070695 5.487670681892242 235 229 225
3.2459509994666553 25.161571204732702 5.495084298154689 235 229 225
3.2459509994666553 25.161571204732702 5.495084298154689 235 229 225
4.321370922085056 25.04101264070695 5.487670681892242 235 229 225
4.282646407139373 24.73929392099984 4.392573558583994 231 218 214
3.2459509994666553 25.161571204732702 5.495084298154689 235 229 225
4.282646407139373 24.73929392099984 4.392573558583994 231 218 214
3.2169001786005973 24.858767929178285 4.399987174846441 231 218 214
3.2169001786005973 24.858767929178285 4.399987174846441 231 218 214
4.282646407139373 24.73929392099984 4.392573558583994 231 218 214
4.2577837380770545 24.54557857844471 3.0126706818922413 227 203 200
3.2169001786005973 24.858767929178285 4.399987174846441 231 218 214
4.2577837380770545 24.54557857844471 3.0126706818922413 227 203 200
3.198248403460364 24.664356258905457 3.0200842981546883 227 204 200
3.198248403460364 24.664356258905457 3.0200842981546883 227 204 200
4.2577837380770545 24.54557857844471 3.0126706818922413 227 203 200
4.249216646174322 24.478828820465015 1.4830365597362518 222 188 185
3.198248403460364 24.664356258905457 3.0200842981546883 227 204 200
4.249216646174322 24.478828820465015 1.4830365597362518 222 188 185
3.1918214397512403 24.597366562746274 1.490450175998699 222 188 185
3.1918214397512403 24.597366562746274 1.490450175998699 222 188 185
4.249216646174322 24.478828820465015 1.4830365597362518 222 188 185
4.2577837380770545 24.54557857844471 -0.046597562419735894 217 172 170
3.1918214397512403 24.597366562746274 1.490450175998699 222 188 185
4.2577837380770545 24.54557857844471 -0.046597562419735894 217 172 170
3.198248403460364 24.664356258905457 -0.03918394615728871 217 172 170
3.198248403460364 24.664356258905457 -0.03918394615728871 217 172 170
4.2577837380770545 24.54557857844471 -0.046597562419735894 217 172 170
4.282646407139373 24.73929392099984 -1.4265004391114904 212 157 156
3.198248403460364 24.664356258905457 -0.03918394615728871 217 172 170
4.282646407139373 24.73929392099984 -1.4265004391114904 212 157 156
3.2169001786005973 24.858767929178285 -1.4190868228490432 212 157 156
3.2169001786005973 24.858767929178285 -1.4190868228490432 212 157 156
4.282646407139373 24.73929392099984 -1.4265004391114904 212 157 156
4.321370922085056 25.04101264070695 -2.521597562419738 208 146 145
3.2169001786005973 24.858767929178285 -1.4190868228490432 212 157 156
4.321370922085056 25.04101264070695 -2.521597562419738 208 146 145
3.2459509994666553 25.161571204732702 -2.5141839461572912 208 146 145
3.2459509994666553 25.161571204732702 -2.5141839461572912 208 146 145
4.321370922085056 25.04101264070695 -2.521597562419738 208 146 145
4.370166657581661 25.421200407083173 -3.2246931959247584 206 138 138
3.2459509994666553 25.161571204732702 -2.5141839461572912 208 146 145
4.370166657581661 25.421200407083173 -3.2246931959247584 206 138 138
3.282557169303197 25.543125591202962 -3.2172795796623115 206 139 138
3.282557169303197 25.543125591202962 -3.2172795796623115 206 139 138
4.370166657581661 25.421200407083173 -3.2246931959247584 206 138 138
4.424257147058898 25.84264179263168 -3.466963440263749 205 136 135
3.282557169303197 25.543125591202962 -3.2172795796623115 206 139 138
4.424257147058898 25.84264179263168 -3.466963440263749 205 136 135
3.3231354211564392 25.966081886795624 -3.459549824001302 205 136 135
3.3231354211564392 25.966081886795624 -3.459549824001302 205 136 135
4.424257147058898 25.84264179263168 -3.466963440263749 205 136 135
4.478347636536135 26.264083178180186 -3.2246931959247593 206 138 138
3.3231354211564392 25.966081886795624 -3.459549824001302 205 136 135
4.478347636536135 26.264083178180186 -3.2246931959247593 206 138 138
3.3637136730096815 26.389038182388283 -3.2172795796623124 206 139 138
3.3637136730096815 26.389038182388283 -3.2172795796623124 206 139 138
4.478347636536135 26.264083178180186 -3.2246931959247593 206 138 138
4.527143372032739 26.64427094455641 -2.521597562419739 208 146 145
3.3637136730096815 26.389038182388283 -3.2172795796623124 206 139 138
4.527143372032739 26.64427094455641 -2.521597562419739 208 146 145
3.400319842846223 26.770592568858543 -2.514183946157292 208 146 145
3.400319842846223 26.770592568858543 -2.514183946157292 208 146 145
4.527143372032739 26.64427094455641 -2.521597562419739 208 146 145
4.565867886978424 26.94598966426352 -1.4265004391114922 212 157 156
3.400319842846223 26.770592568858543 -2.514183946157292 208 146 145
4.565867886978424 26.94598966426352 -1.4265004391114922 212 157 156
3.429370663712281 27.07339584441296 -1.419086822849045 212 157 156
3.429370663712281 27.07339584441296 -1.419086822849045 212 157 156
4.565867886978424 26.94598966426352 -1.4265004391114922 212 157 156
4.590730556040742 27.13970500681865 -0.04659756241973967 217 172 170
3.429370663712281 27.07339584441296 -1.419086822849045 212 157 156
4.590730556040742 27.13970500681865 -0.04659756241973967 217 172 170
3.4480224388525142 27.26780751468579 -0.03918394615729248 217 172 170
3.4480224388525142 27.26780751468579 -0.03918394615729248 217 172 170
4.590730556040742 27.13970500681865 -0.04659756241973967 217 172 170
4.599297647943475 27.206454764798348 1.48303655973625 222 188 185
3.4480224388525142 27.26780751468579 -0.03918394615729248 217 172 170
4.599297647943475 27.206454764798348 1.48303655973625 222 188 185
3.454449402561638 27.33479721084497 1.4904501759986972 222 188 185
4.599297647943475 27.206454764798348 1.4830365597362511 222 188 185
5.738462351055102 27.041634178470975 1.4735227777827236 222 187 185
5.727757111669468 26.97519380592751 3.0031568999387135 227 203 200
4.599297647943475 27.206454764798348 1.4830365597362511 222 188 185
5.727757111669468 26.97519380592751 3.0031568999387135 227 203 200
4.590730556040742 27.13970500681865 3.012670681892241 227 203 200
4.590730556040742 27.13970500681865 3.012670681892241 227 203 200
5.727757111669468 26.97519380592751 3.0031568999387135 227 203 200
5.696689296931421 26.78237633487897 4.383059776630466 231 218 214
4.590730556040742 27.13970500681865 3.012670681892241 227 203 200
5.696689296931421 26.78237633487897 4.383059776630466 231 218 214
4.565867886978424 26.94598966426352 4.392573558583993 231 218 214
4.565867886978424 26.94598966426352 4.392573558583993 231 218 214
5.696689296931421 26.78237633487897 4.383059776630466 231 218 214
5.6483000410097155 26.482056082829892 5.478156899938714 235 229 225
4.565867886978424 26.94598966426352 4.392573558583993 231 218 214
5.6483000410097155 26.482056082829892 5.478156899938714 235 229 225
4.527143372032739 26.64427094455641 5.487670681892242 235 229 225
4.527143372032739 26.64427094455641 5.487670681892242 235 229 225
5.6483000410097155 26.482056082829892 5.478156899938714 235 229 225
5.587326021421737 26.10363048850509 6.181252533443733 237 236 232
4.527143372032739 26.64427094455641 5.487670681892242 235 229 225
5.587326021421737 26.10363048850509 6.181252533443733 237 236 232
4.478347636536135 26.264083178180186 6.190766315397261 237 237 232
4.478347636536135 26.264083178180186 6.190766315397261 237 237 232
5.587326021421737 26.10363048850509 6.181252533443733 237 236 232
5.5197358000357335 25.684142485723218 6.423522777782724 238 239 234
4.478347636536135 26.264083178180186 6.190766315397261 237 237 232
5.5197358000357335 25.684142485723218 6.423522777782724 238 239 234
4.424257147058898 25.84264179263168 6.4330365597362515 238 239 234
4.424257147058898 25.84264179263168 6.4330365597362515 238 239 234
5.5197358000357335 25.684142485723218 6.423522777782724 238 239 234
5.45214557864973 25.264654482941346 6.181252533443734 237 236 232
4.424257147058898 25.84264179263168 6.4330365597362515 238 239 234
5.45214557864973 25.264654482941346 6.181252533443734 237 236 232
4.370166657581661 25.421200407083173 6.190766315397262 237 237 232
4.370166657581661 25.421200407083173 6.190766315397262 237 237 232
5.45214557864973 25.264654482941346 6.181252533443734 237 236 232
5.3911715590617515 24.88622888861654 5.478156899938714 235 229 225
4.370166657581661 25.421200407083173 6.190766315397262 237 237 232
5.3911715590617515 24.88622888861654 5.478156899938714 235 229 225
4.321370922085056 25.04101264070695 5.487670681892242 235 229 225
4.321370922085056 25.04101264070695 5.487670681892242 235 229 225
5.3911715590617515 24.88622888861654 5.478156899938714 235 229 225
5.342782303140046 24.585908636567467 4.383059776630466 231 218 214
4.321370922085056 25.04101264070695 5.487670681892242 235 229 225
5.342782303140046 24.585908636567467 4.383059776630466 231 218 214
4.282646407139373 24.73929392099984 4.392573558583994 231 218 214
4.282646407139373 24.73929392099984 4.392573558583994 231 218 214
5.342782303140046 24.585908636567467 4.383059776630466 231 218 214
5.311714488401999 24.393091165518925 3.0031568999387135 227 203 200
4.282646407139373 24.73929392099984 4.392573558583994 231 218 214
5.311714488401999 24.393091165518925 3.0031568999387135 227 203 200
4.2577837380770545 24.54557857844471 3.0126706818922413 227 203 200
4.2577837380770545 24.54557857844471 3.0126706818922413 227 203 200
5.311714488401999 24.393091165518925 3.0031568999387135 227 203 200
5.301009249016365 24.32665079297546 1.4735227777827242 222 187 185
4.2577837380770545 24.54557857844471 3.0126706818922413 227 203 200
5.301009249016365 24.32665079297546 1.4735227777827242 222 187 185
4.249216646174322 24.478828820465015 1.4830365597362518 222 188 185
4.249216646174322 24.478828820465015 1.4830365597362518 222 188 185
5.301009249016365 24.32665079297546 1.4735227777827242 222 187 185
5.311714488401999 24.393091165518925 -0.05611134437326348 216 171 169
4.249216646174322 24.478828820465015 1.4830365597362518 222 188 185
5.311714488401999 24.393091165518925 -0.05611134437326348 216 171 169
4.2577837380770545 24.54557857844471 -0.046597562419735894 217 172 170
4.2577837380770545 24.54557857844471 -0.046597562419735894 217 172 170
5.311714488401999 24.393091165518925 -0.05611134437326348 216 171 169
5.342782303140046 24.585908636567467 -1.436014221065018 212 157 156
4.2577837380770545 24.54557857844471 -0.046597562419735894 217 172 170
5.342782303140046 24.585908636567467 -1.436014221065018 212 157 156
4.282646407139373 24.73929392099984 -1.4265004391114904 212 157 156
4.282646407139373 24.73929392099984 -1.4265004391114904 212 157 156
5.342782303140046 24.585908636567467 -1.436014221065018 212 157 156
5.3911715590617515 24.88622888861654 -2.531111344373266 208 146 145
4.282646407139373 24.73929392099984 -1.4265004391114904 212 157 156
5.3911715590617515 24.88622888861654 -2.531111344373266 208 146 145
4.321370922085056 25.04101264070695 -2.521597562419738 208 146 145
4.321370922085056 25.04101264070695 -2.521597562419738 208 146 145
5.3911715590617515 24.88622888861654 -2.531111344373266 208 146 145
5.45214557864973 25.264654482941346 -3.2342069778782863 206 138 138
4.321370922085056 25.04101264070695 -2.521597562419738 208 146 145
5.45214557864973 25.264654482941346 -3.2342069778782863 206 138 138
4.370166657581661 25.421200407083173 -3.2246931959247584 206 138 138
4.370166657581661 25.421200407083173 -3.2246931959247584 206 138 138
5.45214557864973 25.264654482941346 -3.2342069778782863 206 138 138
5.5197358000357335 25.684142485723218 -3.4764772222172766 205 136 135
4.370166657581661 25.421200407083173 -3.2246931959247584 206 138 138
5.5197358000357335 25.684142485723218 -3.4764772222172766 205 136 135
4.424257147058898 25.84264179263168 -3.466963440263749 205 136 135
4.424257147058898 25.84264179263168 -3.466963440263749 205 136 135
5.5197358000357335 25.684142485723218 -3.4764772222172766 205 136 135
5.587326021421737 26.10363048850509 -3.234206977878287 206 138 138
4.424257147058898 25.84264179263168 -3.466963440263749 205 136 135
5.587326021421737 26.10363048850509 -3.234206977878287 206 138 138
4.478347636536135 26.264083178180186 -3.2246931959247593 206 138 138
4.478347636536135 26.264083178180186 -3.2246931959247593 206 138 138
5.587326021421737 26.10363048850509 -3.234206977878287 206 138 138
5.6483000410097155 26.482056082829892 -2.531111344373267 208 146 145
4.478347636536135 26.264083178180186 -3.2246931959247593 206 138 138
5.6483000410097155 26.482056082829892 -2.531111344373267 208 146 145
4.527143372032739 26.64427094455641 -2.521597562419739 208 146 145
4.527143372032739 26.64427094455641 -2.521597562419739 208 146 145
5.6483000410097155 26.482056082829892 -2.531111344373267 208 146 145
5.696689296931421 26.78237633487897 -1.4360142210650197 212 157 156
4.527143372032739 26.64427094455641 -2.521597562419739 208 146 145
5.696689296931421 26.78237633487897 -1.4360142210650197 212 157 156
4.565867886978424 26.94598966426352 -1.4265004391114922 212 157 156
4.565867886978424 26.94598966426352 -1.4265004391114922 212 157 156
5.696689296931421 26.78237633487897 -1.4360142210650197 212 157 156
5.727757111669468 26.97519380592751 -0.05611134437326726 216 171 169
4.565867886978424 26.94598966426352 -1.4265004391114922 212 157 156
5.727757111669468 26.97519380592751 -0.05611134437326726 216 171 169
4.590730556040742 27.13970500681865 -0.04659756241973967 217 172 170
4.590730556040742 27.13970500681865 -0.04659756241973967 217 172 170
5.727757111669468 26.97519380592751 -0.05611134437326726 216 171 169
5.738462351055102 27.041634178470975 1.4735227777827224 222 187 185
4.590730556040742 27.13970500681865 -0.04659756241973967 217 172 170
5.738462351055102 27.041634178470975 1.4735227777827224 222 187 185
4.599297647943475 27.206454764798348 1.48303655973625 222 188 185
5.738462351055102 27.041634178470975 1.4735227777827236 222 187 185
6.870526940098014 26.840478906923416 1.4619223028460675 222 187 185
6.857686155907385 26.774418029579955 2.991556425002057 227 203 200
5.738462351055102 27.041634178470975 1.4735227777827236 222 187 185
6.857686155907385 26.774418029579955 2.991556425002057 227 203 200
5.727757111669468 26.97519380592751 3.0031568999387135 227 203 200
5.727757111669468 26.97519380592751 3.0031568999387135 227 203 200
6.857686155907385 26.774418029579955 2.991556425002057 227 203 200
6.820420748759081 26.58270189649715 4.371459301693809 231 218 214
5.727757111669468 26.97519380592751 3.0031568999387135 227 203 200
6.820420748759081 26.58270189649715 4.371459301693809 231 218 214
5.696689296931421 26.78237633487897 4.383059776630466 231 218 214
5.696689296931421 26.78237633487897 4.383059776630466 231 218 214
6.820420748759081 26.58270189649715 4.371459301693809 231 218 214
6.762378516348138 26.284097018545985 5.466556425002058 235 229 225
5.696689296931421 26.78237633487897 4.383059776630466 231 218 214
6.762378516348138 26.284097018545985 5.466556425002058 235 229 225
5.6483000410097155 26.482056082829892 5.478156899938714 235 229 225
5.6483000410097155 26.482056082829892 5.478156899938714 235 229 225
6.762378516348138 26.284097018545985 5.466556425002058 235 229 225
6.6892410367869495 25.907832921682846 6.1696520585070775 237 236 232
5.6483000410097155 26.482056082829892 5.478156899938714 235 229 225
6.6892410367869495 25.907832921682846 6.1696520585070775 237 236 232
5.587326021421737 26.10363048850509 6.181252533443733 237 236 232
5.587326021421737 26.10363048850509 6.181252533443733 237 236 232
6.6892410367869495 25.907832921682846 6.1696520585070775 237 236 232
6.608167516153751 25.49074095729481 6.411922302846068 238 239 234
5.587326021421737 26.10363048850509 6.181252533443733 237 236 232
6.608167516153751 25.49074095729481 6.411922302846068 238 239 234
5.5197358000357335 25.684142485723218 6.423522777782724 238 239 234
5.5197358000357335 25.684142485723218 6.423522777782724 238 239 234
6.608167516153751 25.49074095729481 6.411922302846068 238 239 234
6.527093995520552 25.073648992906772 6.169652058507078 237 236 232
5.5197358000357335 25.684142485723218 6.423522777782724 238 239 234
6.527093995520552 25.073648992906772 6.169652058507078 237 236 232
5.45214557864973 25.264654482941346 6.181252533443734 237 236 232
5.45214557864973 25.264654482941346 6.181252533443734 237 236 232
6.527093995520552 25.073648992906772 6.169652058507078 237 236 232
6.453956515959365 24.697384896043634 5.466556425002058 235 229 225
5.45214557864973 25.264654482941346 6.181252533443734 237 236 232
6.453956515959365 24.697384896043634 5.466556425002058 235 229 225
5.3911715590617515 24.88622888861654 5.478156899938714 235 229 225
5.3911715590617515 24.88622888861654 5.478156899938714 235 229 225
6.453956515959365 24.697384896043634 5.466556425002058 235 229 225
6.395914283548421 24.39878001809247 4.37145930169381 231 218 214
5.3911715590617515 24.88622888861654 5.478156899938714 235 229 225
6.395914283548421 24.39878001809247 4.37145930169381 231 218 214
5.342782303140046 24.585908636567467 4.383059776630466 231 218 214
5.342782303140046 24.585908636567467 4.383059776630466 231 218 214
6.395914283548421 24.39878001809247 4.37145930169381 231 218 214
6.3586488764001174 24.207063885009664 2.9915564250020577 227 203 200
5.342782303140046 24.585908636567467 4.383059776630466 231 218 214
6.3586488764001174 24.207063885009664 2.9915564250020577 227 203 200
5.311714488401999 24.393091165518925 3.0031568999387135 227 203 200
5.311714488401999 24.393091165518925 3.0031568999387135 227 203 200
6.3586488764001174 24.207063885009664 2.9915564250020577 227 203 200
6.345808092209488 24.141003007666203 1.4619223028460682 222 187 185
5.311714488401999 24.393091165518925 3.0031568999387135 227 203 200
6.345808092209488 24.141003007666203 1.4619223028460682 222 187 185
5.301009249016365 24.32665079297546 1.4735227777827242 222 187 185
5.301009249016365 24.32665079297546 1.4735227777827242 222 187 185
6.345808092209488 24.141003007666203 1.4619223028460682 222 187 185
6.3586488764001174 24.207063885009664 -0.06771181930991954 216 171 169
5.301009249016365 24.32665079297546 1.4735227777827242 222 187 185
6.3586488764001174 24.207063885009664 -0.06771181930991954 216 171 169
5.311714488401999 24.393091165518925 -0.05611134437326348 216 171 169
5.311714488401999 24.393091165518925 -0.05611134437326348 216 171 169
6.3586488764001174 24.207063885009664 -0.06771181930991954 216 171 169
6.395914283548421 24.39878001809247 -1.447614696001674 212 157 156
5.311714488401999 24.393091165518925 -0.05611134437326348 216 171 169
6.395914283548421 24.39878001809247 -1.447614696001674 212 157 156
5.342782303140046 24.585908636567467 -1.436014221065018 212 157 156
5.342782303140046 24.585908636567467 -1.436014221065018 212 157 156
6.395914283548421 24.39878001809247 -1.447614696001674 212 157 156
6.453956515959365 24.697384896043634 -2.542711819309922 208 146 145
5.342782303140046 24.585908636567467 -1.436014221065018 212 157 156
6.453956515959365 24.697384896043634 -2.542711819309922 208 146 145
5.3911715590617515 24.88622888861654 -2.531111344373266 208 146 145
5.3911715590617515 24.88622888861654 -2.531111344373266 208 146 145
6.453956515959365 24.697384896043634 -2.542711819309922 208 146 145
6.527093995520552 25.073648992906772 -3.245807452814942 206 138 138
5.3911715590617515 24.88622888861654 -2.531111344373266 208 146 145
6.527093995520552 25.073648992906772 -3.245807452814942 206 138 138
5.45214557864973 25.264654482941346 -3.2342069778782863 206 138 138
5.45214557864973 25.264654482941346 -3.2342069778782863 206 138 138
6.527093995520552 25.073648992906772 -3.245807452814942 206 138 138
6.608167516153751 25.49074095729481 -3.4880776971539325 205 136 135
5.45214557864973 25.264654482941346 -3.2342069778782863 206 138 138
6.608167516153751 25.49074095729481 -3.4880776971539325 205 136 135
5.5197358000357335 25.684142485723218 -3.4764772222172766 205 136 135
5.5197358000357335 25.684142485723218 -3.4764772222172766 205 136 135
6.608167516153751 25.49074095729481 -3.4880776971539325 205 136 135
6.6892410367869495 25.907832921682846 -3.245807452814943 206 138 138
5.5197358000357335 25.684142485723218 -3.4764772222172766 205 136 135
6.6892410367869495 25.907832921682846 -3.245807452814943 206 138 138
5.587326021421737 26.10363048850509 -3.234206977878287 206 138 138
5.587326021421737 26.10363048850509 -3.234206977878287 206 138 138
6.6892410367869495 25.907832921682846 -3.245807452814943 206 138 138
6.762378516348138 26.284097018545985 -2.5427118193099227 208 146 145
5.587326021421737 26.10363048850509 -3.234206977878287 206 138 138
6.762378516348138 26.284097018545985 -2.5427118193099227 208 146 145
5.6483000410097155 26.482056082829892 -2.531111344373267 208 146 145
5.6483000410097155 26.482056082829892 -2.531111344373267 208 146 145
6.762378516348138 26.284097018545985 -2.5427118193099227 208 146 145
6.820420748759081 26.58270189649715 -1.4476146960016758 212 157 156
5.6483000410097155 26.482056082829892 -2.531111344373267 208 146 145
6.820420748759081 26.58270189649715 -1.4476146960016758 212 157 156
5.696689296931421 26.78237633487897 -1.4360142210650197 212 157 156
5.696689296931421 26.78237633487897 -1.4360142210650197 212 157 156
6.820420748759081 26.58270189649715 -1.4476146960016758 212 157 156
6.857686155907385 26.774418029579955 -0.06771181930992332 216 171 169
5.696689296931421 26.78237633487897 -1.4360142210650197 212 157 156
6.857686155907385 26.774418029579955 -0.06771181930992332 216 171 169
5.727757111669468 26.97519380592751 -0.05611134437326726 216 171 169
5.727757111669468 26.97519380592751 -0.05611134437326726 216 171 169
6.857686155907385 26.774418029579955 -0.06771181930992332 216 171 169
6.870526940098014 26.840478906923416 1.4619223028460664 222 187 185
5.727757111669468 26.97519380592751 -0.05611134437326726 216 171 169
6.870526940098014 26.840478906923416 1.4619223028460664 222 187 185
5.738462351055102 27.041634178470975 1.4735227777827224 222 187 185
6.870526940098014 26.840478906923416 1.4619223028460675 222 187 185
7.994077616114194 26.60316442892406 1.4482515626530994 221 187 184
7.979104597177258 26.53755395751947 2.977885684809089 227 203 200
6.870526940098014 26.840478906923416 1.4619223028460675 222 187 185
7.979104597177258 26.53755395751947 2.977885684809089 227 203 200
6.857686155907385 26.774418029579955 2.991556425002057 227 203 200
6.857686155907385 26.774418029579955 2.991556425002057 227 203 200
7.979104597177258 26.53755395751947 2.977885684809089 227 203 200
7.935651203783153 26.347144953381825 4.357788561500842 231 217 214
6.857686155907385 26.774418029579955 2.991556425002057 227 203 200
7.935651203783153 26.347144953381825 4.357788561500842 231 217 214
6.820420748759081 26.58270189649715 4.371459301693809 231 218 214
6.820420748759081 26.58270189649715 4.371459301693809 231 218 214
7.935651203783153 26.347144953381825 4.357788561500842 231 217 214
7.867970956834889 26.050575976493654 5.45288568480909 235 229 225
6.820420748759081 26.58270189649715 4.371459301693809 231 218 214
7.867970956834889 26.050575976493654 5.45288568480909 235 229 225
6.762378516348138 26.284097018545985 5.466556425002058 235 229 225
6.762378516348138 26.284097018545985 5.466556425002058 235 229 225
7.867970956834889 26.050575976493654 5.45288568480909 235 229 225
7.782688870459771 25.676877264630335 6.155981318314109 237 236 232
6.762378516348138 26.284097018545985 5.466556425002058 235 229 225
7.782688870459771 25.676877264630335 6.155981318314109 237 236 232
6.6892410367869495 25.907832921682846 6.1696520585070775 237 236 232
6.6892410367869495 25.907832921682846 6.1696520585070775 237 236 232
7.782688870459771 25.676877264630335 6.155981318314109 237 236 232
7.68815294946743 25.262629051421076 6.398251562653099 238 239 234
6.6892410367869495 25.907832921682846 6.1696520585070775 237 236 232
7.68815294946743 25.262629051421076 6.398251562653099 238 239 234
6.608167516153751 25.49074095729481 6.411922302846068 238 239 234
6.608167516153751 25.49074095729481 6.411922302846068 238 239 234
7.68815294946743 25.262629051421076 6.398251562653099 238 239 234
7.593617028475089 24.848380838211817 6.15598131831411 237 236 232
6.608167516153751 25.49074095729481 6.411922302846068 238 239 234
7.593617028475089 24.848380838211817 6.15598131831411 237 236 232
6.527093995520552 25.073648992906772 6.169652058507078 237 236 232
6.527093995520552 25.073648992906772 6.169652058507078 237 236 232
7.593617028475089 24.848380838211817 6.15598131831411 237 236 232
7.508334942099971 24.4746821263485 5.45288568480909 235 229 225
6.527093995520552 25.073648992906772 6.169652058507078 237 236 232
7.508334942099971 24.4746821263485 5.45288568480909 235 229 225
6.453956515959365 24.697384896043634 5.466556425002058 235 229 225
6.453956515959365 24.697384896043634 5.466556425002058 235 229 225
7.508334942099971 24.4746821263485 5.45288568480909 235 229 225
7.440654695151707 24.178113149460327 4.3577885615008425 231 217 214
6.453956515959365 24.697384896043634 5.466556425002058 235 229 225
7.440654695151707 24.178113149460327 4.3577885615008425 231 217 214
6.395914283548421 24.39878001809247 4.37145930169381 231 218 214
6.395914283548421 24.39878001809247 4.37145930169381 231 218 214
7.440654695151707 24.178113149460327 4.3577885615008425 231 217 214
7.397201301757602 23.98770414532268 2.9778856848090896 227 203 200
6.395914283548421 24.39878001809247 4.37145930169381 231 218 214
7.397201301757602 23.98770414532268 2.9778856848090896 227 203 200
6.3586488764001174 24.207063885009664 2.9915564250020577 227 203 200
6.3586488764001174 24.207063885009664 2.9915564250020577 227 203 200
7.397201301757602 23.98770414532268 2.9778856848090896 227 203 200
7.382228282820666 23.92209367391809 1.4482515626531 221 187 184
6.3586488764001174 24.207063885009664 2.9915564250020577 227 203 200
7.382228282820666 23.92209367391809 1.4482515626531 221 187 184
6.345808092209488 24.141003007666203 1.4619223028460682 222 187 185
6.345808092209488 24.141003007666203 1.4619223028460682 222 187 185
7.382228282820666 23.92209367391809 1.4482515626531 221 187 184
7.397201301757602 23.98770414532268 -0.08138255950288764 216 171 169
6.345808092209488 24.141003007666203 1.4619223028460682 222 187 185
7.397201301757602 23.98770414532268 -0.08138255950288764 216 171 169
6.3586488764001174 24.207063885009664 -0.06771181930991954 216 171 169
6.3586488764001174 24.207063885009664 -0.06771181930991954 216 171 169
7.397201301757602 23.98770414532268 -0.08138255950288764 216 171 169
7.440654695151707 24.178113149460327 -1.4612854361946421 212 157 155
6.3586488764001174 24.207063885009664 -0.06771181930991954 216 171 169
7.440654695151707 24.178113149460327 -1.4612854361946421 212 157 155
6.395914283548421 24.39878001809247 -1.447614696001674 212 157 156
6.395914283548421 24.39878001809247 -1.447614696001674 212 157 156
7.440654695151707 24.178113149460327 -1.4612854361946421 212 157 155
7.508334942099971 24.474682126348497 -2.5563825595028904 208 145 144
6.395914283548421 24.39878001809247 -1.447614696001674 212 157 156
7.508334942099971 24.474682126348497 -2.5563825595028904 208 145 144
6.453956515959365 24.697384896043634 -2.542711819309922 208 146 145
6.453956515959365 24.697384896043634 -2.542711819309922 208 146 145
7.508334942099971 24.474682126348497 -2.5563825595028904 208 145 144
7.593617028475089 24.848380838211817 -3.2594781930079106 206 138 137
6.453956515959365 24.697384896043634 -2.542711819309922 208 146 145
7.593617028475089 24.848380838211817 -3.2594781930079106 206 138 137
6.527093995520552 25.073648992906772 -3.245807452814942 206 138 138
6.527093995520552 25.073648992906772 -3.245807452814942 206 138 138
7.593617028475089 24.848380838211817 -3.2594781930079106 206 138 137
7.68815294946743 25.262629051421076 -3.501748437346901 205 136 135
6.527093995520552 25.073648992906772 -3.245807452814942 206 138 138
7.68815294946743 25.262629051421076 -3.501748437346901 205 136 135
6.608167516153751 25.49074095729481 -3.4880776971539325 205 136 135
6.608167516153751 25.49074095729481 -3.4880776971539325 205 136 135
7.68815294946743 25.262629051421076 -3.501748437346901 205 136 135
7.782688870459771 25.676877264630335 -3.2594781930079115 206 138 137
6.608167516153751 25.49074095729481 -3.4880776971539325 205 136 135
7.782688870459771 25.676877264630335 -3.2594781930079115 206 138 137
6.6892410367869495 25.907832921682846 -3.245807452814943 206 138 138
6.6892410367869495 25.907832921682846 -3.245807452814943 206 138 138
7.782688870459771 25.676877264630335 -3.2594781930079115 206 138 137
7.867970956834889 26.050575976493654 -2.5563825595028913 208 145 144
6.6892410367869495 25.907832921682846 -3.245807452814943 206 138 138
7.867970956834889 26.050575976493654 -2.5563825595028913 208 145 144
6.762378516348138 26.284097018545985 -2.5427118193099227 208 146 145
6.762378516348138 26.284097018545985 -2.5427118193099227 208 146 145
7.867970956834889 26.050575976493654 -2.5563825595028913 208 145 144
7.935651203783153 26.347144953381825 -1.461285436194644 212 157 155
6.762378516348138 26.284097018545985 -2.5427118193099227 208 146 145
7.935651203783153 26.347144953381825 -1.461285436194644 212 157 155
6.820420748759081 26.58270189649715 -1.4476146960016758 212 157 156
6.820420748759081 26.58270189649715 -1.4476146960016758 212 157 156
7.935651203783153 26.347144953381825 -1.461285436194644 212 157 155
7.979104597177258 26.53755395751947 -0.08138255950289142 216 171 169
6.820420748759081 26.58270189649715 -1.4476146960016758 212 157 156
7.979104597177258 26.53755395751947 -0.08138255950289142 216 171 169
6.857686155907385 26.774418029579955 -0.06771181930992332 216 171 169
6.857686155907385 26.774418029579955 -0.06771181930992332 216 171 169
7.979104597177258 26.53755395751947 -0.08138255950289142 216 171 169
7.994077616114194 26.60316442892406 1.4482515626530983 221 187 184
6.857686155907385 26.774418029579955 -0.06771181930992332 216 171 169
7.994077616114194 26.60316442892406 1.4482515626530983 221 187 184
6.870526940098014 26.840478906923416 1.4619223028460664 222 187 185
7.994077616114194 26.60316442892406 1.4482515626530994 221 187 184
9.107703809144605 26.32989836920278 1.43252991668578 221 187 184
9.090602676228817 26.264810148248337 2.9621640388417694 227 203 200
7.994077616114194 26.60316442892406 1.4482515626530994 221 187 184
9.090602676228817 26.264810148248337 2.9621640388417694 227 203 200
7.979104597177258 26.53755395751947 2.977885684809089 227 203 200
7.979104597177258 26.53755395751947 2.977885684809089 227 203 200
9.090602676228817 26.264810148248337 2.9621640388417694 227 203 200
9.04097325552185 26.07591677394832 4.342066915533522 231 217 213
7.979104597177258 26.53755395751947 2.977885684809089 227 203 200
9.04097325552185 26.07591677394832 4.342066915533522 231 217 213
7.935651203783153 26.347144953381825 4.357788561500842 231 217 214
7.935651203783153 26.347144953381825 4.357788561500842 231 217 214
9.04097325552185 26.07591677394832 4.342066915533522 231 217 213
8.963673620511008 25.78170844587676 5.43716403884177 235 229 224
7.935651203783153 26.347144953381825 4.357788561500842 231 217 214
8.963673620511008 25.78170844587676 5.43716403884177 235 229 224
7.867970956834889 26.050575976493654 5.45288568480909 235 229 225
7.867970956834889 26.050575976493654 5.45288568480909 235 229 225
8.963673620511008 25.78170844587676 5.43716403884177 235 229 224
8.86627039804938 25.41098432505524 6.14025967234679 237 236 231
7.867970956834889 26.050575976493654 5.45288568480909 235 229 225
8.86627039804938 25.41098432505524 6.14025967234679 237 236 231
7.782688870459771 25.676877264630335 6.155981318314109 237 236 232
7.782688870459771 25.676877264630335 6.155981318314109 237 236 232
8.86627039804938 25.41098432505524 6.14025967234679 237 236 231
8.758298094199665 25.00003347141661 6.38252991668578 238 239 234
7.782688870459771 25.676877264630335 6.155981318314109 237 236 232
8.758298094199665 25.00003347141661 6.38252991668578 238 239 234
7.68815294946743 25.262629051421076 6.398251562653099 238 239 234
7.68815294946743 25.262629051421076 6.398251562653099 238 239 234
8.758298094199665 25.00003347141661 6.38252991668578 238 239 234
8.650325790349951 24.589082617777983 6.14025967234679 237 236 231
7.68815294946743 25.262629051421076 6.398251562653099 238 239 234
8.650325790349951 24.589082617777983 6.14025967234679 237 236 231
7.593617028475089 24.848380838211817 6.15598131831411 237 236 232
7.593617028475089 24.848380838211817 6.15598131831411 237 236 232
8.650325790349951 24.589082617777983 6.14025967234679 237 236 231
8.552922567888324 24.218358496956466 5.43716403884177 235 229 224
7.593617028475089 24.848380838211817 6.15598131831411 237 236 232
8.552922567888324 24.218358496956466 5.43716403884177 235 229 224
7.508334942099971 24.4746821263485 5.45288568480909 235 229 225
7.508334942099971 24.4746821263485 5.45288568480909 235 229 225
8.552922567888324 24.218358496956466 5.43716403884177 235 229 224
8.475622932877481 23.9241501688849 4.342066915533523 231 217 213
7.508334942099971 24.4746821263485 5.45288568480909 235 229 225
8.475622932877481 23.9241501688849 4.342066915533523 231 217 213
7.440654695151707 24.178113149460327 4.3577885615008425 231 217 214
7.440654695151707 24.178113149460327 4.3577885615008425 231 217 214
8.475622932877481 23.9241501688849 4.342066915533523 231 217 213
8.425993512170514 23.73525679458489 2.9621640388417703 227 203 200
7.440654695151707 24.178113149460327 4.3577885615008425 231 217 214
8.425993512170514 23.73525679458489 2.9621640388417703 227 203 200
7.397201301757602 23.98770414532268 2.9778856848090896 227 203 200
7.397201301757602 23.98770414532268 2.9778856848090896 227 203 200
8.425993512170514 23.73525679458489 2.9621640388417703 227 203 200
8.408892379254727 23.67016857363044 1.4325299166857806 221 187 184
7.397201301757602 23.98770414532268 2.9778856848090896 227 203 200
8.408892379254727 23.67016857363044 1.4325299166857806 221 187 184
7.382228282820666 23.92209367391809 1.4482515626531 221 187 184
7.382228282820666 23.92209367391809 1.4482515626531 221 187 184
8.408892379254727 23.67016857363044 1.4325299166857806 221 187 184
8.425993512170514 23.73525679458489 -0.09710420547020715 216 171 169
7.382228282820666 23.92209367391809 1.4482515626531 221 187 184
8.425993512170514 23.73525679458489 -0.09710420547020715 216 171 169
7.397201301757602 23.98770414532268 -0.08138255950288764 216 171 169
7.397201301757602 23.98770414532268 -0.08138255950288764 216 171 169
8.425993512170514 23.73525679458489 -0.09710420547020715 216 171 169
8.475622932877481 23.9241501688849 -1.4770070821619616 212 157 155
7.397201301757602 23.98770414532268 -0.08138255950288764 216 171 169
8.475622932877481 23.9241501688849 -1.4770070821619616 212 157 155
7.440654695151707 24.178113149460327 -1.4612854361946421 212 157 155
7.440654695151707 24.178113149460327 -1.4612854361946421 212 157 155
8.475622932877481 23.9241501688849 -1.4770070821619616 212 157 155
8.552922567888322 24.218358496956462 -2.5721042054702097 208 145 144
7.440654695151707 24.178113149460327 -1.4612854361946421 212 157 155
8.552922567888322 24.218358496956462 -2.5721042054702097 208 145 144
7.508334942099971 24.474682126348497 -2.5563825595028904 208 145 144
7.508334942099971 24.474682126348497 -2.5563825595028904 208 145 144
8.552922567888322 24.218358496956462 -2.5721042054702097 208 145 144
8.650325790349951 24.589082617777983 -3.27519983897523 206 138 137
7.508334942099971 24.474682126348497 -2.5563825595028904 208 145 144
8.650325790349951 24.589082617777983 -3.27519983897523 206 138 137
7.593617028475089 24.848380838211817 -3.2594781930079106 206 138 137
7.593617028475089 24.848380838211817 -3.2594781930079106 206 138 137
8.650325790349951 24.589082617777983 -3.27519983897523 206 138 137
8.758298094199665 25.00003347141661 -3.5174700833142203 205 135 135
7.593617028475089 24.848380838211817 -3.2594781930079106 206 138 137
8.758298094199665 25.00003347141661 -3.5174700833142203 205 135 135
7.68815294946743 25.262629051421076 -3.501748437346901 205 136 135
7.68815294946743 25.262629051421076 -3.501748437346901 205 136 135
8.758298094199665 25.00003347141661 -3.5174700833142203 205 135 135
8.86627039804938 25.41098432505524 -3.275199838975231 206 138 137
7.68815294946743 25.262629051421076 -3.501748437346901 205 136 135
8.86627039804938 25.41098432505524 -3.275199838975231 206 138 137
7.782688870459771 25.676877264630335 -3.2594781930079115 206 138 137
7.782688870459771 25.676877264630335 -3.2594781930079115 206 138 137
8.86627039804938 25.41098432505524 -3.275199838975231 206 138 137
8.963673620511008 25.78170844587676 -2.5721042054702106 208 145 144
7.782688870459771 25.676877264630335 -3.2594781930079115 206 138 137
8.963673620511008 25.78170844587676 -2.5721042054702106 208 145 144
7.867970956834889 26.050575976493654 -2.5563825595028913 208 145 144
7.867970956834889 26.050575976493654 -2.5563825595028913 208 145 144
8.963673620511008 25.78170844587676 -2.5721042054702106 208 145 144
9.04097325552185 26.07591677394832 -1.4770070821619634 212 157 155
7.867970956834889 26.050575976493654 -2.5563825595028913 208 145 144
9.04097325552185 26.07591677394832 -1.4770070821619634 212 157 155
7.935651203783153 26.347144953381825 -1.461285436194644 212 157 155
7.935651203783153 26.347144953381825 -1.461285436194644 212 157 155
9.04097325552185 26.07591677394832 -1.4770070821619634 212 157 155
9.090602676228817 26.264810148248337 -0.09710420547021092 216 171 169
7.935651203783153 26.347144953381825 -1.461285436194644 212 157 155
9.090602676228817 26.264810148248337 -0.09710420547021092 216 171 169
7.979104597177258 26.53755395751947 -0.08138255950289142 216 171 169
7.979104597177258 26.53755395751947 -0.08138255950289142 216 171 169
9.090602676228817 26.264810148248337 -0.09710420547021092 216 171 169
9.107703809144605 26.32989836920278 1.4325299166857788 221 187 184
7.979104597177258 26.53755395751947 -0.08138255950289142 216 171 169
9.107703809144605 26.32989836920278 1.4325299166857788 221 187 184
7.994077616114194 26.60316442892406 1.4482515626530983 221 187 184
9.107703809144605 26.32989836920278 1.43252991668578 221 187 184
10.209998586733251 26.0209206749458 1.4147796287657597 221 187 184
10.190774392938044 25.956427608442937 2.9444137509217496 226 203 199
9.107703809144605 26.32989836920278 1.43252991668578 221 187 184
10.190774392938044 25.956427608442937 2.9444137509217496 226 203 199
9.090602676228817 26.264810148248337 2.9621640388417694 227 203 200
9.090602676228817 26.264810148248337 2.9621640388417694 227 203 200
10.190774392938044 25.956427608442937 2.9444137509217496 226 203 199
10.134983609583934 25.769261439633272 4.324316627613502 231 217 213
9.090602676228817 26.264810148248337 2.9621640388417694 227 203 200
10.134983609583934 25.769261439633272 4.324316627613502 231 217 213
9.04097325552185 26.07591677394832 4.342066915533522 231 217 213
9.04097325552185 26.07591677394832 4.342066915533522 231 217 213
10.134983609583934 25.769261439633272 4.324316627613502 231 217 213
10.048087427262862 25.477743297183274 5.41941375092175 235 229 224
9.04097325552185 26.07591677394832 4.342066915533522 231 217 213
10.048087427262862 25.477743297183274 5.41941375092175 235 229 224
8.963673620511008 25.78170844587676 5.43716403884177 235 229 224
8.963673620511008 25.78170844587676 5.43716403884177 235 229 224
10.048087427262862 25.477743297183274 5.41941375092175 235 229 224
9.938591849741723 25.110409008002275 6.1225093844267695 237 236 231
8.963673620511008 25.78170844587676 5.43716403884177 235 229 224
9.938591849741723 25.110409008002275 6.1225093844267695 237 236 231
8.86627039804938 25.41098432505524 6.14025967234679 237 236 231
8.86627039804938 25.41098432505524 6.14025967234679 237 236 231
9.938591849741723 25.110409008002275 6.1225093844267695 237 236 231
9.81721506704883 24.7032158116838 6.36477962876576 238 238 234
8.86627039804938 25.41098432505524 6.14025967234679 237 236 231
9.81721506704883 24.7032158116838 6.36477962876576 238 238 234
8.758298094199665 25.00003347141661 6.38252991668578 238 239 234
8.758298094199665 25.00003347141661 6.38252991668578 238 239 234
9.81721506704883 24.7032158116838 6.36477962876576 238 238 234
9.695838284355936 24.296022615365327 6.12250938442677 237 236 231
8.758298094199665 25.00003347141661 6.38252991668578 238 239 234
9.695838284355936 24.296022615365327 6.12250938442677 237 236 231
8.650325790349951 24.589082617777983 6.14025967234679 237 236 231
8.650325790349951 24.589082617777983 6.14025967234679 237 236 231
9.695838284355936 24.296022615365327 6.12250938442677 237 236 231
9.586342706834795 23.92868832618433 5.41941375092175 235 229 224
8.650325790349951 24.589082617777983 6.14025967234679 237 236 231
9.586342706834795 23.92868832618433 5.41941375092175 235 229 224
8.552922567888324 24.218358496956466 5.43716403884177 235 229 224
8.552922567888324 24.218358496956466 5.43716403884177 235 229 224
9.586342706834795 23.92868832618433 5.41941375092175 235 229 224
9.499446524513726 23.63717018373433 4.324316627613502 231 217 213
8.552922567888324 24.218358496956466 5.43716403884177 235 229 224
9.499446524513726 23.63717018373433 4.324316627613502 231 217 213
8.475622932877481 23.9241501688849 4.342066915533523 231 217 213
8.475622932877481 23.9241501688849 4.342066915533523 231 217 213
9.499446524513726 23.63717018373433 4.324316627613502 231 217 213
9.443655741159613 23.450004014924666 2.9444137509217496 226 203 199
8.475622932877481 23.9241501688849 4.342066915533523 231 217 213
9.443655741159613 23.450004014924666 2.9444137509217496 226 203 199
8.425993512170514 23.73525679458489 2.9621640388417703 227 203 200
8.425993512170514 23.73525679458489 2.9621640388417703 227 203 200
9.443655741159613 23.450004014924666 2.9444137509217496 226 203 199
9.424431547364406 23.385510948421803 1.4147796287657604 221 187 184
8.425993512170514 23.73525679458489 2.9621640388417703 227 203 200
9.424431547364406 23.385510948421803 1.4147796287657604 221 187 184
8.408892379254727 23.67016857363044 1.4325299166857806 221 187 184
8.408892379254727 23.67016857363044 1.4325299166857806 221 187 184
9.424431547364406 23.385510948421803 1.4147796287657604 221 187 184
9.443655741159613 23.450004014924666 -0.11485449339022735 216 171 169
8.408892379254727 23.67016857363044 1.4325299166857806 221 187 184
9.443655741159613 23.450004014924666 -0.11485449339022735 216 171 169
8.425993512170514 23.73525679458489 -0.09710420547020715 216 171 169
8.425993512170514 23.73525679458489 -0.09710420547020715 216 171 169
9.443655741159613 23.450004014924666 -0.11485449339022735 216 171 169
9.499446524513726 23.63717018373433 -1.4947573700819818 212 157 155
8.425993512170514 23.73525679458489 -0.09710420547020715 216 171 169
9.499446524513726 23.63717018373433 -1.4947573700819818 212 157 155
8.475622932877481 23.9241501688849 -1.4770070821619616 212 157 155
8.475622932877481 23.9241501688849 -1.4770070821619616 212 157 155
9.499446524513726 23.63717018373433 -1.4947573700819818 212 157 155
9.586342706834795 23.92868832618433 -2.58985449339023 208 145 144
8.475622932877481 23.9241501688849 -1.4770070821619616 212 157 155
9.586342706834795 23.92868832618433 -2.58985449339023 208 145 144
8.552922567888322 24.218358496956462 -2.5721042054702097 208 145 144
8.552922567888322 24.218358496956462 -2.5721042054702097 208 145 144
9.586342706834795 23.92868832618433 -2.58985449339023 208 145 144
9.695838284355936 24.296022615365327 -3.29295012689525 206 138 137
8.552922567888322 24.218358496956462 -2.5721042054702097 208 145 144
9.695838284355936 24.296022615365327 -3.29295012689525 206 138 137
8.650325790349951 24.589082617777983 -3.27519983897523 206 138 137
8.650325790349951 24.589082617777983 -3.27519983897523 206 138 137
9.695838284355936 24.296022615365327 -3.29295012689525 206 138 137
9.81721506704883 24.7032158116838 -3.5352203712342405 205 135 135
8.650325790349951 24.589082617777983 -3.27519983897523 206 138 137
9.81721506704883 24.7032158116838 -3.5352203712342405 205 135 135
8.758298094199665 25.00003347141661 -3.5174700833142203 205 135 135
8.758298094199665 25.00003347141661 -3.5174700833142203 205 135 135
9.81721506704883 24.7032158116838 -3.5352203712342405 205 135 135
9.938591849741723 25.110409008002275 -3.292950126895251 206 138 137
8.758298094199665 25.00003347141661 -3.5174700833142203 205 135 135
9.938591849741723 25.110409008002275 -3.292950126895251 206 138 137
8.86627039804938 25.41098432505524 -3.275199838975231 206 138 137
8.86627039804938 25.41098432505524 -3.275199838975231 206 138 137
9.938591849741723 25.110409008002275 -3.292950126895251 206 138 137
10.048087427262862 25.477743297183274 -2.5898544933902308 208 145 144
8.86627039804938 25.41098432505524 -3.275199838975231 206 138 137
10.048087427262862 25.477743297183274 -2.5898544933902308 208 145 144
8.963673620511008 25.78170844587676 -2.5721042054702106 208 145 144
8.963673620511008 25.78170844587676 -2.5721042054702106 208 145 144
10.048087427262862 25.477743297183274 -2.5898544933902308 208 145 144
10.134983609583934 25.769261439633272 -1.4947573700819836 212 157 155
8.963673620511008 25.78170844587676 -2.5721042054702106 208 145 144
10.134983609583934 25.769261439633272 -1.4947573700819836 212 157 155
9.04097325552185 26.07591677394832 -1.4770070821619634 212 157 155
9.04097325552185 26.07591677394832 -1.4770070821619634 212 157 155
10.134983609583934 25.769261439633272 -1.4947573700819836 212 157 155
10.190774392938044 25.956427608442937 -0.11485449339023113 216 171 169
9.04097325552185 26.07591677394832 -1.4770070821619634 212 157 155
10.190774392938044 25.956427608442937 -0.11485449339023113 216 171 169
9.090602676228817 26.264810148248337 -0.09710420547021092 216 171 169
9.090602676228817 26.264810148248337 -0.09710420547021092 216 171 169
10.190774392938044 25.956427608442937 -0.11485449339023113 216 171 169
10.209998586733251 26.0209206749458 1.4147796287657586 221 187 184
9.090602676228817 26.264810148248337 -0.09710420547021092 216 171 169
10.209998586733251 26.0209206749458 1.4147796287657586 221 187 184
9.107703809144605 26.32989836920278 1.4325299166857788 221 187 184
10.209998586733251 26.0209206749458 1.4147796287657597 221 187 184
11.299559012108475 25.67650386229914 1.395025835526018 221 187 184
11.278217883164166 25.612680030783 2.9246599576820076 226 203 199
10.209998586733251 26.0209206749458 1.4147796287657597 221 187 184
11.278217883164166 25.612680030783 2.9246599576820076 226 203 199
10.190774392938044 25.956427608442937 2.9444137509217496 226 203 199
10.190774392938044 25.956427608442937 2.9444137509217496 226 203 199
11.278217883164166 25.612680030783 2.9246599576820076 226 203 199
11.2162835147247 25.427456057550167 4.30456283437376 231 217 213
10.190774392938044 25.956427608442937 2.9444137509217496 226 203 199
11.2162835147247 25.427456057550167 4.30456283437376 231 217 213
10.134983609583934 25.769261439633272 4.324316627613502 231 217 213
10.134983609583934 25.769261439633272 4.324316627613502 231 217 213
11.2162835147247 25.427456057550167 4.30456283437376 231 217 213
11.11981847429505 25.138962955631975 5.399659957682008 235 228 224
10.134983609583934 25.769261439633272 4.324316627613502 231 217 213
11.11981847429505 25.138962955631975 5.399659957682008 235 228 224
10.048087427262862 25.477743297183274 5.41941375092175 235 229 224
10.048087427262862 25.477743297183274 5.41941375092175 235 229 224
11.11981847429505 25.138962955631975 5.399659957682008 235 228 224
10.998265432143928 24.775440439893806 6.102755591187028 237 236 231
10.048087427262862 25.477743297183274 5.41941375092175 235 229 224
10.998265432143928 24.775440439893806 6.102755591187028 237 236 231
9.938591849741723 25.110409008002275 6.1225093844267695 237 236 231
9.938591849741723 25.110409008002275 6.1225093844267695 237 236 231
10.998265432143928 24.775440439893806 6.102755591187028 237 236 231
10.863522846946928 24.372472626986422 6.345025835526018 238 238 233
9.938591849741723 25.110409008002275 6.1225093844267695 237 236 231
10.863522846946928 24.372472626986422 6.345025835526018 238 238 233
9.81721506704883 24.7032158116838 6.36477962876576 238 238 234
9.81721506704883 24.7032158116838 6.36477962876576 238 238 234
10.863522846946928 24.372472626986422 6.345025835526018 238 238 233
10.72878026174993 23.969504814079034 6.102755591187028 237 236 231
9.81721506704883 24.7032158116838 6.36477962876576 238 238 234
10.72878026174993 23.969504814079034 6.102755591187028 237 236 231
9.695838284355936 24.296022615365327 6.12250938442677 237 236 231
9.695838284355936 24.296022615365327 6.12250938442677 237 236 231
10.72878026174993 23.969504814079034 6.102755591187028 237 236 231
10.607227219598808 23.60598229834087 5.399659957682008 235 228 224
9.695838284355936 24.296022615365327 6.12250938442677 237 236 231
10.607227219598808 23.60598229834087 5.399659957682008 235 228 224
9.586342706834795 23.92868832618433 5.41941375092175 235 229 224
9.586342706834795 23.92868832618433 5.41941375092175 235 229 224
10.607227219598808 23.60598229834087 5.399659957682008 235 228 224
10.510762179169157 23.317489196422677 4.304562834373761 231 217 213
9.586342706834795 23.92868832618433 5.41941375092175 235 229 224
10.510762179169157 23.317489196422677 4.304562834373761 231 217 213
9.499446524513726 23.63717018373433 4.324316627613502 231 217 213
9.499446524513726 23.63717018373433 4.324316627613502 231 217 213
10.510762179169157 23.317489196422677 4.304562834373761 231 217 213
10.448827810729693 23.132265223189844 2.9246599576820085 226 203 199
9.499446524513726 23.63717018373433 4.324316627613502 231 217 213
10.448827810729693 23.132265223189844 2.9246599576820085 226 203 199
9.443655741159613 23.450004014924666 2.9444137509217496 226 203 199
9.443655741159613 23.450004014924666 2.9444137509217496 226 203 199
10.448827810729693 23.132265223189844 2.9246599576820085 226 203 199
10.427486681785384 23.068441391673705 1.3950258355260188 221 187 184
9.443655741159613 23.450004014924666 2.9444137509217496 226 203 199
10.427486681785384 23.068441391673705 1.3950258355260188 221 187 184
9.424431547364406 23.385510948421803 1.4147796287657604 221 187 184
9.424431547364406 23.385510948421803 1.4147796287657604 221 187 184
10.427486681785384 23.068441391673705 1.3950258355260188 221 187 184
10.448827810729693 23.132265223189844 -0.13460828662996893 216 171 169
9.424431547364406 23.385510948421803 1.4147796287657604 221 187 184
10.448827810729693 23.132265223189844 -0.13460828662996893 216 171 169
9.443655741159613 23.450004014924666 -0.11485449339022735 216 171 169
9.443655741159613 23.450004014924666 -0.11485449339022735 216 171 169
10.448827810729693 23.132265223189844 -0.13460828662996893 216 171 169
10.510762179169157 23.317489196422677 -1.5145111633217234 212 156 155
9.443655741159613 23.450004014924666 -0.11485449339022735 216 171 169
10.510762179169157 23.317489196422677 -1.5145111633217234 212 156 155
9.499446524513726 23.63717018373433 -1.4947573700819818 212 157 155
9.499446524513726 23.63717018373433 -1.4947573700819818 212 157 155
10.510762179169157 23.317489196422677 -1.5145111633217234 212 156 155
10.607227219598808 23.60598229834087 -2.6096082866299715 208 145 144
9.499446524513726 23.63717018373433 -1.4947573700819818 212 157 155
10.607227219598808 23.60598229834087 -2.6096082866299715 208 145 144
9.586342706834795 23.92868832618433 -2.58985449339023 208 145 144
9.586342706834795 23.92868832618433 -2.58985449339023 208 145 144
10.607227219598808 23.60598229834087 -2.6096082866299715 208 145 144
10.72878026174993 23.969504814079034 -3.3127039201349917 206 138 137
9.586342706834795 23.92868832618433 -2.58985449339023 208 145 144
10.72878026174993 23.969504814079034 -3.3127039201349917 206 138 137
9.695838284355936 24.296022615365327 -3.29295012689525 206 138 137
9.695838284355936 24.296022615365327 -3.29295012689525 206 138 137
10.72878026174993 23.969504814079034 -3.3127039201349917 206 138 137
10.863522846946928 24.372472626986422 -3.554974164473982 205 135 134
9.695838284355936 24.296022615365327 -3.29295012689525 206 138 137
10.863522846946928 24.372472626986422 -3.554974164473982 205 135 134
9.81721506704883 24.7032158116838 -3.5352203712342405 205 135 135
9.81721506704883 24.7032158116838 -3.5352203712342405 205 135 135
10.863522846946928 24.372472626986422 -3.554974164473982 205 135 134
10.998265432143928 24.775440439893806 -3.3127039201349926 206 138 137
9.81721506704883 24.7032158116838 -3.5352203712342405 205 135 135
10.998265432143928 24.775440439893806 -3.3127039201349926 206 138 137
9.938591849741723 25.110409008002275 -3.292950126895251 206 138 137
9.938591849741723 25.110409008002275 -3.292950126895251 206 138 137
10.998265432143928 24.775440439893806 -3.3127039201349926 206 138 137
11.11981847429505 25.138962955631975 -2.6096082866299724 208 145 144
9.938591849741723 25.110409008002275 -3.292950126895251 206 138 137
11.11981847429505 25.138962955631975 -2.6096082866299724 208 145 144
10.048087427262862 25.477743297183274 -2.5898544933902308 208 145 144
10.048087427262862 25.477743297183274 -2.5898544933902308 208 145 144
11.11981847429505 25.138962955631975 -2.6096082866299724 208 145 144
11.2162835147247 25.427456057550167 -1.5145111633217252 212 156 155
10.048087427262862 25.477743297183274 -2.5898544933902308 208 145 144
11.2162835147247 25.427456057550167 -1.5145111633217252 212 156 155
10.134983609583934 25.769261439633272 -1.4947573700819836 212 157 155
10.134983609583934 25.769261439633272 -1.4947573700819836 212 157 155
11.2162835147247 25.427456057550167 -1.5145111633217252 212 156 155
11.278217883164166 25.612680030783 -0.1346082866299727 216 171 169
10.134983609583934 25.769261439633272 -1.4947573700819836 212 157 155
11.278217883164166 25.612680030783 -0.1346082866299727 216 171 169
10.190774392938044 25.956427608442937 -0.11485449339023113 216 171 169
10.190774392938044 25.956427608442937 -0.11485449339023113 216 171 169
11.278217883164166 25.612680030783 -0.1346082866299727 216 171 169
11.299559012108475 25.67650386229914 1.395025835526017 221 187 184
10.190774392938044 25.956427608442937 -0.11485449339023113 216 171 169
11.299559012108475 25.67650386229914 1.395025835526017 221 187 184
10.209998586733251 26.0209206749458 1.4147796287657586 221 187 184
11.299559012108475 25.67650386229914 1.395025835526018 221 187 184
12.37498645206777 25.296953350785746 1.373296510814238 221 186 184
12.351535745657678 25.233874117888654 2.902930632970228 226 202 199
11.299559012108475 25.67650386229914 1.395025835526018 221 187 184
12.351535745657678 25.233874117888654 2.902930632970228 226 202 199
11.278217883164166 25.612680030783 2.9246599576820076 226 203 199
11.278217883164166 25.612680030783 2.9246599576820076 226 203 199
12.351535745657678 25.233874117888654 2.902930632970228 226 202 199
12.283479144961508 25.050811054012197 4.28283350966198 231 217 213
11.278217883164166 25.612680030783 2.9246599576820076 226 203 199
12.283479144961508 25.050811054012197 4.28283350966198 231 217 213
11.2162835147247 25.427456057550167 4.30456283437376 231 217 213
11.2162835147247 25.427456057550167 4.30456283437376 231 217 213
12.283479144961508 25.050811054012197 4.28283350966198 231 217 213
12.177478504233616 24.765683647323975 5.377930632970228 235 228 224
11.2162835147247 25.427456057550167 4.30456283437376 231 217 213
12.177478504233616 24.765683647323975 5.377930632970228 235 228 224
11.11981847429505 25.138962955631975 5.399659957682008 235 228 224
11.11981847429505 25.138962955631975 5.399659957682008 235 228 224
12.177478504233616 24.765683647323975 5.377930632970228 235 228 224
12.04390990473834 24.406402154990083 6.081026266475248 237 235 231
11.11981847429505 25.138962955631975 5.399659957682008 235 228 224
12.04390990473834 24.406402154990083 6.081026266475248 237 235 231
10.998265432143928 24.775440439893806 6.102755591187028 237 236 231
10.998265432143928 24.775440439893806 6.102755591187028 237 236 231
12.04390990473834 24.406402154990083 6.081026266475248 237 235 231
11.895847971621434 24.008135552741514 6.323296510814238 238 238 233
10.998265432143928 24.775440439893806 6.102755591187028 237 236 231
11.895847971621434 24.008135552741514 6.323296510814238 238 238 233
10.863522846946928 24.372472626986422 6.345025835526018 238 238 233
10.863522846946928 24.372472626986422 6.345025835526018 238 238 233
11.895847971621434 24.008135552741514 6.323296510814238 238 238 233
11.747786038504529 23.60986895049295 6.081026266475249 237 235 231
10.863522846946928 24.372472626986422 6.345025835526018 238 238 233
11.747786038504529 23.60986895049295 6.081026266475249 237 235 231
10.72878026174993 23.969504814079034 6.102755591187028 237 236 231
10.72878026174993 23.969504814079034 6.102755591187028 237 236 231
11.747786038504529 23.60986895049295 6.081026266475249 237 235 231
11.614217439009252 23.25058745815906 5.377930632970228 235 228 224
10.72878026174993 23.969504814079034 6.102755591187028 237 236 231
11.614217439009252 23.25058745815906 5.377930632970228 235 228 224
10.607227219598808 23.60598229834087 5.399659957682008 235 228 224
10.607227219598808 23.60598229834087 5.399659957682008 235 228 224
11.614217439009252 23.25058745815906 5.377930632970228 235 228 224
11.50821679828136 22.965460051470835 4.282833509661981 231 217 213
10.607227219598808 23.60598229834087 5.399659957682008 235 228 224
11.50821679828136 22.965460051470835 4.282833509661981 231 217 213
10.510762179169157 23.317489196422677 4.304562834373761 231 217 213
10.510762179169157 23.317489196422677 4.304562834373761 231 217 213
11.50821679828136 22.965460051470835 4.282833509661981 231 217 213
11.44016019758519 22.78239698759438 2.9029306329702282 226 202 199
10.510762179169157 23.317489196422677 4.304562834373761 231 217 213
11.44016019758519 22.78239698759438 2.9029306329702282 226 202 199
10.448827810729693 23.132265223189844 2.9246599576820085 226 203 199
10.448827810729693 23.132265223189844 2.9246599576820085 226 203 199
11.44016019758519 22.78239698759438 2.9029306329702282 226 202 199
11.4167094911751 22.719317754697286 1.3732965108142388 221 186 184
10.448827810729693 23.132265223189844 2.9246599576820085 226 203 199
11.4167094911751 22.719317754697286 1.3732965108142388 221 186 184
10.427486681785384 23.068441391673705 1.3950258355260188 221 187 184
10.427486681785384 23.068441391673705 1.3950258355260188 221 187 184
11.4167094911751 22.719317754697286 1.3732965108142388 221 186 184
11.44016019758519 22.78239698759438 -0.15633761134174895 216 170 168
10.427486681785384 23.068441391673705 1.3950258355260188 221 187 184
11.44016019758519 22.78239698759438 -0.15633761134174895 216 170 168
10.448827810729693 23.132265223189844 -0.13460828662996893 216 171 169
10.448827810729693 23.132265223189844 -0.13460828662996893 216 171 169
11.44016019758519 22.78239698759438 -0.15633761134174895 216 170 168
11.50821679828136 22.965460051470835 -1.5362404880335034 212 156 155
10.448827810729693 23.132265223189844 -0.13460828662996893 216 171 169
11.50821679828136 22.965460051470835 -1.5362404880335034 212 156 155
10.510762179169157 23.317489196422677 -1.5145111633217234 212 156 155
10.510762179169157 23.317489196422677 -1.5145111633217234 212 156 155
11.50821679828136 22.965460051470835 -1.5362404880335034 212 156 155
11.614217439009252 23.25058745815906 -2.6313376113417517 208 145 144
10.510762179169157 23.317489196422677 -1.5145111633217234 212 156 155
11.614217439009252 23.25058745815906 -2.6313376113417517 208 145 144
10.607227219598808 23.60598229834087 -2.6096082866299715 208 145 144
10.607227219598808 23.60598229834087 -2.6096082866299715 208 145 144
11.614217439009252 23.25058745815906 -2.6313376113417517 208 145 144
11.747786038504529 23.60986895049295 -3.334433244846772 206 137 137
10.607227219598808 23.60598229834087 -2.6096082866299715 208 145 144
11.747786038504529 23.60986895049295 -3.334433244846772 206 137 137
10.72878026174993 23.969504814079034 -3.3127039201349917 206 138 137
10.72878026174993 23.969504814079034 -3.3127039201349917 206 138 137
11.747786038504529 23.60986895049295 -3.334433244846772 206 137 137
11.895847971621434 24.008135552741514 -3.5767034891857623 205 135 134
10.72878026174993 23.969504814079034 -3.3127039201349917 206 138 137
11.895847971621434 24.008135552741514 -3.5767034891857623 205 135 134
10.863522846946928 24.372472626986422 -3.554974164473982 205 135 134
10.863522846946928 24.372472626986422 -3.554974164473982 205 135 134
11.895847971621434 24.008135552741514 -3.5767034891857623 205 135 134
12.04390990473834 24.406402154990083 -3.334433244846773 206 137 137
10.863522846946928 24.372472626986422 -3.554974164473982 205 135 134
12.04390990473834 24.406402154990083 -3.334433244846773 206 137 137
10.998265432143928 24.775440439893806 -3.3127039201349926 206 138 137
10.998265432143928 24.775440439893806 -3.3127039201349926 206 138 137
12.04390990473834 24.406402154990083 -3.334433244846773 206 137 137
12.177478504233616 24.765683647323975 -2.6313376113417526 208 145 144
10.998265432143928 24.775440439893806 -3.3127039201349926 206 138 137
12.177478504233616 24.765683647323975 -2.6313376113417526 208 145 144
11.11981847429505 25.138962955631975 -2.6096082866299724 208 145 144
11.11981847429505 25.138962955631975 -2.6096082866299724 208 145 144
12.177478504233616 24.765683647323975 -2.6313376113417526 208 145 144
12.283479144961508 25.050811054012197 -1.5362404880335052 212 156 155
11.11981847429505 25.138962955631975 -2.6096082866299724 208 145 144
12.283479144961508 25.050811054012197 -1.5362404880335052 212 156 155
11.2162835147247 25.427456057550167 -1.5145111633217252 212 156 155
11.2162835147247 25.427456057550167 -1.5145111633217252 212 156 155
12.283479144961508 25.050811054012197 -1.5362404880335052 212 156 155
12.351535745657678 25.233874117888654 -0.15633761134175272 216 170 168
11.2162835147247 25.427456057550167 -1.5145111633217252 212 156 155
12.351535745657678 25.233874117888654 -0.15633761134175272 216 170 168
11.278217883164166 25.612680030783 -0.1346082866299727 216 171 169
11.278217883164166 25.612680030783 -0.1346082866299727 216 171 169
12.351535745657678 25.233874117888654 -0.15633761134175272 216 170 168
12.37498645206777 25.296953350785746 1.373296510814237 221 186 184
11.278217883164166 25.612680030783 -0.1346082866299727 216 171 169
12.37498645206777 25.296953350785746 1.373296510814237 221 186 184
11.299559012108475 25.67650386229914 1.395025835526017 221 187 184
12.37498645206777 25.296953350785746 1.373296510814238 221 186 184
13.43488683783932 24.882607905449397 1.349622426078332 221 186 183
13.40933532222027 24.82035001194514 2.8792565482343218 226 202 199
12.37498645206777 25.296953350785746 1.373296510814238 221 186 184
13.40933532222027 24.82035001194514 2.8792565482343218 226 202 199
12.351535745657678 25.233874117888654 2.902930632970228 226 202 199
12.351535745657678 25.233874117888654 2.902930632970228 226 202 199
13.40933532222027 24.82035001194514 2.8792565482343218 226 202 199
13.33518193573979 24.639670567824815 4.259159424926074 231 216 213
12.351535745657678 25.233874117888654 2.902930632970228 226 202 199
13.33518193573979 24.639670567824815 4.259159424926074 231 216 213
12.283479144961508 25.050811054012197 4.28283350966198 231 217 213
12.283479144961508 25.050811054012197 4.28283350966198 231 217 213
13.33518193573979 24.639670567824815 4.259159424926074 231 216 213
13.21968532852361 24.35825573594663 5.354256548234322 235 228 224
12.283479144961508 25.050811054012197 4.28283350966198 231 217 213
13.21968532852361 24.35825573594663 5.354256548234322 235 228 224
12.177478504233616 24.765683647323975 5.377930632970228 235 228 224
12.177478504233616 24.765683647323975 5.377930632970228 235 228 224
13.21968532852361 24.35825573594663 5.354256548234322 235 228 224
13.074151113198237 24.00365236078725 6.057352181739342 237 235 231
12.177478504233616 24.765683647323975 5.377930632970228 235 228 224
13.074151113198237 24.00365236078725 6.057352181739342 237 235 231
12.04390990473834 24.406402154990083 6.081026266475248 237 235 231
12.04390990473834 24.406402154990083 6.081026266475248 237 235 231
13.074151113198237 24.00365236078725 6.057352181739342 237 235 231
12.912825192756214 23.610571491374266 6.299622426078332 238 238 233
12.04390990473834 24.406402154990083 6.081026266475248 237 235 231
12.912825192756214 23.610571491374266 6.299622426078332 238 238 233
11.895847971621434 24.008135552741514 6.323296510814238 238 238 233
11.895847971621434 24.008135552741514 6.323296510814238 238 238 233
12.912825192756214 23.610571491374266 6.299622426078332 238 238 233
12.751499272314192 23.217490621961282 6.0573521817393425 237 235 231
11.895847971621434 24.008135552741514 6.323296510814238 238 238 233
12.751499272314192 23.217490621961282 6.0573521817393425 237 235 231
11.747786038504529 23.60986895049295 6.081026266475249 237 235 231
11.747786038504529 23.60986895049295 6.081026266475249 237 235 231
12.751499272314192 23.217490621961282 6.0573521817393425 237 235 231
12.605965056988817 22.862887246801904 5.354256548234322 235 228 224
11.747786038504529 23.60986895049295 6.081026266475249 237 235 231
12.605965056988817 22.862887246801904 5.354256548234322 235 228 224
11.614217439009252 23.25058745815906 5.377930632970228 235 228 224
11.614217439009252 23.25058745815906 5.377930632970228 235 228 224
12.605965056988817 22.862887246801904 5.354256548234322 235 228 224
12.490468449772639 22.581472414923716 4.259159424926075 231 216 213
11.614217439009252 23.25058745815906 5.377930632970228 235 228 224
12.490468449772639 22.581472414923716 4.259159424926075 231 216 213
11.50821679828136 22.965460051470835 4.282833509661981 231 217 213
11.50821679828136 22.965460051470835 4.282833509661981 231 217 213
12.490468449772639 22.581472414923716 4.259159424926075 231 216 213
12.416315063292158 22.400792970803394 2.879256548234322 226 202 199
11.50821679828136 22.965460051470835 4.282833509661981 231 217 213
12.416315063292158 22.400792970803394 2.879256548234322 226 202 199
11.44016019758519 22.78239698759438 2.9029306329702282 226 202 199
11.44016019758519 22.78239698759438 2.9029306329702282 226 202 199
12.416315063292158 22.400792970803394 2.879256548234322 226 202 199
12.390763547673107 22.338535077299134 1.3496224260783327 221 186 183
11.44016019758519 22.78239698759438 2.9029306329702282 226 202 199
12.390763547673107 22.338535077299134 1.3496224260783327 221 186 183
11.4167094911751 22.719317754697286 1.3732965108142388 221 186 184
11.4167094911751 22.719317754697286 1.3732965108142388 221 186 184
12.390763547673107 22.338535077299134 1.3496224260783327 221 186 183
12.416315063292158 22.400792970803394 -0.180011696077655 216 170 168
11.4167094911751 22.719317754697286 1.3732965108142388 221 186 184
12.416315063292158 22.400792970803394 -0.180011696077655 216 170 168
11.44016019758519 22.78239698759438 -0.15633761134174895 216 170 168
11.44016019758519 22.78239698759438 -0.15633761134174895 216 170 168
12.416315063292158 22.400792970803394 -0.180011696077655 216 170 168
12.490468449772639 22.581472414923716 -1.5599145727694095 211 156 154
11.44016019758519 22.78239698759438 -0.15633761134174895 216 170 168
12.490468449772639 22.581472414923716 -1.5599145727694095 211 156 154
11.50821679828136 22.965460051470835 -1.5362404880335034 212 156 155
11.50821679828136 22.965460051470835 -1.5362404880335034 212 156 155
12.490468449772639 22.581472414923716 -1.5599145727694095 211 156 154
12.605965056988817 22.862887246801904 -2.6550116960776577 208 144 143
11.50821679828136 22.965460051470835 -1.5362404880335034 212 156 155
12.605965056988817 22.862887246801904 -2.6550116960776577 208 144 143
11.614217439009252 23.25058745815906 -2.6313376113417517 208 145 144
11.614217439009252 23.25058745815906 -2.6313376113417517 208 145 144
12.605965056988817 22.862887246801904 -2.6550116960776577 208 144 143
12.751499272314192 23.217490621961282 -3.358107329582678 205 137 136
11.614217439009252 23.25058745815906 -2.6313376113417517 208 145 144
12.751499272314192 23.217490621961282 -3.358107329582678 205 137 136
11.747786038504529 23.60986895049295 -3.334433244846772 206 137 137
11.747786038504529 23.60986895049295 -3.334433244846772 206 137 137
12.751499272314192 23.217490621961282 -3.358107329582678 205 137 136
12.912825192756214 23.610571491374266 -3.6003775739216684 205 135 134
11.747786038504529 23.60986895049295 -3.334433244846772 206 137 137
12.912825192756214 23.610571491374266 -3.6003775739216684 205 135 134
11.895847971621434 24.008135552741514 -3.5767034891857623 205 135 134
11.895847971621434 24.008135552741514 -3.5767034891857623 205 135 134
12.912825192756214 23.610571491374266 -3.6003775739216684 205 135 134
13.074151113198237 24.00365236078725 -3.358107329582679 205 137 136
11.895847971621434 24.008135552741514 -3.5767034891857623 205 135 134
13.074151113198237 24.00365236078725 -3.358107329582679 205 137 136
12.04390990473834 24.406402154990083 -3.334433244846773 206 137 137
12.04390990473834 24.406402154990083 -3.334433244846773 206 137 137
13.074151113198237 24.00365236078725 -3.358107329582679 205 137 136
13.21968532852361 24.35825573594663 -2.6550116960776586 208 144 143
12.04390990473834 24.406402154990083 -3.334433244846773 206 137 137
13.21968532852361 24.35825573594663 -2.6550116960776586 208 144 143
12.177478504233616 24.765683647323975 -2.6313376113417526 208 145 144
12.177478504233616 24.765683647323975 -2.6313376113417526 208 145 144
13.21968532852361 24.35825573594663 -2.6550116960776586 208 144 143
13.33518193573979 24.639670567824815 -1.5599145727694113 211 156 154
12.177478504233616 24.765683647323975 -2.6313376113417526 208 145 144
13.33518193573979 24.639670567824815 -1.5599145727694113 211 156 154
12.283479144961508 25.050811054012197 -1.5362404880335052 212 156 155
12.283479144961508 25.050811054012197 -1.5362404880335052 212 156 155
13.33518193573979 24.639670567824815 -1.5599145727694113 211 156 154
13.40933532222027 24.82035001194514 -0.18001169607765877 216 170 168
12.283479144961508 25.050811054012197 -1.5362404880335052 212 156 155
13.40933532222027 24.82035001194514 -0.18001169607765877 216 170 168
12.351535745657678 25.233874117888654 -0.15633761134175272 216 170 168
12.351535745657678 25.233874117888654 -0.15633761134175272 216 170 168
13.40933532222027 24.82035001194514 -0.18001169607765877 216 170 168
13.43488683783932 24.882607905449397 1.349622426078331 221 186 183
12.351535745657678 25.233874117888654 -0.15633761134175272 216 170 168
13.43488683783932 24.882607905449397 1.349622426078331 221 186 183
12.37498645206777 25.296953350785746 1.373296510814237 221 186 184
13.43488683783932 24.882607905449397 1.349622426078332 221 186 183
14.477870886039206 24.433840208113992 1.3240371067902137 221 186 183
14.450228938116634 24.37248185115209 2.8536712289462036 226 202 199
13.43488683783932 24.882607905449397 1.349622426078332 221 186 183
14.450228938116634 24.37248185115209 2.8536712289462036 226 202 199
13.40933532222027 24.82035001194514 2.8792565482343218 226 202 199
13.40933532222027 24.82035001194514 2.8792565482343218 226 202 199
14.450228938116634 24.37248185115209 2.8536712289462036 226 202 199
14.370008880804358 24.194412963754633 4.233574105637956 231 216 212
13.40933532222027 24.82035001194514 2.8792565482343218 226 202 199
14.370008880804358 24.194412963754633 4.233574105637956 231 216 212
13.33518193573979 24.639670567824815 4.259159424926074 231 216 213
13.33518193573979 24.639670567824815 4.259159424926074 231 216 213
14.370008880804358 24.194412963754633 4.233574105637956 231 216 212
14.245063212238108 23.917064169298975 5.328671228946204 234 228 223
13.33518193573979 24.639670567824815 4.259159424926074 231 216 213
14.245063212238108 23.917064169298975 5.328671228946204 234 228 223
13.21968532852361 24.35825573594663 5.354256548234322 235 228 224
13.21968532852361 24.35825573594663 5.354256548234322 235 228 224
14.245063212238108 23.917064169298975 5.328671228946204 234 228 223
14.08762248500481 23.56758430018911 6.0317668624512235 237 235 230
13.21968532852361 24.35825573594663 5.354256548234322 235 228 224
14.08762248500481 23.56758430018911 6.0317668624512235 237 235 230
13.074151113198237 24.00365236078725 6.057352181739342 237 235 231
13.074151113198237 24.00365236078725 6.057352181739342 237 235 231
14.08762248500481 23.56758430018911 6.0317668624512235 237 235 230
13.913098094440109 23.180182880982944 6.274037106790214 238 237 233
13.074151113198237 24.00365236078725 6.057352181739342 237 235 231
13.913098094440109 23.180182880982944 6.274037106790214 238 237 233
12.912825192756214 23.610571491374266 6.299622426078332 238 238 233
12.912825192756214 23.610571491374266 6.299622426078332 238 238 233
13.913098094440109 23.180182880982944 6.274037106790214 238 237 233
13.738573703875407 22.792781461776777 6.031766862451224 237 235 230
12.912825192756214 23.610571491374266 6.299622426078332 238 238 233
13.738573703875407 22.792781461776777 6.031766862451224 237 235 230
12.751499272314192 23.217490621961282 6.0573521817393425 237 235 231
12.751499272314192 23.217490621961282 6.0573521817393425 237 235 231
13.738573703875407 22.792781461776777 6.031766862451224 237 235 230
13.58113297664211 22.443301592666913 5.328671228946204 234 228 223
12.751499272314192 23.217490621961282 6.0573521817393425 237 235 231
13.58113297664211 22.443301592666913 5.328671228946204 234 228 223
12.605965056988817 22.862887246801904 5.354256548234322 235 228 224
12.605965056988817 22.862887246801904 5.354256548234322 235 228 224
13.58113297664211 22.443301592666913 5.328671228946204 234 228 223
13.456187308075858 22.16595279821125 4.233574105637956 231 216 212
12.605965056988817 22.862887246801904 5.354256548234322 235 228 224
13.456187308075858 22.16595279821125 4.233574105637956 231 216 212
12.490468449772639 22.581472414923716 4.259159424926075 231 216 213
12.490468449772639 22.581472414923716 4.259159424926075 231 216 213
13.456187308075858 22.16595279821125 4.233574105637956 231 216 212
13.375967250763583 21.987883910813796 2.8536712289462036 226 202 199
12.490468449772639 22.581472414923716 4.259159424926075 231 216 213
13.375967250763583 21.987883910813796 2.8536712289462036 226 202 199
12.416315063292158 22.400792970803394 2.879256548234322 226 202 199
12.416315063292158 22.400792970803394 2.879256548234322 226 202 199
13.375967250763583 21.987883910813796 2.8536712289462036 226 202 199
13.348325302841012 21.926525553851896 1.3240371067902144 221 186 183
12.416315063292158 22.400792970803394 2.879256548234322 226 202 199
13.348325302841012 21.926525553851896 1.3240371067902144 221 186 183
12.390763547673107 22.338535077299134 1.3496224260783327 221 186 183
12.390763547673107 22.338535077299134 1.3496224260783327 221 186 183
13.348325302841012 21.926525553851896 1.3240371067902144 221 186 183
13.375967250763583 21.987883910813796 -0.20559701536577335 216 170 168
12.390763547673107 22.338535077299134 1.3496224260783327 221 186 183
13.375967250763583 21.987883910813796 -0.20559701536577335 216 170 168
12.416315063292158 22.400792970803394 -0.180011696077655 216 170 168
12.416315063292158 22.400792970803394 -0.180011696077655 216 170 168
13.375967250763583 21.987883910813796 -0.20559701536577335 216 170 168
13.456187308075858 22.16595279821125 -1.5854998920575278 211 156 154
12.416315063292158 22.400792970803394 -0.180011696077655 216 170 168
13.456187308075858 22.16595279821125 -1.5854998920575278 211 156 154
12.490468449772639 22.581472414923716 -1.5599145727694095 211 156 154
12.490468449772639 22.581472414923716 -1.5599145727694095 211 156 154
13.456187308075858 22.16595279821125 -1.5854998920575278 211 156 154
13.58113297664211 22.443301592666913 -2.680597015365776 208 144 143
12.490468449772639 22.581472414923716 -1.5599145727694095 211 156 154
13.58113297664211 22.443301592666913 -2.680597015365776 208 144 143
12.605965056988817 22.862887246801904 -2.6550116960776577 208 144 143
12.605965056988817 22.862887246801904 -2.6550116960776577 208 144 143
13.58113297664211 22.443301592666913 -2.680597015365776 208 144 143
13.738573703875407 22.792781461776777 -3.383692648870796 205 137 136
12.605965056988817 22.862887246801904 -2.6550116960776577 208 144 143
13.738573703875407 22.792781461776777 -3.383692648870796 205 137 136
12.751499272314192 23.217490621961282 -3.358107329582678 205 137 136
12.751499272314192 23.217490621961282 -3.358107329582678 205 137 136
13.738573703875407 22.792781461776777 -3.383692648870796 205 137 136
13.913098094440109 23.180182880982944 -3.6259628932097865 205 134 134
12.751499272314192 23.217490621961282 -3.358107329582678 205 137 136
13.913098094440109 23.180182880982944 -3.6259628932097865 205 134 134
12.912825192756214 23.610571491374266 -3.6003775739216684 205 135 134
12.912825192756214 23.610571491374266 -3.6003775739216684 205 135 134
13.913098094440109 23.180182880982944 -3.6259628932097865 205 134 134
14.08762248500481 23.56758430018911 -3.383692648870797 205 137 136
12.912825192756214 23.610571491374266 -3.6003775739216684 205 135 134
14.08762248500481 23.56758430018911 -3.383692648870797 205 137 136
13.074151113198237 24.00365236078725 -3.358107329582679 205 137 136
13.074151113198237 24.00365236078725 -3.358107329582679 205 137 136
14.08762248500481 23.56758430018911 -3.383692648870797 205 137 136
14.245063212238108 23.917064169298975 -2.6805970153657768 208 144 143
13.074151113198237 24.00365236078725 -3.358107329582679 205 137 136
14.245063212238108 23.917064169298975 -2.6805970153657768 208 144 143
13.21968532852361 24.35825573594663 -2.6550116960776586 208 144 143
13.21968532852361 24.35825573594663 -2.6550116960776586 208 144 143
14.245063212238108 23.917064169298975 -2.6805970153657768 208 144 143
14.370008880804358 24.194412963754633 -1.5854998920575296 211 156 154
13.21968532852361 24.35825573594663 -2.6550116960776586 208 144 143
14.370008880804358 24.194412963754633 -1.5854998920575296 211 156 154
13.33518193573979 24.639670567824815 -1.5599145727694113 211 156 154
13.33518193573979 24.639670567824815 -1.5599145727694113 211 156 154
14.370008880804358 24.194412963754633 -1.5854998920575296 211 156 154
14.450228938116634 24.37248185115209 -0.20559701536577712 216 170 168
13.33518193573979 24.639670567824815 -1.5599145727694113 211 156 154
14.450228938116634 24.37248185115209 -0.20559701536577712 216 170 168
13.40933532222027 24.82035001194514 -0.18001169607765877 216 170 168
13.40933532222027 24.82035001194514 -0.18001169607765877 216 170 168
14.450228938116634 24.37248185115209 -0.20559701536577712 216 170 168
14.477870886039206 24.433840208113992 1.3240371067902126 221 186 183
13.40933532222027 24.82035001194514 -0.18001169607765877 216 170 168
14.477870886039206 24.433840208113992 1.3240371067902126 221 186 183
13.43488683783932 24.882607905449397 1.349622426078331 221 186 183
14.477870886039206 24.433840208113992 1.3240371067902137 221 186 183
15.50255429132394 23.951057580258748 1.2965767849695262 221 186 183
15.472834114164545 23.890678475233646 2.8262109071255157 226 202 198
14.477870886039206 24.433840208113992 1.3240371067902137 221 186 183
15.472834114164545 23.890678475233646 2.8262109071255157 226 202 198
14.450228938116634 24.37248185115209 2.8536712289462036 226 202 199
14.450228938116634 24.37248185115209 2.8536712289462036 226 202 199
15.472834114164545 23.890678475233646 2.8262109071255157 226 202 198
15.386582800699372 23.71545148764416 4.206113783817268 231 216 212
14.450228938116634 24.37248185115209 2.8536712289462036 226 202 199
15.386582800699372 23.71545148764416 4.206113783817268 231 216 212
14.370008880804358 24.194412963754633 4.233574105637956 231 216 212
14.370008880804358 24.194412963754633 4.233574105637956 231 216 212
15.386582800699372 23.71545148764416 4.206113783817268 231 216 212
15.252243230438634 23.44252905591376 5.301210907125517 234 227 223
14.370008880804358 24.194412963754633 4.233574105637956 231 216 212
15.252243230438634 23.44252905591376 5.301210907125517 234 227 223
14.245063212238108 23.917064169298975 5.328671228946204 234 228 223
14.245063212238108 23.917064169298975 5.328671228946204 234 228 223
15.252243230438634 23.44252905591376 5.301210907125517 234 227 223
15.082965496518268 23.098626729222612 6.004306540630536 237 235 230
14.245063212238108 23.917064169298975 5.328671228946204 234 228 223
15.082965496518268 23.098626729222612 6.004306540630536 237 235 230
14.08762248500481 23.56758430018911 6.0317668624512235 237 235 230
14.08762248500481 23.56758430018911 6.0317668624512235 237 235 230
15.082965496518268 23.098626729222612 6.004306540630536 237 235 230
14.895319682961729 22.717408063415654 6.246576784969527 237 237 232
14.08762248500481 23.56758430018911 6.0317668624512235 237 235 230
14.895319682961729 22.717408063415654 6.246576784969527 237 237 232
13.913098094440109 23.180182880982944 6.274037106790214 238 237 233
13.913098094440109 23.180182880982944 6.274037106790214 238 237 233
14.895319682961729 22.717408063415654 6.246576784969527 237 237 232
14.707673869405191 22.3361893976087 6.004306540630537 237 235 230
13.913098094440109 23.180182880982944 6.274037106790214 238 237 233
14.707673869405191 22.3361893976087 6.004306540630537 237 235 230
13.738573703875407 22.792781461776777 6.031766862451224 237 235 230
13.738573703875407 22.792781461776777 6.031766862451224 237 235 230
14.707673869405191 22.3361893976087 6.004306540630537 237 235 230
14.538396135484826 21.992287070917552 5.301210907125517 234 227 223
13.738573703875407 22.792781461776777 6.031766862451224 237 235 230
14.538396135484826 21.992287070917552 5.301210907125517 234 227 223
13.58113297664211 22.443301592666913 5.328671228946204 234 228 223
13.58113297664211 22.443301592666913 5.328671228946204 234 228 223
14.538396135484826 21.992287070917552 5.301210907125517 234 227 223
14.404056565224085 21.71936463918715 4.206113783817269 231 216 212
13.58113297664211 22.443301592666913 5.328671228946204 234 228 223
14.404056565224085 21.71936463918715 4.206113783817269 231 216 212
13.456187308075858 22.16595279821125 4.233574105637956 231 216 212
13.456187308075858 22.16595279821125 4.233574105637956 231 216 212
14.404056565224085 21.71936463918715 4.206113783817269 231 216 212
14.317805251758914 21.544137651597666 2.8262109071255166 226 202 198
13.456187308075858 22.16595279821125 4.233574105637956 231 216 212
14.317805251758914 21.544137651597666 2.8262109071255166 226 202 198
13.375967250763583 21.987883910813796 2.8536712289462036 226 202 199
13.375967250763583 21.987883910813796 2.8536712289462036 226 202 199
14.317805251758914 21.544137651597666 2.8262109071255166 226 202 198
14.288085074599518 21.483758546572563 1.2965767849695269 221 186 183
13.375967250763583 21.987883910813796 2.8536712289462036 226 202 199
14.288085074599518 21.483758546572563 1.2965767849695269 221 186 183
13.348325302841012 21.926525553851896 1.3240371067902144 221 186 183
13.348325302841012 21.926525553851896 1.3240371067902144 221 186 183
14.288085074599518 21.483758546572563 1.2965767849695269 221 186 183
14.317805251758914 21.544137651597666 -0.23305733718646082 216 170 168
13.348325302841012 21.926525553851896 1.3240371067902144 221 186 183
14.317805251758914 21.544137651597666 -0.23305733718646082 216 170 168
13.375967250763583 21.987883910813796 -0.20559701536577335 216 170 168
13.375967250763583 21.987883910813796 -0.20559701536577335 216 170 168
14.317805251758914 21.544137651597666 -0.23305733718646082 216 170 168
14.404056565224085 21.71936463918715 -1.6129602138782153 211 155 154
13.375967250763583 21.987883910813796 -0.20559701536577335 216 170 168
14.404056565224085 21.71936463918715 -1.6129602138782153 211 155 154
13.456187308075858 22.16595279821125 -1.5854998920575278 211 156 154
13.456187308075858 22.16595279821125 -1.5854998920575278 211 156 154
14.404056565224085 21.71936463918715 -1.6129602138782153 211 155 154
14.538396135484826 21.992287070917552 -2.7080573371864634 208 144 143
13.456187308075858 22.16595279821125 -1.5854998920575278 211 156 154
14.538396135484826 21.992287070917552 -2.7080573371864634 208 144 143
13.58113297664211 22.443301592666913 -2.680597015365776 208 144 143
13.58113297664211 22.443301592666913 -2.680597015365776 208 144 143
14.538396135484826 21.992287070917552 -2.7080573371864634 208 144 143
14.707673869405191 22.3361893976087 -3.4111529706914836 205 137 136
13.58113297664211 22.443301592666913 -2.680597015365776 208 144 143
14.707673869405191 22.3361893976087 -3.4111529706914836 205 137 136
13.738573703875407 22.792781461776777 -3.383692648870796 205 137 136
13.738573703875407 22.792781461776777 -3.383692648870796 205 137 136
14.707673869405191 22.3361893976087 -3.4111529706914836 205 137 136
14.895319682961729 22.717408063415654 -3.653423215030474 204 134 133
13.738573703875407 22.792781461776777 -3.383692648870796 205 137 136
14.895319682961729 22.717408063415654 -3.653423215030474 204 134 133
13.913098094440109 23.180182880982944 -3.6259628932097865 205 134 134
13.913098094440109 23.180182880982944 -3.6259628932097865 205 134 134
14.895319682961729 22.717408063415654 -3.653423215030474 204 134 133
15.082965496518268 23.098626729222612 -3.4111529706914845 205 137 136
13.913098094440109 23.180182880982944 -3.6259628932097865 205 134 134
15.082965496518268 23.098626729222612 -3.4111529706914845 205 137 136
14.08762248500481 23.56758430018911 -3.383692648870797 205 137 136
14.08762248500481 23.56758430018911 -3.383692648870797 205 137 136
15.082965496518268 23.098626729222612 -3.4111529706914845 205 137 136
15.252243230438634 23.44252905591376 -2.7080573371864642 208 144 143
14.08762248500481 23.56758430018911 -3.383692648870797 205 137 136
15.252243230438634 23.44252905591376 -2.7080573371864642 208 144 143
14.245063212238108 23.917064169298975 -2.6805970153657768 208 144 143
14.245063212238108 23.917064169298975 -2.6805970153657768 208 144 143
15.252243230438634 23.44252905591376 -2.7080573371864642 208 144 143
15.386582800699372 23.71545148764416 -1.612960213878217 211 155 154
14.245063212238108 23.917064169298975 -2.6805970153657768 208 144 143
15.386582800699372 23.71545148764416 -1.612960213878217 211 155 154
14.370008880804358 24.194412963754633 -1.5854998920575296 211 156 154
14.370008880804358 24.194412963754633 -1.5854998920575296 211 156 154
15.386582800699372 23.71545148764416 -1.612960213878217 211 155 154
15.472834114164545 23.890678475233646 -0.2330573371864646 216 170 168
14.370008880804358 24.194412963754633 -1.5854998920575296 211 156 154
15.472834114164545 23.890678475233646 -0.2330573371864646 216 170 168
14.450228938116634 24.37248185115209 -0.20559701536577712 216 170 168
14.450228938116634 24.37248185115209 -0.20559701536577712 216 170 168
15.472834114164545 23.890678475233646 -0.2330573371864646 216 170 168
15.50255429132394 23.951057580258748 1.296576784969525 221 186 183
14.450228938116634 24.37248185115209 -0.20559701536577712 216 170 168
15.50255429132394 23.951057580258748 1.296576784969525 221 186 183
14.477870886039206 24.433840208113992 1.3240371067902126 221 186 183
15.50255429132394 23.951057580258748 1.2965767849695262 221 186 183
16.50755790747336 23.434702880498484 1.2672803478745605 221 185 183
16.475773767002543 23.37538430272938 2.79691447003055 226 201 198
15.50255429132394 23.951057580258748 1.2965767849695262 221 186 183
16.475773767002543 23.37538430272938 2.79691447003055 226 201 198
15.472834114164545 23.890678475233646 2.8262109071255157 226 202 198
15.472834114164545 23.890678475233646 2.8262109071255157 226 202 198
16.475773767002543 23.37538430272938 2.79691447003055 226 201 198
16.38353259871251 23.203235085110933 4.176817346722302 231 216 212
15.472834114164545 23.890678475233646 2.8262109071255157 226 202 198
16.38353259871251 23.203235085110933 4.176817346722302 231 216 212
15.386582800699372 23.71545148764416 4.206113783817268 231 216 212
15.386582800699372 23.71545148764416 4.206113783817268 231 216 212
16.38353259871251 23.203235085110933 4.176817346722302 231 216 212
16.239863610837496 22.93510639249777 5.271914470030551 234 227 223
15.386582800699372 23.71545148764416 4.206113783817268 231 216 212
16.239863610837496 22.93510639249777 5.271914470030551 234 227 223
15.252243230438634 23.44252905591376 5.301210907125517 234 227 223
15.252243230438634 23.44252905591376 5.301210907125517 234 227 223
16.239863610837496 22.93510639249777 5.271914470030551 234 227 223
16.058830124911406 22.597244529485316 5.9750101035355705 237 234 230
15.252243230438634 23.44252905591376 5.301210907125517 234 227 223
16.058830124911406 22.597244529485316 5.9750101035355705 237 234 230
15.082965496518268 23.098626729222612 6.004306540630536 237 235 230
15.082965496518268 23.098626729222612 6.004306540630536 237 235 230
16.058830124911406 22.597244529485316 5.9750101035355705 237 234 230
15.858152959871152 22.22272176924725 6.217280347874561 237 237 232
15.082965496518268 23.098626729222612 6.004306540630536 237 235 230
15.858152959871152 22.22272176924725 6.217280347874561 237 237 232
14.895319682961729 22.717408063415654 6.246576784969527 237 237 232
14.895319682961729 22.717408063415654 6.246576784969527 237 237 232
15.858152959871152 22.22272176924725 6.217280347874561 237 237 232
15.657475794830898 21.848199009009186 5.975010103535571 237 234 230
14.895319682961729 22.717408063415654 6.246576784969527 237 237 232
15.657475794830898 21.848199009009186 5.975010103535571 237 234 230
14.707673869405191 22.3361893976087 6.004306540630537 237 235 230
14.707673869405191 22.3361893976087 6.004306540630537 237 235 230
15.657475794830898 21.848199009009186 5.975010103535571 237 234 230
15.476442308904808 21.510337145996733 5.271914470030551 234 227 223
14.707673869405191 22.3361893976087 6.004306540630537 237 235 230
15.476442308904808 21.510337145996733 5.271914470030551 234 227 223
14.538396135484826 21.992287070917552 5.301210907125517 234 227 223
14.538396135484826 21.992287070917552 5.301210907125517 234 227 223
15.476442308904808 21.510337145996733 5.271914470030551 234 227 223
15.332773321029794 21.24220845338357 4.176817346722303 231 216 212
14.538396135484826 21.992287070917552 5.301210907125517 234 227 223
15.332773321029794 21.24220845338357 4.176817346722303 231 216 212
14.404056565224085 21.71936463918715 4.206113783817269 231 216 212
14.404056565224085 21.71936463918715 4.206113783817269 231 216 212
15.332773321029794 21.24220845338357 4.176817346722303 231 216 212
15.24053215273976 21.070059235765125 2.7969144700305506 226 201 198
14.404056565224085 21.71936463918715 4.206113783817269 231 216 212
15.24053215273976 21.070059235765125 2.7969144700305506 226 201 198
14.317805251758914 21.544137651597666 2.8262109071255166 226 202 198
14.317805251758914 21.544137651597666 2.8262109071255166 226 202 198
15.24053215273976 21.070059235765125 2.7969144700305506 226 201 198
15.208748012268945 21.010740657996017 1.2672803478745611 221 185 183
14.317805251758914 21.544137651597666 2.8262109071255166 226 202 198
15.208748012268945 21.010740657996017 1.2672803478745611 221 185 183
14.288085074599518 21.483758546572563 1.2965767849695269 221 186 183
14.288085074599518 21.483758546572563 1.2965767849695269 221 186 183
15.208748012268945 21.010740657996017 1.2672803478745611 221 185 183
15.24053215273976 21.070059235765125 -0.2623537742814266 216 169 167
14.288085074599518 21.483758546572563 1.2965767849695269 221 186 183
15.24053215273976 21.070059235765125 -0.2623537742814266 216 169 167
14.317805251758914 21.544137651597666 -0.23305733718646082 216 170 168
14.317805251758914 21.544137651597666 -0.23305733718646082 216 170 168
15.24053215273976 21.070059235765125 -0.2623537742814266 216 169 167
15.332773321029794 21.24220845338357 -1.642256650973181 211 155 154
14.317805251758914 21.544137651597666 -0.23305733718646082 216 170 168
15.332773321029794 21.24220845338357 -1.642256650973181 211 155 154
14.404056565224085 21.71936463918715 -1.6129602138782153 211 155 154
14.404056565224085 21.71936463918715 -1.6129602138782153 211 155 154
15.332773321029794 21.24220845338357 -1.642256650973181 211 155 154
15.476442308904808 21.510337145996733 -2.737353774281429 208 144 143
14.404056565224085 21.71936463918715 -1.6129602138782153 211 155 154
15.476442308904808 21.510337145996733 -2.737353774281429 208 144 143
14.538396135484826 21.992287070917552 -2.7080573371864634 208 144 143
14.538396135484826 21.992287070917552 -2.7080573371864634 208 144 143
15.476442308904808 21.510337145996733 -2.737353774281429 208 144 143
15.657475794830898 21.848199009009186 -3.440449407786449 205 136 136
14.538396135484826 21.992287070917552 -2.7080573371864634 208 144 143
15.657475794830898 21.848199009009186 -3.440449407786449 205 136 136
14.707673869405191 22.3361893976087 -3.4111529706914836 205 137 136
14.707673869405191 22.3361893976087 -3.4111529706914836 205 137 136
15.657475794830898 21.848199009009186 -3.440449407786449 205 136 136
15.858152959871152 22.22272176924725 -3.6827196521254395 204 134 133
14.707673869405191 22.3361893976087 -3.4111529706914836 205 137 136
15.858152959871152 22.22272176924725 -3.6827196521254395 204 134 133
14.895319682961729 22.717408063415654 -3.653423215030474 204 134 133
14.895319682961729 22.717408063415654 -3.653423215030474 204 134 133
15.858152959871152 22.22272176924725 -3.6827196521254395 204 134 133
16.058830124911406 22.597244529485316 -3.44044940778645 205 136 136
14.895319682961729 22.717408063415654 -3.653423215030474 204 134 133
16.058830124911406 22.597244529485316 -3.44044940778645 205 136 136
15.082965496518268 23.098626729222612 -3.4111529706914845 205 137 136
15.082965496518268 23.098626729222612 -3.4111529706914845 205 137 136
16.058830124911406 22.597244529485316 -3.44044940778645 205 136 136
16.239863610837496 22.93510639249777 -2.73735377428143 208 144 143
15.082965496518268 23.098626729222612 -3.4111529706914845 205 137 136
16.239863610837496 22.93510639249777 -2.73735377428143 208 144 143
15.252243230438634 23.44252905591376 -2.7080573371864642 208 144 143
15.252243230438634 23.44252905591376 -2.7080573371864642 208 144 143
16.239863610837496 22.93510639249777 -2.73735377428143 208 144 143
16.38353259871251 23.203235085110933 -1.6422566509731829 211 155 154
15.252243230438634 23.44252905591376 -2.7080573371864642 208 144 143
16.38353259871251 23.203235085110933 -1.6422566509731829 211 155 154
15.386582800699372 23.71545148764416 -1.612960213878217 211 155 154
15.386582800699372 23.71545148764416 -1.612960213878217 211 155 154
16.38353259871251 23.203235085110933 -1.6422566509731829 211 155 154
16.475773767002543 23.37538430272938 -0.26235377428143036 216 169 167
15.386582800699372 23.71545148764416 -1.612960213878217 211 155 154
16.475773767002543 23.37538430272938 -0.26235377428143036 216 169 167
15.472834114164545 23.890678475233646 -0.2330573371864646 216 170 168
15.472834114164545 23.890678475233646 -0.2330573371864646 216 170 168
16.475773767002543 23.37538430272938 -0.26235377428143036 216 169 167
16.50755790747336 23.434702880498484 1.2672803478745593 221 185 183
15.472834114164545 23.890678475233646 -0.2330573371864646 216 170 168
16.50755790747336 23.434702880498484 1.2672803478745593 221 185 183
15.50255429132394 23.951057580258748 1.296576784969525 221 186 183
16.50755790747336 23.434702880498484 1.2672803478745605 221 185 183
17.491507939419577 22.885255599332048 1.2361892829330234 221 185 182
17.457676419745184 22.827080402464833 2.765823405089013 226 201 198
16.50755790747336 23.434702880498484 1.2672803478745605 221 185 183
17.457676419745184 22.827080402464833 2.765823405089013 226 201 198
16.475773767002543 23.37538430272938 2.79691447003055 226 201 198
16.475773767002543 23.37538430272938 2.79691447003055 226 201 198
17.457676419745184 22.827080402464833 2.765823405089013 226 201 198
17.35949352558579 22.658249405462982 4.145726281780766 230 215 211
16.475773767002543 23.37538430272938 2.79691447003055 226 201 198
17.35949352558579 22.658249405462982 4.145726281780766 230 215 211
16.38353259871251 23.203235085110933 4.176817346722302 231 216 212
16.38353259871251 23.203235085110933 4.176817346722302 231 216 212
17.35949352558579 22.658249405462982 4.145726281780766 230 215 211
17.20657008270217 22.39528896262776 5.240823405089014 234 227 222
16.38353259871251 23.203235085110933 4.176817346722302 231 216 212
17.20657008270217 22.39528896262776 5.240823405089014 234 227 222
16.239863610837496 22.93510639249777 5.271914470030551 234 227 223
16.239863610837496 22.93510639249777 5.271914470030551 234 227 223
17.20657008270217 22.39528896262776 5.240823405089014 234 227 222
17.013875303164053 22.06393947425702 5.943919038594033 236 234 229
16.239863610837496 22.93510639249777 5.271914470030551 234 227 223
17.013875303164053 22.06393947425702 5.943919038594033 236 234 229
16.058830124911406 22.597244529485316 5.9750101035355705 237 234 230
16.058830124911406 22.597244529485316 5.9750101035355705 237 234 230
17.013875303164053 22.06393947425702 5.943919038594033 236 234 229
16.800271494576094 21.696635736920122 6.186189282933023 237 237 232
16.058830124911406 22.597244529485316 5.9750101035355705 237 234 230
16.800271494576094 21.696635736920122 6.186189282933023 237 237 232
15.858152959871152 22.22272176924725 6.217280347874561 237 237 232
15.858152959871152 22.22272176924725 6.217280347874561 237 237 232
16.800271494576094 21.696635736920122 6.186189282933023 237 237 232
16.58666768598814 21.329331999583225 5.943919038594034 236 234 229
15.858152959871152 22.22272176924725 6.217280347874561 237 237 232
16.58666768598814 21.329331999583225 5.943919038594034 236 234 229
15.657475794830898 21.848199009009186 5.975010103535571 237 234 230
15.657475794830898 21.848199009009186 5.975010103535571 237 234 230
16.58666768598814 21.329331999583225 5.943919038594034 236 234 229
16.393972906450017 20.997982511212484 5.240823405089014 234 227 222
15.657475794830898 21.848199009009186 5.975010103535571 237 234 230
16.393972906450017 20.997982511212484 5.240823405089014 234 227 222
15.476442308904808 21.510337145996733 5.271914470030551 234 227 223
15.476442308904808 21.510337145996733 5.271914470030551 234 227 223
16.393972906450017 20.997982511212484 5.240823405089014 234 227 222
16.241049463566398 20.735022068377262 4.1457262817807665 230 215 211
15.476442308904808 21.510337145996733 5.271914470030551 234 227 223
16.241049463566398 20.735022068377262 4.1457262817807665 230 215 211
15.332773321029794 21.24220845338357 4.176817346722303 231 216 212
15.332773321029794 21.24220845338357 4.176817346722303 231 216 212
16.241049463566398 20.735022068377262 4.1457262817807665 230 215 211
16.14286656940701 20.56619107137541 2.7658234050890136 226 201 198
15.332773321029794 21.24220845338357 4.176817346722303 231 216 212
16.14286656940701 20.56619107137541 2.7658234050890136 226 201 198
15.24053215273976 21.070059235765125 2.7969144700305506 226 201 198
15.24053215273976 21.070059235765125 2.7969144700305506 226 201 198
16.14286656940701 20.56619107137541 2.7658234050890136 226 201 198
16.109035049732615 20.508015874508196 1.236189282933024 221 185 182
15.24053215273976 21.070059235765125 2.7969144700305506 226 201 198
16.109035049732615 20.508015874508196 1.236189282933024 221 185 182
15.208748012268945 21.010740657996017 1.2672803478745611 221 185 183
15.208748012268945 21.010740657996017 1.2672803478745611 221 185 183
16.109035049732615 20.508015874508196 1.236189282933024 221 185 182
16.14286656940701 20.56619107137541 -0.2934448392229636 216 169 167
15.208748012268945 21.010740657996017 1.2672803478745611 221 185 183
16.14286656940701 20.56619107137541 -0.2934448392229636 216 169 167
15.24053215273976 21.070059235765125 -0.2623537742814266 216 169 167
15.24053215273976 21.070059235765125 -0.2623537742814266 216 169 167
16.14286656940701 20.56619107137541 -0.2934448392229636 216 169 167
16.241049463566398 20.735022068377262 -1.673347715914718 211 155 153
15.24053215273976 21.070059235765125 -0.2623537742814266 216 169 167
16.241049463566398 20.735022068377262 -1.673347715914718 211 155 153
15.332773321029794 21.24220845338357 -1.642256650973181 211 155 154
15.332773321029794 21.24220845338357 -1.642256650973181 211 155 154
16.241049463566398 20.735022068377262 -1.673347715914718 211 155 153
16.393972906450017 20.997982511212484 -2.7684448392229664 207 143 142
15.332773321029794 21.24220845338357 -1.642256650973181 211 155 154
16.393972906450017 20.997982511212484 -2.7684448392229664 207 143 142
15.476442308904808 21.510337145996733 -2.737353774281429 208 144 143
15.476442308904808 21.510337145996733 -2.737353774281429 208 144 143
16.393972906450017 20.997982511212484 -2.7684448392229664 207 143 142
16.58666768598814 21.329331999583225 -3.4715404727279866 205 136 135
15.476442308904808 21.510337145996733 -2.737353774281429 208 144 143
16.58666768598814 21.329331999583225 -3.4715404727279866 205 136 135
15.657475794830898 21.848199009009186 -3.440449407786449 205 136 136
15.657475794830898 21.848199009009186 -3.440449407786449 205 136 136
16.58666768598814 21.329331999583225 -3.4715404727279866 205 136 135
16.800271494576094 21.696635736920122 -3.713810717066977 204 133 133
15.657475794830898 21.848199009009186 -3.440449407786449 205 136 136
16.800271494576094 21.696635736920122 -3.713810717066977 204 133 133
15.858152959871152 22.22272176924725 -3.6827196521254395 204 134 133
15.858152959871152 22.22272176924725 -3.6827196521254395 204 134 133
16.800271494576094 21.696635736920122 -3.713810717066977 204 133 133
17.013875303164053 22.06393947425702 -3.4715404727279875 205 136 135
15.858152959871152 22.22272176924725 -3.6827196521254395 204 134 133
17.013875303164053 22.06393947425702 -3.4715404727279875 205 136 135
16.058830124911406 22.597244529485316 -3.44044940778645 205 136 136
16.058830124911406 22.597244529485316 -3.44044940778645 205 136 136
17.013875303164053 22.06393947425702 -3.4715404727279875 205 136 135
17.20657008270217 22.39528896262776 -2.7684448392229672 207 143 142
16.058830124911406 22.597244529485316 -3.44044940778645 205 136 136
17.20657008270217 22.39528896262776 -2.7684448392229672 207 143 142
16.239863610837496 22.93510639249777 -2.73735377428143 208 144 143
16.239863610837496 22.93510639249777 -2.73735377428143 208 144 143
17.20657008270217 22.39528896262776 -2.7684448392229672 207 143 142
17.35949352558579 22.658249405462982 -1.6733477159147199 211 155 153
16.239863610837496 22.93510639249777 -2.73735377428143 208 144 143
17.35949352558579 22.658249405462982 -1.6733477159147199 211 155 153
16.38353259871251 23.203235085110933 -1.6422566509731829 211 155 154
16.38353259871251 23.203235085110933 -1.6422566509731829 211 155 154
17.35949352558579 22.658249405462982 -1.6733477159147199 211 155 153
17.457676419745184 22.827080402464833 -0.2934448392229674 216 169 167
16.38353259871251 23.203235085110933 -1.6422566509731829 211 155 154
17.457676419745184 22.827080402464833 -0.2934448392229674 216 169 167
16.475773767002543 23.37538430272938 -0.26235377428143036 216 169 167
16.475773767002543 23.37538430272938 -0.26235377428143036 216 169 167
17.457676419745184 22.827080402464833 -0.2934448392229674 216 169 167
17.491507939419577 22.885255599332048 1.2361892829330223 221 185 182
16.475773767002543 23.37538430272938 -0.26235377428143036 216 169 167
17.491507939419577 22.885255599332048 1.2361892829330223 221 185 182
16.50755790747336 23.434702880498484 1.2672803478745593 221 185 183
17.491507939419577 22.885255599332048 1.2361892829330234 221 185 182
18.45303617511717 22.303233172461887 1.2033476189906371 221 185 182
18.41717645153772 22.246285780258 2.732981741146627 226 201 197
17.491507939419577 22.885255599332048 1.2361892829330234 221 185 182
18.41717645153772 22.246285780258 2.732981741146627 226 201 197
17.457676419745184 22.827080402464833 2.765823405089013 226 201 198
17.457676419745184 22.827080402464833 2.765823405089013 226 201 198
18.41717645153772 22.246285780258 2.732981741146627 226 201 197
18.313107480392702 22.081018011171068 4.112884617838379 230 215 211
17.457676419745184 22.827080402464833 2.765823405089013 226 201 198
18.313107480392702 22.081018011171068 4.112884617838379 230 215 211
17.35949352558579 22.658249405462982 4.145726281780766 230 215 211
17.35949352558579 22.658249405462982 4.145726281780766 230 215 211
18.313107480392702 22.081018011171068 4.112884617838379 230 215 211
18.151016257668957 21.823607425927577 5.207981741146628 234 226 222
17.35949352558579 22.658249405462982 4.145726281780766 230 215 211
18.151016257668957 21.823607425927577 5.207981741146628 234 226 222
17.20657008270217 22.39528896262776 5.240823405089014 234 227 222
17.20657008270217 22.39528896262776 5.240823405089014 234 227 222
18.151016257668957 21.823607425927577 5.207981741146628 234 226 222
17.946769401602637 21.499251166096165 5.911077374651647 236 234 229
17.20657008270217 22.39528896262776 5.240823405089014 234 227 222
17.946769401602637 21.499251166096165 5.911077374651647 236 234 229
17.013875303164053 22.06393947425702 5.943919038594033 236 234 229
17.013875303164053 22.06393947425702 5.943919038594033 236 234 229
17.946769401602637 21.499251166096165 5.911077374651647 236 234 229
17.72036001753704 21.139699482312082 6.1533476189906375 237 236 232
17.013875303164053 22.06393947425702 5.943919038594033 236 234 229
17.72036001753704 21.139699482312082 6.1533476189906375 237 236 232
16.800271494576094 21.696635736920122 6.186189282933023 237 237 232
16.800271494576094 21.696635736920122 6.186189282933023 237 237 232
17.72036001753704 21.139699482312082 6.1533476189906375 237 236 232
17.493950633471442 20.780147798528 5.911077374651648 236 234 229
16.800271494576094 21.696635736920122 6.186189282933023 237 237 232
17.493950633471442 20.780147798528 5.911077374651648 236 234 229
16.58666768598814 21.329331999583225 5.943919038594034 236 234 229
16.58666768598814 21.329331999583225 5.943919038594034 236 234 229
17.493950633471442 20.780147798528 5.911077374651648 236 234 229
17.289703777405123 20.45579153869659 5.207981741146628 234 226 222
16.58666768598814 21.329331999583225 5.943919038594034 236 234 229
17.289703777405123 20.45579153869659 5.207981741146628 234 226 222
16.393972906450017 20.997982511212484 5.240823405089014 234 227 222
16.393972906450017 20.997982511212484 5.240823405089014 234 227 222
17.289703777405123 20.45579153869659 5.207981741146628 234 226 222
17.127612554681377 20.1983809534531 4.11288461783838 230 215 211
16.393972906450017 20.997982511212484 5.240823405089014 234 227 222
17.127612554681377 20.1983809534531 4.11288461783838 230 215 211
16.241049463566398 20.735022068377262 4.1457262817807665 230 215 211
16.241049463566398 20.735022068377262 4.1457262817807665 230 215 211
17.127612554681377 20.1983809534531 4.11288461783838 230 215 211
17.023543583536362 20.03311318436617 2.7329817411466273 226 201 197
16.241049463566398 20.735022068377262 4.1457262817807665 230 215 211
17.023543583536362 20.03311318436617 2.7329817411466273 226 201 197
16.14286656940701 20.56619107137541 2.7658234050890136 226 201 198
16.14286656940701 20.56619107137541 2.7658234050890136 226 201 198
17.023543583536362 20.03311318436617 2.7329817411466273 226 201 197
16.98768385995691 19.97616579216228 1.2033476189906378 221 185 182
16.14286656940701 20.56619107137541 2.7658234050890136 226 201 198
16.98768385995691 19.97616579216228 1.2033476189906378 221 185 182
16.109035049732615 20.508015874508196 1.236189282933024 221 185 182
16.109035049732615 20.508015874508196 1.236189282933024 221 185 182
16.98768385995691 19.97616579216228 1.2033476189906378 221 185 182
17.023543583536362 20.03311318436617 -0.3262865031653499 216 169 167
16.109035049732615 20.508015874508196 1.236189282933024 221 185 182
17.023543583536362 20.03311318436617 -0.3262865031653499 216 169 167
16.14286656940701 20.56619107137541 -0.2934448392229636 216 169 167
16.14286656940701 20.56619107137541 -0.2934448392229636 216 169 167
17.023543583536362 20.03311318436617 -0.3262865031653499 216 169 167
17.127612554681377 20.1983809534531 -1.7061893798571044 211 154 153
16.14286656940701 20.56619107137541 -0.2934448392229636 216 169 167
17.127612554681377 20.1983809534531 -1.7061893798571044 211 154 153
16.241049463566398 20.735022068377262 -1.673347715914718 211 155 153
16.241049463566398 20.735022068377262 -1.673347715914718 211 155 153
17.127612554681377 20.1983809534531 -1.7061893798571044 211 154 153
17.289703777405123 20.45579153869659 -2.801286503165352 207 143 142
16.241049463566398 20.735022068377262 -1.673347715914718 211 155 153
17.289703777405123 20.45579153869659 -2.801286503165352 207 143 142
16.393972906450017 20.997982511212484 -2.7684448392229664 207 143 142
16.393972906450017 20.997982511212484 -2.7684448392229664 207 143 142
17.289703777405123 20.45579153869659 -2.801286503165352 207 143 142
17.493950633471442 20.780147798528 -3.5043821366703725 205 136 135
16.393972906450017 20.997982511212484 -2.7684448392229664 207 143 142
17.493950633471442 20.780147798528 -3.5043821366703725 205 136 135
16.58666768598814 21.329331999583225 -3.4715404727279866 205 136 135
16.58666768598814 21.329331999583225 -3.4715404727279866 205 136 135
17.493950633471442 20.780147798528 -3.5043821366703725 205 136 135
17.72036001753704 21.139699482312082 -3.746652381009363 204 133 133
16.58666768598814 21.329331999583225 -3.4715404727279866 205 136 135
17.72036001753704 21.139699482312082 -3.746652381009363 204 133 133
16.800271494576094 21.696635736920122 -3.713810717066977 204 133 133
16.800271494576094 21.696635736920122 -3.713810717066977 204 133 133
17.72036001753704 21.139699482312082 -3.746652381009363 204 133 133
17.946769401602637 21.499251166096165 -3.5043821366703733 205 136 135
16.800271494576094 21.696635736920122 -3.713810717066977 204 133 133
17.946769401602637 21.499251166096165 -3.5043821366703733 205 136 135
17.013875303164053 22.06393947425702 -3.4715404727279875 205 136 135
17.013875303164053 22.06393947425702 -3.4715404727279875 205 136 135
17.946769401602637 21.499251166096165 -3.5043821366703733 205 136 135
18.151016257668957 21.823607425927577 -2.801286503165353 207 143 142
17.013875303164053 22.06393947425702 -3.4715404727279875 205 136 135
18.151016257668957 21.823607425927577 -2.801286503165353 207 143 142
17.20657008270217 22.39528896262776 -2.7684448392229672 207 143 142
17.20657008270217 22.39528896262776 -2.7684448392229672 207 143 142
18.151016257668957 21.823607425927577 -2.801286503165353 207 143 142
18.313107480392702 22.081018011171068 -1.7061893798571062 211 154 153
17.20657008270217 22.39528896262776 -2.7684448392229672 207 143 142
18.313107480392702 22.081018011171068 -1.7061893798571062 211 154 153
17.35949352558579 22.658249405462982 -1.6733477159147199 211 155 153
17.35949352558579 22.658249405462982 -1.6733477159147199 211 155 153
18.313107480392702 22.081018011171068 -1.7061893798571062 211 154 153
18.41717645153772 22.246285780258 -0.3262865031653537 216 169 167
17.35949352558579 22.658249405462982 -1.6733477159147199 211 155 153
18.41717645153772 22.246285780258 -0.3262865031653537 216 169 167
17.457676419745184 22.827080402464833 -0.2934448392229674 216 169 167
17.457676419745184 22.827080402464833 -0.2934448392229674 216 169 167
18.41717645153772 22.246285780258 -0.3262865031653537 216 169 167
18.45303617511717 22.303233172461887 1.203347618990636 221 185 182
17.457676419745184 22.827080402464833 -0.2934448392229674 216 169 167
18.45303617511717 22.303233172461887 1.203347618990636 221 185 182
17.491507939419577 22.885255599332048 1.2361892829330223 221 185 182
18.45303617511717 22.303233172461887 1.2033476189906371 221 185 182
19.39078029302837 21.689192531349534 1.1688018639607751 221 184 182
19.35291442131722 21.633558899313034 2.698435986116765 226 200 197
18.45303617511717 22.303233172461887 1.2033476189906371 221 185 182
19.35291442131722 21.633558899313034 2.698435986116765 226 200 197
18.41717645153772 22.246285780258 2.732981741146627 226 201 197
18.41717645153772 22.246285780258 2.732981741146627 226 201 197
19.35291442131722 21.633558899313034 2.698435986116765 226 200 197
19.243023381533888 21.47210381072958 4.078338862808517 230 215 211
18.41717645153772 22.246285780258 2.732981741146627 226 201 197
19.243023381533888 21.47210381072958 4.078338862808517 230 215 211
18.313107480392702 22.081018011171068 4.112884617838379 230 215 211
18.313107480392702 22.081018011171068 4.112884617838379 230 215 211
19.243023381533888 21.47210381072958 4.078338862808517 230 215 211
19.071864074308266 21.220631614593465 5.173435986116766 234 226 222
18.313107480392702 22.081018011171068 4.112884617838379 230 215 211
19.071864074308266 21.220631614593465 5.173435986116766 234 226 222
18.151016257668957 21.823607425927577 5.207981741146628 234 226 222
18.151016257668957 21.823607425927577 5.207981741146628 234 226 222
19.071864074308266 21.220631614593465 5.173435986116766 234 226 222
18.85619076516862 20.90375816157231 5.876531619621785 236 233 229
18.151016257668957 21.823607425927577 5.207981741146628 234 226 222
18.85619076516862 20.90375816157231 5.876531619621785 236 233 229
17.946769401602637 21.499251166096165 5.911077374651647 236 234 229
17.946769401602637 21.499251166096165 5.911077374651647 236 234 229
18.85619076516862 20.90375816157231 5.876531619621785 236 233 229
18.61711506029783 20.55250123303499 6.118801863960775 237 236 231
17.946769401602637 21.499251166096165 5.911077374651647 236 234 229
18.61711506029783 20.55250123303499 6.118801863960775 237 236 231
17.72036001753704 21.139699482312082 6.1533476189906375 237 236 232
17.72036001753704 21.139699482312082 6.1533476189906375 237 236 232
18.61711506029783 20.55250123303499 6.118801863960775 237 236 231
18.378039355427045 20.201244304497674 5.876531619621786 236 233 229
17.72036001753704 21.139699482312082 6.1533476189906375 237 236 232
18.378039355427045 20.201244304497674 5.876531619621786 236 233 229
17.493950633471442 20.780147798528 5.911077374651648 236 234 229
17.493950633471442 20.780147798528 5.911077374651648 236 234 229
18.378039355427045 20.201244304497674 5.876531619621786 236 233 229
18.162366046287396 19.88437085147652 5.173435986116766 234 226 222
17.493950633471442 20.780147798528 5.911077374651648 236 234 229
18.162366046287396 19.88437085147652 5.173435986116766 234 226 222
17.289703777405123 20.45579153869659 5.207981741146628 234 226 222
17.289703777405123 20.45579153869659 5.207981741146628 234 226 222
18.162366046287396 19.88437085147652 5.173435986116766 234 226 222
17.991206739061777 19.632898655340405 4.078338862808518 230 215 211
17.289703777405123 20.45579153869659 5.207981741146628 234 226 222
17.991206739061777 19.632898655340405 4.078338862808518 230 215 211
17.127612554681377 20.1983809534531 4.11288461783838 230 215 211
17.127612554681377 20.1983809534531 4.11288461783838 230 215 211
17.991206739061777 19.632898655340405 4.078338862808518 230 215 211
17.881315699278446 19.471443566756946 2.698435986116765 226 200 197
17.127612554681377 20.1983809534531 4.11288461783838 230 215 211
17.881315699278446 19.471443566756946 2.698435986116765 226 200 197
17.023543583536362 20.03311318436617 2.7329817411466273 226 201 197
17.023543583536362 20.03311318436617 2.7329817411466273 226 201 197
17.881315699278446 19.471443566756946 2.698435986116765 226 200 197
17.84344982756729 19.41580993472045 1.1688018639607758 221 184 182
17.023543583536362 20.03311318436617 2.7329817411466273 226 201 197
17.84344982756729 19.41580993472045 1.1688018639607758 221 184 182
16.98768385995691 19.97616579216228 1.2033476189906378 221 185 182
16.98768385995691 19.97616579216228 1.2033476189906378 221 185 182
17.84344982756729 19.41580993472045 1.1688018639607758 221 184 182
17.881315699278446 19.471443566756946 -0.3608322581952119 215 168 166
16.98768385995691 19.97616579216228 1.2033476189906378 221 185 182
17.881315699278446 19.471443566756946 -0.3608322581952119 215 168 166
17.023543583536362 20.03311318436617 -0.3262865031653499 216 169 167
17.023543583536362 20.03311318436617 -0.3262865031653499 216 169 167
17.881315699278446 19.471443566756946 -0.3608322581952119 215 168 166
17.991206739061777 19.632898655340405 -1.7407351348869664 211 154 153
17.023543583536362 20.03311318436617 -0.3262865031653499 216 169 167
17.991206739061777 19.632898655340405 -1.7407351348869664 211 154 153
17.127612554681377 20.1983809534531 -1.7061893798571044 211 154 153
17.127612554681377 20.1983809534531 -1.7061893798571044 211 154 153
17.991206739061777 19.632898655340405 -1.7407351348869664 211 154 153
18.162366046287396 19.88437085147652 -2.8358322581952145 207 143 142
17.127612554681377 20.1983809534531 -1.7061893798571044 211 154 153
18.162366046287396 19.88437085147652 -2.8358322581952145 207 143 142
17.289703777405123 20.45579153869659 -2.801286503165352 207 143 142
17.289703777405123 20.45579153869659 -2.801286503165352 207 143 142
18.162366046287396 19.88437085147652 -2.8358322581952145 207 143 142
18.378039355427045 20.201244304497674 -3.5389278917002347 205 135 135
17.289703777405123 20.45579153869659 -2.801286503165352 207 143 142
18.378039355427045 20.201244304497674 -3.5389278917002347 205 135 135
17.493950633471442 20.780147798528 -3.5043821366703725 205 136 135
17.493950633471442 20.780147798528 -3.5043821366703725 205 136 135
18.378039355427045 20.201244304497674 -3.5389278917002347 205 135 135
18.61711506029783 20.55250123303499 -3.781198136039225 204 133 132
17.493950633471442 20.780147798528 -3.5043821366703725 205 136 135
18.61711506029783 20.55250123303499 -3.781198136039225 204 133 132
17.72036001753704 21.139699482312082 -3.746652381009363 204 133 133
17.72036001753704 21.139699482312082 -3.746652381009363 204 133 133
18.61711506029783 20.55250123303499 -3.781198136039225 204 133 132
18.85619076516862 20.90375816157231 -3.5389278917002356 205 135 135
17.72036001753704 21.139699482312082 -3.746652381009363 204 133 133
18.85619076516862 20.90375816157231 -3.5389278917002356 205 135 135
17.946769401602637 21.499251166096165 -3.5043821366703733 205 136 135
17.946769401602637 21.499251166096165 -3.5043821366703733 205 136 135
18.85619076516862 20.90375816157231 -3.5389278917002356 205 135 135
19.071864074308266 21.220631614593465 -2.8358322581952153 207 143 142
17.946769401602637 21.499251166096165 -3.5043821366703733 205 136 135
19.071864074308266 21.220631614593465 -2.8358322581952153 207 143 142
18.151016257668957 21.823607425927577 -2.801286503165353 207 143 142
18.151016257668957 21.823607425927577 -2.801286503165353 207 143 142
19.071864074308266 21.220631614593465 -2.8358322581952153 207 143 142
19.243023381533888 21.47210381072958 -1.7407351348869682 211 154 153
18.151016257668957 21.823607425927577 -2.801286503165353 207 143 142
19.243023381533888 21.47210381072958 -1.7407351348869682 211 154 153
18.313107480392702 22.081018011171068 -1.7061893798571062 211 154 153
18.313107480392702 22.081018011171068 -1.7061893798571062 211 154 153
19.243023381533888 21.47210381072958 -1.7407351348869682 211 154 153
19.35291442131722 21.633558899313034 -0.3608322581952157 215 168 166
18.313107480392702 22.081018011171068 -1.7061893798571062 211 154 153
19.35291442131722 21.633558899313034 -0.3608322581952157 215 168 166
18.41717645153772 22.246285780258 -0.3262865031653537 216 169 167
18.41717645153772 22.246285780258 -0.3262865031653537 216 169 167
19.35291442131722 21.633558899313034 -0.3608322581952157 215 168 166
19.39078029302837 21.689192531349534 1.168801863960774 221 184 182
18.41717645153772 22.246285780258 -0.3262865031653537 216 169 167
19.39078029302837 21.689192531349534 1.168801863960774 221 184 182
18.45303617511717 22.303233172461887 1.203347618990636 221 185 182
19.39078029302837 21.689192531349534 1.1688018639607751 221 184 182
20.303384288208726 21.04373190549513 1.1326009389634255 220 184 181
20.263537508211257 20.989499448627942 2.662235061119415 226 200 197
19.39078029302837 21.689192531349534 1.1688018639607751 221 184 182
20.263537508211257 20.989499448627942 2.662235061119415 226 200 197
19.35291442131722 21.633558899313034 2.698435986116765 226 200 197
19.35291442131722 21.633558899313034 2.698435986116765 226 200 197
20.263537508211257 20.989499448627942 2.662235061119415 226 200 197
20.147897648673847 20.83211072876428 4.042137937811168 230 214 210
19.35291442131722 21.633558899313034 2.698435986116765 226 200 197
20.147897648673847 20.83211072876428 4.042137937811168 230 214 210
19.243023381533888 21.47210381072958 4.078338862808517 230 215 211
19.243023381533888 21.47210381072958 4.078338862808517 230 215 211
20.147897648673847 20.83211072876428 4.042137937811168 230 214 210
19.9677843447583 20.586972050396096 5.137235061119416 234 226 221
19.243023381533888 21.47210381072958 4.078338862808517 230 215 211
19.9677843447583 20.586972050396096 5.137235061119416 234 226 221
19.071864074308266 21.220631614593465 5.173435986116766 234 226 222
19.071864074308266 21.220631614593465 5.173435986116766 234 226 222
19.9677843447583 20.586972050396096 5.137235061119416 234 226 221
19.740828341575043 20.27807929534367 5.840330694624435 236 233 228
19.071864074308266 21.220631614593465 5.173435986116766 234 226 222
19.740828341575043 20.27807929534367 5.840330694624435 236 233 228
18.85619076516862 20.90375816157231 5.876531619621785 236 233 229
18.85619076516862 20.90375816157231 5.876531619621785 236 233 229
19.740828341575043 20.27807929534367 5.840330694624435 236 233 228
19.48924567401111 19.935669038653906 6.0826009389634255 237 235 231
18.85619076516862 20.90375816157231 5.876531619621785 236 233 229
19.48924567401111 19.935669038653906 6.0826009389634255 237 235 231
18.61711506029783 20.55250123303499 6.118801863960775 237 236 231
18.61711506029783 20.55250123303499 6.118801863960775 237 236 231
19.48924567401111 19.935669038653906 6.0826009389634255 237 235 231
19.23766300644718 19.593258781964145 5.840330694624436 236 233 228
18.61711506029783 20.55250123303499 6.118801863960775 237 236 231
19.23766300644718 19.593258781964145 5.840330694624436 236 233 228
18.378039355427045 20.201244304497674 5.876531619621786 236 233 229
18.378039355427045 20.201244304497674 5.876531619621786 236 233 229
19.23766300644718 19.593258781964145 5.840330694624436 236 233 228
19.01070700326392 19.28436602691172 5.137235061119416 234 226 221
18.378039355427045 20.201244304497674 5.876531619621786 236 233 229
19.01070700326392 19.28436602691172 5.137235061119416 234 226 221
18.162366046287396 19.88437085147652 5.173435986116766 234 226 222
18.162366046287396 19.88437085147652 5.173435986116766 234 226 222
19.01070700326392 19.28436602691172 5.137235061119416 234 226 221
18.830593699348373 19.039227348543534 4.042137937811169 230 214 210
18.162366046287396 19.88437085147652 5.173435986116766 234 226 222
18.830593699348373 19.039227348543534 4.042137937811169 230 214 210
17.991206739061777 19.632898655340405 4.078338862808518 230 215 211
17.991206739061777 19.632898655340405 4.078338862808518 230 215 211
18.830593699348373 19.039227348543534 4.042137937811169 230 214 210
18.714953839810963 18.881838628679873 2.6622350611194157 226 200 197
17.991206739061777 19.632898655340405 4.078338862808518 230 215 211
18.714953839810963 18.881838628679873 2.6622350611194157 226 200 197
17.881315699278446 19.471443566756946 2.698435986116765 226 200 197
17.881315699278446 19.471443566756946 2.698435986116765 226 200 197
18.714953839810963 18.881838628679873 2.6622350611194157 226 200 197
18.675107059813495 18.827606171812686 1.1326009389634262 220 184 181
17.881315699278446 19.471443566756946 2.698435986116765 226 200 197
18.675107059813495 18.827606171812686 1.1326009389634262 220 184 181
17.84344982756729 19.41580993472045 1.1688018639607758 221 184 182
17.84344982756729 19.41580993472045 1.1688018639607758 221 184 182
18.675107059813495 18.827606171812686 1.1326009389634262 220 184 181
18.714953839810963 18.881838628679873 -0.39703318319256153 215 168 166
17.84344982756729 19.41580993472045 1.1688018639607758 221 184 182
18.714953839810963 18.881838628679873 -0.39703318319256153 215 168 166
17.881315699278446 19.471443566756946 -0.3608322581952119 215 168 166
17.881315699278446 19.471443566756946 -0.3608322581952119 215 168 166
18.714953839810963 18.881838628679873 -0.39703318319256153 215 168 166
18.830593699348373 19.039227348543534 -1.776936059884316 211 154 152
17.881315699278446 19.471443566756946 -0.3608322581952119 215 168 166
18.830593699348373 19.039227348543534 -1.776936059884316 211 154 152
17.991206739061777 19.632898655340405 -1.7407351348869664 211 154 153
17.991206739061777 19.632898655340405 -1.7407351348869664 211 154 153
18.830593699348373 19.039227348543534 -1.776936059884316 211 154 152
19.01070700326392 19.28436602691172 -2.8720331831925643 207 142 141
17.991206739061777 19.632898655340405 -1.7407351348869664 211 154 153
19.01070700326392 19.28436602691172 -2.8720331831925643 207 142 141
18.162366046287396 19.88437085147652 -2.8358322581952145 207 143 142
18.162366046287396 19.88437085147652 -2.8358322581952145 207 143 142
19.01070700326392 19.28436602691172 -2.8720331831925643 207 142 141
19.23766300644718 19.593258781964145 -3.5751288166975845 205 135 134
18.162366046287396 19.88437085147652 -2.8358322581952145 207 143 142
19.23766300644718 19.593258781964145 -3.5751288166975845 205 135 134
18.378039355427045 20.201244304497674 -3.5389278917002347 205 135 135
18.378039355427045 20.201244304497674 -3.5389278917002347 205 135 135
19.23766300644718 19.593258781964145 -3.5751288166975845 205 135 134
19.48924567401111 19.935669038653906 -3.817399061036575 204 132 132
18.378039355427045 20.201244304497674 -3.5389278917002347 205 135 135
19.48924567401111 19.935669038653906 -3.817399061036575 204 132 132
18.61711506029783 20.55250123303499 -3.781198136039225 204 133 132
18.61711506029783 20.55250123303499 -3.781198136039225 204 133 132
19.48924567401111 19.935669038653906 -3.817399061036575 204 132 132
19.740828341575043 20.27807929534367 -3.5751288166975854 205 135 134
18.61711506029783 20.55250123303499 -3.781198136039225 204 133 132
19.740828341575043 20.27807929534367 -3.5751288166975854 205 135 134
18.85619076516862 20.90375816157231 -3.5389278917002356 205 135 135
18.85619076516862 20.90375816157231 -3.5389278917002356 205 135 135
19.740828341575043 20.27807929534367 -3.5751288166975854 205 135 134
19.9677843447583 20.586972050396096 -2.872033183192565 207 142 141
18.85619076516862 20.90375816157231 -3.5389278917002356 205 135 135
19.9677843447583 20.586972050396096 -2.872033183192565 207 142 141
19.071864074308266 21.220631614593465 -2.8358322581952153 207 143 142
19.071864074308266 21.220631614593465 -2.8358322581952153 207 143 142
19.9677843447583 20.586972050396096 -2.872033183192565 207 142 141
20.147897648673847 20.83211072876428 -1.7769360598843178 211 154 152
19.071864074308266 21.220631614593465 -2.8358322581952153 207 143 142
20.147897648673847 20.83211072876428 -1.7769360598843178 211 154 152
19.243023381533888 21.47210381072958 -1.7407351348869682 211 154 153
19.243023381533888 21.47210381072958 -1.7407351348869682 211 154 153
20.147897648673847 20.83211072876428 -1.7769360598843178 211 154 152
20.263537508211257 20.989499448627942 -0.3970331831925653 215 168 166
19.243023381533888 21.47210381072958 -1.7407351348869682 211 154 153
20.263537508211257 20.989499448627942 -0.3970331831925653 215 168 166
19.35291442131722 21.633558899313034 -0.3608322581952157 215 168 166
19.35291442131722 21.633558899313034 -0.3608322581952157 215 168 166
20.263537508211257 20.989499448627942 -0.3970331831925653 215 168 166
20.303384288208726 21.04373190549513 1.1326009389634244 220 184 181
19.35291442131722 21.633558899313034 -0.3608322581952157 215 168 166
20.303384288208726 21.04373190549513 1.1326009389634244 220 184 181
19.39078029302837 21.689192531349534 1.168801863960774 221 184 182
20.303384288208726 21.04373190549513 1.1326009389634255 220 184 181
21.189499067277247 20.367492884953315 1.0947961090467535 220 183 181
21.14770011821526 20.314750367841107 2.6244302312027434 225 199 196
20.303384288208726 21.04373190549513 1.1326009389634255 220 184 181
21.14770011821526 20.314750367841107 2.6244302312027434 225 199 196
20.263537508211257 20.989499448627942 2.662235061119415 226 200 197
20.263537508211257 20.989499448627942 2.662235061119415 226 200 197
21.14770011821526 20.314750367841107 2.6244302312027434 225 199 196
21.02639484339388 20.16168562155816 4.004333107894496 230 214 210
20.263537508211257 20.989499448627942 2.662235061119415 226 200 197
21.02639484339388 20.16168562155816 4.004333107894496 230 214 210
20.147897648673847 20.83211072876428 4.042137937811168 230 214 210
20.147897648673847 20.83211072876428 4.042137937811168 230 214 210
21.02639484339388 20.16168562155816 4.004333107894496 230 214 210
20.83745744829618 19.92328168993544 5.099430231202744 234 225 221
20.147897648673847 20.83211072876428 4.042137937811168 230 214 210
20.83745744829618 19.92328168993544 5.099430231202744 234 225 221
19.9677843447583 20.586972050396096 5.137235061119416 234 226 221
19.9677843447583 20.586972050396096 5.137235061119416 234 226 221
20.83745744829618 19.92328168993544 5.099430231202744 234 225 221
20.599382441558557 19.622875210858044 5.802525864707763 236 233 228
19.9677843447583 20.586972050396096 5.137235061119416 234 226 221
20.599382441558557 19.622875210858044 5.802525864707763 236 233 228
19.740828341575043 20.27807929534367 5.840330694624435 236 233 228
19.740828341575043 20.27807929534367 5.840330694624435 236 233 228
20.599382441558557 19.622875210858044 5.802525864707763 236 233 228
20.3354742636066 19.289872063553084 6.044796109046754 237 235 230
19.740828341575043 20.27807929534367 5.840330694624435 236 233 228
20.3354742636066 19.289872063553084 6.044796109046754 237 235 230
19.48924567401111 19.935669038653906 6.0826009389634255 237 235 231
19.48924567401111 19.935669038653906 6.0826009389634255 237 235 231
20.3354742636066 19.289872063553084 6.044796109046754 237 235 230
20.07156608565464 18.95686891624812 5.802525864707764 236 233 228
19.48924567401111 19.935669038653906 6.0826009389634255 237 235 231
20.07156608565464 18.95686891624812 5.802525864707764 236 233 228
19.23766300644718 19.593258781964145 5.840330694624436 236 233 228
19.23766300644718 19.593258781964145 5.840330694624436 236 233 228
20.07156608565464 18.95686891624812 5.802525864707764 236 233 228
19.833491078917017 18.656462437170724 5.099430231202744 234 225 221
19.23766300644718 19.593258781964145 5.840330694624436 236 233 228
19.833491078917017 18.656462437170724 5.099430231202744 234 225 221
19.01070700326392 19.28436602691172 5.137235061119416 234 226 221
19.01070700326392 19.28436602691172 5.137235061119416 234 226 221
19.833491078917017 18.656462437170724 5.099430231202744 234 225 221
19.644553683819318 18.418058505548004 4.004333107894496 230 214 210
19.01070700326392 19.28436602691172 5.137235061119416 234 226 221
19.644553683819318 18.418058505548004 4.004333107894496 230 214 210
18.830593699348373 19.039227348543534 4.042137937811169 230 214 210
18.830593699348373 19.039227348543534 4.042137937811169 230 214 210
19.644553683819318 18.418058505548004 4.004333107894496 230 214 210
19.52324840899794 18.264993759265057 2.6244302312027434 225 199 196
18.830593699348373 19.039227348543534 4.042137937811169 230 214 210
19.52324840899794 18.264993759265057 2.6244302312027434 225 199 196
18.714953839810963 18.881838628679873 2.6622350611194157 226 200 197
18.714953839810963 18.881838628679873 2.6622350611194157 226 200 197
19.52324840899794 18.264993759265057 2.6244302312027434 225 199 196
19.481449459935952 18.21225124215285 1.0947961090467542 220 183 181
18.714953839810963 18.881838628679873 2.6622350611194157 226 200 197
19.481449459935952 18.21225124215285 1.0947961090467542 220 183 181
18.675107059813495 18.827606171812686 1.1326009389634262 220 184 181
18.675107059813495 18.827606171812686 1.1326009389634262 220 184 181
19.481449459935952 18.21225124215285 1.0947961090467542 220 183 181
19.52324840899794 18.264993759265057 -0.43483801310923353 215 168 166
18.675107059813495 18.827606171812686 1.1326009389634262 220 184 181
19.52324840899794 18.264993759265057 -0.43483801310923353 215 168 166
18.714953839810963 18.881838628679873 -0.39703318319256153 215 168 166
18.714953839810963 18.881838628679873 -0.39703318319256153 215 168 166
19.52324840899794 18.264993759265057 -0.43483801310923353 215 168 166
19.644553683819318 18.418058505548004 -1.814740889800988 211 153 152
18.714953839810963 18.881838628679873 -0.39703318319256153 215 168 166
19.644553683819318 18.418058505548004 -1.814740889800988 211 153 152
18.830593699348373 19.039227348543534 -1.776936059884316 211 154 152
18.830593699348373 19.039227348543534 -1.776936059884316 211 154 152
19.644553683819318 18.418058505548004 -1.814740889800988 211 153 152
19.833491078917017 18.656462437170724 -2.909838013109236 207 142 141
18.830593699348373 19.039227348543534 -1.776936059884316 211 154 152
19.833491078917017 18.656462437170724 -2.909838013109236 207 142 141
19.01070700326392 19.28436602691172 -2.8720331831925643 207 142 141
19.01070700326392 19.28436602691172 -2.8720331831925643 207 142 141
19.833491078917017 18.656462437170724 -2.909838013109236 207 142 141
20.07156608565464 18.95686891624812 -3.6129336466142563 205 134 134
19.01070700326392 19.28436602691172 -2.8720331831925643 207 142 141
20.07156608565464 18.95686891624812 -3.6129336466142563 205 134 134
19.23766300644718 19.593258781964145 -3.5751288166975845 205 135 134
19.23766300644718 19.593258781964145 -3.5751288166975845 205 135 134
20.07156608565464 18.95686891624812 -3.6129336466142563 205 134 134
20.3354742636066 19.289872063553084 -3.8552038909532467 204 132 131
19.23766300644718 19.593258781964145 -3.5751288166975845 205 135 134
20.3354742636066 19.289872063553084 -3.8552038909532467 204 132 131
19.48924567401111 19.935669038653906 -3.817399061036575 204 132 132
19.48924567401111 19.935669038653906 -3.817399061036575 204 132 132
20.3354742636066 19.289872063553084 -3.8552038909532467 204 132 131
20.599382441558557 19.622875210858044 -3.612933646614257 205 134 134
19.48924567401111 19.935669038653906 -3.817399061036575 204 132 132
20.599382441558557 19.622875210858044 -3.612933646614257 205 134 134
19.740828341575043 20.27807929534367 -3.5751288166975854 205 135 134
19.740828341575043 20.27807929534367 -3.5751288166975854 205 135 134
20.599382441558557 19.622875210858044 -3.612933646614257 205 134 134
20.83745744829618 19.92328168993544 -2.909838013109237 207 142 141
19.740828341575043 20.27807929534367 -3.5751288166975854 205 135 134
20.83745744829618 19.92328168993544 -2.909838013109237 207 142 141
19.9677843447583 20.586972050396096 -2.872033183192565 207 142 141
19.9677843447583 20.586972050396096 -2.872033183192565 207 142 141
20.83745744829618 19.92328168993544 -2.909838013109237 207 142 141
21.02639484339388 20.16168562155816 -1.8147408898009898 211 153 152
19.9677843447583 20.586972050396096 -2.872033183192565 207 142 141
21.02639484339388 20.16168562155816 -1.8147408898009898 211 153 152
20.147897648673847 20.83211072876428 -1.7769360598843178 211 154 152
20.147897648673847 20.83211072876428 -1.7769360598843178 211 154 152
21.02639484339388 20.16168562155816 -1.8147408898009898 211 153 152
21.14770011821526 20.314750367841107 -0.4348380131092373 215 168 166
20.147897648673847 20.83211072876428 -1.7769360598843178 211 154 152
21.14770011821526 20.314750367841107 -0.4348380131092373 215 168 166
20.263537508211257 20.989499448627942 -0.3970331831925653 215 168 166
20.263537508211257 20.989499448627942 -0.3970331831925653 215 168 166
21.14770011821526 20.314750367841107 -0.4348380131092373 215 168 166
21.189499067277247 20.367492884953315 1.0947961090467524 220 183 181
20.263537508211257 20.989499448627942 -0.3970331831925653 215 168 166
21.189499067277247 20.367492884953315 1.0947961090467524 220 183 181
20.303384288208726 21.04373190549513 1.1326009389634244 220 184 181
21.189499067277247 20.367492884953315 1.0947961090467535 220 183 181
22.047783269598067 19.661162743579712 1.0554409105893643 220 183 181
22.00406471374715 19.610000129022513 2.5850750327453538 225 199 196
21.189499067277247 20.367492884953315 1.0947961090467535 220 183 181
22.00406471374715 19.610000129022513 2.5850750327453538 225 199 196
21.14770011821526 20.314750367841107 2.6244302312027434 225 199 196
21.14770011821526 20.314750367841107 2.6244302312027434 225 199 196
22.00406471374715 19.610000129022513 2.5850750327453538 225 199 196
21.87718852304619 19.46152043853467 3.9649779094371063 230 213 210
21.14770011821526 20.314750367841107 2.6244302312027434 225 199 196
21.87718852304619 19.46152043853467 3.9649779094371063 230 213 210
21.02639484339388 20.16168562155816 4.004333107894496 230 214 210
21.02639484339388 20.16168562155816 4.004333107894496 230 214 210
21.87718852304619 19.46152043853467 3.9649779094371063 230 213 210
21.679574223039385 19.230257898739968 5.060075032745354 234 225 221
21.02639484339388 20.16168562155816 4.004333107894496 230 214 210
21.679574223039385 19.230257898739968 5.060075032745354 234 225 221
20.83745744829618 19.92328168993544 5.099430231202744 234 225 221
20.83745744829618 19.92328168993544 5.099430231202744 234 225 221
21.679574223039385 19.230257898739968 5.060075032745354 234 225 221
21.430565678271197 18.938850098334374 5.7631706662503746 236 232 228
20.83745744829618 19.92328168993544 5.099430231202744 234 225 221
21.430565678271197 18.938850098334374 5.7631706662503746 236 232 228
20.599382441558557 19.622875210858044 5.802525864707763 236 233 228
20.599382441558557 19.622875210858044 5.802525864707763 236 233 228
21.430565678271197 18.938850098334374 5.7631706662503746 236 232 228
21.154537580048082 18.61582206317912 6.005440910589364 237 235 230
20.599382441558557 19.622875210858044 5.802525864707763 236 233 228
21.154537580048082 18.61582206317912 6.005440910589364 237 235 230
20.3354742636066 19.289872063553084 6.044796109046754 237 235 230
20.3354742636066 19.289872063553084 6.044796109046754 237 235 230
21.154537580048082 18.61582206317912 6.005440910589364 237 235 230
20.87850948182497 18.292794028023867 5.7631706662503746 236 232 228
20.3354742636066 19.289872063553084 6.044796109046754 237 235 230
20.87850948182497 18.292794028023867 5.7631706662503746 236 232 228
20.07156608565464 18.95686891624812 5.802525864707764 236 233 228
20.07156608565464 18.95686891624812 5.802525864707764 236 233 228
20.87850948182497 18.292794028023867 5.7631706662503746 236 232 228
20.629500937056783 18.001386227618273 5.060075032745354 234 225 221
20.07156608565464 18.95686891624812 5.802525864707764 236 233 228
20.629500937056783 18.001386227618273 5.060075032745354 234 225 221
19.833491078917017 18.656462437170724 5.099430231202744 234 225 221
19.833491078917017 18.656462437170724 5.099430231202744 234 225 221
20.629500937056783 18.001386227618273 5.060075032745354 234 225 221
20.431886637049978 17.77012368782357 3.964977909437107 230 213 210
19.833491078917017 18.656462437170724 5.099430231202744 234 225 221
20.431886637049978 17.77012368782357 3.964977909437107 230 213 210
19.644553683819318 18.418058505548004 4.004333107894496 230 214 210
19.644553683819318 18.418058505548004 4.004333107894496 230 214 210
20.431886637049978 17.77012368782357 3.964977909437107 230 213 210
20.305010446349012 17.621643997335728 2.5850750327453547 225 199 196
19.644553683819318 18.418058505548004 4.004333107894496 230 214 210
20.305010446349012 17.621643997335728 2.5850750327453547 225 199 196
19.52324840899794 18.264993759265057 2.6244302312027434 225 199 196
19.52324840899794 18.264993759265057 2.6244302312027434 225 199 196
20.305010446349012 17.621643997335728 2.5850750327453547 225 199 196
20.2612918904981 17.570481382778528 1.055440910589365 220 183 181
19.52324840899794 18.264993759265057 2.6244302312027434 225 199 196
20.2612918904981 17.570481382778528 1.055440910589365 220 183 181
19.481449459935952 18.21225124215285 1.0947961090467542 220 183 181
19.481449459935952 18.21225124215285 1.0947961090467542 220 183 181
20.2612918904981 17.570481382778528 1.055440910589365 220 183 181
20.305010446349012 17.621643997335728 -0.47419321156662275 215 167 165
19.481449459935952 18.21225124215285 1.0947961090467542 220 183 181
20.305010446349012 17.621643997335728 -0.47419321156662275 215 167 165
19.52324840899794 18.264993759265057 -0.43483801310923353 215 168 166
19.52324840899794 18.264993759265057 -0.43483801310923353 215 168 166
20.305010446349012 17.621643997335728 -0.47419321156662275 215 167 165
20.431886637049978 17.77012368782357 -1.8540960882583772 210 153 151
19.52324840899794 18.264993759265057 -0.43483801310923353 215 168 166
20.431886637049978 17.77012368782357 -1.8540960882583772 210 153 151
19.644553683819318 18.418058505548004 -1.814740889800988 211 153 152
19.644553683819318 18.418058505548004 -1.814740889800988 211 153 152
20.431886637049978 17.77012368782357 -1.8540960882583772 210 153 151
20.629500937056783 18.001386227618273 -2.9491932115666253 207 141 141
19.644553683819318 18.418058505548004 -1.814740889800988 211 153 152
20.629500937056783 18.001386227618273 -2.9491932115666253 207 141 141
19.833491078917017 18.656462437170724 -2.909838013109236 207 142 141
19.833491078917017 18.656462437170724 -2.909838013109236 207 142 141
20.629500937056783 18.001386227618273 -2.9491932115666253 207 141 141
20.87850948182497 18.292794028023867 -3.6522888450716455 204 134 133
19.833491078917017 18.656462437170724 -2.909838013109236 207 142 141
20.87850948182497 18.292794028023867 -3.6522888450716455 204 134 133
20.07156608565464 18.95686891624812 -3.6129336466142563 205 134 134
20.07156608565464 18.95686891624812 -3.6129336466142563 205 134 134
20.87850948182497 18.292794028023867 -3.6522888450716455 204 134 133
21.154537580048082 18.61582206317912 -3.894559089410636 204 132 131
20.07156608565464 18.95686891624812 -3.6129336466142563 205 134 134
21.154537580048082 18.61582206317912 -3.894559089410636 204 132 131
20.3354742636066 19.289872063553084 -3.8552038909532467 204 132 131
20.3354742636066 19.289872063553084 -3.8552038909532467 204 132 131
21.154537580048082 18.61582206317912 -3.894559089410636 204 132 131
21.430565678271197 18.938850098334374 -3.6522888450716464 204 134 133
20.3354742636066 19.289872063553084 -3.8552038909532467 204 132 131
21.430565678271197 18.938850098334374 -3.6522888450716464 204 134 133
20.599382441558557 19.622875210858044 -3.612933646614257 205 134 134
20.599382441558557 19.622875210858044 -3.612933646614257 205 134 134
21.430565678271197 18.938850098334374 -3.6522888450716464 204 134 133
21.679574223039385 19.230257898739968 -2.949193211566626 207 141 141
20.599382441558557 19.622875210858044 -3.612933646614257 205 134 134
21.679574223039385 19.230257898739968 -2.949193211566626 207 141 141
20.83745744829618 19.92328168993544 -2.909838013109237 207 142 141
20.83745744829618 19.92328168993544 -2.909838013109237 207 142 141
21.679574223039385 19.230257898739968 -2.949193211566626 207 141 141
21.87718852304619 19.46152043853467 -1.854096088258379 210 153 151
20.83745744829618 19.92328168993544 -2.909838013109237 207 142 141
21.87718852304619 19.46152043853467 -1.854096088258379 210 153 151
21.02639484339388 20.16168562155816 -1.8147408898009898 211 153 152
21.02639484339388 20.16168562155816 -1.8147408898009898 211 153 152
21.87718852304619 19.46152043853467 -1.854096088258379 210 153 151
22.00406471374715 19.610000129022513 -0.4741932115666265 215 167 165
21.02639484339388 20.16168562155816 -1.8147408898009898 211 153 152
22.00406471374715 19.610000129022513 -0.4741932115666265 215 167 165
21.14770011821526 20.314750367841107 -0.4348380131092373 215 168 166
21.14770011821526 20.314750367841107 -0.4348380131092373 215 168 166
22.00406471374715 19.610000129022513 -0.4741932115666265 215 167 165
22.047783269598067 19.661162743579712 1.0554409105893632 220 183 181
21.14770011821526 20.314750367841107 -0.4348380131092373 215 168 166
22.047783269598067 19.661162743579712 1.0554409105893632 220 183 181
21.189499067277247 20.367492884953315 1.0947961090467524 220 183 181
22.047783269598067 19.661162743579712 1.0554409105893643 220 183 181
22.876904378342655 18.925477013245786 1.0145910754860812 220 183 180
22.831302928943344 18.87598526578522 2.5442251976420707 225 199 195
22.047783269598067 19.661162743579712 1.0554409105893643 220 183 181
22.831302928943344 18.87598526578522 2.5442251976420707 225 199 195
22.00406471374715 19.610000129022513 2.5850750327453538 225 199 196
22.00406471374715 19.610000129022513 2.5850750327453538 225 199 196
22.831302928943344 18.87598526578522 2.5442251976420707 225 199 195
22.698962368336595 18.732354620474254 3.924128074333823 230 213 209
22.00406471374715 19.610000129022513 2.5850750327453538 225 199 196
22.698962368336595 18.732354620474254 3.924128074333823 230 213 209
21.87718852304619 19.46152043853467 3.9649779094371063 230 213 210
21.87718852304619 19.46152043853467 3.9649779094371063 230 213 210
22.698962368336595 18.732354620474254 3.924128074333823 230 213 209
22.492837112665505 18.50864464560947 5.019225197642072 233 224 220
21.87718852304619 19.46152043853467 3.9649779094371063 230 213 210
22.492837112665505 18.50864464560947 5.019225197642072 233 224 220
21.679574223039385 19.230257898739968 5.060075032745354 234 225 221
21.679574223039385 19.230257898739968 5.060075032745354 234 225 221
22.492837112665505 18.50864464560947 5.019225197642072 233 224 220
22.23310413811426 18.22675363220968 5.722320831147091 236 232 227
21.679574223039385 19.230257898739968 5.060075032745354 234 225 221
22.23310413811426 18.22675363220968 5.722320831147091 236 232 227
21.430565678271197 18.938850098334374 5.7631706662503746 236 232 228
21.430565678271197 18.938850098334374 5.7631706662503746 236 232 228
22.23310413811426 18.22675363220968 5.722320831147091 236 232 227
21.945187917897982 17.91427503671664 5.964591075486082 237 234 230
21.430565678271197 18.938850098334374 5.7631706662503746 236 232 228
21.945187917897982 17.91427503671664 5.964591075486082 237 234 230
21.154537580048082 18.61582206317912 6.005440910589364 237 235 230
21.154537580048082 18.61582206317912 6.005440910589364 237 235 230
21.945187917897982 17.91427503671664 5.964591075486082 237 234 230
21.657271697681708 17.601796441223595 5.722320831147092 236 232 227
21.154537580048082 18.61582206317912 6.005440910589364 237 235 230
21.657271697681708 17.601796441223595 5.722320831147092 236 232 227
20.87850948182497 18.292794028023867 5.7631706662503746 236 232 228
20.87850948182497 18.292794028023867 5.7631706662503746 236 232 228
21.657271697681708 17.601796441223595 5.722320831147092 236 232 227
21.397538723130463 17.319905427823805 5.019225197642072 233 224 220
20.87850948182497 18.292794028023867 5.7631706662503746 236 232 228
21.397538723130463 17.319905427823805 5.019225197642072 233 224 220
20.629500937056783 18.001386227618273 5.060075032745354 234 225 221
20.629500937056783 18.001386227618273 5.060075032745354 234 225 221
21.397538723130463 17.319905427823805 5.019225197642072 233 224 220
21.191413467459373 17.09619545295902 3.924128074333824 230 213 209
20.629500937056783 18.001386227618273 5.060075032745354 234 225 221
21.191413467459373 17.09619545295902 3.924128074333824 230 213 209
20.431886637049978 17.77012368782357 3.964977909437107 230 213 210
20.431886637049978 17.77012368782357 3.964977909437107 230 213 210
21.191413467459373 17.09619545295902 3.924128074333824 230 213 209
21.059072906852627 16.952564807648052 2.5442251976420716 225 199 195
20.431886637049978 17.77012368782357 3.964977909437107 230 213 210
21.059072906852627 16.952564807648052 2.5442251976420716 225 199 195
20.305010446349012 17.621643997335728 2.5850750327453547 225 199 196
20.305010446349012 17.621643997335728 2.5850750327453547 225 199 196
21.059072906852627 16.952564807648052 2.5442251976420716 225 199 195
21.013471457453313 16.903073060187488 1.0145910754860819 220 183 180
20.305010446349012 17.621643997335728 2.5850750327453547 225 199 196
21.013471457453313 16.903073060187488 1.0145910754860819 220 183 180
20.2612918904981 17.570481382778528 1.055440910589365 220 183 181
20.2612918904981 17.570481382778528 1.055440910589365 220 183 181
21.013471457453313 16.903073060187488 1.0145910754860819 220 183 180
21.059072906852627 16.952564807648052 -0.5150430466699059 215 167 165
20.2612918904981 17.570481382778528 1.055440910589365 220 183 181
21.059072906852627 16.952564807648052 -0.5150430466699059 215 167 165
20.305010446349012 17.621643997335728 -0.47419321156662275 215 167 165
20.305010446349012 17.621643997335728 -0.47419321156662275 215 167 165
21.059072906852627 16.952564807648052 -0.5150430466699059 215 167 165
21.191413467459373 17.09619545295902 -1.8949459233616603 210 152 151
20.305010446349012 17.621643997335728 -0.47419321156662275 215 167 165
21.191413467459373 17.09619545295902 -1.8949459233616603 210 152 151
20.431886637049978 17.77012368782357 -1.8540960882583772 210 153 151
20.431886637049978 17.77012368782357 -1.8540960882583772 210 153 151
21.191413467459373 17.09619545295902 -1.8949459233616603 210 152 151
21.397538723130463 17.319905427823805 -2.9900430466699084 207 141 140
20.431886637049978 17.77012368782357 -1.8540960882583772 210 153 151
21.397538723130463 17.319905427823805 -2.9900430466699084 207 141 140
20.629500937056783 18.001386227618273 -2.9491932115666253 207 141 141
20.629500937056783 18.001386227618273 -2.9491932115666253 207 141 141
21.397538723130463 17.319905427823805 -2.9900430466699084 207 141 140
21.657271697681708 17.601796441223595 -3.6931386801749286 204 134 133
20.629500937056783 18.001386227618273 -2.9491932115666253 207 141 141
21.657271697681708 17.601796441223595 -3.6931386801749286 204 134 133
20.87850948182497 18.292794028023867 -3.6522888450716455 204 134 133
20.87850948182497 18.292794028023867 -3.6522888450716455 204 134 133
21.657271697681708 17.601796441223595 -3.6931386801749286 204 134 133
21.945187917897982 17.91427503671664 -3.935408924513919 204 131 131
20.87850948182497 18.292794028023867 -3.6522888450716455 204 134 133
21.945187917897982 17.91427503671664 -3.935408924513919 204 131 131
21.154537580048082 18.61582206317912 -3.894559089410636 204 132 131
21.154537580048082 18.61582206317912 -3.894559089410636 204 132 131
21.945187917897982 17.91427503671664 -3.935408924513919 204 131 131
22.23310413811426 18.22675363220968 -3.6931386801749295 204 134 133
21.154537580048082 18.61582206317912 -3.894559089410636 204 132 131
22.23310413811426 18.22675363220968 -3.6931386801749295 204 134 133
21.430565678271197 18.938850098334374 -3.6522888450716464 204 134 133
21.430565678271197 18.938850098334374 -3.6522888450716464 204 134 133
22.23310413811426 18.22675363220968 -3.6931386801749295 204 134 133
22.492837112665505 18.50864464560947 -2.9900430466699093 207 141 140
21.430565678271197 18.938850098334374 -3.6522888450716464 204 134 133
22.492837112665505 18.50864464560947 -2.9900430466699093 207 141 140
21.679574223039385 19.230257898739968 -2.949193211566626 207 141 141
21.679574223039385 19.230257898739968 -2.949193211566626 207 141 141
22.492837112665505 18.50864464560947 -2.9900430466699093 207 141 140
22.698962368336595 18.732354620474254 -1.8949459233616621 210 152 151
21.679574223039385 19.230257898739968 -2.949193211566626 207 141 141
22.698962368336595 18.732354620474254 -1.8949459233616621 210 152 151
21.87718852304619 19.46152043853467 -1.854096088258379 210 153 151
21.87718852304619 19.46152043853467 -1.854096088258379 210 153 151
22.698962368336595 18.732354620474254 -1.8949459233616621 210 152 151
22.831302928943344 18.87598526578522 -0.5150430466699096 215 167 165
21.87718852304619 19.46152043853467 -1.854096088258379 210 153 151
22.831302928943344 18.87598526578522 -0.5150430466699096 215 167 165
22.00406471374715 19.610000129022513 -0.4741932115666265 215 167 165
22.00406471374715 19.610000129022513 -0.4741932115666265 215 167 165
22.831302928943344 18.87598526578522 -0.5150430466699096 215 167 165
22.876904378342655 18.925477013245786 1.01459107548608 220 183 180
22.00406471374715 19.610000129022513 -0.4741932115666265 215 167 165
22.876904378342655 18.925477013245786 1.01459107548608 220 183 180
22.047783269598067 19.661162743579712 1.0554409105893632 220 183 181
22.876904378342655 18.925477013245786 1.0145910754860812 220 183 180
23.675540190186553 18.16122228664906 0.9723044522245947 220 182 180
23.628097038583345 18.113493127637266 2.5019385743805844 225 198 195
22.876904378342655 18.925477013245786 1.0145910754860812 220 183 180
23.628097038583345 18.113493127637266 2.5019385743805844 225 198 195
22.831302928943344 18.87598526578522 2.5442251976420707 225 199 195
22.831302928943344 18.87598526578522 2.5442251976420707 225 199 195
23.628097038583345 18.113493127637266 2.5019385743805844 225 198 195
23.490411650008518 17.974977713234566 3.8818414510723365 230 213 209
22.831302928943344 18.87598526578522 2.5442251976420707 225 199 195
23.490411650008518 17.974977713234566 3.8818414510723365 230 213 209
22.698962368336595 18.732354620474254 3.924128074333823 230 213 209
22.698962368336595 18.732354620474254 3.924128074333823 230 213 209
23.490411650008518 17.974977713234566 3.8818414510723365 230 213 209
23.275961629606286 17.75923489729633 4.976938574380585 233 224 220
22.698962368336595 18.732354620474254 3.924128074333823 230 213 209
23.275961629606286 17.75923489729633 4.976938574380585 233 224 220
22.492837112665505 18.50864464560947 5.019225197642072 233 224 220
22.492837112665505 18.50864464560947 5.019225197642072 233 224 220
23.275961629606286 17.75923489729633 4.976938574380585 233 224 220
23.005738839534775 17.48738308981519 5.680034207885605 236 231 227
22.492837112665505 18.50864464560947 5.019225197642072 233 224 220
23.005738839534775 17.48738308981519 5.680034207885605 236 231 227
22.23310413811426 18.22675363220968 5.722320831147091 236 232 227
22.23310413811426 18.22675363220968 5.722320831147091 236 232 227
23.005738839534775 17.48738308981519 5.680034207885605 236 231 227
22.706194569239063 17.186033039810308 5.922304452224595 236 234 229
22.23310413811426 18.22675363220968 5.722320831147091 236 232 227
22.706194569239063 17.186033039810308 5.922304452224595 236 234 229
21.945187917897982 17.91427503671664 5.964591075486082 237 234 230
21.945187917897982 17.91427503671664 5.964591075486082 237 234 230
22.706194569239063 17.186033039810308 5.922304452224595 236 234 229
22.406650298943354 16.88468298980543 5.680034207885606 236 231 227
21.945187917897982 17.91427503671664 5.964591075486082 237 234 230
22.406650298943354 16.88468298980543 5.680034207885606 236 231 227
21.657271697681708 17.601796441223595 5.722320831147092 236 232 227
21.657271697681708 17.601796441223595 5.722320831147092 236 232 227
22.406650298943354 16.88468298980543 5.680034207885606 236 231 227
22.136427508871844 16.612831182324285 4.976938574380585 233 224 220
21.657271697681708 17.601796441223595 5.722320831147092 236 232 227
22.136427508871844 16.612831182324285 4.976938574380585 233 224 220
21.397538723130463 17.319905427823805 5.019225197642072 233 224 220
21.397538723130463 17.319905427823805 5.019225197642072 233 224 220
22.136427508871844 16.612831182324285 4.976938574380585 233 224 220
21.92197748846961 16.397088366386054 3.8818414510723374 230 213 209
21.397538723130463 17.319905427823805 5.019225197642072 233 224 220
21.92197748846961 16.397088366386054 3.8818414510723374 230 213 209
21.191413467459373 17.09619545295902 3.924128074333824 230 213 209
21.191413467459373 17.09619545295902 3.924128074333824 230 213 209
21.92197748846961 16.397088366386054 3.8818414510723374 230 213 209
21.784292099894785 16.25857295198335 2.501938574380585 225 198 195
21.191413467459373 17.09619545295902 3.924128074333824 230 213 209
21.784292099894785 16.25857295198335 2.501938574380585 225 198 195
21.059072906852627 16.952564807648052 2.5442251976420716 225 199 195
21.059072906852627 16.952564807648052 2.5442251976420716 225 199 195
21.784292099894785 16.25857295198335 2.501938574380585 225 198 195
21.736848948291577 16.21084379297156 0.9723044522245953 220 182 180
21.059072906852627 16.952564807648052 2.5442251976420716 225 199 195
21.736848948291577 16.21084379297156 0.9723044522245953 220 182 180
21.013471457453313 16.903073060187488 1.0145910754860819 220 183 180
21.013471457453313 16.903073060187488 1.0145910754860819 220 183 180
21.736848948291577 16.21084379297156 0.9723044522245953 220 182 180
21.784292099894785 16.25857295198335 -0.5573296699313923 215 166 164
21.013471457453313 16.903073060187488 1.0145910754860819 220 183 180
21.784292099894785 16.25857295198335 -0.5573296699313923 215 166 164
21.059072906852627 16.952564807648052 -0.5150430466699059 215 167 165
21.059072906852627 16.952564807648052 -0.5150430466699059 215 167 165
21.784292099894785 16.25857295198335 -0.5573296699313923 215 166 164
21.92197748846961 16.397088366386054 -1.9372325466231468 210 152 151
21.059072906852627 16.952564807648052 -0.5150430466699059 215 167 165
21.92197748846961 16.397088366386054 -1.9372325466231468 210 152 151
21.191413467459373 17.09619545295902 -1.8949459233616603 210 152 151
21.191413467459373 17.09619545295902 -1.8949459233616603 210 152 151
21.92197748846961 16.397088366386054 -1.9372325466231468 210 152 151
22.13642750887184 16.612831182324285 -3.0323296699313946 207 140 140
21.191413467459373 17.09619545295902 -1.8949459233616603 210 152 151
22.13642750887184 16.612831182324285 -3.0323296699313946 207 140 140
21.397538723130463 17.319905427823805 -2.9900430466699084 207 141 140
21.397538723130463 17.319905427823805 -2.9900430466699084 207 141 140
22.13642750887184 16.612831182324285 -3.0323296699313946 207 140 140
22.406650298943354 16.88468298980543 -3.735425303436415 204 133 133
21.397538723130463 17.319905427823805 -2.9900430466699084 207 141 140
22.406650298943354 16.88468298980543 -3.735425303436415 204 133 133
21.657271697681708 17.601796441223595 -3.6931386801749286 204 134 133
21.657271697681708 17.601796441223595 -3.6931386801749286 204 134 133
22.406650298943354 16.88468298980543 -3.735425303436415 204 133 133
22.706194569239063 17.186033039810308 -3.9776955477754052 203 131 130
21.657271697681708 17.601796441223595 -3.6931386801749286 204 134 133
22.706194569239063 17.186033039810308 -3.9776955477754052 203 131 130
21.945187917897982 17.91427503671664 -3.935408924513919 204 131 131
21.945187917897982 17.91427503671664 -3.935408924513919 204 131 131
22.706194569239063 17.186033039810308 -3.9776955477754052 203 131 130
23.005738839534775 17.48738308981519 -3.7354253034364158 204 133 133
21.945187917897982 17.91427503671664 -3.935408924513919 204 131 131
23.005738839534775 17.48738308981519 -3.7354253034364158 204 133 133
22.23310413811426 18.22675363220968 -3.6931386801749295 204 134 133
22.23310413811426 18.22675363220968 -3.6931386801749295 204 134 133
23.005738839534775 17.48738308981519 -3.7354253034364158 204 133 133
23.275961629606286 17.75923489729633 -3.0323296699313955 207 140 140
22.23310413811426 18.22675363220968 -3.6931386801749295 204 134 133
23.275961629606286 17.75923489729633 -3.0323296699313955 207 140 140
22.492837112665505 18.50864464560947 -2.9900430466699093 207 141 140
22.492837112665505 18.50864464560947 -2.9900430466699093 207 141 140
23.275961629606286 17.75923489729633 -3.0323296699313955 207 140 140
23.490411650008518 17.974977713234566 -1.9372325466231486 210 152 151
22.492837112665505 18.50864464560947 -2.9900430466699093 207 141 140
23.490411650008518 17.974977713234566 -1.9372325466231486 210 152 151
22.698962368336595 18.732354620474254 -1.8949459233616621 210 152 151
22.698962368336595 18.732354620474254 -1.8949459233616621 210 152 151
23.490411650008518 17.974977713234566 -1.9372325466231486 210 152 151
23.628097038583345 18.113493127637266 -0.5573296699313961 215 166 164
22.698962368336595 18.732354620474254 -1.8949459233616621 210 152 151
23.628097038583345 18.113493127637266 -0.5573296699313961 215 166 164
22.831302928943344 18.87598526578522 -0.5150430466699096 215 167 165
22.831302928943344 18.87598526578522 -0.5150430466699096 215 167 165
23.628097038583345 18.113493127637266 -0.5573296699313961 215 166 164
23.675540190186553 18.16122228664906 0.9723044522245935 220 182 180
22.831302928943344 18.87598526578522 -0.5150430466699096 215 167 165
23.675540190186553 18.16122228664906 0.9723044522245935 220 182 180
22.876904378342655 18.925477013245786 1.01459107548608 220 183 180
23.675540190186553 18.16122228664906 0.9723044522245947 220 182 180
24.442380715563274 17.36923921138885 0.928640923964751 220 182 179
24.39314185166138 17.323364822720787 2.4582750461207405 225 198 195
23.675540190186553 18.16122228664906 0.9723044522245947 220 182 180
24.39314185166138 17.323364822720787 2.4582750461207405 225 198 195
23.628097038583345 18.113493127637266 2.5019385743805844 225 198 195
23.628097038583345 18.113493127637266 2.5019385743805844 225 198 195
24.39314185166138 17.323364822720787 2.4582750461207405 225 198 195
24.25024510302175 17.19023216150508 3.838177922812493 229 212 208
23.628097038583345 18.113493127637266 2.5019385743805844 225 198 195
24.25024510302175 17.19023216150508 3.838177922812493 229 212 208
23.490411650008518 17.974977713234566 3.8818414510723365 230 213 209
23.490411650008518 17.974977713234566 3.8818414510723365 230 213 209
24.25024510302175 17.19023216150508 3.838177922812493 229 212 208
24.027678199021427 16.98287318021132 4.933275046120741 233 223 219
23.490411650008518 17.974977713234566 3.8818414510723365 230 213 209
24.027678199021427 16.98287318021132 4.933275046120741 233 223 219
23.275961629606286 17.75923489729633 4.976938574380585 233 224 220
23.275961629606286 17.75923489729633 4.976938574380585 233 224 220
24.027678199021427 16.98287318021132 4.933275046120741 233 223 219
23.747227538938763 16.72158562068352 5.63637067962576 235 231 226
23.275961629606286 17.75923489729633 4.976938574380585 233 224 220
23.747227538938763 16.72158562068352 5.63637067962576 235 231 226
23.005738839534775 17.48738308981519 5.680034207885605 236 231 227
23.005738839534775 17.48738308981519 5.680034207885605 236 231 227
23.747227538938763 16.72158562068352 5.63637067962576 235 231 226
23.436345587397298 16.431946129745725 5.878640923964751 236 233 229
23.005738839534775 17.48738308981519 5.680034207885605 236 231 227
23.436345587397298 16.431946129745725 5.878640923964751 236 233 229
22.706194569239063 17.186033039810308 5.922304452224595 236 234 229
22.706194569239063 17.186033039810308 5.922304452224595 236 234 229
23.436345587397298 16.431946129745725 5.878640923964751 236 233 229
23.125463635855834 16.142306638807934 5.636370679625761 235 231 226
22.706194569239063 17.186033039810308 5.922304452224595 236 234 229
23.125463635855834 16.142306638807934 5.636370679625761 235 231 226
22.406650298943354 16.88468298980543 5.680034207885606 236 231 227
22.406650298943354 16.88468298980543 5.680034207885606 236 231 227
23.125463635855834 16.142306638807934 5.636370679625761 235 231 226
22.84501297577317 15.881019079280133 4.933275046120741 233 223 219
22.406650298943354 16.88468298980543 5.680034207885606 236 231 227
22.84501297577317 15.881019079280133 4.933275046120741 233 223 219
22.136427508871844 16.612831182324285 4.976938574380585 233 224 220
22.136427508871844 16.612831182324285 4.976938574380585 233 224 220
22.84501297577317 15.881019079280133 4.933275046120741 233 223 219
22.622446071772845 15.673660097986373 3.838177922812494 229 212 208
22.136427508871844 16.612831182324285 4.976938574380585 233 224 220
22.622446071772845 15.673660097986373 3.838177922812494 229 212 208
21.92197748846961 16.397088366386054 3.8818414510723374 230 213 209
21.92197748846961 16.397088366386054 3.8818414510723374 230 213 209
22.622446071772845 15.673660097986373 3.838177922812494 229 212 208
22.479549323133217 15.540527436770667 2.458275046120741 225 198 195
21.92197748846961 16.397088366386054 3.8818414510723374 230 213 209
22.479549323133217 15.540527436770667 2.458275046120741 225 198 195
21.784292099894785 16.25857295198335 2.501938574380585 225 198 195
21.784292099894785 16.25857295198335 2.501938574380585 225 198 195
22.479549323133217 15.540527436770667 2.458275046120741 225 198 195
22.430310459231322 15.4946530481026 0.9286409239647515 220 182 179
21.784292099894785 16.25857295198335 2.501938574380585 225 198 195
22.430310459231322 15.4946530481026 0.9286409239647515 220 182 179
21.736848948291577 16.21084379297156 0.9723044522245953 220 182 180
21.736848948291577 16.21084379297156 0.9723044522245953 220 182 180
22.430310459231322 15.4946530481026 0.9286409239647515 220 182 179
22.479549323133217 15.540527436770667 -0.6009931981912361 215 166 164
21.736848948291577 16.21084379297156 0.9723044522245953 220 182 180
22.479549323133217 15.540527436770667 -0.6009931981912361 215 166 164
21.784292099894785 16.25857295198335 -0.5573296699313923 215 166 164
21.784292099894785 16.25857295198335 -0.5573296699313923 215 166 164
22.479549323133217 15.540527436770667 -0.6009931981912361 215 166 164
22.622446071772845 15.673660097986373 -1.9808960748829905 210 151 150
21.784292099894785 16.25857295198335 -0.5573296699313923 215 166 164
22.622446071772845 15.673660097986373 -1.9808960748829905 210 151 150
21.92197748846961 16.397088366386054 -1.9372325466231468 210 152 151
21.92197748846961 16.397088366386054 -1.9372325466231468 210 152 151
22.622446071772845 15.673660097986373 -1.9808960748829905 210 151 150
22.84501297577317 15.881019079280133 -3.0759931981912385 206 140 139
21.92197748846961 16.397088366386054 -1.9372325466231468 210 152 151
22.84501297577317 15.881019079280133 -3.0759931981912385 206 140 139
22.13642750887184 16.612831182324285 -3.0323296699313946 207 140 140
22.13642750887184 16.612831182324285 -3.0323296699313946 207 140 140
22.84501297577317 15.881019079280133 -3.0759931981912385 206 140 139
23.125463635855834 16.142306638807934 -3.7790888316962588 204 133 132
22.13642750887184 16.612831182324285 -3.0323296699313946 207 140 140
23.125463635855834 16.142306638807934 -3.7790888316962588 204 133 132
22.406650298943354 16.88468298980543 -3.735425303436415 204 133 133
22.406650298943354 16.88468298980543 -3.735425303436415 204 133 133
23.125463635855834 16.142306638807934 -3.7790888316962588 204 133 132
23.436345587397298 16.431946129745725 -4.02135907603525 203 130 130
22.406650298943354 16.88468298980543 -3.735425303436415 204 133 133
23.436345587397298 16.431946129745725 -4.02135907603525 203 130 130
22.706194569239063 17.186033039810308 -3.9776955477754052 203 131 130
22.706194569239063 17.186033039810308 -3.9776955477754052 203 131 130
23.436345587397298 16.431946129745725 -4.02135907603525 203 130 130
23.747227538938763 16.72158562068352 -3.7790888316962596 204 133 132
22.706194569239063 17.186033039810308 -3.9776955477754052 203 131 130
23.747227538938763 16.72158562068352 -3.7790888316962596 204 133 132
23.005738839534775 17.48738308981519 -3.7354253034364158 204 133 133
23.005738839534775 17.48738308981519 -3.7354253034364158 204 133 133
23.747227538938763 16.72158562068352 -3.7790888316962596 204 133 132
24.027678199021427 16.98287318021132 -3.0759931981912394 206 140 139
23.005738839534775 17.48738308981519 -3.7354253034364158 204 133 133
24.027678199021427 16.98287318021132 -3.0759931981912394 206 140 139
23.275961629606286 17.75923489729633 -3.0323296699313955 207 140 140
23.275961629606286 17.75923489729633 -3.0323296699313955 207 140 140
24.027678199021427 16.98287318021132 -3.0759931981912394 206 140 139
24.25024510302175 17.19023216150508 -1.9808960748829922 210 151 150
23.275961629606286 17.75923489729633 -3.0323296699313955 207 140 140
24.25024510302175 17.19023216150508 -1.9808960748829922 210 151 150
23.490411650008518 17.974977713234566 -1.9372325466231486 210 152 151
23.490411650008518 17.974977713234566 -1.9372325466231486 210 152 151
24.25024510302175 17.19023216150508 -1.9808960748829922 210 151 150
24.39314185166138 17.323364822720787 -0.6009931981912399 215 166 164
23.490411650008518 17.974977713234566 -1.9372325466231486 210 152 151
24.39314185166138 17.323364822720787 -0.6009931981912399 215 166 164
23.628097038583345 18.113493127637266 -0.5573296699313961 215 166 164
23.628097038583345 18.113493127637266 -0.5573296699313961 215 166 164
24.39314185166138 17.323364822720787 -0.6009931981912399 215 166 164
24.442380715563274 17.36923921138885 0.9286409239647497 220 182 179
23.628097038583345 18.113493127637266 -0.5573296699313961 215 166 164
24.442380715563274 17.36923921138885 0.9286409239647497 220 182 179
23.675540190186553 18.16122228664906 0.9723044522245935 220 182 180
24.442380715563274 17.36923921138885 0.928640923964751 220 182 179
25.176130581904815 16.55042562084927 0.8836623237364924 220 181 179
25.125147101124664 16.506498295167432 2.413296445892482 225 197 194
24.442380715563274 17.36923921138885 0.928640923964751 220 182 179
25.125147101124664 16.506498295167432 2.413296445892482 225 197 194
24.39314185166138 17.323364822720787 2.4582750461207405 225 198 195
24.39314185166138 17.323364822720787 2.4582750461207405 225 198 195
25.125147101124664 16.506498295167432 2.413296445892482 225 197 194
24.977187277105774 16.379016230819335 3.7931993225842344 229 212 208
24.39314185166138 17.323364822720787 2.4582750461207405 225 198 195
24.977187277105774 16.379016230819335 3.7931993225842344 229 212 208
24.25024510302175 17.19023216150508 3.838177922812493 229 212 208
24.25024510302175 17.19023216150508 3.838177922812493 229 212 208
24.977187277105774 16.379016230819335 3.7931993225842344 229 212 208
24.746734448319827 16.18045826048314 4.8882964458924825 233 223 219
24.25024510302175 17.19023216150508 3.838177922812493 229 212 208
24.746734448319827 16.18045826048314 4.8882964458924825 233 223 219
24.027678199021427 16.98287318021132 4.933275046120741 233 223 219
24.027678199021427 16.98287318021132 4.933275046120741 233 223 219
24.746734448319827 16.18045826048314 4.8882964458924825 233 223 219
24.45634694330766 15.93026062173008 5.591392079397503 235 230 226
24.027678199021427 16.98287318021132 4.933275046120741 233 223 219
24.45634694330766 15.93026062173008 5.591392079397503 235 230 226
23.747227538938763 16.72158562068352 5.63637067962576 235 231 226
23.747227538938763 16.72158562068352 5.63637067962576 235 231 226
24.45634694330766 15.93026062173008 5.591392079397503 235 230 226
24.134449914308586 15.652914402670758 5.833662323736492 236 233 228
23.747227538938763 16.72158562068352 5.63637067962576 235 231 226
24.134449914308586 15.652914402670758 5.833662323736492 236 233 228
23.436345587397298 16.431946129745725 5.878640923964751 236 233 229
23.436345587397298 16.431946129745725 5.878640923964751 236 233 229
24.134449914308586 15.652914402670758 5.833662323736492 236 233 228
23.81255288530951 15.375568183611437 5.591392079397503 235 230 226
23.436345587397298 16.431946129745725 5.878640923964751 236 233 229
23.81255288530951 15.375568183611437 5.591392079397503 235 230 226
23.125463635855834 16.142306638807934 5.636370679625761 235 231 226
23.125463635855834 16.142306638807934 5.636370679625761 235 231 226
23.81255288530951 15.375568183611437 5.591392079397503 235 230 226
23.522165380297345 15.125370544858377 4.8882964458924825 233 223 219
23.125463635855834 16.142306638807934 5.636370679625761 235 231 226
23.522165380297345 15.125370544858377 4.8882964458924825 233 223 219
22.84501297577317 15.881019079280133 4.933275046120741 233 223 219
22.84501297577317 15.881019079280133 4.933275046120741 233 223 219
23.522165380297345 15.125370544858377 4.8882964458924825 233 223 219
23.291712551511395 14.926812574522181 3.7931993225842353 229 212 208
22.84501297577317 15.881019079280133 4.933275046120741 233 223 219
23.291712551511395 14.926812574522181 3.7931993225842353 229 212 208
22.622446071772845 15.673660097986373 3.838177922812494 229 212 208
22.622446071772845 15.673660097986373 3.838177922812494 229 212 208
23.291712551511395 14.926812574522181 3.7931993225842353 229 212 208
23.143752727492508 14.799330510174084 2.413296445892483 225 197 194
22.622446071772845 15.673660097986373 3.838177922812494 229 212 208
23.143752727492508 14.799330510174084 2.413296445892483 225 197 194
22.479549323133217 15.540527436770667 2.458275046120741 225 198 195
22.479549323133217 15.540527436770667 2.458275046120741 225 198 195
23.143752727492508 14.799330510174084 2.413296445892483 225 197 194
23.092769246712358 14.755403184492247 0.883662323736493 220 181 179
22.479549323133217 15.540527436770667 2.458275046120741 225 198 195
23.092769246712358 14.755403184492247 0.883662323736493 220 181 179
22.430310459231322 15.4946530481026 0.9286409239647515 220 182 179
22.430310459231322 15.4946530481026 0.9286409239647515 220 182 179
23.092769246712358 14.755403184492247 0.883662323736493 220 181 179
23.143752727492508 14.799330510174084 -0.6459717984194946 215 165 164
22.430310459231322 15.4946530481026 0.9286409239647515 220 182 179
23.143752727492508 14.799330510174084 -0.6459717984194946 215 165 164
22.479549323133217 15.540527436770667 -0.6009931981912361 215 166 164
22.479549323133217 15.540527436770667 -0.6009931981912361 215 166 164
23.143752727492508 14.799330510174084 -0.6459717984194946 215 165 164
23.291712551511395 14.926812574522181 -2.025874675111249 210 151 150
22.479549323133217 15.540527436770667 -0.6009931981912361 215 166 164
23.291712551511395 14.926812574522181 -2.025874675111249 210 151 150
22.622446071772845 15.673660097986373 -1.9808960748829905 210 151 150
22.622446071772845 15.673660097986373 -1.9808960748829905 210 151 150
23.291712551511395 14.926812574522181 -2.025874675111249 210 151 150
23.522165380297345 15.125370544858377 -3.120971798419497 206 140 139
22.622446071772845 15.673660097986373 -1.9808960748829905 210 151 150
23.522165380297345 15.125370544858377 -3.120971798419497 206 140 139
22.84501297577317 15.881019079280133 -3.0759931981912385 206 140 139
22.84501297577317 15.881019079280133 -3.0759931981912385 206 140 139
23.522165380297345 15.125370544858377 -3.120971798419497 206 140 139
23.81255288530951 15.375568183611437 -3.8240674319245174 204 132 132
22.84501297577317 15.881019079280133 -3.0759931981912385 206 140 139
23.81255288530951 15.375568183611437 -3.8240674319245174 204 132 132
23.125463635855834 16.142306638807934 -3.7790888316962588 204 133 132
23.125463635855834 16.142306638807934 -3.7790888316962588 204 133 132
23.81255288530951 15.375568183611437 -3.8240674319245174 204 132 132
24.134449914308586 15.652914402670758 -4.066337676263508 203 130 129
23.125463635855834 16.142306638807934 -3.7790888316962588 204 133 132
24.134449914308586 15.652914402670758 -4.066337676263508 203 130 129
23.436345587397298 16.431946129745725 -4.02135907603525 203 130 130
23.436345587397298 16.431946129745725 -4.02135907603525 203 130 130
24.134449914308586 15.652914402670758 -4.066337676263508 203 130 129
24.45634694330766 15.93026062173008 -3.8240674319245183 204 132 132
23.436345587397298 16.431946129745725 -4.02135907603525 203 130 130
24.45634694330766 15.93026062173008 -3.8240674319245183 204 132 132
23.747227538938763 16.72158562068352 -3.7790888316962596 204 133 132
23.747227538938763 16.72158562068352 -3.7790888316962596 204 133 132
24.45634694330766 15.93026062173008 -3.8240674319245183 204 132 132
24.746734448319827 16.18045826048314 -3.120971798419498 206 140 139
23.747227538938763 16.72158562068352 -3.7790888316962596 204 133 132
24.746734448319827 16.18045826048314 -3.120971798419498 206 140 139
24.027678199021427 16.98287318021132 -3.0759931981912394 206 140 139
24.027678199021427 16.98287318021132 -3.0759931981912394 206 140 139
24.746734448319827 16.18045826048314 -3.120971798419498 206 140 139
24.977187277105774 16.379016230819335 -2.025874675111251 210 151 150
24.027678199021427 16.98287318021132 -3.0759931981912394 206 140 139
24.977187277105774 16.379016230819335 -2.025874675111251 210 151 150
24.25024510302175 17.19023216150508 -1.9808960748829922 210 151 150
24.25024510302175 17.19023216150508 -1.9808960748829922 210 151 150
24.977187277105774 16.379016230819335 -2.025874675111251 210 151 150
25.125147101124664 16.506498295167432 -0.6459717984194984 215 165 164
24.25024510302175 17.19023216150508 -1.9808960748829922 210 151 150
25.125147101124664 16.506498295167432 -0.6459717984194984 215 165 164
24.39314185166138 17.323364822720787 -0.6009931981912399 215 166 164
24.39314185166138 17.323364822720787 -0.6009931981912399 215 166 164
25.125147101124664 16.506498295167432 -0.6459717984194984 215 165 164
25.176130581904815 16.55042562084927 0.8836623237364912 220 181 179
24.39314185166138 17.323364822720787 -0.6009931981912399 215 166 164
25.176130581904815 16.55042562084927 0.8836623237364912 220 181 179
24.442380715563274 17.36923921138885 0.9286409239647497 220 182 179
25.176130581904815 16.55042562084927 0.8836623237364924 220 181 179
25.87551200934616 15.705739728524259 0.837432346876533 219 181 178
25.822840398383143 15.663851464623994 2.3670664690325225 225 197 194
25.176130581904815 16.55042562084927 0.8836623237364924 220 181 179
25.822840398383143 15.663851464623994 2.3670664690325225 225 197 194
25.125147101124664 16.506498295167432 2.413296445892482 225 197 194
25.125147101124664 16.506498295167432 2.413296445892482 225 197 194
25.822840398383143 15.663851464623994 2.3670664690325225 225 197 194
25.669981429759837 15.542286988046449 3.746969345724275 229 211 207
25.125147101124664 16.506498295167432 2.413296445892482 225 197 194
25.669981429759837 15.542286988046449 3.746969345724275 229 211 207
24.977187277105774 16.379016230819335 3.7931993225842344 229 212 208
24.977187277105774 16.379016230819335 3.7931993225842344 229 212 208
25.669981429759837 15.542286988046449 3.746969345724275 229 211 207
25.43189800435615 15.35294587674855 4.842066469032524 233 223 218
24.977187277105774 16.379016230819335 3.7931993225842344 229 212 208
25.43189800435615 15.35294587674855 4.842066469032524 233 223 218
24.746734448319827 16.18045826048314 4.8882964458924825 233 223 219
24.746734448319827 16.18045826048314 4.8882964458924825 233 223 219
25.43189800435615 15.35294587674855 4.842066469032524 233 223 218
25.131895386675367 15.114362157921228 5.545162102537542 235 230 225
24.746734448319827 16.18045826048314 4.8882964458924825 233 223 219
25.131895386675367 15.114362157921228 5.545162102537542 235 230 225
24.45634694330766 15.93026062173008 5.591392079397503 235 230 226
24.45634694330766 15.93026062173008 5.591392079397503 235 230 226
25.131895386675367 15.114362157921228 5.545162102537542 235 230 225
24.799339923177225 14.849890068273815 5.787432346876534 236 232 228
24.45634694330766 15.93026062173008 5.591392079397503 235 230 226
24.799339923177225 14.849890068273815 5.787432346876534 236 232 228
24.134449914308586 15.652914402670758 5.833662323736492 236 233 228
24.134449914308586 15.652914402670758 5.833662323736492 236 233 228
24.799339923177225 14.849890068273815 5.787432346876534 236 232 228
24.466784459679083 14.585417978626403 5.545162102537544 235 230 225
24.134449914308586 15.652914402670758 5.833662323736492 236 233 228
24.466784459679083 14.585417978626403 5.545162102537544 235 230 225
23.81255288530951 15.375568183611437 5.591392079397503 235 230 226
23.81255288530951 15.375568183611437 5.591392079397503 235 230 226
24.466784459679083 14.585417978626403 5.545162102537544 235 230 225
24.1667818419983 14.346834259799081 4.842066469032524 233 223 218
23.81255288530951 15.375568183611437 5.591392079397503 235 230 226
24.1667818419983 14.346834259799081 4.842066469032524 233 223 218
23.522165380297345 15.125370544858377 4.8882964458924825 233 223 219
23.522165380297345 15.125370544858377 4.8882964458924825 233 223 219
24.1667818419983 14.346834259799081 4.842066469032524 233 223 218
23.928698416594617 14.157493148501182 3.746969345724276 229 211 207
23.522165380297345 15.125370544858377 4.8882964458924825 233 223 219
23.928698416594617 14.157493148501182 3.746969345724276 229 211 207
23.291712551511395 14.926812574522181 3.7931993225842353 229 212 208
23.291712551511395 14.926812574522181 3.7931993225842353 229 212 208
23.928698416594617 14.157493148501182 3.746969345724276 229 211 207
23.775839447971308 14.035928671923637 2.3670664690325234 225 197 194
23.291712551511395 14.926812574522181 3.7931993225842353 229 212 208
23.775839447971308 14.035928671923637 2.3670664690325234 225 197 194
23.143752727492508 14.799330510174084 2.413296445892483 225 197 194
23.143752727492508 14.799330510174084 2.413296445892483 225 197 194
23.775839447971308 14.035928671923637 2.3670664690325234 225 197 194
23.72316783700829 13.994040408023372 0.8374323468765336 219 181 178
23.143752727492508 14.799330510174084 2.413296445892483 225 197 194
23.72316783700829 13.994040408023372 0.8374323468765336 219 181 178
23.092769246712358 14.755403184492247 0.883662323736493 220 181 179
23.092769246712358 14.755403184492247 0.883662323736493 220 181 179
23.72316783700829 13.994040408023372 0.8374323468765336 219 181 178
23.775839447971308 14.035928671923637 -0.692201775279454 214 165 163
23.092769246712358 14.755403184492247 0.883662323736493 220 181 179
23.775839447971308 14.035928671923637 -0.692201775279454 214 165 163
23.143752727492508 14.799330510174084 -0.6459717984194946 215 165 164
23.143752727492508 14.799330510174084 -0.6459717984194946 215 165 164
23.775839447971308 14.035928671923637 -0.692201775279454 214 165 163
23.928698416594617 14.157493148501182 -2.0721046519712085 210 150 149
23.143752727492508 14.799330510174084 -0.6459717984194946 215 165 164
23.928698416594617 14.157493148501182 -2.0721046519712085 210 150 149
23.291712551511395 14.926812574522181 -2.025874675111249 210 151 150
23.291712551511395 14.926812574522181 -2.025874675111249 210 151 150
23.928698416594617 14.157493148501182 -2.0721046519712085 210 150 149
24.1667818419983 14.346834259799081 -3.1672017752794566 206 139 138
23.291712551511395 14.926812574522181 -2.025874675111249 210 151 150
24.1667818419983 14.346834259799081 -3.1672017752794566 206 139 138
23.522165380297345 15.125370544858377 -3.120971798419497 206 140 139
23.522165380297345 15.125370544858377 -3.120971798419497 206 140 139
24.1667818419983 14.346834259799081 -3.1672017752794566 206 139 138
24.466784459679083 14.585417978626403 -3.870297408784477 204 132 131
23.522165380297345 15.125370544858377 -3.120971798419497 206 140 139
24.466784459679083 14.585417978626403 -3.870297408784477 204 132 131
23.81255288530951 15.375568183611437 -3.8240674319245174 204 132 132
23.81255288530951 15.375568183611437 -3.8240674319245174 204 132 132
24.466784459679083 14.585417978626403 -3.870297408784477 204 132 131
24.799339923177225 14.849890068273815 -4.112567653123467 203 129 129
23.81255288530951 15.375568183611437 -3.8240674319245174 204 132 132
24.799339923177225 14.849890068273815 -4.112567653123467 203 129 129
24.134449914308586 15.652914402670758 -4.066337676263508 203 130 129
24.134449914308586 15.652914402670758 -4.066337676263508 203 130 129
24.799339923177225 14.849890068273815 -4.112567653123467 203 129 129
25.131895386675367 15.114362157921228 -3.8702974087844777 204 132 131
24.134449914308586 15.652914402670758 -4.066337676263508 203 130 129
25.131895386675367 15.114362157921228 -3.8702974087844777 204 132 131
24.45634694330766 15.93026062173008 -3.8240674319245183 204 132 132
24.45634694330766 15.93026062173008 -3.8240674319245183 204 132 132
25.131895386675367 15.114362157921228 -3.8702974087844777 204 132 131
25.43189800435615 15.35294587674855 -3.1672017752794575 206 139 138
24.45634694330766 15.93026062173008 -3.8240674319245183 204 132 132
25.43189800435615 15.35294587674855 -3.1672017752794575 206 139 138
24.746734448319827 16.18045826048314 -3.120971798419498 206 140 139
24.746734448319827 16.18045826048314 -3.120971798419498 206 140 139
25.43189800435615 15.35294587674855 -3.1672017752794575 206 139 138
25.669981429759837 15.542286988046449 -2.0721046519712103 210 150 149
24.746734448319827 16.18045826048314 -3.120971798419498 206 140 139
25.669981429759837 15.542286988046449 -2.0721046519712103 210 150 149
24.977187277105774 16.379016230819335 -2.025874675111251 210 151 150
24.977187277105774 16.379016230819335 -2.025874675111251 210 151 150
25.669981429759837 15.542286988046449 -2.0721046519712103 210 150 149
25.822840398383143 15.663851464623994 -0.6922017752794578 214 165 163
24.977187277105774 16.379016230819335 -2.025874675111251 210 151 150
25.822840398383143 15.663851464623994 -0.6922017752794578 214 165 163
25.125147101124664 16.506498295167432 -0.6459717984194984 215 165 164
25.125147101124664 16.506498295167432 -0.6459717984194984 215 165 164
25.822840398383143 15.663851464623994 -0.6922017752794578 214 165 163
25.87551200934616 15.705739728524259 0.8374323468765318 219 181 178
25.125147101124664 16.506498295167432 -0.6459717984194984 215 165 164
25.87551200934616 15.705739728524259 0.8374323468765318 219 181 178
25.176130581904815 16.55042562084927 0.8836623237364912 220 181 179
25.87551200934616 15.705739728524259 0.837432346876533 219 181 178
26.53926842116609 14.836203292384283 0.7900164608277782 219 180 178
26.484970814079425 14.796445335712946 2.319650582983768 224 196 193
25.87551200934616 15.705739728524259 0.837432346876533 219 181 178
26.484970814079425 14.796445335712946 2.319650582983768 224 196 193
25.822840398383143 15.663851464623994 2.3670664690325225 225 197 194
25.822840398383143 15.663851464623994 2.3670664690325225 225 197 194
26.484970814079425 14.796445335712946 2.319650582983768 224 196 193
26.32739302091474 14.681063251507892 3.69955345967552 229 211 207
25.822840398383143 15.663851464623994 2.3670664690325225 225 197 194
26.32739302091474 14.681063251507892 3.69955345967552 229 211 207
25.669981429759837 15.542286988046449 3.746969345724275 229 211 207
25.669981429759837 15.542286988046449 3.746969345724275 229 211 207
26.32739302091474 14.681063251507892 3.69955345967552 229 211 207
26.081959853976045 14.501351442085367 4.794650582983769 233 222 218
25.669981429759837 15.542286988046449 3.746969345724275 229 211 207
26.081959853976045 14.501351442085367 4.794650582983769 233 222 218
25.43189800435615 15.35294587674855 4.842066469032524 233 223 218
25.43189800435615 15.35294587674855 4.842066469032524 233 223 218
26.081959853976045 14.501351442085367 4.794650582983769 233 222 218
25.772696021676722 14.27490135147745 5.497746216488788 235 229 225
25.43189800435615 15.35294587674855 4.842066469032524 233 223 218
25.772696021676722 14.27490135147745 5.497746216488788 235 229 225
25.131895386675367 15.114362157921228 5.545162102537542 235 230 225
25.131895386675367 15.114362157921228 5.545162102537542 235 230 225
25.772696021676722 14.27490135147745 5.497746216488788 235 229 225
25.429874422690055 14.023879492323399 5.740016460827778 236 232 227
25.131895386675367 15.114362157921228 5.545162102537542 235 230 225
25.429874422690055 14.023879492323399 5.740016460827778 236 232 227
24.799339923177225 14.849890068273815 5.787432346876534 236 232 228
24.799339923177225 14.849890068273815 5.787432346876534 236 232 228
25.429874422690055 14.023879492323399 5.740016460827778 236 232 227
25.087052823703385 13.77285763316935 5.497746216488789 235 229 225
24.799339923177225 14.849890068273815 5.787432346876534 236 232 228
25.087052823703385 13.77285763316935 5.497746216488789 235 229 225
24.466784459679083 14.585417978626403 5.545162102537544 235 230 225
24.466784459679083 14.585417978626403 5.545162102537544 235 230 225
25.087052823703385 13.77285763316935 5.497746216488789 235 229 225
24.777788991404062 13.546407542561433 4.794650582983769 233 222 218
24.466784459679083 14.585417978626403 5.545162102537544 235 230 225
24.777788991404062 13.546407542561433 4.794650582983769 233 222 218
24.1667818419983 14.346834259799081 4.842066469032524 233 223 218
24.1667818419983 14.346834259799081 4.842066469032524 233 223 218
24.777788991404062 13.546407542561433 4.794650582983769 233 222 218
24.532355824465366 13.366695733138908 3.699553459675521 229 211 207
24.1667818419983 14.346834259799081 4.842066469032524 233 223 218
24.532355824465366 13.366695733138908 3.699553459675521 229 211 207
23.928698416594617 14.157493148501182 3.746969345724276 229 211 207
23.928698416594617 14.157493148501182 3.746969345724276 229 211 207
24.532355824465366 13.366695733138908 3.699553459675521 229 211 207
24.374778031300686 13.251313648933854 2.319650582983768 224 196 193
23.928698416594617 14.157493148501182 3.746969345724276 229 211 207
24.374778031300686 13.251313648933854 2.319650582983768 224 196 193
23.775839447971308 14.035928671923637 2.3670664690325234 225 197 194
23.775839447971308 14.035928671923637 2.3670664690325234 225 197 194
24.374778031300686 13.251313648933854 2.319650582983768 224 196 193
24.32048042421402 13.211555692262516 0.7900164608277788 219 180 178
23.775839447971308 14.035928671923637 2.3670664690325234 225 197 194
24.32048042421402 13.211555692262516 0.7900164608277788 219 180 178
23.72316783700829 13.994040408023372 0.8374323468765336 219 181 178
23.72316783700829 13.994040408023372 0.8374323468765336 219 181 178
24.32048042421402 13.211555692262516 0.7900164608277788 219 180 178
24.374778031300686 13.251313648933854 -0.7396176613282088 214 164 163
23.72316783700829 13.994040408023372 0.8374323468765336 219 181 178
24.374778031300686 13.251313648933854 -0.7396176613282088 214 164 163
23.775839447971308 14.035928671923637 -0.692201775279454 214 165 163
23.775839447971308 14.035928671923637 -0.692201775279454 214 165 163
24.374778031300686 13.251313648933854 -0.7396176613282088 214 164 163
24.532355824465366 13.366695733138908 -2.1195205380199633 210 150 149
23.775839447971308 14.035928671923637 -0.692201775279454 214 165 163
24.532355824465366 13.366695733138908 -2.1195205380199633 210 150 149
23.928698416594617 14.157493148501182 -2.0721046519712085 210 150 149
23.928698416594617 14.157493148501182 -2.0721046519712085 210 150 149
24.532355824465366 13.366695733138908 -2.1195205380199633 210 150 149
24.777788991404062 13.546407542561433 -3.2146176613282114 206 139 138
23.928698416594617 14.157493148501182 -2.0721046519712085 210 150 149
24.777788991404062 13.546407542561433 -3.2146176613282114 206 139 138
24.1667818419983 14.346834259799081 -3.1672017752794566 206 139 138
24.1667818419983 14.346834259799081 -3.1672017752794566 206 139 138
24.777788991404062 13.546407542561433 -3.2146176613282114 206 139 138
25.087052823703385 13.77285763316935 -3.9177132948332316 204 131 131
24.1667818419983 14.346834259799081 -3.1672017752794566 206 139 138
25.087052823703385 13.77285763316935 -3.9177132948332316 204 131 131
24.466784459679083 14.585417978626403 -3.870297408784477 204 132 131
24.466784459679083 14.585417978626403 -3.870297408784477 204 132 131
25.087052823703385 13.77285763316935 -3.9177132948332316 204 131 131
25.429874422690055 14.023879492323399 -4.159983539172222 203 129 128
24.466784459679083 14.585417978626403 -3.870297408784477 204 132 131
25.429874422690055 14.023879492323399 -4.159983539172222 203 129 128
24.799339923177225 14.849890068273815 -4.112567653123467 203 129 129
24.799339923177225 14.849890068273815 -4.112567653123467 203 129 129
25.429874422690055 14.023879492323399 -4.159983539172222 203 129 128
25.772696021676722 14.27490135147745 -3.9177132948332325 204 131 131
24.799339923177225 14.849890068273815 -4.112567653123467 203 129 129
25.772696021676722 14.27490135147745 -3.9177132948332325 204 131 131
25.131895386675367 15.114362157921228 -3.8702974087844777 204 132 131
25.131895386675367 15.114362157921228 -3.8702974087844777 204 132 131
25.772696021676722 14.27490135147745 -3.9177132948332325 204 131 131
26.081959853976045 14.501351442085367 -3.2146176613282123 206 139 138
25.131895386675367 15.114362157921228 -3.8702974087844777 204 132 131
26.081959853976045 14.501351442085367 -3.2146176613282123 206 139 138
25.43189800435615 15.35294587674855 -3.1672017752794575 206 139 138
25.43189800435615 15.35294587674855 -3.1672017752794575 206 139 138
26.081959853976045 14.501351442085367 -3.2146176613282123 206 139 138
26.32739302091474 14.681063251507892 -2.119520538019965 210 150 149
25.43189800435615 15.35294587674855 -3.1672017752794575 206 139 138
26.32739302091474 14.681063251507892 -2.119520538019965 210 150 149
25.669981429759837 15.542286988046449 -2.0721046519712103 210 150 149
25.669981429759837 15.542286988046449 -2.0721046519712103 210 150 149
26.32739302091474 14.681063251507892 -2.119520538019965 210 150 149
26.484970814079425 14.796445335712946 -0.7396176613282126 214 164 163
25.669981429759837 15.542286988046449 -2.0721046519712103 210 150 149
26.484970814079425 14.796445335712946 -0.7396176613282126 214 164 163
25.822840398383143 15.663851464623994 -0.6922017752794578 214 165 163
25.822840398383143 15.663851464623994 -0.6922017752794578 214 165 163
26.484970814079425 14.796445335712946 -0.7396176613282126 214 164 163
26.53926842116609 14.836203292384283 0.790016460827777 219 180 178
25.822840398383143 15.663851464623994 -0.6922017752794578 214 165 163
26.53926842116609 14.836203292384283 0.790016460827777 219 180 178
25.87551200934616 15.705739728524259 0.8374323468765318 219 181 178
26.53926842116609 14.836203292384283 0.7900164608277782 219 180 178
27.166168739062428 13.94290463566136 0.7414818124292171 219 180 177
27.110313134583627 13.905366965217853 2.2711159345852066 224 196 193
26.53926842116609 14.836203292384283 0.7900164608277782 219 180 178
27.110313134583627 13.905366965217853 2.2711159345852066 224 196 193
26.484970814079425 14.796445335712946 2.319650582983768 224 196 193
26.484970814079425 14.796445335712946 2.319650582983768 224 196 193
27.110313134583627 13.905366965217853 2.2711159345852066 224 196 193
26.948213856882482 13.796428402610665 3.651018811276959 229 210 207
26.484970814079425 14.796445335712946 2.319650582983768 224 196 193
26.948213856882482 13.796428402610665 3.651018811276959 229 210 207
26.32739302091474 14.681063251507892 3.69955345967552 229 211 207
26.32739302091474 14.681063251507892 3.69955345967552 229 211 207
26.948213856882482 13.796428402610665 3.651018811276959 229 210 207
26.69573831267246 13.626752613367389 4.746115934585207 232 222 217
26.32739302091474 14.681063251507892 3.69955345967552 229 211 207
26.69573831267246 13.626752613367389 4.746115934585207 232 222 217
26.081959853976045 14.501351442085367 4.794650582983769 233 222 218
26.081959853976045 14.501351442085367 4.794650582983769 233 222 218
26.69573831267246 13.626752613367389 4.746115934585207 232 222 217
26.377600567321394 13.412948645939894 5.449211568090227 235 229 224
26.081959853976045 14.501351442085367 4.794650582983769 233 222 218
26.377600567321394 13.412948645939894 5.449211568090227 235 229 224
25.772696021676722 14.27490135147745 5.497746216488788 235 229 225
25.772696021676722 14.27490135147745 5.497746216488788 235 229 225
26.377600567321394 13.412948645939894 5.449211568090227 235 229 224
26.024942159940256 13.175945122319817 5.691481812429217 236 231 227
25.772696021676722 14.27490135147745 5.497746216488788 235 229 225
26.024942159940256 13.175945122319817 5.691481812429217 236 231 227
25.429874422690055 14.023879492323399 5.740016460827778 236 232 227
25.429874422690055 14.023879492323399 5.740016460827778 236 232 227
26.024942159940256 13.175945122319817 5.691481812429217 236 231 227
25.672283752559117 12.93894159869974 5.449211568090227 235 229 224
25.429874422690055 14.023879492323399 5.740016460827778 236 232 227
25.672283752559117 12.93894159869974 5.449211568090227 235 229 224
25.087052823703385 13.77285763316935 5.497746216488789 235 229 225
25.087052823703385 13.77285763316935 5.497746216488789 235 229 225
25.672283752559117 12.93894159869974 5.449211568090227 235 229 224
25.35414600720805 12.725137631272245 4.746115934585207 232 222 217
25.087052823703385 13.77285763316935 5.497746216488789 235 229 225
25.35414600720805 12.725137631272245 4.746115934585207 232 222 217
24.777788991404062 13.546407542561433 4.794650582983769 233 222 218
24.777788991404062 13.546407542561433 4.794650582983769 233 222 218
25.35414600720805 12.725137631272245 4.746115934585207 232 222 217
25.10167046299803 12.555461842028969 3.65101881127696 229 210 207
24.777788991404062 13.546407542561433 4.794650582983769 233 222 218
25.10167046299803 12.555461842028969 3.65101881127696 229 210 207
24.532355824465366 13.366695733138908 3.699553459675521 229 211 207
24.532355824465366 13.366695733138908 3.699553459675521 229 211 207
25.10167046299803 12.555461842028969 3.65101881127696 229 210 207
24.939571185296884 12.44652327942178 2.2711159345852074 224 196 193
24.532355824465366 13.366695733138908 3.699553459675521 229 211 207
24.939571185296884 12.44652327942178 2.2711159345852074 224 196 193
24.374778031300686 13.251313648933854 2.319650582983768 224 196 193
24.374778031300686 13.251313648933854 2.319650582983768 224 196 193
24.939571185296884 12.44652327942178 2.2711159345852074 224 196 193
24.88371558081808 12.408985608978272 0.7414818124292176 219 180 177
24.374778031300686 13.251313648933854 2.319650582983768 224 196 193
24.88371558081808 12.408985608978272 0.7414818124292176 219 180 177
24.32048042421402 13.211555692262516 0.7900164608277788 219 180 178
24.32048042421402 13.211555692262516 0.7900164608277788 219 180 178
24.88371558081808 12.408985608978272 0.7414818124292176 219 180 177
24.939571185296884 12.44652327942178 -0.78815230972677 214 164 162
24.32048042421402 13.211555692262516 0.7900164608277788 219 180 178
24.939571185296884 12.44652327942178 -0.78815230972677 214 164 162
24.374778031300686 13.251313648933854 -0.7396176613282088 214 164 163
24.374778031300686 13.251313648933854 -0.7396176613282088 214 164 163
24.939571185296884 12.44652327942178 -0.78815230972677 214 164 162
25.10167046299803 12.555461842028969 -2.1680551864185245 209 149 148
24.374778031300686 13.251313648933854 -0.7396176613282088 214 164 163
25.10167046299803 12.555461842028969 -2.1680551864185245 209 149 148
24.532355824465366 13.366695733138908 -2.1195205380199633 210 150 149
24.532355824465366 13.366695733138908 -2.1195205380199633 210 150 149
25.10167046299803 12.555461842028969 -2.1680551864185245 209 149 148
25.35414600720805 12.725137631272244 -3.2631523097267725 206 138 137
24.532355824465366 13.366695733138908 -2.1195205380199633 210 150 149
25.35414600720805 12.725137631272244 -3.2631523097267725 206 138 137
24.777788991404062 13.546407542561433 -3.2146176613282114 206 139 138
24.777788991404062 13.546407542561433 -3.2146176613282114 206 139 138
25.35414600720805 12.725137631272244 -3.2631523097267725 206 138 137
25.672283752559117 12.93894159869974 -3.9662479432317927 203 131 130
24.777788991404062 13.546407542561433 -3.2146176613282114 206 139 138
25.672283752559117 12.93894159869974 -3.9662479432317927 203 131 130
25.087052823703385 13.77285763316935 -3.9177132948332316 204 131 131
25.087052823703385 13.77285763316935 -3.9177132948332316 204 131 131
25.672283752559117 12.93894159869974 -3.9662479432317927 203 131 130
26.024942159940256 13.175945122319817 -4.2085181875707836 203 128 128
25.087052823703385 13.77285763316935 -3.9177132948332316 204 131 131
26.024942159940256 13.175945122319817 -4.2085181875707836 203 128 128
25.429874422690055 14.023879492323399 -4.159983539172222 203 129 128
25.429874422690055 14.023879492323399 -4.159983539172222 203 129 128
26.024942159940256 13.175945122319817 -4.2085181875707836 203 128 128
26.377600567321394 13.412948645939894 -3.9662479432317936 203 131 130
25.429874422690055 14.023879492323399 -4.159983539172222 203 129 128
26.377600567321394 13.412948645939894 -3.9662479432317936 203 131 130
25.772696021676722 14.27490135147745 -3.9177132948332325 204 131 131
25.772696021676722 14.27490135147745 -3.9177132948332325 204 131 131
26.377600567321394 13.412948645939894 -3.9662479432317936 203 131 130
26.69573831267246 13.626752613367389 -3.2631523097267734 206 138 137
25.772696021676722 14.27490135147745 -3.9177132948332325 204 131 131
26.69573831267246 13.626752613367389 -3.2631523097267734 206 138 137
26.081959853976045 14.501351442085367 -3.2146176613282123 206 139 138
26.081959853976045 14.501351442085367 -3.2146176613282123 206 139 138
26.69573831267246 13.626752613367389 -3.2631523097267734 206 138 137
26.948213856882482 13.796428402610665 -2.1680551864185262 209 149 148
26.081959853976045 14.501351442085367 -3.2146176613282123 206 139 138
26.948213856882482 13.796428402610665 -2.1680551864185262 209 149 148
26.32739302091474 14.681063251507892 -2.119520538019965 210 150 149
26.32739302091474 14.681063251507892 -2.119520538019965 210 150 149
26.948213856882482 13.796428402610665 -2.1680551864185262 209 149 148
27.110313134583627 13.905366965217853 -0.7881523097267737 214 164 162
26.32739302091474 14.681063251507892 -2.119520538019965 210 150 149
27.110313134583627 13.905366965217853 -0.7881523097267737 214 164 162
26.484970814079425 14.796445335712946 -0.7396176613282126 214 164 163
26.484970814079425 14.796445335712946 -0.7396176613282126 214 164 163
27.110313134583627 13.905366965217853 -0.7881523097267737 214 164 162
27.166168739062428 13.94290463566136 0.7414818124292158 219 180 177
26.484970814079425 14.796445335712946 -0.7396176613282126 214 164 163
27.166168739062428 13.94290463566136 0.7414818124292158 219 180 177
26.53926842116609 14.836203292384283 0.790016460827777 219 180 178
27.166168739062428 13.94290463566136 0.7414818124292171 219 180 177
27.75501239567383 13.027001391259454 0.6918971328275809 219 179 177
27.697672826208994 12.991772155849004 2.221531254983571 224 195 192
27.166168739062428 13.94290463566136 0.7414818124292171 219 180 177
27.697672826208994 12.991772155849004 2.221531254983571 224 195 192
27.110313134583627 13.905366965217853 2.2711159345852066 224 196 193
27.110313134583627 13.905366965217853 2.2711159345852066 224 196 193
27.697672826208994 12.991772155849004 2.221531254983571 224 195 192
27.531266914381963 12.88953293263615 3.601434131675323 229 210 206
27.110313134583627 13.905366965217853 2.2711159345852066 224 196 193
27.531266914381963 12.88953293263615 3.601434131675323 229 210 206
26.948213856882482 13.796428402610665 3.651018811276959 229 210 207
26.948213856882482 13.796428402610665 3.651018811276959 229 210 207
27.531266914381963 12.88953293263615 3.601434131675323 229 210 206
27.272083630260536 12.730291609131518 4.696531254983571 232 221 217
26.948213856882482 13.796428402610665 3.651018811276959 229 210 207
27.272083630260536 12.730291609131518 4.696531254983571 232 221 217
26.69573831267246 13.626752613367389 4.746115934585207 232 222 217
26.69573831267246 13.626752613367389 4.746115934585207 232 222 217
27.272083630260536 12.730291609131518 4.696531254983571 232 221 217
26.945493639530643 12.529635835579283 5.399626888488591 235 228 224
26.69573831267246 13.626752613367389 4.746115934585207 232 222 217
26.945493639530643 12.529635835579283 5.399626888488591 235 228 224
26.377600567321394 13.412948645939894 5.449211568090227 235 229 224
26.377600567321394 13.412948645939894 5.449211568090227 235 229 224
26.945493639530643 12.529635835579283 5.399626888488591 235 228 224
26.58346584597119 12.307207197145718 5.641897132827581 235 231 226
26.377600567321394 13.412948645939894 5.449211568090227 235 229 224
26.58346584597119 12.307207197145718 5.641897132827581 235 231 226
26.024942159940256 13.175945122319817 5.691481812429217 236 231 227
26.024942159940256 13.175945122319817 5.691481812429217 236 231 227
26.58346584597119 12.307207197145718 5.641897132827581 235 231 226
26.22143805241174 12.084778558712156 5.399626888488592 235 228 224
26.024942159940256 13.175945122319817 5.691481812429217 236 231 227
26.22143805241174 12.084778558712156 5.399626888488592 235 228 224
25.672283752559117 12.93894159869974 5.449211568090227 235 229 224
25.672283752559117 12.93894159869974 5.449211568090227 235 229 224
26.22143805241174 12.084778558712156 5.399626888488592 235 228 224
25.89484806168185 11.88412278515992 4.696531254983571 232 221 217
25.672283752559117 12.93894159869974 5.449211568090227 235 229 224
25.89484806168185 11.88412278515992 4.696531254983571 232 221 217
25.35414600720805 12.725137631272245 4.746115934585207 232 222 217
25.35414600720805 12.725137631272245 4.746115934585207 232 222 217
25.89484806168185 11.88412278515992 4.696531254983571 232 221 217
25.63566477756042 11.72488146165529 3.601434131675324 229 210 206
25.35414600720805 12.725137631272245 4.746115934585207 232 222 217
25.63566477756042 11.72488146165529 3.601434131675324 229 210 206
25.10167046299803 12.555461842028969 3.65101881127696 229 210 207
25.10167046299803 12.555461842028969 3.65101881127696 229 210 207
25.63566477756042 11.72488146165529 3.601434131675324 229 210 206
25.46925886573339 11.622642238442435 2.221531254983571 224 195 192
25.10167046299803 12.555461842028969 3.65101881127696 229 210 207
25.46925886573339 11.622642238442435 2.221531254983571 224 195 192
24.939571185296884 12.44652327942178 2.2711159345852074 224 196 193
24.939571185296884 12.44652327942178 2.2711159345852074 224 196 193
25.46925886573339 11.622642238442435 2.221531254983571 224 195 192
25.41191929626855 11.587413003031987 0.6918971328275815 219 179 177
24.939571185296884 12.44652327942178 2.2711159345852074 224 196 193
25.41191929626855 11.587413003031987 0.6918971328275815 219 179 177
24.88371558081808 12.408985608978272 0.7414818124292176 219 180 177
24.88371558081808 12.408985608978272 0.7414818124292176 219 180 177
25.41191929626855 11.587413003031987 0.6918971328275815 219 179 177
25.46925886573339 11.622642238442435 -0.8377369893284061 214 163 162
24.88371558081808 12.408985608978272 0.7414818124292176 219 180 177
25.46925886573339 11.622642238442435 -0.8377369893284061 214 163 162
24.939571185296884 12.44652327942178 -0.78815230972677 214 164 162
24.939571185296884 12.44652327942178 -0.78815230972677 214 164 162
25.46925886573339 11.622642238442435 -0.8377369893284061 214 163 162
25.63566477756042 11.72488146165529 -2.2176398660201606 209 149 148
24.939571185296884 12.44652327942178 -0.78815230972677 214 164 162
25.63566477756042 11.72488146165529 -2.2176398660201606 209 149 148
25.10167046299803 12.555461842028969 -2.1680551864185245 209 149 148
25.10167046299803 12.555461842028969 -2.1680551864185245 209 149 148
25.63566477756042 11.72488146165529 -2.2176398660201606 209 149 148
25.89484806168185 11.88412278515992 -3.3127369893284087 206 138 137
25.10167046299803 12.555461842028969 -2.1680551864185245 209 149 148
25.89484806168185 11.88412278515992 -3.3127369893284087 206 138 137
25.35414600720805 12.725137631272244 -3.2631523097267725 206 138 137
25.35414600720805 12.725137631272244 -3.2631523097267725 206 138 137
25.89484806168185 11.88412278515992 -3.3127369893284087 206 138 137
26.22143805241174 12.084778558712156 -4.015832622833429 203 130 130
25.35414600720805 12.725137631272244 -3.2631523097267725 206 138 137
26.22143805241174 12.084778558712156 -4.015832622833429 203 130 130
25.672283752559117 12.93894159869974 -3.9662479432317927 203 131 130
25.672283752559117 12.93894159869974 -3.9662479432317927 203 131 130
26.22143805241174 12.084778558712156 -4.015832622833429 203 130 130
26.58346584597119 12.307207197145718 -4.258102867172419 202 128 127
25.672283752559117 12.93894159869974 -3.9662479432317927 203 131 130
26.58346584597119 12.307207197145718 -4.258102867172419 202 128 127
26.024942159940256 13.175945122319817 -4.2085181875707836 203 128 128
26.024942159940256 13.175945122319817 -4.2085181875707836 203 128 128
26.58346584597119 12.307207197145718 -4.258102867172419 202 128 127
26.945493639530643 12.529635835579283 -4.01583262283343 203 130 130
26.024942159940256 13.175945122319817 -4.2085181875707836 203 128 128
26.945493639530643 12.529635835579283 -4.01583262283343 203 130 130
26.377600567321394 13.412948645939894 -3.9662479432317936 203 131 130
26.377600567321394 13.412948645939894 -3.9662479432317936 203 131 130
26.945493639530643 12.529635835579283 -4.01583262283343 203 130 130
27.272083630260536 12.730291609131518 -3.3127369893284095 206 138 137
26.377600567321394 13.412948645939894 -3.9662479432317936 203 131 130
27.272083630260536 12.730291609131518 -3.3127369893284095 206 138 137
26.69573831267246 13.626752613367389 -3.2631523097267734 206 138 137
26.69573831267246 13.626752613367389 -3.2631523097267734 206 138 137
27.272083630260536 12.730291609131518 -3.3127369893284095 206 138 137
27.531266914381963 12.88953293263615 -2.2176398660201624 209 149 148
26.69573831267246 13.626752613367389 -3.2631523097267734 206 138 137
27.531266914381963 12.88953293263615 -2.2176398660201624 209 149 148
26.948213856882482 13.796428402610665 -2.1680551864185262 209 149 148
26.948213856882482 13.796428402610665 -2.1680551864185262 209 149 148
27.531266914381963 12.88953293263615 -2.2176398660201624 209 149 148
27.697672826208994 12.991772155849004 -0.8377369893284099 214 163 162
26.948213856882482 13.796428402610665 -2.1680551864185262 209 149 148
27.697672826208994 12.991772155849004 -0.8377369893284099 214 163 162
27.110313134583627 13.905366965217853 -0.7881523097267737 214 164 162
27.110313134583627 13.905366965217853 -0.7881523097267737 214 164 162
27.697672826208994 12.991772155849004 -0.8377369893284099 214 163 162
27.75501239567383 13.027001391259454 0.6918971328275797 219 179 177
27.110313134583627 13.905366965217853 -0.7881523097267737 214 164 162
27.75501239567383 13.027001391259454 0.6918971328275797 219 179 177
27.166168739062428 13.94290463566136 0.7414818124292158 219 180 177
27.75501239567383 13.027001391259454 0.6918971328275809 219 179 177
28.30463507330288 12.089722820398794 0.6413326401454233 219 179 176
28.245891715975155 12.05688772904998 2.170966762301413 224 195 192
27.75501239567383 13.027001391259454 0.6918971328275809 219 179 177
28.245891715975155 12.05688772904998 2.170966762301413 224 195 192
27.697672826208994 12.991772155849004 2.221531254983571 224 195 192
27.697672826208994 12.991772155849004 2.221531254983571 224 195 192
28.245891715975155 12.05688772904998 2.170966762301413 224 195 192
28.07541185309625 11.961596582520292 3.5508696389931655 229 209 206
27.697672826208994 12.991772155849004 2.221531254983571 224 195 192
28.07541185309625 11.961596582520292 3.5508696389931655 229 209 206
27.531266914381963 12.88953293263615 3.601434131675323 229 210 206
27.531266914381963 12.88953293263615 3.601434131675323 229 210 206
28.07541185309625 11.961596582520292 3.5508696389931655 229 209 206
27.809883241447796 11.813177142164514 4.645966762301414 232 220 216
27.531266914381963 12.88953293263615 3.601434131675323 229 210 206
27.809883241447796 11.813177142164514 4.645966762301414 232 220 216
27.272083630260536 12.730291609131518 4.696531254983571 232 221 217
27.272083630260536 12.730291609131518 4.696531254983571 232 221 217
27.809883241447796 11.813177142164514 4.645966762301414 232 220 216
27.475297671584578 11.626157736903718 5.349062395806433 234 228 223
27.272083630260536 12.730291609131518 4.696531254983571 232 221 217
27.475297671584578 11.626157736903718 5.349062395806433 234 228 223
26.945493639530643 12.529635835579283 5.399626888488591 235 228 224
26.945493639530643 12.529635835579283 5.399626888488591 235 228 224
27.475297671584578 11.626157736903718 5.349062395806433 234 228 223
27.10440671027954 11.418845129165646 5.591332640145423 235 230 226
26.945493639530643 12.529635835579283 5.399626888488591 235 228 224
27.10440671027954 11.418845129165646 5.591332640145423 235 230 226
26.58346584597119 12.307207197145718 5.641897132827581 235 231 226
26.58346584597119 12.307207197145718 5.641897132827581 235 231 226
27.10440671027954 11.418845129165646 5.591332640145423 235 230 226
26.733515748974504 11.211532521427577 5.349062395806434 234 228 223
26.58346584597119 12.307207197145718 5.641897132827581 235 231 226
26.733515748974504 11.211532521427577 5.349062395806434 234 228 223
26.22143805241174 12.084778558712156 5.399626888488592 235 228 224
26.22143805241174 12.084778558712156 5.399626888488592 235 228 224
26.733515748974504 11.211532521427577 5.349062395806434 234 228 223
26.398930179111286 11.02451311616678 4.645966762301414 232 220 216
26.22143805241174 12.084778558712156 5.399626888488592 235 228 224
26.398930179111286 11.02451311616678 4.645966762301414 232 220 216
25.89484806168185 11.88412278515992 4.696531254983571 232 221 217
25.89484806168185 11.88412278515992 4.696531254983571 232 221 217
26.398930179111286 11.02451311616678 4.645966762301414 232 220 216
26.133401567462837 10.876093675811003 3.5508696389931664 229 209 206
25.89484806168185 11.88412278515992 4.696531254983571 232 221 217
26.133401567462837 10.876093675811003 3.5508696389931664 229 209 206
25.63566477756042 11.72488146165529 3.601434131675324 229 210 206
25.63566477756042 11.72488146165529 3.601434131675324 229 210 206
26.133401567462837 10.876093675811003 3.5508696389931664 229 209 206
25.96292170458393 10.780802529281315 2.1709667623014135 224 195 192
25.63566477756042 11.72488146165529 3.601434131675324 229 210 206
25.96292170458393 10.780802529281315 2.1709667623014135 224 195 192
25.46925886573339 11.622642238442435 2.221531254983571 224 195 192
25.46925886573339 11.622642238442435 2.221531254983571 224 195 192
25.96292170458393 10.780802529281315 2.1709667623014135 224 195 192
25.904178347256202 10.7479674379325 0.6413326401454239 219 179 176
25.46925886573339 11.622642238442435 2.221531254983571 224 195 192
25.904178347256202 10.7479674379325 0.6413326401454239 219 179 176
25.41191929626855 11.587413003031987 0.6918971328275815 219 179 177
25.41191929626855 11.587413003031987 0.6918971328275815 219 179 177
25.904178347256202 10.7479674379325 0.6413326401454239 219 179 176
25.96292170458393 10.780802529281315 -0.8883014820105637 214 163 161
25.41191929626855 11.587413003031987 0.6918971328275815 219 179 177
25.96292170458393 10.780802529281315 -0.8883014820105637 214 163 161
25.46925886573339 11.622642238442435 -0.8377369893284061 214 163 162
25.46925886573339 11.622642238442435 -0.8377369893284061 214 163 162
25.96292170458393 10.780802529281315 -0.8883014820105637 214 163 161
26.133401567462837 10.876093675811003 -2.2682043587023184 209 148 147
25.46925886573339 11.622642238442435 -0.8377369893284061 214 163 162
26.133401567462837 10.876093675811003 -2.2682043587023184 209 148 147
25.63566477756042 11.72488146165529 -2.2176398660201606 209 149 148
25.63566477756042 11.72488146165529 -2.2176398660201606 209 149 148
26.133401567462837 10.876093675811003 -2.2682043587023184 209 148 147
26.398930179111286 11.02451311616678 -3.3633014820105664 205 137 136
25.63566477756042 11.72488146165529 -2.2176398660201606 209 149 148
26.398930179111286 11.02451311616678 -3.3633014820105664 205 137 136
25.89484806168185 11.88412278515992 -3.3127369893284087 206 138 137
25.89484806168185 11.88412278515992 -3.3127369893284087 206 138 137
26.398930179111286 11.02451311616678 -3.3633014820105664 205 137 136
26.733515748974504 11.211532521427577 -4.066397115515587 203 130 129
25.89484806168185 11.88412278515992 -3.3127369893284087 206 138 137
26.733515748974504 11.211532521427577 -4.066397115515587 203 130 129
26.22143805241174 12.084778558712156 -4.015832622833429 203 130 130
26.22143805241174 12.084778558712156 -4.015832622833429 203 130 130
26.733515748974504 11.211532521427577 -4.066397115515587 203 130 129
27.10440671027954 11.418845129165646 -4.308667359854577 202 127 127
26.22143805241174 12.084778558712156 -4.015832622833429 203 130 130
27.10440671027954 11.418845129165646 -4.308667359854577 202 127 127
26.58346584597119 12.307207197145718 -4.258102867172419 202 128 127
26.58346584597119 12.307207197145718 -4.258102867172419 202 128 127
27.10440671027954 11.418845129165646 -4.308667359854577 202 127 127
27.475297671584578 11.626157736903718 -4.066397115515588 203 130 129
26.58346584597119 12.307207197145718 -4.258102867172419 202 128 127
27.475297671584578 11.626157736903718 -4.066397115515588 203 130 129
26.945493639530643 12.529635835579283 -4.01583262283343 203 130 130
26.945493639530643 12.529635835579283 -4.01583262283343 203 130 130
27.475297671584578 11.626157736903718 -4.066397115515588 203 130 129
27.809883241447796 11.813177142164514 -3.3633014820105673 205 137 136
26.945493639530643 12.529635835579283 -4.01583262283343 203 130 130
27.809883241447796 11.813177142164514 -3.3633014820105673 205 137 136
27.272083630260536 12.730291609131518 -3.3127369893284095 206 138 137
27.272083630260536 12.730291609131518 -3.3127369893284095 206 138 137
27.809883241447796 11.813177142164514 -3.3633014820105673 205 137 136
28.07541185309625 11.961596582520292 -2.26820435870232 209 148 147
27.272083630260536 12.730291609131518 -3.3127369893284095 206 138 137
28.07541185309625 11.961596582520292 -2.26820435870232 209 148 147
27.531266914381963 12.88953293263615 -2.2176398660201624 209 149 148
27.531266914381963 12.88953293263615 -2.2176398660201624 209 149 148
28.07541185309625 11.961596582520292 -2.26820435870232 209 148 147
28.245891715975155 12.05688772904998 -0.8883014820105675 214 163 161
27.531266914381963 12.88953293263615 -2.2176398660201624 209 149 148
28.245891715975155 12.05688772904998 -0.8883014820105675 214 163 161
27.697672826208994 12.991772155849004 -0.8377369893284099 214 163 162
27.697672826208994 12.991772155849004 -0.8377369893284099 214 163 162
28.245891715975155 12.05688772904998 -0.8883014820105675 214 163 161
28.30463507330288 12.089722820398794 0.6413326401454221 219 179 176
27.697672826208994 12.991772155849004 -0.8377369893284099 214 163 162
28.30463507330288 12.089722820398794 0.6413326401454221 219 179 176
27.75501239567383 13.027001391259454 0.6918971328275797 219 179 177
28.30463507330288 12.089722820398794 0.6413326401454233 219 179 176
28.813915148706982 11.13237154381179 0.5898599400434547 219 178 176
28.753854369014448 11.102013217165826 2.1194940621994443 224 194 191
28.30463507330288 12.089722820398794 0.6413326401454233 219 179 176
28.753854369014448 11.102013217165826 2.1194940621994443 224 194 191
28.245891715975155 12.05688772904998 2.170966762301413 224 195 192
28.245891715975155 12.05688772904998 2.170966762301413 224 195 192
28.753854369014448 11.102013217165826 2.1194940621994443 224 194 191
28.579551197521212 11.01390992175894 3.4993969388911967 228 209 205
28.245891715975155 12.05688772904998 2.170966762301413 224 195 192
28.579551197521212 11.01390992175894 3.4993969388911967 228 209 205
28.07541185309625 11.961596582520292 3.5508696389931655 229 209 206
28.07541185309625 11.961596582520292 3.5508696389931655 229 209 206
28.579551197521212 11.01390992175894 3.4993969388911967 228 209 205
28.30806764309464 10.876685821997311 4.594494062199445 232 220 216
28.07541185309625 11.961596582520292 3.5508696389931655 229 209 206
28.30806764309464 10.876685821997311 4.594494062199445 232 220 216
27.809883241447796 11.813177142164514 4.645966762301414 232 220 216
27.809883241447796 11.813177142164514 4.645966762301414 232 220 216
28.30806764309464 10.876685821997311 4.594494062199445 232 220 216
27.96597840757915 10.703773368862134 5.297589695704464 234 227 223
27.809883241447796 11.813177142164514 4.645966762301414 232 220 216
27.96597840757915 10.703773368862134 5.297589695704464 234 227 223
27.475297671584578 11.626157736903718 5.349062395806433 234 228 223
27.475297671584578 11.626157736903718 5.349062395806433 234 228 223
27.96597840757915 10.703773368862134 5.297589695704464 234 227 223
27.586769568822856 10.512098438018176 5.5398599400434545 235 230 225
27.475297671584578 11.626157736903718 5.349062395806433 234 228 223
27.586769568822856 10.512098438018176 5.5398599400434545 235 230 225
27.10440671027954 11.418845129165646 5.591332640145423 235 230 226
27.10440671027954 11.418845129165646 5.591332640145423 235 230 226
27.586769568822856 10.512098438018176 5.5398599400434545 235 230 225
27.20756073006656 10.32042350717422 5.297589695704465 234 227 223
27.10440671027954 11.418845129165646 5.591332640145423 235 230 226
27.20756073006656 10.32042350717422 5.297589695704465 234 227 223
26.733515748974504 11.211532521427577 5.349062395806434 234 228 223
26.733515748974504 11.211532521427577 5.349062395806434 234 228 223
27.20756073006656 10.32042350717422 5.297589695704465 234 227 223
26.865471494551073 10.147511054039041 4.594494062199445 232 220 216
26.733515748974504 11.211532521427577 5.349062395806434 234 228 223
26.865471494551073 10.147511054039041 4.594494062199445 232 220 216
26.398930179111286 11.02451311616678 4.645966762301414 232 220 216
26.398930179111286 11.02451311616678 4.645966762301414 232 220 216
26.865471494551073 10.147511054039041 4.594494062199445 232 220 216
26.5939879401245 10.010286954277413 3.4993969388911976 228 209 205
26.398930179111286 11.02451311616678 4.645966762301414 232 220 216
26.5939879401245 10.010286954277413 3.4993969388911976 228 209 205
26.133401567462837 10.876093675811003 3.5508696389931664 229 209 206
26.133401567462837 10.876093675811003 3.5508696389931664 229 209 206
26.5939879401245 10.010286954277413 3.4993969388911976 228 209 205
26.419684768631264 9.922183658870527 2.1194940621994447 224 194 191
26.133401567462837 10.876093675811003 3.5508696389931664 229 209 206
26.419684768631264 9.922183658870527 2.1194940621994447 224 194 191
25.96292170458393 10.780802529281315 2.1709667623014135 224 195 192
25.96292170458393 10.780802529281315 2.1709667623014135 224 195 192
26.419684768631264 9.922183658870527 2.1194940621994447 224 194 191
26.359623988938733 9.891825332224563 0.5898599400434552 219 178 176
25.96292170458393 10.780802529281315 2.1709667623014135 224 195 192
26.359623988938733 9.891825332224563 0.5898599400434552 219 178 176
25.904178347256202 10.7479674379325 0.6413326401454239 219 179 176
25.904178347256202 10.7479674379325 0.6413326401454239 219 179 176
26.359623988938733 9.891825332224563 0.5898599400434552 219 178 176
26.419684768631264 9.922183658870527 -0.9397741821125324 214 162 161
25.904178347256202 10.7479674379325 0.6413326401454239 219 179 176
26.419684768631264 9.922183658870527 -0.9397741821125324 214 162 161
25.96292170458393 10.780802529281315 -0.8883014820105637 214 163 161
25.96292170458393 10.780802529281315 -0.8883014820105637 214 163 161
26.419684768631264 9.922183658870527 -0.9397741821125324 214 162 161
26.5939879401245 10.010286954277413 -2.3196770588042868 209 148 147
25.96292170458393 10.780802529281315 -0.8883014820105637 214 163 161
26.5939879401245 10.010286954277413 -2.3196770588042868 209 148 147
26.133401567462837 10.876093675811003 -2.2682043587023184 209 148 147
26.133401567462837 10.876093675811003 -2.2682043587023184 209 148 147
26.5939879401245 10.010286954277413 -2.3196770588042868 209 148 147
26.865471494551073 10.147511054039041 -3.414774182112535 205 137 136
26.133401567462837 10.876093675811003 -2.2682043587023184 209 148 147
26.865471494551073 10.147511054039041 -3.414774182112535 205 137 136
26.398930179111286 11.02451311616678 -3.3633014820105664 205 137 136
26.398930179111286 11.02451311616678 -3.3633014820105664 205 137 136
26.865471494551073 10.147511054039041 -3.414774182112535 205 137 136
27.20756073006656 10.32042350717422 -4.1178698156175555 203 129 129
26.398930179111286 11.02451311616678 -3.3633014820105664 205 137 136
27.20756073006656 10.32042350717422 -4.1178698156175555 203 129 129
26.733515748974504 11.211532521427577 -4.066397115515587 203 130 129
26.733515748974504 11.211532521427577 -4.066397115515587 203 130 129
27.20756073006656 10.32042350717422 -4.1178698156175555 203 129 129
27.586769568822856 10.512098438018176 -4.360140059956546 202 127 126
26.733515748974504 11.211532521427577 -4.066397115515587 203 130 129
27.586769568822856 10.512098438018176 -4.360140059956546 202 127 126
27.10440671027954 11.418845129165646 -4.308667359854577 202 127 127
27.10440671027954 11.418845129165646 -4.308667359854577 202 127 127
27.586769568822856 10.512098438018176 -4.360140059956546 202 127 126
27.96597840757915 10.703773368862134 -4.117869815617556 203 129 129
27.10440671027954 11.418845129165646 -4.308667359854577 202 127 127
27.96597840757915 10.703773368862134 -4.117869815617556 203 129 129
27.475297671584578 11.626157736903718 -4.066397115515588 203 130 129
27.475297671584578 11.626157736903718 -4.066397115515588 203 130 129
27.96597840757915 10.703773368862134 -4.117869815617556 203 129 129
28.30806764309464 10.876685821997311 -3.4147741821125357 205 137 136
27.475297671584578 11.626157736903718 -4.066397115515588 203 130 129
28.30806764309464 10.876685821997311 -3.4147741821125357 205 137 136
27.809883241447796 11.813177142164514 -3.3633014820105673 205 137 136
27.809883241447796 11.813177142164514 -3.3633014820105673 205 137 136
28.30806764309464 10.876685821997311 -3.4147741821125357 205 137 136
28.579551197521212 11.01390992175894 -2.3196770588042885 209 148 147
27.809883241447796 11.813177142164514 -3.3633014820105673 205 137 136
28.579551197521212 11.01390992175894 -2.3196770588042885 209 148 147
28.07541185309625 11.961596582520292 -2.26820435870232 209 148 147
28.07541185309625 11.961596582520292 -2.26820435870232 209 148 147
28.579551197521212 11.01390992175894 -2.3196770588042885 209 148 147
28.753854369014448 11.102013217165826 -0.9397741821125362 214 162 161
28.07541185309625 11.961596582520292 -2.26820435870232 209 148 147
28.753854369014448 11.102013217165826 -0.9397741821125362 214 162 161
28.245891715975155 12.05688772904998 -0.8883014820105675 214 163 161
28.245891715975155 12.05688772904998 -0.8883014820105675 214 163 161
28.753854369014448 11.102013217165826 -0.9397741821125362 214 162 161
28.813915148706982 11.13237154381179 0.5898599400434534 219 178 176
28.245891715975155 12.05688772904998 -0.8883014820105675 214 163 161
28.813915148706982 11.13237154381179 0.5898599400434534 219 178 176
28.30463507330288 12.089722820398794 0.6413326401454221 219 179 176
28.813915148706982 11.13237154381179 0.5898599400434547 219 178 176
29.281780789750684 10.156324517667462 0.5375519243179505 218 178 175
29.22049510906196 10.128521809228568 2.06718604647394 224 194 191
28.813915148706982 11.13237154381179 0.5898599400434547 219 178 176
29.22049510906196 10.128521809228568 2.06718604647394 224 194 191
28.753854369014448 11.102013217165826 2.1194940621994443 224 194 191
28.753854369014448 11.102013217165826 2.1194940621994443 224 194 191
29.22049510906196 10.128521809228568 2.06718604647394 224 194 191
29.042637136424055 10.047835206726743 3.4470889231656923 228 208 204
28.753854369014448 11.102013217165826 2.1194940621994443 224 194 191
29.042637136424055 10.047835206726743 3.4470889231656923 228 208 204
28.579551197521212 11.01390992175894 3.4993969388911967 228 209 205
28.579551197521212 11.01390992175894 3.4993969388911967 228 209 205
29.042637136424055 10.047835206726743 3.4470889231656923 228 208 204
28.765616849408126 9.922162876991484 4.542186046473941 232 219 215
28.579551197521212 11.01390992175894 3.4993969388911967 228 209 205
28.765616849408126 9.922162876991484 4.542186046473941 232 219 215
28.30806764309464 10.876685821997311 4.594494062199445 232 220 216
28.30806764309464 10.876685821997311 4.594494062199445 232 220 216
28.765616849408126 9.922162876991484 4.542186046473941 232 219 215
28.416550923821127 9.763806503267887 5.2452816799789606 234 227 222
28.30806764309464 10.876685821997311 4.594494062199445 232 220 216
28.416550923821127 9.763806503267887 5.2452816799789606 234 227 222
27.96597840757915 10.703773368862134 5.297589695704464 234 227 223
27.96597840757915 10.703773368862134 5.297589695704464 234 227 223
28.416550923821127 9.763806503267887 5.2452816799789606 234 227 222
28.029608364544824 9.588267110749749 5.487551924317951 235 229 225
27.96597840757915 10.703773368862134 5.297589695704464 234 227 223
28.029608364544824 9.588267110749749 5.487551924317951 235 229 225
27.586769568822856 10.512098438018176 5.5398599400434545 235 230 225
27.586769568822856 10.512098438018176 5.5398599400434545 235 230 225
28.029608364544824 9.588267110749749 5.487551924317951 235 229 225
27.64266580526852 9.41272771823161 5.245281679978961 234 227 222
27.586769568822856 10.512098438018176 5.5398599400434545 235 230 225
27.64266580526852 9.41272771823161 5.245281679978961 234 227 222
27.20756073006656 10.32042350717422 5.297589695704465 234 227 223
27.20756073006656 10.32042350717422 5.297589695704465 234 227 223
27.64266580526852 9.41272771823161 5.245281679978961 234 227 222
27.29359987968152 9.254371344508012 4.542186046473941 232 219 215
27.20756073006656 10.32042350717422 5.297589695704465 234 227 223
27.29359987968152 9.254371344508012 4.542186046473941 232 219 215
26.865471494551073 10.147511054039041 4.594494062199445 232 220 216
26.865471494551073 10.147511054039041 4.594494062199445 232 220 216
27.29359987968152 9.254371344508012 4.542186046473941 232 219 215
27.01657959266559 9.128699014772753 3.447088923165693 228 208 204
26.865471494551073 10.147511054039041 4.594494062199445 232 220 216
27.01657959266559 9.128699014772753 3.447088923165693 228 208 204
26.5939879401245 10.010286954277413 3.4993969388911976 228 209 205
26.5939879401245 10.010286954277413 3.4993969388911976 228 209 205
27.01657959266559 9.128699014772753 3.447088923165693 228 208 204
26.838721620027684 9.048012412270928 2.0671860464739407 224 194 191
26.5939879401245 10.010286954277413 3.4993969388911976 228 209 205
26.838721620027684 9.048012412270928 2.0671860464739407 224 194 191
26.419684768631264 9.922183658870527 2.1194940621994447 224 194 191
26.419684768631264 9.922183658870527 2.1194940621994447 224 194 191
26.838721620027684 9.048012412270928 2.0671860464739407 224 194 191
26.777435939338964 9.020209703832036 0.5375519243179511 218 178 175
26.419684768631264 9.922183658870527 2.1194940621994447 224 194 191
26.777435939338964 9.020209703832036 0.5375519243179511 218 178 175
26.359623988938733 9.891825332224563 0.5898599400434552 219 178 176
26.359623988938733 9.891825332224563 0.5898599400434552 219 178 176
26.777435939338964 9.020209703832036 0.5375519243179511 218 178 175
26.838721620027684 9.048012412270928 -0.9920821978380365 213 162 160
26.359623988938733 9.891825332224563 0.5898599400434552 219 178 176
26.838721620027684 9.048012412270928 -0.9920821978380365 213 162 160
26.419684768631264 9.922183658870527 -0.9397741821125324 214 162 161
26.419684768631264 9.922183658870527 -0.9397741821125324 214 162 161
26.838721620027684 9.048012412270928 -0.9920821978380365 213 162 160
27.01657959266559 9.128699014772753 -2.371985074529791 209 147 146
26.419684768631264 9.922183658870527 -0.9397741821125324 214 162 161
27.01657959266559 9.128699014772753 -2.371985074529791 209 147 146
26.5939879401245 10.010286954277413 -2.3196770588042868 209 148 147
26.5939879401245 10.010286954277413 -2.3196770588042868 209 148 147
27.01657959266559 9.128699014772753 -2.371985074529791 209 147 146
27.29359987968152 9.254371344508012 -3.467082197838039 205 136 135
26.5939879401245 10.010286954277413 -2.3196770588042868 209 148 147
27.29359987968152 9.254371344508012 -3.467082197838039 205 136 135
26.865471494551073 10.147511054039041 -3.414774182112535 205 137 136
26.865471494551073 10.147511054039041 -3.414774182112535 205 137 136
27.29359987968152 9.254371344508012 -3.467082197838039 205 136 135
27.64266580526852 9.41272771823161 -4.170177831343059 203 129 128
26.865471494551073 10.147511054039041 -3.414774182112535 205 137 136
27.64266580526852 9.41272771823161 -4.170177831343059 203 129 128
27.20756073006656 10.32042350717422 -4.1178698156175555 203 129 129
27.20756073006656 10.32042350717422 -4.1178698156175555 203 129 129
27.64266580526852 9.41272771823161 -4.170177831343059 203 129 128
28.029608364544824 9.588267110749749 -4.412448075682049 202 126 126
27.20756073006656 10.32042350717422 -4.1178698156175555 203 129 129
28.029608364544824 9.588267110749749 -4.412448075682049 202 126 126
27.586769568822856 10.512098438018176 -4.360140059956546 202 127 126
27.586769568822856 10.512098438018176 -4.360140059956546 202 127 126
28.029608364544824 9.588267110749749 -4.412448075682049 202 126 126
28.416550923821127 9.763806503267887 -4.17017783134306 203 129 128
27.586769568822856 10.512098438018176 -4.360140059956546 202 127 126
28.416550923821127 9.763806503267887 -4.17017783134306 203 129 128
27.96597840757915 10.703773368862134 -4.117869815617556 203 129 129
27.96597840757915 10.703773368862134 -4.117869815617556 203 129 129
28.416550923821127 9.763806503267887 -4.17017783134306 203 129 128
28.765616849408126 9.922162876991484 -3.4670821978380397 205 136 135
27.96597840757915 10.703773368862134 -4.117869815617556 203 129 129
28.765616849408126 9.922162876991484 -3.4670821978380397 205 136 135
28.30806764309464 10.876685821997311 -3.4147741821125357 205 137 136
28.30806764309464 10.876685821997311 -3.4147741821125357 205 137 136
28.765616849408126 9.922162876991484 -3.4670821978380397 205 136 135
29.042637136424055 10.047835206726743 -2.3719850745297926 209 147 146
28.30806764309464 10.876685821997311 -3.4147741821125357 205 137 136
29.042637136424055 10.047835206726743 -2.3719850745297926 209 147 146
28.579551197521212 11.01390992175894 -2.3196770588042885 209 148 147
28.579551197521212 11.01390992175894 -2.3196770588042885 209 148 147
29.042637136424055 10.047835206726743 -2.3719850745297926 209 147 146
29.22049510906196 10.128521809228568 -0.9920821978380403 213 162 160
28.579551197521212 11.01390992175894 -2.3196770588042885 209 148 147
29.22049510906196 10.128521809228568 -0.9920821978380403 213 162 160
28.753854369014448 11.102013217165826 -0.9397741821125362 214 162 161
28.753854369014448 11.102013217165826 -0.9397741821125362 214 162 161
29.22049510906196 10.128521809228568 -0.9920821978380403 213 162 160
29.281780789750684 10.156324517667462 0.5375519243179493 218 178 175
28.753854369014448 11.102013217165826 -0.9397741821125362 214 162 161
29.281780789750684 10.156324517667462 0.5375519243179493 218 178 175
28.813915148706982 11.13237154381179 0.5898599400434534 219 178 176
29.281780789750684 10.156324517667462 0.5375519243179505 218 178 175
29.70721761188984 9.163033088205522 0.48448266767682974 218 177 175
29.64480559111065 9.137860386398277 2.0141167898328196 223 193 190
29.281780789750684 10.156324517667462 0.5375519243179505 218 178 175
29.64480559111065 9.137860386398277 2.0141167898328196 223 193 190
29.22049510906196 10.128521809228568 2.06718604647394 224 194 191
29.22049510906196 10.128521809228568 2.06718604647394 224 194 191
29.64480559111065 9.137860386398277 2.0141167898328196 223 193 190
29.463678852217075 9.064806360417967 3.3940196665245717 228 207 204
29.22049510906196 10.128521809228568 2.06718604647394 224 194 191
29.463678852217075 9.064806360417967 3.3940196665245717 228 207 204
29.042637136424055 10.047835206726743 3.4470889231656923 228 208 204
29.042637136424055 10.047835206726743 3.4470889231656923 228 208 204
29.463678852217075 9.064806360417967 3.3940196665245717 228 207 204
29.181567342396214 8.95102204732487 4.489116789832821 232 219 215
29.042637136424055 10.047835206726743 3.4470889231656923 228 208 204
29.181567342396214 8.95102204732487 4.489116789832821 232 219 215
28.765616849408126 9.922162876991484 4.542186046473941 232 219 215
28.765616849408126 9.922162876991484 4.542186046473941 232 219 215
29.181567342396214 8.95102204732487 4.489116789832821 232 219 215
28.826086101815793 8.807645448466463 5.19221242333784 234 226 222
28.765616849408126 9.922162876991484 4.542186046473941 232 219 215
28.826086101815793 8.807645448466463 5.19221242333784 234 226 222
28.416550923821127 9.763806503267887 5.2452816799789606 234 227 222
28.416550923821127 9.763806503267887 5.2452816799789606 234 227 222
28.826086101815793 8.807645448466463 5.19221242333784 234 226 222
28.432032111087274 8.648711264302516 5.43448266767683 235 229 224
28.416550923821127 9.763806503267887 5.2452816799789606 234 227 222
28.432032111087274 8.648711264302516 5.43448266767683 235 229 224
28.029608364544824 9.588267110749749 5.487551924317951 235 229 225
28.029608364544824 9.588267110749749 5.487551924317951 235 229 225
28.432032111087274 8.648711264302516 5.43448266767683 235 229 224
28.03797812035875 8.48977708013857 5.192212423337841 234 226 222
28.029608364544824 9.588267110749749 5.487551924317951 235 229 225
28.03797812035875 8.48977708013857 5.192212423337841 234 226 222
27.64266580526852 9.41272771823161 5.245281679978961 234 227 222
27.64266580526852 9.41272771823161 5.245281679978961 234 227 222
28.03797812035875 8.48977708013857 5.192212423337841 234 226 222
27.682496879778334 8.346400481280163 4.489116789832821 232 219 215
27.64266580526852 9.41272771823161 5.245281679978961 234 227 222
27.682496879778334 8.346400481280163 4.489116789832821 232 219 215
27.29359987968152 9.254371344508012 4.542186046473941 232 219 215
27.29359987968152 9.254371344508012 4.542186046473941 232 219 215
27.682496879778334 8.346400481280163 4.489116789832821 232 219 215
27.40038536995747 8.232616168187066 3.3940196665245725 228 207 204
27.29359987968152 9.254371344508012 4.542186046473941 232 219 215
27.40038536995747 8.232616168187066 3.3940196665245725 228 207 204
27.01657959266559 9.128699014772753 3.447088923165693 228 208 204
27.01657959266559 9.128699014772753 3.447088923165693 228 208 204
27.40038536995747 8.232616168187066 3.3940196665245725 228 207 204
27.219258631063894 8.159562142206756 2.01411678983282 223 193 190
27.01657959266559 9.128699014772753 3.447088923165693 228 208 204
27.219258631063894 8.159562142206756 2.01411678983282 223 193 190
26.838721620027684 9.048012412270928 2.0671860464739407 224 194 191
26.838721620027684 9.048012412270928 2.0671860464739407 224 194 191
27.219258631063894 8.159562142206756 2.01411678983282 223 193 190
27.15684661028471 8.134389440399511 0.48448266767683035 218 177 175
26.838721620027684 9.048012412270928 2.0671860464739407 224 194 191
27.15684661028471 8.134389440399511 0.48448266767683035 218 177 175
26.777435939338964 9.020209703832036 0.5375519243179511 218 178 175
26.777435939338964 9.020209703832036 0.5375519243179511 218 178 175
27.15684661028471 8.134389440399511 0.48448266767683035 218 177 175
27.219258631063894 8.159562142206756 -1.0451514544791574 213 161 160
26.777435939338964 9.020209703832036 0.5375519243179511 218 178 175
27.219258631063894 8.159562142206756 -1.0451514544791574 213 161 160
26.838721620027684 9.048012412270928 -0.9920821978380365 213 162 160
26.838721620027684 9.048012412270928 -0.9920821978380365 213 162 160
27.219258631063894 8.159562142206756 -1.0451514544791574 213 161 160
27.40038536995747 8.232616168187066 -2.425054331170912 209 147 146
26.838721620027684 9.048012412270928 -0.9920821978380365 213 162 160
27.40038536995747 8.232616168187066 -2.425054331170912 209 147 146
27.01657959266559 9.128699014772753 -2.371985074529791 209 147 146
27.01657959266559 9.128699014772753 -2.371985074529791 209 147 146
27.40038536995747 8.232616168187066 -2.425054331170912 209 147 146
27.682496879778334 8.346400481280163 -3.52015145447916 205 135 135
27.01657959266559 9.128699014772753 -2.371985074529791 209 147 146
27.682496879778334 8.346400481280163 -3.52015145447916 205 135 135
27.29359987968152 9.254371344508012 -3.467082197838039 205 136 135
27.29359987968152 9.254371344508012 -3.467082197838039 205 136 135
27.682496879778334 8.346400481280163 -3.52015145447916 205 135 135
28.03797812035875 8.48977708013857 -4.22324708798418 203 128 128
27.29359987968152 9.254371344508012 -3.467082197838039 205 136 135
28.03797812035875 8.48977708013857 -4.22324708798418 203 128 128
27.64266580526852 9.41272771823161 -4.170177831343059 203 129 128
27.64266580526852 9.41272771823161 -4.170177831343059 203 129 128
28.03797812035875 8.48977708013857 -4.22324708798418 203 128 128
28.432032111087274 8.648711264302516 -4.46551733232317 202 126 125
27.64266580526852 9.41272771823161 -4.170177831343059 203 129 128
28.432032111087274 8.648711264302516 -4.46551733232317 202 126 125
28.029608364544824 9.588267110749749 -4.412448075682049 202 126 126
28.029608364544824 9.588267110749749 -4.412448075682049 202 126 126
28.432032111087274 8.648711264302516 -4.46551733232317 202 126 125
28.826086101815793 8.807645448466463 -4.223247087984181 203 128 128
28.029608364544824 9.588267110749749 -4.412448075682049 202 126 126
28.826086101815793 8.807645448466463 -4.223247087984181 203 128 128
28.416550923821127 9.763806503267887 -4.17017783134306 203 129 128
28.416550923821127 9.763806503267887 -4.17017783134306 203 129 128
28.826086101815793 8.807645448466463 -4.223247087984181 203 128 128
29.181567342396214 8.95102204732487 -3.520151454479161 205 135 135
28.416550923821127 9.763806503267887 -4.17017783134306 203 129 128
29.181567342396214 8.95102204732487 -3.520151454479161 205 135 135
28.765616849408126 9.922162876991484 -3.4670821978380397 205 136 135
28.765616849408126 9.922162876991484 -3.4670821978380397 205 136 135
29.181567342396214 8.95102204732487 -3.520151454479161 205 135 135
29.463678852217075 9.064806360417967 -2.4250543311709136 209 147 146
28.765616849408126 9.922162876991484 -3.4670821978380397 205 136 135
29.463678852217075 9.064806360417967 -2.4250543311709136 209 147 146
29.042637136424055 10.047835206726743 -2.3719850745297926 209 147 146
29.042637136424055 10.047835206726743 -2.3719850745297926 209 147 146
29.463678852217075 9.064806360417967 -2.4250543311709136 209 147 146
29.64480559111065 9.137860386398277 -1.0451514544791611 213 161 160
29.042637136424055 10.047835206726743 -2.3719850745297926 209 147 146
29.64480559111065 9.137860386398277 -1.0451514544791611 213 161 160
29.22049510906196 10.128521809228568 -0.9920821978380403 213 162 160
29.22049510906196 10.128521809228568 -0.9920821978380403 213 162 160
29.64480559111065 9.137860386398277 -1.0451514544791611 213 161 160
29.70721761188984 9.163033088205522 0.4844826676768285 218 177 175
29.22049510906196 10.128521809228568 -0.9920821978380403 213 162 160
29.70721761188984 9.163033088205522 0.4844826676768285 218 177 175
29.281780789750684 10.156324517667462 0.5375519243179493 218 178 175
29.70721761188984 9.163033088205522 0.48448266767682974 218 177 175
30.089276762737523 8.15402197035469 0.43072732284058113 218 177 174
30.025842796079594 8.131548494253762 1.960361444996571 223 193 190
29.70721761188984 9.163033088205522 0.48448266767682974 218 177 175
30.025842796079594 8.131548494253762 1.960361444996571 223 193 190
29.64480559111065 9.137860386398277 2.0141167898328196 223 193 190
29.64480559111065 9.137860386398277 2.0141167898328196 223 193 190
30.025842796079594 8.131548494253762 1.960361444996571 223 193 190
29.841750254732723 8.066327926373656 3.340264321688323 228 207 203
29.64480559111065 9.137860386398277 2.0141167898328196 223 193 190
29.841750254732723 8.066327926373656 3.340264321688323 228 207 203
29.463678852217075 9.064806360417967 3.3940196665245717 228 207 204
29.463678852217075 9.064806360417967 3.3940196665245717 228 207 204
29.841750254732723 8.066327926373656 3.340264321688323 228 207 203
29.555019399292096 7.964744510316893 4.4353614449965715 231 218 214
29.463678852217075 9.064806360417967 3.3940196665245717 228 207 204
29.555019399292096 7.964744510316893 4.4353614449965715 231 218 214
29.181567342396214 8.95102204732487 4.489116789832821 232 219 215
29.181567342396214 8.95102204732487 4.489116789832821 232 219 215
29.555019399292096 7.964744510316893 4.4353614449965715 231 218 214
29.193717443659583 7.836741938620386 5.138457078501591 234 226 221
29.181567342396214 8.95102204732487 4.489116789832821 232 219 215
29.193717443659583 7.836741938620386 5.138457078501591 234 226 221
28.826086101815793 8.807645448466463 5.19221242333784 234 226 222
28.826086101815793 8.807645448466463 5.19221242333784 234 226 222
29.193717443659583 7.836741938620386 5.138457078501591 234 226 221
28.793211140591243 7.6948499948481475 5.380727322840581 235 228 224
28.826086101815793 8.807645448466463 5.19221242333784 234 226 222
28.793211140591243 7.6948499948481475 5.380727322840581 235 228 224
28.432032111087274 8.648711264302516 5.43448266767683 235 229 224
28.432032111087274 8.648711264302516 5.43448266767683 235 229 224
28.793211140591243 7.6948499948481475 5.380727322840581 235 228 224
28.392704837522903 7.552958051075909 5.138457078501592 234 226 221
28.432032111087274 8.648711264302516 5.43448266767683 235 229 224
28.392704837522903 7.552958051075909 5.138457078501592 234 226 221
28.03797812035875 8.48977708013857 5.192212423337841 234 226 222
28.03797812035875 8.48977708013857 5.192212423337841 234 226 222
28.392704837522903 7.552958051075909 5.138457078501592 234 226 221
28.031402881890394 7.424955479379402 4.4353614449965715 231 218 214
28.03797812035875 8.48977708013857 5.192212423337841 234 226 222
28.031402881890394 7.424955479379402 4.4353614449965715 231 218 214
27.682496879778334 8.346400481280163 4.489116789832821 232 219 215
27.682496879778334 8.346400481280163 4.489116789832821 232 219 215
28.031402881890394 7.424955479379402 4.4353614449965715 231 218 214
27.744672026449763 7.323372063322639 3.340264321688324 228 207 203
27.682496879778334 8.346400481280163 4.489116789832821 232 219 215
27.744672026449763 7.323372063322639 3.340264321688324 228 207 203
27.40038536995747 8.232616168187066 3.3940196665245725 228 207 204
27.40038536995747 8.232616168187066 3.3940196665245725 228 207 204
27.744672026449763 7.323372063322639 3.340264321688324 228 207 203
27.560579485102892 7.258151495442533 1.9603614449965714 223 193 190
27.40038536995747 8.232616168187066 3.3940196665245725 228 207 204
27.560579485102892 7.258151495442533 1.9603614449965714 223 193 190
27.219258631063894 8.159562142206756 2.01411678983282 223 193 190
27.219258631063894 8.159562142206756 2.01411678983282 223 193 190
27.560579485102892 7.258151495442533 1.9603614449965714 223 193 190
27.497145518444967 7.235678019341607 0.43072732284058174 218 177 174
27.219258631063894 8.159562142206756 2.01411678983282 223 193 190
27.497145518444967 7.235678019341607 0.43072732284058174 218 177 174
27.15684661028471 8.134389440399511 0.48448266767683035 218 177 175
27.15684661028471 8.134389440399511 0.48448266767683035 218 177 175
27.497145518444967 7.235678019341607 0.43072732284058174 218 177 174
27.560579485102892 7.258151495442533 -1.0989067993154058 213 161 159
27.15684661028471 8.134389440399511 0.48448266767683035 218 177 175
27.560579485102892 7.258151495442533 -1.0989067993154058 213 161 159
27.219258631063894 8.159562142206756 -1.0451514544791574 213 161 160
27.219258631063894 8.159562142206756 -1.0451514544791574 213 161 160
27.560579485102892 7.258151495442533 -1.0989067993154058 213 161 159
27.744672026449763 7.323372063322639 -2.4788096760071605 208 146 145
27.219258631063894 8.159562142206756 -1.0451514544791574 213 161 160
27.744672026449763 7.323372063322639 -2.4788096760071605 208 146 145
27.40038536995747 8.232616168187066 -2.425054331170912 209 147 146
27.40038536995747 8.232616168187066 -2.425054331170912 209 147 146
27.744672026449763 7.323372063322639 -2.4788096760071605 208 146 145
28.031402881890394 7.424955479379402 -3.5739067993154086 205 135 134
27.40038536995747 8.232616168187066 -2.425054331170912 209 147 146
28.031402881890394 7.424955479379402 -3.5739067993154086 205 135 134
27.682496879778334 8.346400481280163 -3.52015145447916 205 135 135
27.682496879778334 8.346400481280163 -3.52015145447916 205 135 135
28.031402881890394 7.424955479379402 -3.5739067993154086 205 135 134
28.392704837522903 7.552958051075909 -4.277002432820429 202 128 127
27.682496879778334 8.346400481280163 -3.52015145447916 205 135 135
28.392704837522903 7.552958051075909 -4.277002432820429 202 128 127
28.03797812035875 8.48977708013857 -4.22324708798418 203 128 128
28.03797812035875 8.48977708013857 -4.22324708798418 203 128 128
28.392704837522903 7.552958051075909 -4.277002432820429 202 128 127
28.793211140591243 7.6948499948481475 -4.519272677159419 202 125 125
28.03797812035875 8.48977708013857 -4.22324708798418 203 128 128
28.793211140591243 7.6948499948481475 -4.519272677159419 202 125 125
28.432032111087274 8.648711264302516 -4.46551733232317 202 126 125
28.432032111087274 8.648711264302516 -4.46551733232317 202 126 125
28.793211140591243 7.6948499948481475 -4.519272677159419 202 125 125
29.193717443659583 7.836741938620386 -4.27700243282043 202 128 127
28.432032111087274 8.648711264302516 -4.46551733232317 202 126 125
29.193717443659583 7.836741938620386 -4.27700243282043 202 128 127
28.826086101815793 8.807645448466463 -4.223247087984181 203 128 128
28.826086101815793 8.807645448466463 -4.223247087984181 203 128 128
29.193717443659583 7.836741938620386 -4.27700243282043 202 128 127
29.555019399292096 7.964744510316893 -3.5739067993154094 205 135 134
28.826086101815793 8.807645448466463 -4.223247087984181 203 128 128
29.555019399292096 7.964744510316893 -3.5739067993154094 205 135 134
29.181567342396214 8.95102204732487 -3.520151454479161 205 135 135
29.181567342396214 8.95102204732487 -3.520151454479161 205 135 135
29.555019399292096 7.964744510316893 -3.5739067993154094 205 135 134
29.841750254732723 8.066327926373656 -2.4788096760071623 208 146 145
29.181567342396214 8.95102204732487 -3.520151454479161 205 135 135
29.841750254732723 8.066327926373656 -2.4788096760071623 208 146 145
29.463678852217075 9.064806360417967 -2.4250543311709136 209 147 146
29.463678852217075 9.064806360417967 -2.4250543311709136 209 147 146
29.841750254732723 8.066327926373656 -2.4788096760071623 208 146 145
30.025842796079594 8.131548494253762 -1.0989067993154098 213 161 159
29.463678852217075 9.064806360417967 -2.4250543311709136 209 147 146
30.025842796079594 8.131548494253762 -1.0989067993154098 213 161 159
29.64480559111065 9.137860386398277 -1.0451514544791611 213 161 160
29.64480559111065 9.137860386398277 -1.0451514544791611 213 161 160
30.025842796079594 8.131548494253762 -1.0989067993154098 213 161 159
30.089276762737523 8.15402197035469 0.4307273228405799 218 177 174
29.64480559111065 9.137860386398277 -1.0451514544791611 213 161 160
30.089276762737523 8.15402197035469 0.4307273228405799 218 177 174
29.70721761188984 9.163033088205522 0.4844826676768285 218 177 175
30.089276762737523 8.15402197035469 0.43072732284058113 218 177 174
30.42708326377967 7.130887017462169 0.37636201411659026 218 176 174
30.362737278642044 7.111176120712245 1.90599613627258 223 192 189
30.089276762737523 8.15402197035469 0.43072732284058113 218 177 174
30.362737278642044 7.111176120712245 1.90599613627258 223 192 189
30.025842796079594 8.131548494253762 1.960361444996571 223 193 190
30.025842796079594 8.131548494253762 1.960361444996571 223 193 190
30.362737278642044 7.111176120712245 1.90599613627258 223 192 189
30.17599795657927 7.053972870370249 3.2858990129643324 228 206 203
30.025842796079594 8.131548494253762 1.960361444996571 223 193 190
30.17599795657927 7.053972870370249 3.2858990129643324 228 206 203
29.841750254732723 8.066327926373656 3.340264321688323 228 207 203
29.841750254732723 8.066327926373656 3.340264321688323 228 207 203
30.17599795657927 7.053972870370249 3.2858990129643324 228 206 203
29.885144643524217 6.964876719138136 4.38099613627258 231 218 214
29.841750254732723 8.066327926373656 3.340264321688323 228 207 203
29.885144643524217 6.964876719138136 4.38099613627258 231 218 214
29.555019399292096 7.964744510316893 4.4353614449965715 231 218 214
29.555019399292096 7.964744510316893 4.4353614449965715 231 218 214
29.885144643524217 6.964876719138136 4.38099613627258 231 218 214
29.51864808825291 6.852609019067893 5.0840917697776 234 225 221
29.555019399292096 7.964744510316893 4.4353614449965715 231 218 214
29.51864808825291 6.852609019067893 5.0840917697776 234 225 221
29.193717443659583 7.836741938620386 5.138457078501591 234 226 221
29.193717443659583 7.836741938620386 5.138457078501591 234 226 221
29.51864808825291 6.852609019067893 5.0840917697776 234 225 221
29.11238352712695 6.728159314857458 5.32636201411659 234 228 223
29.193717443659583 7.836741938620386 5.138457078501591 234 226 221
29.11238352712695 6.728159314857458 5.32636201411659 234 228 223
28.793211140591243 7.6948499948481475 5.380727322840581 235 228 224
28.793211140591243 7.6948499948481475 5.380727322840581 235 228 224
29.11238352712695 6.728159314857458 5.32636201411659 234 228 223
28.706118966000993 6.603709610647022 5.084091769777601 234 225 221
28.793211140591243 7.6948499948481475 5.380727322840581 235 228 224
28.706118966000993 6.603709610647022 5.084091769777601 234 225 221
28.392704837522903 7.552958051075909 5.138457078501592 234 226 221
28.392704837522903 7.552958051075909 5.138457078501592 234 226 221
28.706118966000993 6.603709610647022 5.084091769777601 234 225 221
28.339622410729685 6.491441910576779 4.38099613627258 231 218 214
28.392704837522903 7.552958051075909 5.138457078501592 234 226 221
28.339622410729685 6.491441910576779 4.38099613627258 231 218 214
28.031402881890394 7.424955479379402 4.4353614449965715 231 218 214
28.031402881890394 7.424955479379402 4.4353614449965715 231 218 214
28.339622410729685 6.491441910576779 4.38099613627258 231 218 214
28.048769097674633 6.402345759344667 3.2858990129643333 228 206 203
28.031402881890394 7.424955479379402 4.4353614449965715 231 218 214
28.048769097674633 6.402345759344667 3.2858990129643333 228 206 203
27.744672026449763 7.323372063322639 3.340264321688324 228 207 203
27.744672026449763 7.323372063322639 3.340264321688324 228 207 203
28.048769097674633 6.402345759344667 3.2858990129643333 228 206 203
27.86202977561186 6.34514250900267 1.9059961362725804 223 192 189
27.744672026449763 7.323372063322639 3.340264321688324 228 207 203
27.86202977561186 6.34514250900267 1.9059961362725804 223 192 189
27.560579485102892 7.258151495442533 1.9603614449965714 223 193 190
27.560579485102892 7.258151495442533 1.9603614449965714 223 193 190
27.86202977561186 6.34514250900267 1.9059961362725804 223 192 189
27.79768379047423 6.325431612252746 0.37636201411659087 218 176 174
27.560579485102892 7.258151495442533 1.9603614449965714 223 193 190
27.79768379047423 6.325431612252746 0.37636201411659087 218 176 174
27.497145518444967 7.235678019341607 0.43072732284058174 218 177 174
27.497145518444967 7.235678019341607 0.43072732284058174 218 177 174
27.79768379047423 6.325431612252746 0.37636201411659087 218 176 174
27.86202977561186 6.34514250900267 -1.1532721080393968 213 160 158
27.497145518444967 7.235678019341607 0.43072732284058174 218 177 174
27.86202977561186 6.34514250900267 -1.1532721080393968 213 160 158
27.560579485102892 7.258151495442533 -1.0989067993154058 213 161 159
27.560579485102892 7.258151495442533 -1.0989067993154058 213 161 159
27.86202977561186 6.34514250900267 -1.1532721080393968 213 160 158
28.048769097674633 6.402345759344667 -2.533174984731151 208 146 145
27.560579485102892 7.258151495442533 -1.0989067993154058 213 161 159
28.048769097674633 6.402345759344667 -2.533174984731151 208 146 145
27.744672026449763 7.323372063322639 -2.4788096760071605 208 146 145
27.744672026449763 7.323372063322639 -2.4788096760071605 208 146 145
28.048769097674633 6.402345759344667 -2.533174984731151 208 146 145
28.33962241072968 6.491441910576779 -3.628272108039399 205 134 134
27.744672026449763 7.323372063322639 -2.4788096760071605 208 146 145
28.33962241072968 6.491441910576779 -3.628272108039399 205 134 134
28.031402881890394 7.424955479379402 -3.5739067993154086 205 135 134
28.031402881890394 7.424955479379402 -3.5739067993154086 205 135 134
28.33962241072968 6.491441910576779 -3.628272108039399 205 134 134
28.706118966000993 6.603709610647022 -4.33136774154442 202 127 127
28.031402881890394 7.424955479379402 -3.5739067993154086 205 135 134
28.706118966000993 6.603709610647022 -4.33136774154442 202 127 127
28.392704837522903 7.552958051075909 -4.277002432820429 202 128 127
28.392704837522903 7.552958051075909 -4.277002432820429 202 128 127
28.706118966000993 6.603709610647022 -4.33136774154442 202 127 127
29.11238352712695 6.728159314857458 -4.57363798588341 201 124 124
28.392704837522903 7.552958051075909 -4.277002432820429 202 128 127
29.11238352712695 6.728159314857458 -4.57363798588341 201 124 124
28.793211140591243 7.6948499948481475 -4.519272677159419 202 125 125
28.793211140591243 7.6948499948481475 -4.519272677159419 202 125 125
29.11238352712695 6.728159314857458 -4.57363798588341 201 124 124
29.51864808825291 6.852609019067893 -4.331367741544421 202 127 127
28.793211140591243 7.6948499948481475 -4.519272677159419 202 125 125
29.51864808825291 6.852609019067893 -4.331367741544421 202 127 127
29.193717443659583 7.836741938620386 -4.27700243282043 202 128 127
29.193717443659583 7.836741938620386 -4.27700243282043 202 128 127
29.51864808825291 6.852609019067893 -4.331367741544421 202 127 127
29.885144643524217 6.964876719138136 -3.6282721080394 205 134 134
29.193717443659583 7.836741938620386 -4.27700243282043 202 128 127
29.885144643524217 6.964876719138136 -3.6282721080394 205 134 134
29.555019399292096 7.964744510316893 -3.5739067993154094 205 135 134
29.555019399292096 7.964744510316893 -3.5739067993154094 205 135 134
29.885144643524217 6.964876719138136 -3.6282721080394 205 134 134
30.17599795657927 7.053972870370249 -2.533174984731153 208 146 145
29.555019399292096 7.964744510316893 -3.5739067993154094 205 135 134
30.17599795657927 7.053972870370249 -2.533174984731153 208 146 145
29.841750254732723 8.066327926373656 -2.4788096760071623 208 146 145
29.841750254732723 8.066327926373656 -2.4788096760071623 208 146 145
30.17599795657927 7.053972870370249 -2.533174984731153 208 146 145
30.362737278642044 7.111176120712245 -1.1532721080394006 213 160 158
29.841750254732723 8.066327926373656 -2.4788096760071623 208 146 145
30.362737278642044 7.111176120712245 -1.1532721080394006 213 160 158
30.025842796079594 8.131548494253762 -1.0989067993154098 213 161 159
30.025842796079594 8.131548494253762 -1.0989067993154098 213 161 159
30.362737278642044 7.111176120712245 -1.1532721080394006 213 160 158
30.42708326377967 7.130887017462169 0.37636201411658904 218 176 174
30.025842796079594 8.131548494253762 -1.0989067993154098 213 161 159
30.42708326377967 7.130887017462169 0.37636201411658904 218 176 174
30.089276762737523 8.15402197035469 0.4307273228405799 218 177 174
30.42708326377967 7.130887017462169 0.37636201411659026 218 176 174
30.71984440256417 6.095291682038116 0.32146372959757635 218 175 173
30.6547014640543 6.078400180733699 1.8510978517535661 223 191 189
30.42708326377967 7.130887017462169 0.37636201411659026 218 176 174
30.6547014640543 6.078400180733699 1.8510978517535661 223 191 189
30.362737278642044 7.111176120712245 1.90599613627258 223 192 189
30.362737278642044 7.111176120712245 1.90599613627258 223 192 189
30.6547014640543 6.078400180733699 1.8510978517535661 223 191 189
30.46564929322357 6.029379134658136 3.231000728445318 227 206 202
30.362737278642044 7.111176120712245 1.90599613627258 223 192 189
30.46564929322357 6.029379134658136 3.231000728445318 227 206 202
30.17599795657927 7.053972870370249 3.2858990129643324 228 206 203
30.17599795657927 7.053972870370249 3.2858990129643324 228 206 203
30.46564929322357 6.029379134658136 3.231000728445318 227 206 202
30.171193633756825 5.953027065351014 4.326097851753567 231 217 213
30.17599795657927 7.053972870370249 3.2858990129643324 228 206 203
30.171193633756825 5.953027065351014 4.326097851753567 231 217 213
29.885144643524217 6.964876719138136 4.38099613627258 231 218 214
29.885144643524217 6.964876719138136 4.38099613627258 231 218 214
30.171193633756825 5.953027065351014 4.326097851753567 231 217 213
29.800157857195885 5.8568178453322615 5.0291934852585864 233 224 220
29.885144643524217 6.964876719138136 4.38099613627258 231 218 214
29.800157857195885 5.8568178453322615 5.0291934852585864 233 224 220
29.51864808825291 6.852609019067893 5.0840917697776 234 225 221
29.51864808825291 6.852609019067893 5.0840917697776 234 225 221
29.800157857195885 5.8568178453322615 5.0291934852585864 233 224 220
29.388861530508798 5.750169103386367 5.271463729597577 234 227 223
29.51864808825291 6.852609019067893 5.0840917697776 234 225 221
29.388861530508798 5.750169103386367 5.271463729597577 234 227 223
29.11238352712695 6.728159314857458 5.32636201411659 234 228 223
29.11238352712695 6.728159314857458 5.32636201411659 234 228 223
29.388861530508798 5.750169103386367 5.271463729597577 234 227 223
28.97756520382171 5.643520361440472 5.029193485258587 233 224 220
29.11238352712695 6.728159314857458 5.32636201411659 234 228 223
28.97756520382171 5.643520361440472 5.029193485258587 233 224 220
28.706118966000993 6.603709610647022 5.084091769777601 234 225 221
28.706118966000993 6.603709610647022 5.084091769777601 234 225 221
28.97756520382171 5.643520361440472 5.029193485258587 233 224 220
28.60652942726077 5.547311141421719 4.326097851753567 231 217 213
28.706118966000993 6.603709610647022 5.084091769777601 234 225 221
28.60652942726077 5.547311141421719 4.326097851753567 231 217 213
28.339622410729685 6.491441910576779 4.38099613627258 231 218 214
28.339622410729685 6.491441910576779 4.38099613627258 231 218 214
28.60652942726077 5.547311141421719 4.326097851753567 231 217 213
28.312073767794026 5.4709590721145975 3.231000728445319 227 206 202
28.339622410729685 6.491441910576779 4.38099613627258 231 218 214
28.312073767794026 5.4709590721145975 3.231000728445319 227 206 202
28.048769097674633 6.402345759344667 3.2858990129643333 228 206 203
28.048769097674633 6.402345759344667 3.2858990129643333 228 206 203
28.312073767794026 5.4709590721145975 3.231000728445319 227 206 202
28.123021596963298 5.421938026039034 1.8510978517535666 223 191 189
28.048769097674633 6.402345759344667 3.2858990129643333 228 206 203
28.123021596963298 5.421938026039034 1.8510978517535666 223 191 189
27.86202977561186 6.34514250900267 1.9059961362725804 223 192 189
27.86202977561186 6.34514250900267 1.9059961362725804 223 192 189
28.123021596963298 5.421938026039034 1.8510978517535666 223 191 189
28.057878658453426 5.405046524734618 0.32146372959757696 218 175 173
27.86202977561186 6.34514250900267 1.9059961362725804 223 192 189
28.057878658453426 5.405046524734618 0.32146372959757696 218 175 173
27.79768379047423 6.325431612252746 0.37636201411659087 218 176 174
27.79768379047423 6.325431612252746 0.37636201411659087 218 176 174
28.057878658453426 5.405046524734618 0.32146372959757696 218 175 173
28.123021596963298 5.421938026039034 -1.2081703925584106 213 159 158
27.79768379047423 6.325431612252746 0.37636201411659087 218 176 174
28.123021596963298 5.421938026039034 -1.2081703925584106 213 159 158
27.86202977561186 6.34514250900267 -1.1532721080393968 213 160 158
27.86202977561186 6.34514250900267 -1.1532721080393968 213 160 158
28.123021596963298 5.421938026039034 -1.2081703925584106 213 159 158
28.312073767794026 5.4709590721145975 -2.5880732692501653 208 145 144
27.86202977561186 6.34514250900267 -1.1532721080393968 213 160 158
28.312073767794026 5.4709590721145975 -2.5880732692501653 208 145 144
28.048769097674633 6.402345759344667 -2.533174984731151 208 146 145
28.048769097674633 6.402345759344667 -2.533174984731151 208 146 145
28.312073767794026 5.4709590721145975 -2.5880732692501653 208 145 144
28.606529427260767 5.547311141421719 -3.6831703925584134 204 134 133
28.048769097674633 6.402345759344667 -2.533174984731151 208 146 145
28.606529427260767 5.547311141421719 -3.6831703925584134 204 134 133
28.33962241072968 6.491441910576779 -3.628272108039399 205 134 134
28.33962241072968 6.491441910576779 -3.628272108039399 205 134 134
28.606529427260767 5.547311141421719 -3.6831703925584134 204 134 133
28.97756520382171 5.643520361440472 -4.386266026063433 202 126 126
28.33962241072968 6.491441910576779 -3.628272108039399 205 134 134
28.97756520382171 5.643520361440472 -4.386266026063433 202 126 126
28.706118966000993 6.603709610647022 -4.33136774154442 202 127 127
28.706118966000993 6.603709610647022 -4.33136774154442 202 127 127
28.97756520382171 5.643520361440472 -4.386266026063433 202 126 126
29.388861530508798 5.750169103386367 -4.6285362704024235 201 124 124
28.706118966000993 6.603709610647022 -4.33136774154442 202 127 127
29.388861530508798 5.750169103386367 -4.6285362704024235 201 124 124
29.11238352712695 6.728159314857458 -4.57363798588341 201 124 124
29.11238352712695 6.728159314857458 -4.57363798588341 201 124 124
29.388861530508798 5.750169103386367 -4.6285362704024235 201 124 124
29.800157857195885 5.8568178453322615 -4.386266026063434 202 126 126
29.11238352712695 6.728159314857458 -4.57363798588341 201 124 124
29.800157857195885 5.8568178453322615 -4.386266026063434 202 126 126
29.51864808825291 6.852609019067893 -4.331367741544421 202 127 127
29.51864808825291 6.852609019067893 -4.331367741544421 202 127 127
29.800157857195885 5.8568178453322615 -4.386266026063434 202 126 126
30.171193633756825 5.953027065351014 -3.6831703925584143 204 134 133
29.51864808825291 6.852609019067893 -4.331367741544421 202 127 127
30.171193633756825 5.953027065351014 -3.6831703925584143 204 134 133
29.885144643524217 6.964876719138136 -3.6282721080394 205 134 134
29.885144643524217 6.964876719138136 -3.6282721080394 205 134 134
30.171193633756825 5.953027065351014 -3.6831703925584143 204 134 133
30.46564929322357 6.029379134658136 -2.588073269250167 208 145 144
29.885144643524217 6.964876719138136 -3.6282721080394 205 134 134
30.46564929322357 6.029379134658136 -2.588073269250167 208 145 144
30.17599795657927 7.053972870370249 -2.533174984731153 208 146 145
30.17599795657927 7.053972870370249 -2.533174984731153 208 146 145
30.46564929322357 6.029379134658136 -2.588073269250167 208 145 144
30.6547014640543 6.078400180733699 -1.2081703925584144 213 159 158
30.17599795657927 7.053972870370249 -2.533174984731153 208 146 145
30.6547014640543 6.078400180733699 -1.2081703925584144 213 159 158
30.362737278642044 7.111176120712245 -1.1532721080394006 213 160 158
30.362737278642044 7.111176120712245 -1.1532721080394006 213 160 158
30.6547014640543 6.078400180733699 -1.2081703925584144 213 159 158
30.71984440256417 6.095291682038116 0.32146372959757513 218 175 173
30.362737278642044 7.111176120712245 -1.1532721080394006 213 160 158
30.71984440256417 6.095291682038116 0.32146372959757513 218 175 173
30.42708326377967 7.130887017462169 0.37636201411658904 218 176 174
30.71984440256417 6.095291682038116 0.32146372959757635 218 175 173
30.966857939531863 5.048962110588095 0.2661102121368017 218 175 173
30.9010377610291 5.034939651606779 1.7957443342927915 223 191 188
30.71984440256417 6.095291682038116 0.32146372959757635 218 175 173
30.9010377610291 5.034939651606779 1.7957443342927915 223 191 188
30.6547014640543 6.078400180733699 1.8510978517535661 223 191 189
30.6547014640543 6.078400180733699 1.8510978517535661 223 191 189
30.9010377610291 5.034939651606779 1.7957443342927915 223 191 188
30.71002016318882 4.9942448906481385 3.1756472109845437 227 205 202
30.6547014640543 6.078400180733699 1.8510978517535661 223 191 189
30.71002016318882 4.9942448906481385 3.1756472109845437 227 205 202
30.46564929322357 6.029379134658136 3.231000728445318 227 206 202
30.46564929322357 6.029379134658136 3.231000728445318 227 206 202
30.71002016318882 4.9942448906481385 3.1756472109845437 227 205 202
30.412503279385483 4.930861314451878 4.270744334292792 231 217 213
30.46564929322357 6.029379134658136 3.231000728445318 227 206 202
30.412503279385483 4.930861314451878 4.270744334292792 231 217 213
30.171193633756825 5.953027065351014 4.326097851753567 231 217 213
30.171193633756825 5.953027065351014 4.326097851753567 231 217 213
30.412503279385483 4.930861314451878 4.270744334292792 231 217 213
30.037610135127785 4.85099334907543 4.973839967797812 233 224 220
30.171193633756825 5.953027065351014 4.326097851753567 231 217 213
30.037610135127785 4.85099334907543 4.973839967797812 233 224 220
29.800157857195885 5.8568178453322615 5.0291934852585864 233 224 220
29.800157857195885 5.8568178453322615 5.0291934852585864 233 224 220
30.037610135127785 4.85099334907543 4.973839967797812 233 224 220
29.622037883409792 4.762459027442677 5.216110212136802 234 226 222
29.800157857195885 5.8568178453322615 5.0291934852585864 233 224 220
29.622037883409792 4.762459027442677 5.216110212136802 234 226 222
29.388861530508798 5.750169103386367 5.271463729597577 234 227 223
29.388861530508798 5.750169103386367 5.271463729597577 234 227 223
29.622037883409792 4.762459027442677 5.216110212136802 234 226 222
29.206465631691803 4.673924705809925 4.9738399677978125 233 224 220
29.388861530508798 5.750169103386367 5.271463729597577 234 227 223
29.206465631691803 4.673924705809925 4.9738399677978125 233 224 220
28.97756520382171 5.643520361440472 5.029193485258587 233 224 220
28.97756520382171 5.643520361440472 5.029193485258587 233 224 220
29.206465631691803 4.673924705809925 4.9738399677978125 233 224 220
28.831572487434105 4.5940567404334764 4.270744334292792 231 217 213
28.97756520382171 5.643520361440472 5.029193485258587 233 224 220
28.831572487434105 4.5940567404334764 4.270744334292792 231 217 213
28.60652942726077 5.547311141421719 4.326097851753567 231 217 213
28.60652942726077 5.547311141421719 4.326097851753567 231 217 213
28.831572487434105 4.5940567404334764 4.270744334292792 231 217 213
28.534055603630765 4.530673164237216 3.1756472109845446 227 205 202
28.60652942726077 5.547311141421719 4.326097851753567 231 217 213
28.534055603630765 4.530673164237216 3.1756472109845446 227 205 202
28.312073767794026 5.4709590721145975 3.231000728445319 227 206 202
28.312073767794026 5.4709590721145975 3.231000728445319 227 206 202
28.534055603630765 4.530673164237216 3.1756472109845446 227 205 202
28.343038005790483 4.489978403278576 1.795744334292792 223 191 188
28.312073767794026 5.4709590721145975 3.231000728445319 227 206 202
28.343038005790483 4.489978403278576 1.795744334292792 223 191 188
28.123021596963298 5.421938026039034 1.8510978517535666 223 191 189
28.123021596963298 5.421938026039034 1.8510978517535666 223 191 189
28.343038005790483 4.489978403278576 1.795744334292792 223 191 188
28.27721782728772 4.47595594429726 0.2661102121368023 218 175 173
28.123021596963298 5.421938026039034 1.8510978517535666 223 191 189
28.27721782728772 4.47595594429726 0.2661102121368023 218 175 173
28.057878658453426 5.405046524734618 0.32146372959757696 218 175 173
28.057878658453426 5.405046524734618 0.32146372959757696 218 175 173
28.27721782728772 4.47595594429726 0.2661102121368023 218 175 173
28.343038005790483 4.489978403278576 -1.2635239100191853 212 159 157
28.057878658453426 5.405046524734618 0.32146372959757696 218 175 173
28.343038005790483 4.489978403278576 -1.2635239100191853 212 159 157
28.123021596963298 5.421938026039034 -1.2081703925584106 213 159 158
28.123021596963298 5.421938026039034 -1.2081703925584106 213 159 158
28.343038005790483 4.489978403278576 -1.2635239100191853 212 159 157
28.534055603630765 4.530673164237216 -2.64342678671094 208 145 144
28.123021596963298 5.421938026039034 -1.2081703925584106 213 159 158
28.534055603630765 4.530673164237216 -2.64342678671094 208 145 144
28.312073767794026 5.4709590721145975 -2.5880732692501653 208 145 144
28.312073767794026 5.4709590721145975 -2.5880732692501653 208 145 144
28.534055603630765 4.530673164237216 -2.64342678671094 208 145 144
28.8315724874341 4.5940567404334764 -3.738523910019188 204 133 133
28.312073767794026 5.4709590721145975 -2.5880732692501653 208 145 144
28.8315724874341 4.5940567404334764 -3.738523910019188 204 133 133
28.606529427260767 5.547311141421719 -3.6831703925584134 204 134 133
28.606529427260767 5.547311141421719 -3.6831703925584134 204 134 133
28.8315724874341 4.5940567404334764 -3.738523910019188 204 133 133
29.206465631691803 4.673924705809925 -4.441619543524208 202 126 126
28.606529427260767 5.547311141421719 -3.6831703925584134 204 134 133
29.206465631691803 4.673924705809925 -4.441619543524208 202 126 126
28.97756520382171 5.643520361440472 -4.386266026063433 202 126 126
28.97756520382171 5.643520361440472 -4.386266026063433 202 126 126
29.206465631691803 4.673924705809925 -4.441619543524208 202 126 126
29.622037883409792 4.762459027442677 -4.683889787863198 201 123 123
28.97756520382171 5.643520361440472 -4.386266026063433 202 126 126
29.622037883409792 4.762459027442677 -4.683889787863198 201 123 123
29.388861530508798 5.750169103386367 -4.6285362704024235 201 124 124
29.388861530508798 5.750169103386367 -4.6285362704024235 201 124 124
29.622037883409792 4.762459027442677 -4.683889787863198 201 123 123
30.037610135127785 4.85099334907543 -4.441619543524209 202 126 126
29.388861530508798 5.750169103386367 -4.6285362704024235 201 124 124
30.037610135127785 4.85099334907543 -4.441619543524209 202 126 126
29.800157857195885 5.8568178453322615 -4.386266026063434 202 126 126
29.800157857195885 5.8568178453322615 -4.386266026063434 202 126 126
30.037610135127785 4.85099334907543 -4.441619543524209 202 126 126
30.412503279385483 4.930861314451878 -3.7385239100191887 204 133 133
29.800157857195885 5.8568178453322615 -4.386266026063434 202 126 126
30.412503279385483 4.930861314451878 -3.7385239100191887 204 133 133
30.171193633756825 5.953027065351014 -3.6831703925584143 204 134 133
30.171193633756825 5.953027065351014 -3.6831703925584143 204 134 133
30.412503279385483 4.930861314451878 -3.7385239100191887 204 133 133
30.71002016318882 4.9942448906481385 -2.6434267867109416 208 145 144
30.171193633756825 5.953027065351014 -3.6831703925584143 204 134 133
30.71002016318882 4.9942448906481385 -2.6434267867109416 208 145 144
30.46564929322357 6.029379134658136 -2.588073269250167 208 145 144
30.46564929322357 6.029379134658136 -2.588073269250167 208 145 144
30.71002016318882 4.9942448906481385 -2.6434267867109416 208 145 144
30.9010377610291 5.034939651606779 -1.263523910019189 212 159 157
30.46564929322357 6.029379134658136 -2.588073269250167 208 145 144
30.9010377610291 5.034939651606779 -1.263523910019189 212 159 157
30.6547014640543 6.078400180733699 -1.2081703925584144 213 159 158
30.6547014640543 6.078400180733699 -1.2081703925584144 213 159 158
30.9010377610291 5.034939651606779 -1.263523910019189 212 159 157
30.966857939531863 5.048962110588095 0.2661102121368005 218 175 173
30.6547014640543 6.078400180733699 -1.2081703925584144 213 159 158
30.966857939531863 5.048962110588095 0.2661102121368005 218 175 173
30.71984440256417 6.095291682038116 0.32146372959757513 218 175 173
30.966857939531863 5.048962110588095 0.2661102121368017 218 175 173
31.167519874204693 3.9936808676133038 0.21037984925444472 217 174 172
31.10114623848324 3.9825693539840206 1.7400139714104343 222 190 187
30.966857939531863 5.048962110588095 0.2661102121368017 218 175 173
31.10114623848324 3.9825693539840206 1.7400139714104343 222 190 187
30.9010377610291 5.034939651606779 1.7957443342927915 223 191 188
30.9010377610291 5.034939651606779 1.7957443342927915 223 191 188
31.10114623848324 3.9825693539840206 1.7400139714104343 222 190 187
30.908522445235604 3.950322485468674 3.1199168481021866 227 205 201
30.9010377610291 5.034939651606779 1.7957443342927915 223 191 188
30.908522445235604 3.950322485468674 3.1199168481021866 227 205 201
30.71002016318882 4.9942448906481385 3.1756472109845437 227 205 202
30.71002016318882 4.9942448906481385 3.1756472109845437 227 205 202
30.908522445235604 3.950322485468674 3.1199168481021866 227 205 201
30.608503853433753 3.900096810234689 4.2150139714104355 231 216 212
30.71002016318882 4.9942448906481385 3.1756472109845437 227 205 202
30.608503853433753 3.900096810234689 4.2150139714104355 231 216 212
30.412503279385483 4.930861314451878 4.270744334292792 231 217 213
30.412503279385483 4.930861314451878 4.270744334292792 231 217 213
30.608503853433753 3.900096810234689 4.2150139714104355 231 216 212
30.230458373195695 3.836808767316826 4.918109604915455 233 223 219
30.412503279385483 4.930861314451878 4.270744334292792 231 217 213
30.230458373195695 3.836808767316826 4.918109604915455 233 223 219
30.037610135127785 4.85099334907543 4.973839967797812 233 224 220
30.037610135127785 4.85099334907543 4.973839967797812 233 224 220
30.230458373195695 3.836808767316826 4.918109604915455 233 223 219
29.811391730124875 3.7666534313096083 5.160379849254445 234 226 222
30.037610135127785 4.85099334907543 4.973839967797812 233 224 220
29.811391730124875 3.7666534313096083 5.160379849254445 234 226 222
29.622037883409792 4.762459027442677 5.216110212136802 234 226 222
29.622037883409792 4.762459027442677 5.216110212136802 234 226 222
29.811391730124875 3.7666534313096083 5.160379849254445 234 226 222
29.392325087054054 3.696498095302391 4.918109604915456 233 223 219
29.622037883409792 4.762459027442677 5.216110212136802 234 226 222
29.392325087054054 3.696498095302391 4.918109604915456 233 223 219
29.206465631691803 4.673924705809925 4.9738399677978125 233 224 220
29.206465631691803 4.673924705809925 4.9738399677978125 233 224 220
29.392325087054054 3.696498095302391 4.918109604915456 233 223 219
29.014279606815997 3.6332100523845274 4.2150139714104355 231 216 212
29.206465631691803 4.673924705809925 4.9738399677978125 233 224 220
29.014279606815997 3.6332100523845274 4.2150139714104355 231 216 212
28.831572487434105 4.5940567404334764 4.270744334292792 231 217 213
28.831572487434105 4.5940567404334764 4.270744334292792 231 217 213
29.014279606815997 3.6332100523845274 4.2150139714104355 231 216 212
28.714261015014145 3.582984377150543 3.1199168481021875 227 205 201
28.831572487434105 4.5940567404334764 4.270744334292792 231 217 213
28.714261015014145 3.582984377150543 3.1199168481021875 227 205 201
28.534055603630765 4.530673164237216 3.1756472109845446 227 205 202
28.534055603630765 4.530673164237216 3.1756472109845446 227 205 202
28.714261015014145 3.582984377150543 3.1199168481021875 227 205 201
28.52163722176651 3.550737508635196 1.7400139714104348 222 190 187
28.534055603630765 4.530673164237216 3.1756472109845446 227 205 202
28.52163722176651 3.550737508635196 1.7400139714104348 222 190 187
28.343038005790483 4.489978403278576 1.795744334292792 223 191 188
28.343038005790483 4.489978403278576 1.795744334292792 223 191 188
28.52163722176651 3.550737508635196 1.7400139714104348 222 190 187
28.455263586045056 3.5396259950059132 0.21037984925444533 217 174 172
28.343038005790483 4.489978403278576 1.795744334292792 223 191 188
28.455263586045056 3.5396259950059132 0.21037984925444533 217 174 172
28.27721782728772 4.47595594429726 0.2661102121368023 218 175 173
28.27721782728772 4.47595594429726 0.2661102121368023 218 175 173
28.455263586045056 3.5396259950059132 0.21037984925444533 217 174 172
28.52163722176651 3.550737508635196 -1.3192542729015424 212 158 157
28.27721782728772 4.47595594429726 0.2661102121368023 218 175 173
28.52163722176651 3.550737508635196 -1.3192542729015424 212 158 157
28.343038005790483 4.489978403278576 -1.2635239100191853 212 159 157
28.343038005790483 4.489978403278576 -1.2635239100191853 212 159 157
28.52163722176651 3.550737508635196 -1.3192542729015424 212 158 157
28.714261015014145 3.582984377150543 -2.699157149593297 208 144 143
28.343038005790483 4.489978403278576 -1.2635239100191853 212 159 157
28.714261015014145 3.582984377150543 -2.699157149593297 208 144 143
28.534055603630765 4.530673164237216 -2.64342678671094 208 145 144
28.534055603630765 4.530673164237216 -2.64342678671094 208 145 144
28.714261015014145 3.582984377150543 -2.699157149593297 208 144 143
29.014279606815993 3.6332100523845274 -3.794254272901545 204 133 132
28.534055603630765 4.530673164237216 -2.64342678671094 208 145 144
29.014279606815993 3.6332100523845274 -3.794254272901545 204 133 132
28.8315724874341 4.5940567404334764 -3.738523910019188 204 133 133
28.8315724874341 4.5940567404334764 -3.738523910019188 204 133 133
29.014279606815993 3.6332100523845274 -3.794254272901545 204 133 132
29.392325087054054 3.696498095302391 -4.497349906406565 202 125 125
28.8315724874341 4.5940567404334764 -3.738523910019188 204 133 133
29.392325087054054 3.696498095302391 -4.497349906406565 202 125 125
29.206465631691803 4.673924705809925 -4.441619543524208 202 126 126
29.206465631691803 4.673924705809925 -4.441619543524208 202 126 126
29.392325087054054 3.696498095302391 -4.497349906406565 202 125 125
29.811391730124875 3.7666534313096083 -4.739620150745555 201 123 123
29.206465631691803 4.673924705809925 -4.441619543524208 202 126 126
29.811391730124875 3.7666534313096083 -4.739620150745555 201 123 123
29.622037883409792 4.762459027442677 -4.683889787863198 201 123 123
29.622037883409792 4.762459027442677 -4.683889787863198 201 123 123
29.811391730124875 3.7666534313096083 -4.739620150745555 201 123 123
30.230458373195695 3.836808767316826 -4.497349906406566 202 125 125
29.622037883409792 4.762459027442677 -4.683889787863198 201 123 123
30.230458373195695 3.836808767316826 -4.497349906406566 202 125 125
30.037610135127785 4.85099334907543 -4.441619543524209 202 126 126
30.037610135127785 4.85099334907543 -4.441619543524209 202 126 126
30.230458373195695 3.836808767316826 -4.497349906406566 202 125 125
30.608503853433753 3.900096810234689 -3.794254272901546 204 133 132
30.037610135127785 4.85099334907543 -4.441619543524209 202 126 126
30.608503853433753 3.900096810234689 -3.794254272901546 204 133 132
30.412503279385483 4.930861314451878 -3.7385239100191887 204 133 133
30.412503279385483 4.930861314451878 -3.7385239100191887 204 133 133
30.608503853433753 3.900096810234689 -3.794254272901546 204 133 132
30.908522445235604 3.950322485468674 -2.6991571495932987 208 144 143
30.412503279385483 4.930861314451878 -3.7385239100191887 204 133 133
30.908522445235604 3.950322485468674 -2.6991571495932987 208 144 143
30.71002016318882 4.9942448906481385 -2.6434267867109416 208 145 144
30.71002016318882 4.9942448906481385 -2.6434267867109416 208 145 144
30.908522445235604 3.950322485468674 -2.6991571495932987 208 144 143
31.10114623848324 3.9825693539840206 -1.3192542729015462 212 158 157
30.71002016318882 4.9942448906481385 -2.6434267867109416 208 145 144
31.10114623848324 3.9825693539840206 -1.3192542729015462 212 158 157
30.9010377610291 5.034939651606779 -1.263523910019189 212 159 157
30.9010377610291 5.034939651606779 -1.263523910019189 212 159 157
31.10114623848324 3.9825693539840206 -1.3192542729015462 212 158 157
31.167519874204693 3.9936808676133038 0.2103798492544435 217 174 172
30.9010377610291 5.034939651606779 -1.263523910019189 212 159 157
31.167519874204693 3.9936808676133038 0.2103798492544435 217 174 172
30.966857939531863 5.048962110588095 0.2661102121368005 218 175 173
31.167519874204693 3.9936808676133038 0.21037984925444472 217 174 172
31.32133150842228 2.9312793421082715 0.15435156213104445 217 174 172
31.254531607052325 2.923112431371485 1.6839856842870342 222 190 187
31.167519874204693 3.9936808676133038 0.21037984925444472 217 174 172
31.254531607052325 2.923112431371485 1.6839856842870342 222 190 187
31.10114623848324 3.9825693539840206 1.7400139714104343 222 190 187
31.10114623848324 3.9825693539840206 1.7400139714104343 222 190 187
31.254531607052325 2.923112431371485 1.6839856842870342 222 190 187
31.06067074271084 2.8994111332862547 3.0638885609787865 227 204 201
31.10114623848324 3.9825693539840206 1.7400139714104343 222 190 187
31.06067074271084 2.8994111332862547 3.0638885609787865 227 204 201
30.908522445235604 3.950322485468674 3.1199168481021866 227 205 201
30.908522445235604 3.950322485468674 3.1199168481021866 227 205 201
31.06067074271084 2.8994111332862547 3.0638885609787865 227 204 201
30.75872536750763 2.8624954960458178 4.1589856842870345 231 215 212
30.908522445235604 3.950322485468674 3.1199168481021866 227 205 201
30.75872536750763 2.8624954960458178 4.1589856842870345 231 215 212
30.608503853433753 3.900096810234689 4.2150139714104355 231 216 212
30.608503853433753 3.900096810234689 4.2150139714104355 231 216 212
30.75872536750763 2.8624954960458178 4.1589856842870345 231 215 212
30.37825199854472 2.8159790794296358 4.862081317792054 233 223 219
30.608503853433753 3.900096810234689 4.2150139714104355 231 216 212
30.37825199854472 2.8159790794296358 4.862081317792054 233 223 219
30.230458373195695 3.836808767316826 4.918109604915455 233 223 219
30.230458373195695 3.836808767316826 4.918109604915455 233 223 219
30.37825199854472 2.8159790794296358 4.862081317792054 233 223 219
29.956494020090034 2.7644152343950332 5.104351562131044 234 225 221
30.230458373195695 3.836808767316826 4.918109604915455 233 223 219
29.956494020090034 2.7644152343950332 5.104351562131044 234 225 221
29.811391730124875 3.7666534313096083 5.160379849254445 234 226 222
29.811391730124875 3.7666534313096083 5.160379849254445 234 226 222
29.956494020090034 2.7644152343950332 5.104351562131044 234 225 221
29.534736041635355 2.712851389360431 4.862081317792055 233 223 219
29.811391730124875 3.7666534313096083 5.160379849254445 234 226 222
29.534736041635355 2.712851389360431 4.862081317792055 233 223 219
29.392325087054054 3.696498095302391 4.918109604915456 233 223 219
29.392325087054054 3.696498095302391 4.918109604915456 233 223 219
29.534736041635355 2.712851389360431 4.862081317792055 233 223 219
29.154262672672445 2.666334972744249 4.1589856842870345 231 215 212
29.392325087054054 3.696498095302391 4.918109604915456 233 223 219
29.154262672672445 2.666334972744249 4.1589856842870345 231 215 212
29.014279606815997 3.6332100523845274 4.2150139714104355 231 216 212
29.014279606815997 3.6332100523845274 4.2150139714104355 231 216 212
29.154262672672445 2.666334972744249 4.1589856842870345 231 215 212
28.852317297469234 2.629419335503812 3.0638885609787874 227 204 201
29.014279606815997 3.6332100523845274 4.2150139714104355 231 216 212
28.852317297469234 2.629419335503812 3.0638885609787874 227 204 201
28.714261015014145 3.582984377150543 3.1199168481021875 227 205 201
28.714261015014145 3.582984377150543 3.1199168481021875 227 205 201
28.852317297469234 2.629419335503812 3.0638885609787874 227 204 201
28.658456433127746 2.6057180374185815 1.6839856842870347 222 190 187
28.714261015014145 3.582984377150543 3.1199168481021875 227 205 201
28.658456433127746 2.6057180374185815 1.6839856842870347 222 190 187
28.52163722176651 3.550737508635196 1.7400139714104348 222 190 187
28.52163722176651 3.550737508635196 1.7400139714104348 222 190 187
28.658456433127746 2.6057180374185815 1.6839856842870347 222 190 187
28.591656531757792 2.597551126681795 0.15435156213104506 217 174 172
28.52163722176651 3.550737508635196 1.7400139714104348 222 190 187
28.591656531757792 2.597551126681795 0.15435156213104506 217 174 172
28.455263586045056 3.5396259950059132 0.21037984925444533 217 174 172
28.455263586045056 3.5396259950059132 0.21037984925444533 217 174 172
28.591656531757792 2.597551126681795 0.15435156213104506 217 174 172
28.658456433127746 2.6057180374185815 -1.3752825600249425 212 158 156
28.455263586045056 3.5396259950059132 0.21037984925444533 217 174 172
28.658456433127746 2.6057180374185815 -1.3752825600249425 212 158 156
28.52163722176651 3.550737508635196 -1.3192542729015424 212 158 157
28.52163722176651 3.550737508635196 -1.3192542729015424 212 158 157
28.658456433127746 2.6057180374185815 -1.3752825600249425 212 158 156
28.852317297469234 2.629419335503812 -2.755185436716697 207 143 142
28.52163722176651 3.550737508635196 -1.3192542729015424 212 158 157
28.852317297469234 2.629419335503812 -2.755185436716697 207 143 142
28.714261015014145 3.582984377150543 -2.699157149593297 208 144 143
28.714261015014145 3.582984377150543 -2.699157149593297 208 144 143
28.852317297469234 2.629419335503812 -2.755185436716697 207 143 142
29.154262672672445 2.666334972744249 -3.850282560024945 204 132 131
28.714261015014145 3.582984377150543 -2.699157149593297 208 144 143
29.154262672672445 2.666334972744249 -3.850282560024945 204 132 131
29.014279606815993 3.6332100523845274 -3.794254272901545 204 133 132
29.014279606815993 3.6332100523845274 -3.794254272901545 204 133 132
29.154262672672445 2.666334972744249 -3.850282560024945 204 132 131
29.534736041635355 2.712851389360431 -4.553378193529966 201 125 124
29.014279606815993 3.6332100523845274 -3.794254272901545 204 133 132
29.534736041635355 2.712851389360431 -4.553378193529966 201 125 124
29.392325087054054 3.696498095302391 -4.497349906406565 202 125 125
29.392325087054054 3.696498095302391 -4.497349906406565 202 125 125
29.534736041635355 2.712851389360431 -4.553378193529966 201 125 124
29.956494020090034 2.7644152343950332 -4.795648437868956 201 122 122
29.392325087054054 3.696498095302391 -4.497349906406565 202 125 125
29.956494020090034 2.7644152343950332 -4.795648437868956 201 122 122
29.811391730124875 3.7666534313096083 -4.739620150745555 201 123 123
29.811391730124875 3.7666534313096083 -4.739620150745555 201 123 123
29.956494020090034 2.7644152343950332 -4.795648437868956 201 122 122
30.37825199854472 2.8159790794296358 -4.553378193529967 201 125 124
29.811391730124875 3.7666534313096083 -4.739620150745555 201 123 123
30.37825199854472 2.8159790794296358 -4.553378193529967 201 125 124
30.230458373195695 3.836808767316826 -4.497349906406566 202 125 125
30.230458373195695 3.836808767316826 -4.497349906406566 202 125 125
30.37825199854472 2.8159790794296358 -4.553378193529967 201 125 124
30.75872536750763 2.8624954960458178 -3.850282560024946 204 132 131
30.230458373195695 3.836808767316826 -4.497349906406566 202 125 125
30.75872536750763 2.8624954960458178 -3.850282560024946 204 132 131
30.608503853433753 3.900096810234689 -3.794254272901546 204 133 132
30.608503853433753 3.900096810234689 -3.794254272901546 204 133 132
30.75872536750763 2.8624954960458178 -3.850282560024946 204 132 131
31.06067074271084 2.8994111332862547 -2.755185436716699 207 143 142
30.608503853433753 3.900096810234689 -3.794254272901546 204 133 132
31.06067074271084 2.8994111332862547 -2.755185436716699 207 143 142
30.908522445235604 3.950322485468674 -2.6991571495932987 208 144 143
30.908522445235604 3.950322485468674 -2.6991571495932987 208 144 143
31.06067074271084 2.8994111332862547 -2.755185436716699 207 143 142
31.254531607052325 2.923112431371485 -1.3752825600249463 212 158 156
30.908522445235604 3.950322485468674 -2.6991571495932987 208 144 143
31.254531607052325 2.923112431371485 -1.3752825600249463 212 158 156
31.10114623848324 3.9825693539840206 -1.3192542729015462 212 158 157
31.10114623848324 3.9825693539840206 -1.3192542729015462 212 158 157
31.254531607052325 2.923112431371485 -1.3752825600249463 212 158 156
31.32133150842228 2.9312793421082715 0.15435156213104323 217 174 172
31.10114623848324 3.9825693539840206 -1.3192542729015462 212 158 157
31.32133150842228 2.9312793421082715 0.15435156213104323 217 174 172
31.167519874204693 3.9936808676133038 0.2103798492544435 217 174 172
31.32133150842228 2.9312793421082715 0.15435156213104445 217 174 172
31.427905551702104 1.8636289508600734 0.0981046938452149 217 173 171
31.360809253560525 1.8584316410064665 1.6277388160012045 222 189 186
31.32133150842228 2.9312793421082715 0.15435156213104445 217 174 172
31.360809253560525 1.8584316410064665 1.6277388160012045 222 189 186
31.254531607052325 2.923112431371485 1.6839856842870342 222 190 187
31.254531607052325 2.923112431371485 1.6839856842870342 222 190 187
31.360809253560525 1.8584316410064665 1.6277388160012045 222 189 186
31.166088212285285 1.8433484603459043 3.007641692692957 227 203 200
31.254531607052325 2.923112431371485 1.6839856842870342 222 190 187
31.166088212285285 1.8433484603459043 3.007641692692957 227 203 200
31.06067074271084 2.8994111332862547 3.0638885609787865 227 204 201
31.06067074271084 2.8994111332862547 3.0638885609787865 227 204 201
31.166088212285285 1.8433484603459043 3.007641692692957 227 203 200
30.862803080097674 1.819855855692141 4.102738816001206 230 215 211
31.06067074271084 2.8994111332862547 3.0638885609787865 227 204 201
30.862803080097674 1.819855855692141 4.102738816001206 230 215 211
30.75872536750763 2.8624954960458178 4.1589856842870345 231 215 212
30.75872536750763 2.8624954960458178 4.1589856842870345 231 215 212
30.862803080097674 1.819855855692141 4.102738816001206 230 215 211
30.480641518847982 1.790253446871289 4.805834449506225 233 222 218
30.75872536750763 2.8624954960458178 4.1589856842870345 231 215 212
30.480641518847982 1.790253446871289 4.805834449506225 233 222 218
30.37825199854472 2.8159790794296358 4.862081317792054 233 223 219
30.37825199854472 2.8159790794296358 4.862081317792054 233 223 219
30.480641518847982 1.790253446871289 4.805834449506225 233 222 218
30.0570121648275 1.757438923910843 5.048104693845215 233 225 220
30.37825199854472 2.8159790794296358 4.862081317792054 233 223 219
30.0570121648275 1.757438923910843 5.048104693845215 233 225 220
29.956494020090034 2.7644152343950332 5.104351562131044 234 225 221
29.956494020090034 2.7644152343950332 5.104351562131044 234 225 221
30.0570121648275 1.757438923910843 5.048104693845215 233 225 220
29.63338281080702 1.7246244009503973 4.805834449506226 233 222 218
29.956494020090034 2.7644152343950332 5.104351562131044 234 225 221
29.63338281080702 1.7246244009503973 4.805834449506226 233 222 218
29.534736041635355 2.712851389360431 4.862081317792055 233 223 219
29.534736041635355 2.712851389360431 4.862081317792055 233 223 219
29.63338281080702 1.7246244009503973 4.805834449506226 233 222 218
29.25122124955733 1.6950219921295453 4.102738816001206 230 215 211
29.534736041635355 2.712851389360431 4.862081317792055 233 223 219
29.25122124955733 1.6950219921295453 4.102738816001206 230 215 211
29.154262672672445 2.666334972744249 4.1589856842870345 231 215 212
29.154262672672445 2.666334972744249 4.1589856842870345 231 215 212
29.25122124955733 1.6950219921295453 4.102738816001206 230 215 211
28.947936117369718 1.6715293874757822 3.0076416926929577 227 203 200
29.154262672672445 2.666334972744249 4.1589856842870345 231 215 212
28.947936117369718 1.6715293874757822 3.0076416926929577 227 203 200
28.852317297469234 2.629419335503812 3.0638885609787874 227 204 201
28.852317297469234 2.629419335503812 3.0638885609787874 227 204 201
28.947936117369718 1.6715293874757822 3.0076416926929577 227 203 200
28.753215076094477 1.6564462068152195 1.627738816001205 222 189 186
28.852317297469234 2.629419335503812 3.0638885609787874 227 204 201
28.753215076094477 1.6564462068152195 1.627738816001205 222 189 186
28.658456433127746 2.6057180374185815 1.6839856842870347 222 190 187
28.658456433127746 2.6057180374185815 1.6839856842870347 222 190 187
28.753215076094477 1.6564462068152195 1.627738816001205 222 189 186
28.6861187779529 1.6512488969616128 0.09810469384521552 217 173 171
28.658456433127746 2.6057180374185815 1.6839856842870347 222 190 187
28.6861187779529 1.6512488969616128 0.09810469384521552 217 173 171
28.591656531757792 2.597551126681795 0.15435156213104506 217 174 172
28.591656531757792 2.597551126681795 0.15435156213104506 217 174 172
28.6861187779529 1.6512488969616128 0.09810469384521552 217 173 171
28.753215076094477 1.6564462068152195 -1.4315294283107722 212 157 156
28.591656531757792 2.597551126681795 0.15435156213104506 217 174 172
28.753215076094477 1.6564462068152195 -1.4315294283107722 212 157 156
28.658456433127746 2.6057180374185815 -1.3752825600249425 212 158 156
28.658456433127746 2.6057180374185815 -1.3752825600249425 212 158 156
28.753215076094477 1.6564462068152195 -1.4315294283107722 212 157 156
28.947936117369718 1.6715293874757822 -2.8114323050025267 207 143 142
28.658456433127746 2.6057180374185815 -1.3752825600249425 212 158 156
28.947936117369718 1.6715293874757822 -2.8114323050025267 207 143 142
28.852317297469234 2.629419335503812 -2.755185436716697 207 143 142
28.852317297469234 2.629419335503812 -2.755185436716697 207 143 142
28.947936117369718 1.6715293874757822 -2.8114323050025267 207 143 142
29.25122124955733 1.6950219921295453 -3.9065294283107748 204 131 131
28.852317297469234 2.629419335503812 -2.755185436716697 207 143 142
29.25122124955733 1.6950219921295453 -3.9065294283107748 204 131 131
29.154262672672445 2.666334972744249 -3.850282560024945 204 132 131
29.154262672672445 2.666334972744249 -3.850282560024945 204 132 131
29.25122124955733 1.6950219921295453 -3.9065294283107748 204 131 131
29.63338281080702 1.7246244009503973 -4.609625061815795 201 124 124
29.154262672672445 2.666334972744249 -3.850282560024945 204 132 131
29.63338281080702 1.7246244009503973 -4.609625061815795 201 124 124
29.534736041635355 2.712851389360431 -4.553378193529966 201 125 124
29.534736041635355 2.712851389360431 -4.553378193529966 201 125 124
29.63338281080702 1.7246244009503973 -4.609625061815795 201 124 124
30.0570121648275 1.757438923910843 -4.851895306154785 200 122 121
29.534736041635355 2.712851389360431 -4.553378193529966 201 125 124
30.0570121648275 1.757438923910843 -4.851895306154785 200 122 121
29.956494020090034 2.7644152343950332 -4.795648437868956 201 122 122
29.956494020090034 2.7644152343950332 -4.795648437868956 201 122 122
30.0570121648275 1.757438923910843 -4.851895306154785 200 122 121
30.480641518847982 1.790253446871289 -4.6096250618157955 201 124 124
29.956494020090034 2.7644152343950332 -4.795648437868956 201 122 122
30.480641518847982 1.790253446871289 -4.6096250618157955 201 124 124
30.37825199854472 2.8159790794296358 -4.553378193529967 201 125 124
30.37825199854472 2.8159790794296358 -4.553378193529967 201 125 124
30.480641518847982 1.790253446871289 -4.6096250618157955 201 124 124
30.862803080097674 1.819855855692141 -3.9065294283107757 204 131 131
30.37825199854472 2.8159790794296358 -4.553378193529967 201 125 124
30.862803080097674 1.819855855692141 -3.9065294283107757 204 131 131
30.75872536750763 2.8624954960458178 -3.850282560024946 204 132 131
30.75872536750763 2.8624954960458178 -3.850282560024946 204 132 131
30.862803080097674 1.819855855692141 -3.9065294283107757 204 131 131
31.166088212285285 1.8433484603459043 -2.8114323050025285 207 143 142
30.75872536750763 2.8624954960458178 -3.850282560024946 204 132 131
31.166088212285285 1.8433484603459043 -2.8114323050025285 207 143 142
31.06067074271084 2.8994111332862547 -2.755185436716699 207 143 142
31.06067074271084 2.8994111332862547 -2.755185436716699 207 143 142
31.166088212285285 1.8433484603459043 -2.8114323050025285 207 143 142
31.360809253560525 1.8584316410064665 -1.431529428310776 212 157 156
31.06067074271084 2.8994111332862547 -2.755185436716699 207 143 142
31.360809253560525 1.8584316410064665 -1.431529428310776 212 157 156
31.254531607052325 2.923112431371485 -1.3752825600249463 212 158 156
31.254531607052325 2.923112431371485 -1.3752825600249463 212 158 156
31.360809253560525 1.8584316410064665 -1.431529428310776 212 157 156
31.427905551702104 1.8636289508600734 0.0981046938452137 217 173 171
31.254531607052325 2.923112431371485 -1.3752825600249463 212 158 156
31.427905551702104 1.8636289508600734 0.0981046938452137 217 173 171
31.32133150842228 2.9312793421082715 0.15435156213104323 217 174 172
31.427905551702104 1.8636289508600734 0.0981046938452149 217 173 171
31.48697103649744 0.7926313123638724 0.041718897013898734 217 173 170
31.419710099055386 0.7904196278397221 1.5713530191698883 222 188 186
31.427905551702104 1.8636289508600734 0.0981046938452149 217 173 171
31.419710099055386 0.7904196278397221 1.5713530191698883 222 188 186
31.360809253560525 1.8584316410064665 1.6277388160012045 222 189 186
31.360809253560525 1.8584316410064665 1.6277388160012045 222 189 186
31.419710099055386 0.7904196278397221 1.5713530191698883 222 188 186
31.224511255920568 0.7840010693582071 2.9512558958616406 227 203 200
31.360809253560525 1.8584316410064665 1.6277388160012045 222 189 186
31.224511255920568 0.7840010693582071 2.9512558958616406 227 203 200
31.166088212285285 1.8433484603459043 3.007641692692957 227 203 200
31.166088212285285 1.8433484603459043 3.007641692692957 227 203 200
31.224511255920568 0.7840010693582071 2.9512558958616406 227 203 200
30.920481929889323 0.7740039301442246 4.0463530191698895 230 214 210
31.166088212285285 1.8433484603459043 3.007641692692957 227 203 200
30.920481929889323 0.7740039301442246 4.0463530191698895 230 214 210
30.862803080097674 1.819855855692141 4.102738816001206 230 215 211
30.862803080097674 1.819855855692141 4.102738816001206 230 215 211
30.920481929889323 0.7740039301442246 4.0463530191698895 230 214 210
30.537382629690473 0.761406799838204 4.749448652674909 232 222 217
30.862803080097674 1.819855855692141 4.102738816001206 230 215 211
30.537382629690473 0.761406799838204 4.749448652674909 232 222 217
30.480641518847982 1.790253446871289 4.805834449506225 233 222 218
30.480641518847982 1.790253446871289 4.805834449506225 233 222 218
30.537382629690473 0.761406799838204 4.749448652674909 232 222 217
30.11271378403725 0.7474427733238664 4.991718897013899 233 224 220
30.480641518847982 1.790253446871289 4.805834449506225 233 222 218
30.11271378403725 0.7474427733238664 4.991718897013899 233 224 220
30.0570121648275 1.757438923910843 5.048104693845215 233 225 220
30.0570121648275 1.757438923910843 5.048104693845215 233 225 220
30.11271378403725 0.7474427733238664 4.991718897013899 233 224 220
29.68804493838403 0.7334787468095287 4.74944865267491 232 222 217
30.0570121648275 1.757438923910843 5.048104693845215 233 225 220
29.68804493838403 0.7334787468095287 4.74944865267491 232 222 217
29.63338281080702 1.7246244009503973 4.805834449506226 233 222 218
29.63338281080702 1.7246244009503973 4.805834449506226 233 222 218
29.68804493838403 0.7334787468095287 4.74944865267491 232 222 217
29.304945638185178 0.7208816165035081 4.0463530191698895 230 214 210
29.63338281080702 1.7246244009503973 4.805834449506226 233 222 218
29.304945638185178 0.7208816165035081 4.0463530191698895 230 214 210
29.25122124955733 1.6950219921295453 4.102738816001206 230 215 211
29.25122124955733 1.6950219921295453 4.102738816001206 230 215 211
29.304945638185178 0.7208816165035081 4.0463530191698895 230 214 210
29.000916312153933 0.7108844772895258 2.9512558958616415 227 203 200
29.25122124955733 1.6950219921295453 4.102738816001206 230 215 211
29.000916312153933 0.7108844772895258 2.9512558958616415 227 203 200
28.947936117369718 1.6715293874757822 3.0076416926929577 227 203 200
28.947936117369718 1.6715293874757822 3.0076416926929577 227 203 200
29.000916312153933 0.7108844772895258 2.9512558958616415 227 203 200
28.805717469019115 0.7044659188080107 1.5713530191698888 222 188 186
28.947936117369718 1.6715293874757822 3.0076416926929577 227 203 200
28.805717469019115 0.7044659188080107 1.5713530191698888 222 188 186
28.753215076094477 1.6564462068152195 1.627738816001205 222 189 186
28.753215076094477 1.6564462068152195 1.627738816001205 222 189 186
28.805717469019115 0.7044659188080107 1.5713530191698888 222 188 186
28.73845653157706 0.7022542342838604 0.04171889701389934 217 173 170
28.753215076094477 1.6564462068152195 1.627738816001205 222 189 186
28.73845653157706 0.7022542342838604 0.04171889701389934 217 173 170
28.6861187779529 1.6512488969616128 0.09810469384521552 217 173 171
28.6861187779529 1.6512488969616128 0.09810469384521552 217 173 171
28.73845653157706 0.7022542342838604 0.04171889701389934 217 173 170
28.805717469019115 0.7044659188080107 -1.4879152251420884 212 157 155
28.6861187779529 1.6512488969616128 0.09810469384521552 217 173 171
28.805717469019115 0.7044659188080107 -1.4879152251420884 212 157 155
28.753215076094477 1.6564462068152195 -1.4315294283107722 212 157 156
28.753215076094477 1.6564462068152195 -1.4315294283107722 212 157 156
28.805717469019115 0.7044659188080107 -1.4879152251420884 212 157 155
29.000916312153933 0.7108844772895258 -2.867818101833843 207 142 141
28.753215076094477 1.6564462068152195 -1.4315294283107722 212 157 156
29.000916312153933 0.7108844772895258 -2.867818101833843 207 142 141
28.947936117369718 1.6715293874757822 -2.8114323050025267 207 143 142
28.947936117369718 1.6715293874757822 -2.8114323050025267 207 143 142
29.000916312153933 0.7108844772895258 -2.867818101833843 207 142 141
29.304945638185178 0.7208816165035081 -3.962915225142091 203 131 130
28.947936117369718 1.6715293874757822 -2.8114323050025267 207 143 142
29.304945638185178 0.7208816165035081 -3.962915225142091 203 131 130
29.25122124955733 1.6950219921295453 -3.9065294283107748 204 131 131
29.25122124955733 1.6950219921295453 -3.9065294283107748 204 131 131
29.304945638185178 0.7208816165035081 -3.962915225142091 203 131 130
29.68804493838403 0.7334787468095287 -4.666010858647111 201 123 123
29.25122124955733 1.6950219921295453 -3.9065294283107748 204 131 131
29.68804493838403 0.7334787468095287 -4.666010858647111 201 123 123
29.63338281080702 1.7246244009503973 -4.609625061815795 201 124 124
29.63338281080702 1.7246244009503973 -4.609625061815795 201 124 124
29.68804493838403 0.7334787468095287 -4.666010858647111 201 123 123
30.11271378403725 0.7474427733238664 -4.908281102986101 200 121 121
29.63338281080702 1.7246244009503973 -4.609625061815795 201 124 124
30.11271378403725 0.7474427733238664 -4.908281102986101 200 121 121
30.0570121648275 1.757438923910843 -4.851895306154785 200 122 121
30.0570121648275 1.757438923910843 -4.851895306154785 200 122 121
30.11271378403725 0.7474427733238664 -4.908281102986101 200 121 121
30.537382629690473 0.761406799838204 -4.666010858647112 201 123 123
30.0570121648275 1.757438923910843 -4.851895306154785 200 122 121
30.537382629690473 0.761406799838204 -4.666010858647112 201 123 123
30.480641518847982 1.790253446871289 -4.6096250618157955 201 124 124
30.480641518847982 1.790253446871289 -4.6096250618157955 201 124 124
30.537382629690473 0.761406799838204 -4.666010858647112 201 123 123
30.920481929889323 0.7740039301442246 -3.962915225142092 203 131 130
30.480641518847982 1.790253446871289 -4.6096250618157955 201 124 124
30.920481929889323 0.7740039301442246 -3.962915225142092 203 131 130
30.862803080097674 1.819855855692141 -3.9065294283107757 204 131 131
30.862803080097674 1.819855855692141 -3.9065294283107757 204 131 131
30.920481929889323 0.7740039301442246 -3.962915225142092 203 131 130
31.224511255920568 0.7840010693582071 -2.8678181018338447 207 142 141
30.862803080097674 1.819855855692141 -3.9065294283107757 204 131 131
31.224511255920568 0.7840010693582071 -2.8678181018338447 207 142 141
31.166088212285285 1.8433484603459043 -2.8114323050025285 207 143 142
31.166088212285285 1.8433484603459043 -2.8114323050025285 207 143 142
31.224511255920568 0.7840010693582071 -2.8678181018338447 207 142 141
31.419710099055386 0.7904196278397221 -1.4879152251420922 212 157 155
31.166088212285285 1.8433484603459043 -2.8114323050025285 207 143 142
31.419710099055386 0.7904196278397221 -1.4879152251420922 212 157 155
31.360809253560525 1.8584316410064665 -1.431529428310776 212 157 156
31.360809253560525 1.8584316410064665 -1.431529428310776 212 157 156
31.419710099055386 0.7904196278397221 -1.4879152251420922 212 157 155
31.48697103649744 0.7926313123638724 0.04171889701389752 217 173 170
31.360809253560525 1.8584316410064665 -1.431529428310776 212 157 156
31.48697103649744 0.7926313123638724 0.04171889701389752 217 173 170
31.427905551702104 1.8636289508600734 0.0981046938452137 217 173 171
31.48697103649744 0.7926313123638724 0.041718897013898734 217 173 170
31.498376848745167 -0.2797923812612908 -0.014725979005724085 217 172 170
31.43108408817706 -0.279011593747557 1.5149081431502656 222 188 185
31.48697103649744 0.7926313123638724 0.041718897013898734 217 173 170
31.43108408817706 -0.279011593747557 1.5149081431502656 222 188 185
31.419710099055386 0.7904196278397221 1.5713530191698883 222 188 186
31.419710099055386 0.7904196278397221 1.5713530191698883 222 188 186
31.43108408817706 -0.279011593747557 1.5149081431502656 222 188 185
31.23579289073338 -0.2767456601282664 2.894811019842018 226 202 199
31.419710099055386 0.7904196278397221 1.5713530191698883 222 188 186
31.23579289073338 -0.2767456601282664 2.894811019842018 226 202 199
31.224511255920568 0.7840010693582071 2.9512558958616406 227 203 200
31.224511255920568 0.7840010693582071 2.9512558958616406 227 203 200
31.23579289073338 -0.2767456601282664 2.894811019842018 226 202 199
30.931619719493696 -0.27321638577376295 3.9899081431502665 230 214 210
31.224511255920568 0.7840010693582071 2.9512558958616406 227 203 200
30.931619719493696 -0.27321638577376295 3.9899081431502665 230 214 210
30.920481929889323 0.7740039301442246 4.0463530191698895 230 214 210
30.920481929889323 0.7740039301442246 4.0463530191698895 230 214 210
30.931619719493696 -0.27321638577376295 3.9899081431502665 230 214 210
30.54833916375805 -0.26876924064776586 4.693003776655286 232 221 217
30.920481929889323 0.7740039301442246 4.0463530191698895 230 214 210
30.54833916375805 -0.26876924064776586 4.693003776655286 232 221 217
30.537382629690473 0.761406799838204 4.749448652674909 232 222 217
30.537382629690473 0.761406799838204 4.749448652674909 232 222 217
30.54833916375805 -0.26876924064776586 4.693003776655286 232 221 217
30.123469394794505 -0.2638395423002897 4.935274020994276 233 223 219
30.537382629690473 0.761406799838204 4.749448652674909 232 222 217
30.123469394794505 -0.2638395423002897 4.935274020994276 233 223 219
30.11271378403725 0.7474427733238664 4.991718897013899 233 224 220
30.11271378403725 0.7474427733238664 4.991718897013899 233 224 220
30.123469394794505 -0.2638395423002897 4.935274020994276 233 223 219
29.698599625830962 -0.25890984395281363 4.693003776655287 232 221 217
30.11271378403725 0.7474427733238664 4.991718897013899 233 224 220
29.698599625830962 -0.25890984395281363 4.693003776655287 232 221 217
29.68804493838403 0.7334787468095287 4.74944865267491 232 222 217
29.68804493838403 0.7334787468095287 4.74944865267491 232 222 217
29.698599625830962 -0.25890984395281363 4.693003776655287 232 221 217
29.315319070095317 -0.25446269882681655 3.9899081431502665 230 214 210
29.68804493838403 0.7334787468095287 4.74944865267491 232 222 217
29.315319070095317 -0.25446269882681655 3.9899081431502665 230 214 210
29.304945638185178 0.7208816165035081 4.0463530191698895 230 214 210
29.304945638185178 0.7208816165035081 4.0463530191698895 230 214 210
29.315319070095317 -0.25446269882681655 3.9899081431502665 230 214 210
29.01114589885563 -0.2509334244723131 2.894811019842019 226 202 199
29.304945638185178 0.7208816165035081 4.0463530191698895 230 214 210
29.01114589885563 -0.2509334244723131 2.894811019842019 226 202 199
29.000916312153933 0.7108844772895258 2.9512558958616415 227 203 200
29.000916312153933 0.7108844772895258 2.9512558958616415 227 203 200
29.01114589885563 -0.2509334244723131 2.894811019842019 226 202 199
28.815854701411954 -0.24866749085302248 1.514908143150266 222 188 185
29.000916312153933 0.7108844772895258 2.9512558958616415 227 203 200
28.815854701411954 -0.24866749085302248 1.514908143150266 222 188 185
28.805717469019115 0.7044659188080107 1.5713530191698888 222 188 186
28.805717469019115 0.7044659188080107 1.5713530191698888 222 188 186
28.815854701411954 -0.24866749085302248 1.514908143150266 222 188 185
28.748561940843846 -0.2478867033392887 -0.01472597900572348 217 172 170
28.805717469019115 0.7044659188080107 1.5713530191698888 222 188 186
28.748561940843846 -0.2478867033392887 -0.01472597900572348 217 172 170
28.73845653157706 0.7022542342838604 0.04171889701389934 217 173 170
28.73845653157706 0.7022542342838604 0.04171889701389934 217 173 170
28.748561940843846 -0.2478867033392887 -0.01472597900572348 217 172 170
28.815854701411954 -0.24866749085302248 -1.5443601011617112 212 156 155
28.73845653157706 0.7022542342838604 0.04171889701389934 217 173 170
28.815854701411954 -0.24866749085302248 -1.5443601011617112 212 156 155
28.805717469019115 0.7044659188080107 -1.4879152251420884 212 157 155
28.805717469019115 0.7044659188080107 -1.4879152251420884 212 157 155
28.815854701411954 -0.24866749085302248 -1.5443601011617112 212 156 155
29.01114589885563 -0.2509334244723131 -2.9242629778534655 207 142 141
28.805717469019115 0.7044659188080107 -1.4879152251420884 212 157 155
29.01114589885563 -0.2509334244723131 -2.9242629778534655 207 142 141
29.000916312153933 0.7108844772895258 -2.867818101833843 207 142 141
29.000916312153933 0.7108844772895258 -2.867818101833843 207 142 141
29.01114589885563 -0.2509334244723131 -2.9242629778534655 207 142 141
29.315319070095317 -0.25446269882681655 -4.0193601011617135 203 130 130
29.000916312153933 0.7108844772895258 -2.867818101833843 207 142 141
29.315319070095317 -0.25446269882681655 -4.0193601011617135 203 130 130
29.304945638185178 0.7208816165035081 -3.962915225142091 203 131 130
29.304945638185178 0.7208816165035081 -3.962915225142091 203 131 130
29.315319070095317 -0.25446269882681655 -4.0193601011617135 203 130 130
29.698599625830962 -0.25890984395281363 -4.722455734666734 201 123 123
29.304945638185178 0.7208816165035081 -3.962915225142091 203 131 130
29.698599625830962 -0.25890984395281363 -4.722455734666734 201 123 123
29.68804493838403 0.7334787468095287 -4.666010858647111 201 123 123
29.68804493838403 0.7334787468095287 -4.666010858647111 201 123 123
29.698599625830962 -0.25890984395281363 -4.722455734666734 201 123 123
30.123469394794505 -0.2638395423002897 -4.964725979005724 200 120 120
29.68804493838403 0.7334787468095287 -4.666010858647111 201 123 123
30.123469394794505 -0.2638395423002897 -4.964725979005724 200 120 120
30.11271378403725 0.7474427733238664 -4.908281102986101 200 121 121
30.11271378403725 0.7474427733238664 -4.908281102986101 200 121 121
30.123469394794505 -0.2638395423002897 -4.964725979005724 200 120 120
30.54833916375805 -0.26876924064776586 -4.722455734666735 201 123 123
30.11271378403725 0.7474427733238664 -4.908281102986101 200 121 121
30.54833916375805 -0.26876924064776586 -4.722455734666735 201 123 123
30.537382629690473 0.761406799838204 -4.666010858647112 201 123 123
30.537382629690473 0.761406799838204 -4.666010858647112 201 123 123
30.54833916375805 -0.26876924064776586 -4.722455734666735 201 123 123
30.931619719493696 -0.27321638577376295 -4.019360101161714 203 130 130
30.537382629690473 0.761406799838204 -4.666010858647112 201 123 123
30.931619719493696 -0.27321638577376295 -4.019360101161714 203 130 130
30.920481929889323 0.7740039301442246 -3.962915225142092 203 131 130
30.920481929889323 0.7740039301442246 -3.962915225142092 203 131 130
30.931619719493696 -0.27321638577376295 -4.019360101161714 203 130 130
31.23579289073338 -0.2767456601282664 -2.9242629778534672 207 142 141
30.920481929889323 0.7740039301442246 -3.962915225142092 203 131 130
31.23579289073338 -0.2767456601282664 -2.9242629778534672 207 142 141
31.224511255920568 0.7840010693582071 -2.8678181018338447 207 142 141
31.224511255920568 0.7840010693582071 -2.8678181018338447 207 142 141
31.23579289073338 -0.2767456601282664 -2.9242629778534672 207 142 141
31.43108408817706 -0.279011593747557 -1.544360101161715 212 156 155
31.224511255920568 0.7840010693582071 -2.8678181018338447 207 142 141
31.43108408817706 -0.279011593747557 -1.544360101161715 212 156 155
31.419710099055386 0.7904196278397221 -1.4879152251420922 212 157 155
31.419710099055386 0.7904196278397221 -1.4879152251420922 212 157 155
31.43108408817706 -0.279011593747557 -1.544360101161715 212 156 155
31.498376848745167 -0.2797923812612908 -0.014725979005725297 217 172 170
31.419710099055386 0.7904196278397221 -1.4879152251420922 212 157 155
31.498376848745167 -0.2797923812612908 -0.014725979005725297 217 172 170
31.48697103649744 0.7926313123638724 0.04171889701389752 217 173 170
31.498376848745167 -0.2797923812612908 -0.014725979005724085 217 172 170
31.46209372984999 -1.3517125236501797 -0.0711500011929364 216 171 169
31.39490216776566 -1.347941683069402 1.4584841209630532 222 187 185
31.498376848745167 -0.2797923812612908 -0.014725979005724085 217 172 170
31.39490216776566 -1.347941683069402 1.4584841209630532 222 187 185
31.43108408817706 -0.279011593747557 1.5149081431502656 222 188 185
31.43108408817706 -0.279011593747557 1.5149081431502656 222 188 185
31.39490216776566 -1.347941683069402 1.4584841209630532 222 187 185
31.199904659760627 -1.3369982774761069 2.8383869976548057 226 202 198
31.43108408817706 -0.279011593747557 1.5149081431502656 222 188 185
31.199904659760627 -1.3369982774761069 2.8383869976548057 226 202 198
31.23579289073338 -0.2767456601282664 2.894811019842018 226 202 199
31.23579289073338 -0.2767456601282664 2.894811019842018 226 202 199
31.199904659760627 -1.3369982774761069 2.8383869976548057 226 202 198
30.896188920545946 -1.319953523656956 3.933484120963054 230 213 209
31.23579289073338 -0.2767456601282664 2.894811019842018 226 202 199
30.896188920545946 -1.319953523656956 3.933484120963054 230 213 209
30.931619719493696 -0.27321638577376295 3.9899081431502665 230 214 210
30.931619719493696 -0.27321638577376295 3.9899081431502665 230 214 210
30.896188920545946 -1.319953523656956 3.933484120963054 230 213 209
30.51348476278794 -1.2984758808735513 4.636579754468073 232 220 216
30.931619719493696 -0.27321638577376295 3.9899081431502665 230 214 210
30.51348476278794 -1.2984758808735513 4.636579754468073 232 220 216
30.54833916375805 -0.26876924064776586 4.693003776655286 232 221 217
30.54833916375805 -0.26876924064776586 4.693003776655286 232 221 217
30.51348476278794 -1.2984758808735513 4.636579754468073 232 220 216
30.089253935904615 -1.2746677304450682 4.8788499988070635 233 223 219
30.54833916375805 -0.26876924064776586 4.693003776655286 232 221 217
30.089253935904615 -1.2746677304450682 4.8788499988070635 233 223 219
30.123469394794505 -0.2638395423002897 4.935274020994276 233 223 219
30.123469394794505 -0.2638395423002897 4.935274020994276 233 223 219
30.089253935904615 -1.2746677304450682 4.8788499988070635 233 223 219
29.665023109021295 -1.2508595800165854 4.636579754468074 232 220 216
30.123469394794505 -0.2638395423002897 4.935274020994276 233 223 219
29.665023109021295 -1.2508595800165854 4.636579754468074 232 220 216
29.698599625830962 -0.25890984395281363 4.693003776655287 232 221 217
29.698599625830962 -0.25890984395281363 4.693003776655287 232 221 217
29.665023109021295 -1.2508595800165854 4.636579754468074 232 220 216
29.282318951263285 -1.2293819372331805 3.933484120963054 230 213 209
29.698599625830962 -0.25890984395281363 4.693003776655287 232 221 217
29.282318951263285 -1.2293819372331805 3.933484120963054 230 213 209
29.315319070095317 -0.25446269882681655 3.9899081431502665 230 214 210
29.315319070095317 -0.25446269882681655 3.9899081431502665 230 214 210
29.282318951263285 -1.2293819372331805 3.933484120963054 230 213 209
28.978603212048604 -1.2123371834140295 2.8383869976548066 226 202 198
29.315319070095317 -0.25446269882681655 3.9899081431502665 230 214 210
28.978603212048604 -1.2123371834140295 2.8383869976548066 226 202 198
29.01114589885563 -0.2509334244723131 2.894811019842019 226 202 199
29.01114589885563 -0.2509334244723131 2.894811019842019 226 202 199
28.978603212048604 -1.2123371834140295 2.8383869976548066 226 202 198
28.78360570404357 -1.2013937778207344 1.4584841209630537 222 187 185
29.01114589885563 -0.2509334244723131 2.894811019842019 226 202 199
28.78360570404357 -1.2013937778207344 1.4584841209630537 222 187 185
28.815854701411954 -0.24866749085302248 1.514908143150266 222 188 185
28.815854701411954 -0.24866749085302248 1.514908143150266 222 188 185
28.78360570404357 -1.2013937778207344 1.4584841209630537 222 187 185
28.71641414195924 -1.1976229372399567 -0.07115000119293578 216 171 169
28.815854701411954 -0.24866749085302248 1.514908143150266 222 188 185
28.71641414195924 -1.1976229372399567 -0.07115000119293578 216 171 169
28.748561940843846 -0.2478867033392887 -0.01472597900572348 217 172 170
28.748561940843846 -0.2478867033392887 -0.01472597900572348 217 172 170
28.71641414195924 -1.1976229372399567 -0.07115000119293578 216 171 169
28.78360570404357 -1.2013937778207344 -1.6007841233489235 211 155 154
28.748561940843846 -0.2478867033392887 -0.01472597900572348 217 172 170
28.78360570404357 -1.2013937778207344 -1.6007841233489235 211 155 154
28.815854701411954 -0.24866749085302248 -1.5443601011617112 212 156 155
28.815854701411954 -0.24866749085302248 -1.5443601011617112 212 156 155
28.78360570404357 -1.2013937778207344 -1.6007841233489235 211 155 154
28.978603212048604 -1.2123371834140295 -2.9806870000406778 207 141 140
28.815854701411954 -0.24866749085302248 -1.5443601011617112 212 156 155
28.978603212048604 -1.2123371834140295 -2.9806870000406778 207 141 140
29.01114589885563 -0.2509334244723131 -2.9242629778534655 207 142 141
29.01114589885563 -0.2509334244723131 -2.9242629778534655 207 142 141
28.978603212048604 -1.2123371834140295 -2.9806870000406778 207 141 140
29.282318951263285 -1.2293819372331802 -4.075784123348926 203 130 129
29.01114589885563 -0.2509334244723131 -2.9242629778534655 207 142 141
29.282318951263285 -1.2293819372331802 -4.075784123348926 203 130 129
29.315319070095317 -0.25446269882681655 -4.0193601011617135 203 130 130
29.315319070095317 -0.25446269882681655 -4.0193601011617135 203 130 130
29.282318951263285 -1.2293819372331802 -4.075784123348926 203 130 129
29.665023109021295 -1.2508595800165854 -4.7788797568539465 201 122 122
29.315319070095317 -0.25446269882681655 -4.0193601011617135 203 130 130
29.665023109021295 -1.2508595800165854 -4.7788797568539465 201 122 122
29.698599625830962 -0.25890984395281363 -4.722455734666734 201 123 123
29.698599625830962 -0.25890984395281363 -4.722455734666734 201 123 123
29.665023109021295 -1.2508595800165854 -4.7788797568539465 201 122 122
30.089253935904615 -1.2746677304450682 -5.021150001192937 200 120 120
29.698599625830962 -0.25890984395281363 -4.722455734666734 201 123 123
30.089253935904615 -1.2746677304450682 -5.021150001192937 200 120 120
30.123469394794505 -0.2638395423002897 -4.964725979005724 200 120 120
30.123469394794505 -0.2638395423002897 -4.964725979005724 200 120 120
30.089253935904615 -1.2746677304450682 -5.021150001192937 200 120 120
30.51348476278794 -1.2984758808735513 -4.778879756853947 201 122 122
30.123469394794505 -0.2638395423002897 -4.964725979005724 200 120 120
30.51348476278794 -1.2984758808735513 -4.778879756853947 201 122 122
30.54833916375805 -0.26876924064776586 -4.722455734666735 201 123 123
30.54833916375805 -0.26876924064776586 -4.722455734666735 201 123 123
30.51348476278794 -1.2984758808735513 -4.778879756853947 201 122 122
30.896188920545946 -1.319953523656956 -4.075784123348927 203 130 129
30.54833916375805 -0.26876924064776586 -4.722455734666735 201 123 123
30.896188920545946 -1.319953523656956 -4.075784123348927 203 130 129
30.931619719493696 -0.27321638577376295 -4.019360101161714 203 130 130
30.931619719493696 -0.27321638577376295 -4.019360101161714 203 130 130
30.896188920545946 -1.319953523656956 -4.075784123348927 203 130 129
31.199904659760627 -1.3369982774761069 -2.9806870000406795 207 141 140
30.931619719493696 -0.27321638577376295 -4.019360101161714 203 130 130
31.199904659760627 -1.3369982774761069 -2.9806870000406795 207 141 140
31.23579289073338 -0.2767456601282664 -2.9242629778534672 207 142 141
31.23579289073338 -0.2767456601282664 -2.9242629778534672 207 142 141
31.199904659760627 -1.3369982774761069 -2.9806870000406795 207 141 140
31.39490216776566 -1.347941683069402 -1.6007841233489273 211 155 154
31.23579289073338 -0.2767456601282664 -2.9242629778534672 207 142 141
31.39490216776566 -1.347941683069402 -1.6007841233489273 211 155 154
31.43108408817706 -0.279011593747557 -1.544360101161715 212 156 155
31.43108408817706 -0.279011593747557 -1.544360101161715 212 156 155
31.39490216776566 -1.347941683069402 -1.6007841233489273 211 155 154
31.46209372984999 -1.3517125236501797 -0.0711500011929376 216 171 169
31.43108408817706 -0.279011593747557 -1.544360101161715 212 156 155
31.46209372984999 -1.3517125236501797 -0.0711500011929376 216 171 169
31.498376848745167 -0.2797923812612908 -0.014725979005725297 217 172 170
31.46209372984999 -1.3517125236501797 -0.0711500011929364 216 171 169
31.378214667056234 -2.421202484727975 -0.12747326605866213 216 171 169
31.311256672672577 -2.4144532446124884 1.4021608560973275 221 187 184
31.46209372984999 -1.3517125236501797 -0.0711500011929364 216 171 169
31.311256672672577 -2.4144532446124884 1.4021608560973275 221 187 184
31.39490216776566 -1.347941683069402 1.4584841209630532 222 187 185
31.39490216776566 -1.347941683069402 1.4584841209630532 222 187 185
31.311256672672577 -2.4144532446124884 1.4021608560973275 221 187 184
31.116937004535664 -2.394866186913253 2.78206373278908 226 201 198
31.39490216776566 -1.347941683069402 1.4584841209630532 222 187 185
31.116937004535664 -2.394866186913253 2.78206373278908 226 201 198
31.199904659760627 -1.3369982774761069 2.8383869976548057 226 202 198
31.199904659760627 -1.3369982774761069 2.8383869976548057 226 202 198
31.116937004535664 -2.394866186913253 2.78206373278908 226 201 198
30.814277025667472 -2.364358629308925 3.8771608560973285 230 212 209
31.199904659760627 -1.3369982774761069 2.8383869976548057 226 202 198
30.814277025667472 -2.364358629308925 3.8771608560973285 230 212 209
30.896188920545946 -1.319953523656956 3.933484120963054 230 213 209
30.896188920545946 -1.319953523656956 3.933484120963054 230 213 209
30.814277025667472 -2.364358629308925 3.8771608560973285 230 212 209
30.432903203555693 -2.32591686409647 4.580256489602347 232 220 216
30.896188920545946 -1.319953523656956 3.933484120963054 230 213 209
30.432903203555693 -2.32591686409647 4.580256489602347 232 220 216
30.51348476278794 -1.2984758808735513 4.636579754468073 232 220 216
30.51348476278794 -1.2984758808735513 4.636579754468073 232 220 216
30.432903203555693 -2.32591686409647 4.580256489602347 232 220 216
30.01014706509629 -2.283303839094409 4.822526733941338 233 222 218
30.51348476278794 -1.2984758808735513 4.636579754468073 232 220 216
30.01014706509629 -2.283303839094409 4.822526733941338 233 222 218
30.089253935904615 -1.2746677304450682 4.8788499988070635 233 223 219
30.089253935904615 -1.2746677304450682 4.8788499988070635 233 223 219
30.01014706509629 -2.283303839094409 4.822526733941338 233 222 218
29.587390926636886 -2.2406908140923485 4.580256489602348 232 220 216
30.089253935904615 -1.2746677304450682 4.8788499988070635 233 223 219
29.587390926636886 -2.2406908140923485 4.580256489602348 232 220 216
29.665023109021295 -1.2508595800165854 4.636579754468074 232 220 216
29.665023109021295 -1.2508595800165854 4.636579754468074 232 220 216
29.587390926636886 -2.2406908140923485 4.580256489602348 232 220 216
29.206017104525106 -2.202249048879893 3.8771608560973285 230 212 209
29.665023109021295 -1.2508595800165854 4.636579754468074 232 220 216
29.206017104525106 -2.202249048879893 3.8771608560973285 230 212 209
29.282318951263285 -1.2293819372331805 3.933484120963054 230 213 209
29.282318951263285 -1.2293819372331805 3.933484120963054 230 213 209
29.206017104525106 -2.202249048879893 3.8771608560973285 230 212 209
28.903357125656914 -2.1717414912755655 2.782063732789081 226 201 198
29.282318951263285 -1.2293819372331805 3.933484120963054 230 213 209
28.903357125656914 -2.1717414912755655 2.782063732789081 226 201 198
28.978603212048604 -1.2123371834140295 2.8383869976548066 226 202 198
28.978603212048604 -1.2123371834140295 2.8383869976548066 226 202 198
28.903357125656914 -2.1717414912755655 2.782063732789081 226 201 198
28.70903745752 -2.15215443357633 1.402160856097328 221 187 184
28.978603212048604 -1.2123371834140295 2.8383869976548066 226 202 198
28.70903745752 -2.15215443357633 1.402160856097328 221 187 184
28.78360570404357 -1.2013937778207344 1.4584841209630537 222 187 185
28.78360570404357 -1.2013937778207344 1.4584841209630537 222 187 185
28.70903745752 -2.15215443357633 1.402160856097328 221 187 184
28.642079463136348 -2.145405193460843 -0.12747326605866152 216 171 169
28.78360570404357 -1.2013937778207344 1.4584841209630537 222 187 185
28.642079463136348 -2.145405193460843 -0.12747326605866152 216 171 169
28.71641414195924 -1.1976229372399567 -0.07115000119293578 216 171 169
28.71641414195924 -1.1976229372399567 -0.07115000119293578 216 171 169
28.642079463136348 -2.145405193460843 -0.12747326605866152 216 171 169
28.70903745752 -2.15215443357633 -1.6571073882146492 211 155 153
28.71641414195924 -1.1976229372399567 -0.07115000119293578 216 171 169
28.70903745752 -2.15215443357633 -1.6571073882146492 211 155 153
28.78360570404357 -1.2013937778207344 -1.6007841233489235 211 155 154
28.78360570404357 -1.2013937778207344 -1.6007841233489235 211 155 154
28.70903745752 -2.15215443357633 -1.6571073882146492 211 155 153
28.903357125656914 -2.1717414912755655 -3.0370102649064035 207 140 140
28.78360570404357 -1.2013937778207344 -1.6007841233489235 211 155 154
28.903357125656914 -2.1717414912755655 -3.0370102649064035 207 140 140
28.978603212048604 -1.2123371834140295 -2.9806870000406778 207 141 140
28.978603212048604 -1.2123371834140295 -2.9806870000406778 207 141 140
28.903357125656914 -2.1717414912755655 -3.0370102649064035 207 140 140
29.206017104525106 -2.202249048879893 -4.132107388214652 203 129 129
28.978603212048604 -1.2123371834140295 -2.9806870000406778 207 141 140
29.206017104525106 -2.202249048879893 -4.132107388214652 203 129 129
29.282318951263285 -1.2293819372331802 -4.075784123348926 203 130 129
29.282318951263285 -1.2293819372331802 -4.075784123348926 203 130 129
29.206017104525106 -2.202249048879893 -4.132107388214652 203 129 129
29.587390926636886 -2.2406908140923485 -4.835203021719672 201 122 122
29.282318951263285 -1.2293819372331802 -4.075784123348926 203 130 129
29.587390926636886 -2.2406908140923485 -4.835203021719672 201 122 122
29.665023109021295 -1.2508595800165854 -4.7788797568539465 201 122 122
29.665023109021295 -1.2508595800165854 -4.7788797568539465 201 122 122
29.587390926636886 -2.2406908140923485 -4.835203021719672 201 122 122
30.01014706509629 -2.283303839094409 -5.077473266058663 200 120 120
29.665023109021295 -1.2508595800165854 -4.7788797568539465 201 122 122
30.01014706509629 -2.283303839094409 -5.077473266058663 200 120 120
30.089253935904615 -1.2746677304450682 -5.021150001192937 200 120 120
30.089253935904615 -1.2746677304450682 -5.021150001192937 200 120 120
30.01014706509629 -2.283303839094409 -5.077473266058663 200 120 120
30.432903203555693 -2.32591686409647 -4.835203021719673 201 122 122
30.089253935904615 -1.2746677304450682 -5.021150001192937 200 120 120
30.432903203555693 -2.32591686409647 -4.835203021719673 201 122 122
30.51348476278794 -1.2984758808735513 -4.778879756853947 201 122 122
30.51348476278794 -1.2984758808735513 -4.778879756853947 201 122 122
30.432903203555693 -2.32591686409647 -4.835203021719673 201 122 122
30.814277025667472 -2.364358629308925 -4.132107388214653 203 129 129
30.51348476278794 -1.2984758808735513 -4.778879756853947 201 122 122
30.814277025667472 -2.364358629308925 -4.132107388214653 203 129 129
30.896188920545946 -1.319953523656956 -4.075784123348927 203 130 129
30.896188920545946 -1.319953523656956 -4.075784123348927 203 130 129
30.814277025667472 -2.364358629308925 -4.132107388214653 203 129 129
31.116937004535664 -2.394866186913253 -3.0370102649064052 207 140 140
30.896188920545946 -1.319953523656956 -4.075784123348927 203 130 129
31.116937004535664 -2.394866186913253 -3.0370102649064052 207 140 140
31.199904659760627 -1.3369982774761069 -2.9806870000406795 207 141 140
31.199904659760627 -1.3369982774761069 -2.9806870000406795 207 141 140
31.116937004535664 -2.394866186913253 -3.0370102649064052 207 140 140
31.311256672672577 -2.4144532446124884 -1.657107388214653 211 155 153
31.199904659760627 -1.3369982774761069 -2.9806870000406795 207 141 140
31.311256672672577 -2.4144532446124884 -1.657107388214653 211 155 153
31.39490216776566 -1.347941683069402 -1.6007841233489273 211 155 154
31.39490216776566 -1.347941683069402 -1.6007841233489273 211 155 154
31.311256672672577 -2.4144532446124884 -1.657107388214653 211 155 153
31.378214667056234 -2.421202484727975 -0.12747326605866335 216 171 169
31.39490216776566 -1.347941683069402 -1.6007841233489273 211 155 154
31.378214667056234 -2.421202484727975 -0.12747326605866335 216 171 169
31.46209372984999 -1.3517125236501797 -0.0711500011929376 216 171 169
31.378214667056234 -2.421202484727975 -0.12747326605866213 216 171 169
31.24695365589039 -3.486349919291488 -0.18361601279882392 216 170 168
31.180360102658266 -3.4766430185534456 1.3460181093571657 221 186 183
31.378214667056234 -2.421202484727975 -0.12747326605866213 216 171 169
31.180360102658266 -3.4766430185534456 1.3460181093571657 221 186 183
31.311256672672577 -2.4144532446124884 1.4021608560973275 221 187 184
31.311256672672577 -2.4144532446124884 1.4021608560973275 221 187 184
31.180360102658266 -3.4766430185534456 1.3460181093571657 221 186 183
30.98709808393682 -3.448472495415512 2.725920986048918 226 200 197
31.311256672672577 -2.4144532446124884 1.4021608560973275 221 187 184
30.98709808393682 -3.448472495415512 2.725920986048918 226 200 197
31.116937004535664 -2.394866186913253 2.78206373278908 226 201 198
31.116937004535664 -2.394866186913253 2.78206373278908 226 201 198
30.98709808393682 -3.448472495415512 2.725920986048918 226 200 197
30.68608543265417 -3.404595876958004 3.8210181093571665 229 212 208
31.116937004535664 -2.394866186913253 2.78206373278908 226 201 198
30.68608543265417 -3.404595876958004 3.8210181093571665 229 212 208
30.814277025667472 -2.364358629308925 3.8771608560973285 230 212 209
30.814277025667472 -2.364358629308925 3.8771608560973285 230 212 209
30.68608543265417 -3.404595876958004 3.8210181093571665 229 212 208
30.306787364396328 -3.3493081123019195 4.524113742862186 232 219 215
30.814277025667472 -2.364358629308925 3.8771608560973285 230 212 209
30.306787364396328 -3.3493081123019195 4.524113742862186 232 219 215
30.432903203555693 -2.32591686409647 4.580256489602347 232 220 216
30.432903203555693 -2.32591686409647 4.580256489602347 232 220 216
30.306787364396328 -3.3493081123019195 4.524113742862186 232 219 215
29.886332216809407 -3.2880211530643035 4.766383987201176 233 222 218
30.432903203555693 -2.32591686409647 4.580256489602347 232 220 216
29.886332216809407 -3.2880211530643035 4.766383987201176 233 222 218
30.01014706509629 -2.283303839094409 4.822526733941338 233 222 218
30.01014706509629 -2.283303839094409 4.822526733941338 233 222 218
29.886332216809407 -3.2880211530643035 4.766383987201176 233 222 218
29.465877069222486 -3.2267341938266876 4.524113742862187 232 219 215
30.01014706509629 -2.283303839094409 4.822526733941338 233 222 218
29.465877069222486 -3.2267341938266876 4.524113742862187 232 219 215
29.587390926636886 -2.2406908140923485 4.580256489602348 232 220 216
29.587390926636886 -2.2406908140923485 4.580256489602348 232 220 216
29.465877069222486 -3.2267341938266876 4.524113742862187 232 219 215
29.086579000964644 -3.171446429170603 3.8210181093571665 229 212 208
29.587390926636886 -2.2406908140923485 4.580256489602348 232 220 216
29.086579000964644 -3.171446429170603 3.8210181093571665 229 212 208
29.206017104525106 -2.202249048879893 3.8771608560973285 230 212 209
29.206017104525106 -2.202249048879893 3.8771608560973285 230 212 209
29.086579000964644 -3.171446429170603 3.8210181093571665 229 212 208
28.785566349681996 -3.127569810713095 2.725920986048919 226 200 197
29.206017104525106 -2.202249048879893 3.8771608560973285 230 212 209
28.785566349681996 -3.127569810713095 2.725920986048919 226 200 197
28.903357125656914 -2.1717414912755655 2.782063732789081 226 201 198
28.903357125656914 -2.1717414912755655 2.782063732789081 226 201 198
28.785566349681996 -3.127569810713095 2.725920986048919 226 200 197
28.592304330960552 -3.099399287575162 1.3460181093571661 221 186 183
28.903357125656914 -2.1717414912755655 2.782063732789081 226 201 198
28.592304330960552 -3.099399287575162 1.3460181093571661 221 186 183
28.70903745752 -2.15215443357633 1.402160856097328 221 187 184
28.70903745752 -2.15215443357633 1.402160856097328 221 187 184
28.592304330960552 -3.099399287575162 1.3460181093571661 221 186 183
28.525710777728428 -3.089692386837119 -0.1836160127988233 216 170 168
28.70903745752 -2.15215443357633 1.402160856097328 221 187 184
28.525710777728428 -3.089692386837119 -0.1836160127988233 216 170 168
28.642079463136348 -2.145405193460843 -0.12747326605866152 216 171 169
28.642079463136348 -2.145405193460843 -0.12747326605866152 216 171 169
28.525710777728428 -3.089692386837119 -0.1836160127988233 216 170 168
28.592304330960552 -3.099399287575162 -1.713250134954811 211 154 153
28.642079463136348 -2.145405193460843 -0.12747326605866152 216 171 169
28.592304330960552 -3.099399287575162 -1.713250134954811 211 154 153
28.70903745752 -2.15215443357633 -1.6571073882146492 211 155 153
28.70903745752 -2.15215443357633 -1.6571073882146492 211 155 153
28.592304330960552 -3.099399287575162 -1.713250134954811 211 154 153
28.785566349681996 -3.127569810713095 -3.0931530116465655 206 140 139
28.70903745752 -2.15215443357633 -1.6571073882146492 211 155 153
28.785566349681996 -3.127569810713095 -3.0931530116465655 206 140 139
28.903357125656914 -2.1717414912755655 -3.0370102649064035 207 140 140
28.903357125656914 -2.1717414912755655 -3.0370102649064035 207 140 140
28.785566349681996 -3.127569810713095 -3.0931530116465655 206 140 139
29.086579000964644 -3.171446429170603 -4.188250134954814 203 128 128
28.903357125656914 -2.1717414912755655 -3.0370102649064035 207 140 140
29.086579000964644 -3.171446429170603 -4.188250134954814 203 128 128
29.206017104525106 -2.202249048879893 -4.132107388214652 203 129 129
29.206017104525106 -2.202249048879893 -4.132107388214652 203 129 129
29.086579000964644 -3.171446429170603 -4.188250134954814 203 128 128
29.465877069222486 -3.2267341938266876 -4.891345768459834 200 121 121
29.206017104525106 -2.202249048879893 -4.132107388214652 203 129 129
29.465877069222486 -3.2267341938266876 -4.891345768459834 200 121 121
29.587390926636886 -2.2406908140923485 -4.835203021719672 201 122 122
29.587390926636886 -2.2406908140923485 -4.835203021719672 201 122 122
29.465877069222486 -3.2267341938266876 -4.891345768459834 200 121 121
29.886332216809407 -3.2880211530643035 -5.133616012798824 200 120 120
29.587390926636886 -2.2406908140923485 -4.835203021719672 201 122 122
29.886332216809407 -3.2880211530643035 -5.133616012798824 200 120 120
30.01014706509629 -2.283303839094409 -5.077473266058663 200 120 120
30.01014706509629 -2.283303839094409 -5.077473266058663 200 120 120
29.886332216809407 -3.2880211530643035 -5.133616012798824 200 120 120
30.306787364396328 -3.3493081123019195 -4.891345768459835 200 121 121
30.01014706509629 -2.283303839094409 -5.077473266058663 200 120 120
30.306787364396328 -3.3493081123019195 -4.891345768459835 200 121 121
30.432903203555693 -2.32591686409647 -4.835203021719673 201 122 122
30.432903203555693 -2.32591686409647 -4.835203021719673 201 122 122
30.306787364396328 -3.3493081123019195 -4.891345768459835 200 121 121
30.68608543265417 -3.404595876958004 -4.1882501349548145 203 128 128
30.432903203555693 -2.32591686409647 -4.835203021719673 201 122 122
30.68608543265417 -3.404595876958004 -4.1882501349548145 203 128 128
30.814277025667472 -2.364358629308925 -4.132107388214653 203 129 129
30.814277025667472 -2.364358629308925 -4.132107388214653 203 129 129
30.68608543265417 -3.404595876958004 -4.1882501349548145 203 128 128
30.98709808393682 -3.448472495415512 -3.0931530116465673 206 140 139
30.814277025667472 -2.364358629308925 -4.132107388214653 203 129 129
30.98709808393682 -3.448472495415512 -3.0931530116465673 206 140 139
31.116937004535664 -2.394866186913253 -3.0370102649064052 207 140 140
31.116937004535664 -2.394866186913253 -3.0370102649064052 207 140 140
30.98709808393682 -3.448472495415512 -3.0931530116465673 206 140 139
31.180360102658266 -3.4766430185534456 -1.7132501349548148 211 154 153
31.116937004535664 -2.394866186913253 -3.0370102649064052 207 140 140
31.180360102658266 -3.4766430185534456 -1.7132501349548148 211 154 153
31.311256672672577 -2.4144532446124884 -1.657107388214653 211 155 153
31.311256672672577 -2.4144532446124884 -1.657107388214653 211 155 153
31.180360102658266 -3.4766430185534456 -1.7132501349548148 211 154 153
31.24695365589039 -3.486349919291488 -0.18361601279882514 216 170 168
31.311256672672577 -2.4144532446124884 -1.657107388214653 211 155 153
31.24695365589039 -3.486349919291488 -0.18361601279882514 216 170 168
31.378214667056234 -2.421202484727975 -0.12747326605866335 216 171 169
31.24695365589039 -3.486349919291488 -0.18361601279882392 216 170 168
31.068642886264463 -4.545267685134575 -0.2394987362456411 216 170 168
31.002542341336216 -4.532632685561676 1.2901353859103486 221 186 183
31.24695365589039 -3.486349919291488 -0.18361601279882392 216 170 168
31.002542341336216 -4.532632685561676 1.2901353859103486 221 186 183
31.180360102658266 -3.4766430185534456 1.3460181093571657 221 186 183
31.180360102658266 -3.4766430185534456 1.3460181093571657 221 186 183
31.002542341336216 -4.532632685561676 1.2901353859103486 221 186 183
30.810711088438637 -4.495964488634397 2.670038262602101 226 200 197
31.180360102658266 -3.4766430185534456 1.3460181093571657 221 186 183
30.810711088438637 -4.495964488634397 2.670038262602101 226 200 197
30.98709808393682 -3.448472495415512 2.725920986048918 226 200 197
30.98709808393682 -3.448472495415512 2.725920986048918 226 200 197
30.810711088438637 -4.495964488634397 2.670038262602101 226 200 197
30.511926907172267 -4.438852432950328 3.7651353859103494 229 211 208
30.98709808393682 -3.448472495415512 2.725920986048918 226 200 197
30.511926907172267 -4.438852432950328 3.7651353859103494 229 211 208
30.68608543265417 -3.404595876958004 3.8210181093571665 229 212 208
30.68608543265417 -3.404595876958004 3.8210181093571665 229 212 208
30.511926907172267 -4.438852432950328 3.7651353859103494 229 211 208
30.13543687495126 -4.366887044442917 4.468231019415368 232 219 215
30.68608543265417 -3.404595876958004 3.8210181093571665 229 212 208
30.13543687495126 -4.366887044442917 4.468231019415368 232 219 215
30.306787364396328 -3.3493081123019195 4.524113742862186 232 219 215
30.306787364396328 -3.3493081123019195 4.524113742862186 232 219 215
30.13543687495126 -4.366887044442917 4.468231019415368 232 219 215
29.71809445928971 -4.2871127967516145 4.7105012637543595 232 221 217
30.306787364396328 -3.3493081123019195 4.524113742862186 232 219 215
29.71809445928971 -4.2871127967516145 4.7105012637543595 232 221 217
29.886332216809407 -3.2880211530643035 4.766383987201176 233 222 218
29.886332216809407 -3.2880211530643035 4.766383987201176 233 222 218
29.71809445928971 -4.2871127967516145 4.7105012637543595 232 221 217
29.300752043628158 -4.207338549060313 4.46823101941537 232 219 215
29.886332216809407 -3.2880211530643035 4.766383987201176 233 222 218
29.300752043628158 -4.207338549060313 4.46823101941537 232 219 215
29.465877069222486 -3.2267341938266876 4.524113742862187 232 219 215
29.465877069222486 -3.2267341938266876 4.524113742862187 232 219 215
29.300752043628158 -4.207338549060313 4.46823101941537 232 219 215
28.92426201140715 -4.135373160552902 3.7651353859103494 229 211 208
29.465877069222486 -3.2267341938266876 4.524113742862187 232 219 215
28.92426201140715 -4.135373160552902 3.7651353859103494 229 211 208
29.086579000964644 -3.171446429170603 3.8210181093571665 229 212 208
29.086579000964644 -3.171446429170603 3.8210181093571665 229 212 208
28.92426201140715 -4.135373160552902 3.7651353859103494 229 211 208
28.62547783014078 -4.078261104868833 2.6700382626021018 226 200 197
29.086579000964644 -3.171446429170603 3.8210181093571665 229 212 208
28.62547783014078 -4.078261104868833 2.6700382626021018 226 200 197
28.785566349681996 -3.127569810713095 2.725920986048919 226 200 197
28.785566349681996 -3.127569810713095 2.725920986048919 226 200 197
28.62547783014078 -4.078261104868833 2.6700382626021018 226 200 197
28.4336465772432 -4.041592907941553 1.290135385910349 221 186 183
28.785566349681996 -3.127569810713095 2.725920986048919 226 200 197
28.4336465772432 -4.041592907941553 1.290135385910349 221 186 183
28.592304330960552 -3.099399287575162 1.3460181093571661 221 186 183
28.592304330960552 -3.099399287575162 1.3460181093571661 221 186 183
28.4336465772432 -4.041592907941553 1.290135385910349 221 186 183
28.367546032314955 -4.028957908368655 -0.2394987362456405 216 170 168
28.592304330960552 -3.099399287575162 1.3460181093571661 221 186 183
28.367546032314955 -4.028957908368655 -0.2394987362456405 216 170 168
28.525710777728428 -3.089692386837119 -0.1836160127988233 216 170 168
28.525710777728428 -3.089692386837119 -0.1836160127988233 216 170 168
28.367546032314955 -4.028957908368655 -0.2394987362456405 216 170 168
28.4336465772432 -4.041592907941553 -1.7691328584016281 211 154 152
28.525710777728428 -3.089692386837119 -0.1836160127988233 216 170 168
28.4336465772432 -4.041592907941553 -1.7691328584016281 211 154 152
28.592304330960552 -3.099399287575162 -1.713250134954811 211 154 153
28.592304330960552 -3.099399287575162 -1.713250134954811 211 154 153
28.4336465772432 -4.041592907941553 -1.7691328584016281 211 154 152
28.62547783014078 -4.078261104868833 -3.1490357350933826 206 139 139
28.592304330960552 -3.099399287575162 -1.713250134954811 211 154 153
28.62547783014078 -4.078261104868833 -3.1490357350933826 206 139 139
28.785566349681996 -3.127569810713095 -3.0931530116465655 206 140 139
28.785566349681996 -3.127569810713095 -3.0931530116465655 206 140 139
28.62547783014078 -4.078261104868833 -3.1490357350933826 206 139 139
28.92426201140715 -4.135373160552902 -4.244132858401631 203 128 128
28.785566349681996 -3.127569810713095 -3.0931530116465655 206 140 139
28.92426201140715 -4.135373160552902 -4.244132858401631 203 128 128
29.086579000964644 -3.171446429170603 -4.188250134954814 203 128 128
29.086579000964644 -3.171446429170603 -4.188250134954814 203 128 128
28.92426201140715 -4.135373160552902 -4.244132858401631 203 128 128
29.300752043628158 -4.207338549060313 -4.947228491906651 200 121 121
29.086579000964644 -3.171446429170603 -4.188250134954814 203 128 128
29.300752043628158 -4.207338549060313 -4.947228491906651 200 121 121
29.465877069222486 -3.2267341938266876 -4.891345768459834 200 121 121
29.465877069222486 -3.2267341938266876 -4.891345768459834 200 121 121
29.300752043628158 -4.207338549060313 -4.947228491906651 200 121 121
29.71809445928971 -4.2871127967516145 -5.189498736245641 200 120 120
29.465877069222486 -3.2267341938266876 -4.891345768459834 200 121 121
29.71809445928971 -4.2871127967516145 -5.189498736245641 200 120 120
29.886332216809407 -3.2880211530643035 -5.133616012798824 200 120 120
29.886332216809407 -3.2880211530643035 -5.133616012798824 200 120 120
29.71809445928971 -4.2871127967516145 -5.189498736245641 200 120 120
30.13543687495126 -4.366887044442917 -4.947228491906651 200 121 121
29.886332216809407 -3.2880211530643035 -5.133616012798824 200 120 120
30.13543687495126 -4.366887044442917 -4.947228491906651 200 121 121
30.306787364396328 -3.3493081123019195 -4.891345768459835 200 121 121
30.306787364396328 -3.3493081123019195 -4.891345768459835 200 121 121
30.13543687495126 -4.366887044442917 -4.947228491906651 200 121 121
30.511926907172267 -4.438852432950328 -4.244132858401631 203 128 128
30.306787364396328 -3.3493081123019195 -4.891345768459835 200 121 121
30.511926907172267 -4.438852432950328 -4.244132858401631 203 128 128
30.68608543265417 -3.404595876958004 -4.1882501349548145 203 128 128
30.68608543265417 -3.404595876958004 -4.1882501349548145 203 128 128
30.511926907172267 -4.438852432950328 -4.244132858401631 203 128 128
30.810711088438637 -4.495964488634397 -3.1490357350933844 206 139 139
30.68608543265417 -3.404595876958004 -4.1882501349548145 203 128 128
30.810711088438637 -4.495964488634397 -3.1490357350933844 206 139 139
30.98709808393682 -3.448472495415512 -3.0931530116465673 206 140 139
30.98709808393682 -3.448472495415512 -3.0931530116465673 206 140 139
30.810711088438637 -4.495964488634397 -3.1490357350933844 206 139 139
31.002542341336216 -4.532632685561676 -1.769132858401632 211 154 152
30.98709808393682 -3.448472495415512 -3.0931530116465673 206 140 139
31.002542341336216 -4.532632685561676 -1.769132858401632 211 154 152
31.180360102658266 -3.4766430185534456 -1.7132501349548148 211 154 153
31.180360102658266 -3.4766430185534456 -1.7132501349548148 211 154 153
31.002542341336216 -4.532632685561676 -1.769132858401632 211 154 152
31.068642886264463 -4.545267685134575 -0.23949873624564233 216 170 168
31.180360102658266 -3.4766430185534456 -1.7132501349548148 211 154 153
31.068642886264463 -4.545267685134575 -0.23949873624564233 216 170 168
31.24695365589039 -3.486349919291488 -0.18361601279882514 216 170 168
31.068642886264463 -4.545267685134575 -0.2394987362456411 216 170 168
30.843728468033593 -5.596104084016602 -0.2950422994569145 216 169 167
30.778246431542115 -5.580579002665866 1.234591822699075 221 185 182
31.068642886264463 -4.545267685134575 -0.2394987362456411 216 170 168
30.778246431542115 -5.580579002665866 1.234591822699075 221 185 182
31.002542341336216 -4.532632685561676 1.2901353859103486 221 186 183
31.002542341336216 -4.532632685561676 1.2901353859103486 221 186 183
30.778246431542115 -5.580579002665866 1.234591822699075 221 185 182
30.588210160039647 -5.5355234617458695 2.6144946993908276 225 199 196
31.002542341336216 -4.532632685561676 1.2901353859103486 221 186 183
30.588210160039647 -5.5355234617458695 2.6144946993908276 225 199 196
30.810711088438637 -4.495964488634397 2.670038262602101 226 200 197
30.810711088438637 -4.495964488634397 2.670038262602101 226 200 197
30.588210160039647 -5.5355234617458695 2.6144946993908276 225 199 196
30.292221727841408 -5.465347811522273 3.709591822699076 229 211 207
30.810711088438637 -4.495964488634397 2.670038262602101 226 200 197
30.292221727841408 -5.465347811522273 3.709591822699076 229 211 207
30.511926907172267 -4.438852432950328 3.7651353859103494 229 211 208
30.511926907172267 -4.438852432950328 3.7651353859103494 229 211 208
30.292221727841408 -5.465347811522273 3.709591822699076 229 211 207
29.919254544963636 -5.37692133358147 4.412687456204095 231 218 214
30.511926907172267 -4.438852432950328 3.7651353859103494 229 211 208
29.919254544963636 -5.37692133358147 4.412687456204095 231 218 214
30.13543687495126 -4.366887044442917 4.468231019415368 232 219 215
30.13543687495126 -4.366887044442917 4.468231019415368 232 219 215
29.919254544963636 -5.37692133358147 4.412687456204095 231 218 214
29.505817237881573 -5.278899827687805 4.654957700543085 232 221 217
30.13543687495126 -4.366887044442917 4.468231019415368 232 219 215
29.505817237881573 -5.278899827687805 4.654957700543085 232 221 217
29.71809445928971 -4.2871127967516145 4.7105012637543595 232 221 217
29.71809445928971 -4.2871127967516145 4.7105012637543595 232 221 217
29.505817237881573 -5.278899827687805 4.654957700543085 232 221 217
29.092379930799506 -5.18087832179414 4.412687456204096 231 218 214
29.71809445928971 -4.2871127967516145 4.7105012637543595 232 221 217
29.092379930799506 -5.18087832179414 4.412687456204096 231 218 214
29.300752043628158 -4.207338549060313 4.46823101941537 232 219 215
29.300752043628158 -4.207338549060313 4.46823101941537 232 219 215
29.092379930799506 -5.18087832179414 4.412687456204096 231 218 214
28.719412747921734 -5.092451843853337 3.709591822699076 229 211 207
29.300752043628158 -4.207338549060313 4.46823101941537 232 219 215
28.719412747921734 -5.092451843853337 3.709591822699076 229 211 207
28.92426201140715 -4.135373160552902 3.7651353859103494 229 211 208
28.92426201140715 -4.135373160552902 3.7651353859103494 229 211 208
28.719412747921734 -5.092451843853337 3.709591822699076 229 211 207
28.423424315723494 -5.022276193629741 2.6144946993908285 225 199 196
28.92426201140715 -4.135373160552902 3.7651353859103494 229 211 208
28.423424315723494 -5.022276193629741 2.6144946993908285 225 199 196
28.62547783014078 -4.078261104868833 2.6700382626021018 226 200 197
28.62547783014078 -4.078261104868833 2.6700382626021018 226 200 197
28.423424315723494 -5.022276193629741 2.6144946993908285 225 199 196
28.233388044221027 -4.977220652709744 1.2345918226990755 221 185 182
28.62547783014078 -4.078261104868833 2.6700382626021018 226 200 197
28.233388044221027 -4.977220652709744 1.2345918226990755 221 185 182
28.4336465772432 -4.041592907941553 1.290135385910349 221 186 183
28.4336465772432 -4.041592907941553 1.290135385910349 221 186 183
28.233388044221027 -4.977220652709744 1.2345918226990755 221 185 182
28.16790600772955 -4.961695571359008 -0.2950422994569139 216 169 167
28.4336465772432 -4.041592907941553 1.290135385910349 221 186 183
28.16790600772955 -4.961695571359008 -0.2950422994569139 216 169 167
28.367546032314955 -4.028957908368655 -0.2394987362456405 216 170 168
28.367546032314955 -4.028957908368655 -0.2394987362456405 216 170 168
28.16790600772955 -4.961695571359008 -0.2950422994569139 216 169 167
28.233388044221027 -4.977220652709744 -1.8246764216129017 211 153 152
28.367546032314955 -4.028957908368655 -0.2394987362456405 216 170 168
28.233388044221027 -4.977220652709744 -1.8246764216129017 211 153 152
28.4336465772432 -4.041592907941553 -1.7691328584016281 211 154 152
28.4336465772432 -4.041592907941553 -1.7691328584016281 211 154 152
28.233388044221027 -4.977220652709744 -1.8246764216129017 211 153 152
28.423424315723494 -5.022276193629741 -3.204579298304656 206 139 138
28.4336465772432 -4.041592907941553 -1.7691328584016281 211 154 152
28.423424315723494 -5.022276193629741 -3.204579298304656 206 139 138
28.62547783014078 -4.078261104868833 -3.1490357350933826 206 139 139
28.62547783014078 -4.078261104868833 -3.1490357350933826 206 139 139
28.423424315723494 -5.022276193629741 -3.204579298304656 206 139 138
28.719412747921734 -5.092451843853337 -4.299676421612904 202 127 127
28.62547783014078 -4.078261104868833 -3.1490357350933826 206 139 139
28.719412747921734 -5.092451843853337 -4.299676421612904 202 127 127
28.92426201140715 -4.135373160552902 -4.244132858401631 203 128 128
28.92426201140715 -4.135373160552902 -4.244132858401631 203 128 128
28.719412747921734 -5.092451843853337 -4.299676421612904 202 127 127
29.092379930799506 -5.18087832179414 -5.002772055117925 200 120 120
28.92426201140715 -4.135373160552902 -4.244132858401631 203 128 128
29.092379930799506 -5.18087832179414 -5.002772055117925 200 120 120
29.300752043628158 -4.207338549060313 -4.947228491906651 200 121 121
29.300752043628158 -4.207338549060313 -4.947228491906651 200 121 121
29.092379930799506 -5.18087832179414 -5.002772055117925 200 120 120
29.505817237881573 -5.278899827687805 -5.245042299456915 200 120 120
29.300752043628158 -4.207338549060313 -4.947228491906651 200 121 121
29.505817237881573 -5.278899827687805 -5.245042299456915 200 120 120
29.71809445928971 -4.2871127967516145 -5.189498736245641 200 120 120
29.71809445928971 -4.2871127967516145 -5.189498736245641 200 120 120
29.505817237881573 -5.278899827687805 -5.245042299456915 200 120 120
29.919254544963636 -5.37692133358147 -5.0027720551179256 200 120 120
29.71809445928971 -4.2871127967516145 -5.189498736245641 200 120 120
29.919254544963636 -5.37692133358147 -5.0027720551179256 200 120 120
30.13543687495126 -4.366887044442917 -4.947228491906651 200 121 121
30.13543687495126 -4.366887044442917 -4.947228491906651 200 121 121
29.919254544963636 -5.37692133358147 -5.0027720551179256 200 120 120
30.292221727841408 -5.465347811522273 -4.299676421612905 202 127 127
30.13543687495126 -4.366887044442917 -4.947228491906651 200 121 121
30.292221727841408 -5.465347811522273 -4.299676421612905 202 127 127
30.511926907172267 -4.438852432950328 -4.244132858401631 203 128 128
30.511926907172267 -4.438852432950328 -4.244132858401631 203 128 128
30.292221727841408 -5.465347811522273 -4.299676421612905 202 127 127
30.588210160039647 -5.5355234617458695 -3.2045792983046577 206 139 138
30.511926907172267 -4.438852432950328 -4.244132858401631 203 128 128
30.588210160039647 -5.5355234617458695 -3.2045792983046577 206 139 138
30.810711088438637 -4.495964488634397 -3.1490357350933844 206 139 139
30.810711088438637 -4.495964488634397 -3.1490357350933844 206 139 139
30.588210160039647 -5.5355234617458695 -3.2045792983046577 206 139 138
30.778246431542115 -5.580579002665866 -1.8246764216129052 211 153 152
30.810711088438637 -4.495964488634397 -3.1490357350933844 206 139 139
30.778246431542115 -5.580579002665866 -1.8246764216129052 211 153 152
31.002542341336216 -4.532632685561676 -1.769132858401632 211 154 152
31.002542341336216 -4.532632685561676 -1.769132858401632 211 154 152
30.778246431542115 -5.580579002665866 -1.8246764216129052 211 153 152
30.843728468033593 -5.596104084016602 -0.29504229945691574 216 169 167
31.002542341336216 -4.532632685561676 -1.769132858401632 211 154 152
30.843728468033593 -5.596104084016602 -0.29504229945691574 216 169 167
31.068642886264463 -4.545267685134575 -0.23949873624564233 216 170 168
30.843728468033593 -5.596104084016602 -0.2950422994569145 216 169 167
30.572764867819533 -6.63705217584715 -0.35016804578385774 215 168 166
30.50802307684091 -6.618683023583146 1.1794660763721319 221 184 182
30.843728468033593 -5.596104084016602 -0.2950422994569145 216 169 167
30.50802307684091 -6.618683023583146 1.1794660763721319 221 184 182
30.778246431542115 -5.580579002665866 1.234591822699075 221 185 182
30.778246431542115 -5.580579002665866 1.234591822699075 221 185 182
30.50802307684091 -6.618683023583146 1.1794660763721319 221 184 182
30.320135081488605 -6.565373667400145 2.5593689530638843 225 199 196
30.778246431542115 -5.580579002665866 1.234591822699075 221 185 182
30.320135081488605 -6.565373667400145 2.5593689530638843 225 199 196
30.588210160039647 -5.5355234617458695 2.6144946993908276 225 199 196
30.588210160039647 -5.5355234617458695 2.6144946993908276 225 199 196
30.320135081488605 -6.565373667400145 2.5593689530638843 225 199 196
30.027492667840345 -6.482342398509465 3.654466076372133 229 210 207
30.588210160039647 -5.5355234617458695 2.6144946993908276 225 199 196
30.027492667840345 -6.482342398509465 3.654466076372133 229 210 207
30.292221727841408 -5.465347811522273 3.709591822699076 229 211 207
30.292221727841408 -5.465347811522273 3.709591822699076 229 211 207
30.027492667840345 -6.482342398509465 3.654466076372133 229 210 207
29.658741714303613 -6.37771689602299 4.357561709877152 231 217 214
30.292221727841408 -5.465347811522273 3.709591822699076 229 211 207
29.658741714303613 -6.37771689602299 4.357561709877152 231 217 214
29.919254544963636 -5.37692133358147 4.412687456204095 231 218 214
29.919254544963636 -5.37692133358147 4.412687456204095 231 218 214
29.658741714303613 -6.37771689602299 4.357561709877152 231 217 214
29.24997813344955 -6.261738633092841 4.5998319542161425 232 220 216
29.919254544963636 -5.37692133358147 4.412687456204095 231 218 214
29.24997813344955 -6.261738633092841 4.5998319542161425 232 220 216
29.505817237881573 -5.278899827687805 4.654957700543085 232 221 217
29.505817237881573 -5.278899827687805 4.654957700543085 232 221 217
29.24997813344955 -6.261738633092841 4.5998319542161425 232 220 216
28.84121455259548 -6.145760370162691 4.357561709877153 231 217 214
29.505817237881573 -5.278899827687805 4.654957700543085 232 221 217
28.84121455259548 -6.145760370162691 4.357561709877153 231 217 214
29.092379930799506 -5.18087832179414 4.412687456204096 231 218 214
29.092379930799506 -5.18087832179414 4.412687456204096 231 218 214
28.84121455259548 -6.145760370162691 4.357561709877153 231 217 214
28.47246359905875 -6.041134867676217 3.654466076372133 229 210 207
29.092379930799506 -5.18087832179414 4.412687456204096 231 218 214
28.47246359905875 -6.041134867676217 3.654466076372133 229 210 207
28.719412747921734 -5.092451843853337 3.709591822699076 229 211 207
28.719412747921734 -5.092451843853337 3.709591822699076 229 211 207
28.47246359905875 -6.041134867676217 3.654466076372133 229 210 207
28.17982118541049 -5.958103598785536 2.5593689530638852 225 199 196
28.719412747921734 -5.092451843853337 3.709591822699076 229 211 207
28.17982118541049 -5.958103598785536 2.5593689530638852 225 199 196
28.423424315723494 -5.022276193629741 2.6144946993908285 225 199 196
28.423424315723494 -5.022276193629741 2.6144946993908285 225 199 196
28.17982118541049 -5.958103598785536 2.5593689530638852 225 199 196
27.991933190058187 -5.904794242602535 1.1794660763721323 221 184 182
28.423424315723494 -5.022276193629741 2.6144946993908285 225 199 196
27.991933190058187 -5.904794242602535 1.1794660763721323 221 184 182
28.233388044221027 -4.977220652709744 1.2345918226990755 221 185 182
28.233388044221027 -4.977220652709744 1.2345918226990755 221 185 182
27.991933190058187 -5.904794242602535 1.1794660763721323 221 184 182
27.92719139907956 -5.886425090338531 -0.35016804578385713 215 168 166
28.233388044221027 -4.977220652709744 1.2345918226990755 221 185 182
27.92719139907956 -5.886425090338531 -0.35016804578385713 215 168 166
28.16790600772955 -4.961695571359008 -0.2950422994569139 216 169 167
28.16790600772955 -4.961695571359008 -0.2950422994569139 216 169 167
27.92719139907956 -5.886425090338531 -0.35016804578385713 215 168 166
27.991933190058187 -5.904794242602535 -1.879802167939845 210 153 151
28.16790600772955 -4.961695571359008 -0.2950422994569139 216 169 167
27.991933190058187 -5.904794242602535 -1.879802167939845 210 153 151
28.233388044221027 -4.977220652709744 -1.8246764216129017 211 153 152
28.233388044221027 -4.977220652709744 -1.8246764216129017 211 153 152
27.991933190058187 -5.904794242602535 -1.879802167939845 210 153 151
28.17982118541049 -5.958103598785536 -3.259705044631599 206 138 137
28.233388044221027 -4.977220652709744 -1.8246764216129017 211 153 152
28.17982118541049 -5.958103598785536 -3.259705044631599 206 138 137
28.423424315723494 -5.022276193629741 -3.204579298304656 206 139 138
28.423424315723494 -5.022276193629741 -3.204579298304656 206 139 138
28.17982118541049 -5.958103598785536 -3.259705044631599 206 138 137
28.47246359905875 -6.041134867676217 -4.354802167939847 202 127 126
28.423424315723494 -5.022276193629741 -3.204579298304656 206 139 138
28.47246359905875 -6.041134867676217 -4.354802167939847 202 127 126
28.719412747921734 -5.092451843853337 -4.299676421612904 202 127 127
28.719412747921734 -5.092451843853337 -4.299676421612904 202 127 127
28.47246359905875 -6.041134867676217 -4.354802167939847 202 127 126
28.84121455259548 -6.145760370162691 -5.0578978014448674 200 120 120
28.719412747921734 -5.092451843853337 -4.299676421612904 202 127 127
28.84121455259548 -6.145760370162691 -5.0578978014448674 200 120 120
29.092379930799506 -5.18087832179414 -5.002772055117925 200 120 120
29.092379930799506 -5.18087832179414 -5.002772055117925 200 120 120
28.84121455259548 -6.145760370162691 -5.0578978014448674 200 120 120
29.24997813344955 -6.261738633092841 -5.300168045783858 200 120 120
29.092379930799506 -5.18087832179414 -5.002772055117925 200 120 120
29.24997813344955 -6.261738633092841 -5.300168045783858 200 120 120
29.505817237881573 -5.278899827687805 -5.245042299456915 200 120 120
29.505817237881573 -5.278899827687805 -5.245042299456915 200 120 120
29.24997813344955 -6.261738633092841 -5.300168045783858 200 120 120
29.658741714303613 -6.37771689602299 -5.057897801444868 200 120 120
29.505817237881573 -5.278899827687805 -5.245042299456915 200 120 120
29.658741714303613 -6.37771689602299 -5.057897801444868 200 120 120
29.919254544963636 -5.37692133358147 -5.0027720551179256 200 120 120
29.919254544963636 -5.37692133358147 -5.0027720551179256 200 120 120
29.658741714303613 -6.37771689602299 -5.057897801444868 200 120 120
30.027492667840345 -6.482342398509465 -4.354802167939848 202 127 126
29.919254544963636 -5.37692133358147 -5.0027720551179256 200 120 120
30.027492667840345 -6.482342398509465 -4.354802167939848 202 127 126
30.292221727841408 -5.465347811522273 -4.299676421612905 202 127 127
30.292221727841408 -5.465347811522273 -4.299676421612905 202 127 127
30.027492667840345 -6.482342398509465 -4.354802167939848 202 127 126
30.320135081488605 -6.565373667400145 -3.259705044631601 206 138 137
30.292221727841408 -5.465347811522273 -4.299676421612905 202 127 127
30.320135081488605 -6.565373667400145 -3.259705044631601 206 138 137
30.588210160039647 -5.5355234617458695 -3.2045792983046577 206 139 138
30.588210160039647 -5.5355234617458695 -3.2045792983046577 206 139 138
30.320135081488605 -6.565373667400145 -3.259705044631601 206 138 137
30.50802307684091 -6.618683023583146 -1.8798021679398484 210 153 151
30.588210160039647 -5.5355234617458695 -3.2045792983046577 206 139 138
30.50802307684091 -6.618683023583146 -1.8798021679398484 210 153 151
30.778246431542115 -5.580579002665866 -1.8246764216129052 211 153 152
30.778246431542115 -5.580579002665866 -1.8246764216129052 211 153 152
30.50802307684091 -6.618683023583146 -1.8798021679398484 210 153 151
30.572764867819533 -6.63705217584715 -0.35016804578385896 215 168 166
30.778246431542115 -5.580579002665866 -1.8246764216129052 211 153 152
30.572764867819533 -6.63705217584715 -0.35016804578385896 215 168 166
30.843728468033593 -5.596104084016602 -0.29504229945691574 216 169 167
3 0 1 2
3 3 4 5
3 6 7 8
3 9 10 11
3 12 13 14
3 15 16 17
3 18 19 20
3 21 22 23
3 24 25 26
3 27 28 29
3 30 31 32
3 33 34 35
3 36 37 38
3 39 40 41
3 42 43 44
3 45 46 47
3 48 49 50
3 51 52 53
3 54 55 56
3 57 58 59
3 60 61 62
3 63 64 65
3 66 67 68
3 69 70 71
3 72 73 74
3 75 76 77
3 78 79 80
3 81 82 83
3 84 85 86
3 87 88 89
3 90 91 92
3 93 94 95
3 96 97 98
3 99 100 101
3 102 103 104
3 105 106 107
3 108 109 110
3 111 112 113
3 114 115 116
3 117 118 119
3 120 121 122
3 123 124 125
3 126 127 128
3 129 130 131
3 132 133 134
3 135 136 137
3 138 139 140
3 141 142 143
3 144 145 146
3 147 148 149
3 150 151 152
3 153 154 155
3 156 157 158
3 159 160 161
3 162 163 164
3 165 166 167
3 168 169 170
3 171 172 173
3 174 175 176
3 177 178 179
3 180 181 182
3 183 184 185
3 186 187 188
3 189 190 191
3 192 193 194
3 195 196 197
3 198 199 200
3 201 202 203
3 204 205 206
3 207 208 209
3 210 211 212
3 213 214 215
3 216 217 218
3 219 220 221
3 222 223 224
3 225 226 227
3 228 229 230
3 231 232 233
3 234 235 236
3 237 238 239
3 240 241 242
3 243 244 245
3 246 247 248
3 249 250 251
3 252 253 254
3 255 256 257
3 258 259 260
3 261 262 263
3 264 265 266
3 267 268 269
3 270 271 272
3 273 274 275
3 276 277 278
3 279 280 281
3 282 283 284
3 285 286 287
3 288 289 290
3 291 292 293
3 294 295 296
3 297 298 299
3 300 301 302
3 303 304 305
3 306 307 308
3 309 310 311
3 312 313 314
3 315 316 317
3 318 319 320
3 321 322 323
3 324 325 326
3 327 328 329
3 330 331 332
3 333 334 335
3 336 337 338
3 339 340 341
3 342 343 344
3 345 346 347
3 348 349 350
3 351 352 353
3 354 355 356
3 357 358 359
3 360 361 362
3 363 364 365
3 366 367 368
3 369 370 371
3 372 373 374
3 375 376 377
3 378 379 380
3 381 382 383
3 384 385 386
3 387 388 389
3 390 391 392
3 393 394 395
3 396 397 398
3 399 400 401
3 402 403 404
3 405 406 407
3 408 409 410
3 411 412 413
3 414 415 416
3 417 418 419
3 420 421 422
3 423 424 425
3 426 427 428
3 429 430 431
3 432 433 434
3 435 436 437
3 438 439 440
3 441 442 443
3 444 445 446
3 447 448 449
3 450 451 452
3 453 454 455
3 456 457 458
3 459 460 461
3 462 463 464
3 465 466 467
3 468 469 470
3 471 472 473
3 474 475 476
3 477 478 479
3 480 481 482
3 483 484 485
3 486 487 488
3 489 490 491
3 492 493 494
3 495 496 497
3 498 499 500
3 501 502 503
3 504 505 506
3 507 508 509
3 510 511 512
3 513 514 515
3 516 517 518
3 519 520 521
3 522 523 524
3 525 526 527
3 528 529 530
3 531 532 533
3 534 535 536
3 537 538 539
3 540 541 542
3 543 544 545
3 546 547 548
3 549 550 551
3 552 553 554
3 555 556 557
3 558 559 560
3 561 562 563
3 564 565 566
3 567 568 569
3 570 571 572
3 573 574 575
3 576 577 578
3 579 580 581
3 582 583 584
3 585 586 587
3 588 589 590
3 591 592 593
3 594 595 596
3 597 598 599
3 600 601 602
3 603 604 605
3 606 607 608
3 609 610 611
3 612 613 614
3 615 616 617
3 618 619 620
3 621 622 623
3 624 625 626
3 627 628 629
3 630 631 632
3 633 634 635
3 636 637 638
3 639 640 641
3 642 643 644
3 645 646 647
3 648 649 650
3 651 652 653
3 654 655 656
3 657 658 659
3 660 661 662
3 663 664 665
3 666 667 668
3 669 670 671
3 672 673 674
3 675 676 677
3 678 679 680
3 681 682 683
3 684 685 686
3 687 688 689
3 690 691 692
3 693 694 695
3 696 697 698
3 699 700 701
3 702 703 704
3 705 706 707
3 708 709 710
3 711 712 713
3 714 715 716
3 717 718 719
3 720 721 722
3 723 724 725
3 726 727 728
3 729 730 731
3 732 733 734
3 735 736 737
3 738 739 740
3 741 742 743
3 744 745 746
3 747 748 749
3 750 751 752
3 753 754 755
3 756 757 758
3 759 760 761
3 762 763 764
3 765 766 767
3 768 769 770
3 771 772 773
3 774 775 776
3 777 778 779
3 780 781 782
3 783 784 785
3 786 787 788
3 789 790 791
3 792 793 794
3 795 796 797
3 798 799 800
3 801 802 803
3 804 805 806
3 807 808 809
3 810 811 812
3 813 814 815
3 816 817 818
3 819 820 821
3 822 823 824
3 825 826 827
3 828 829 830
3 831 832 833
3 834 835 836
3 837 838 839
3 840 841 842
3 843 844 845
3 846 847 848
3 849 850 851
3 852 853 854
3 855 856 857
3 858 859 860
3 861 862 863
3 864 865 866
3 867 868 869
3 870 871 872
3 873 874 875
3 876 877 878
3 879 880 881
3 882 883 884
3 885 886 887
3 888 889 890
3 891 892 893
3 894 895 896
3 897 898 899
3 900 901 902
3 903 904 905
3 906 907 908
3 909 910 911
3 912 913 914
3 915 916 917
3 918 919 920
3 921 922 923
3 924 925 926
3 927 928 929
3 930 931 932
3 933 934 935
3 936 937 938
3 939 940 941
3 942 943 944
3 945 946 947
3 948 949 950
3 951 952 953
3 954 955 956
3 957 958 959
3 960 961 962
3 963 964 965
3 966 967 968
3 969 970 971
3 972 973 974
3 975 976 977
3 978 979 980
3 981 982 983
3 984 985 986
3 987 988 989
3 990 991 992
3 993 994 995
3 996 997 998
3 999 1000 1001
3 1002 1003 1004
3 1005 1006 1007
3 1008 1009 1010
3 1011 1012 1013
3 1014 1015 1016
3 1017 1018 1019
3 1020 1021 1022
3 1023 1024 1025
3 1026 1027 1028
3 1029 1030 1031
3 1032 1033 1034
3 1035 1036 1037
3 1038 1039 1040
3 1041 1042 1043
3 1044 1045 1046
3 1047 1048 1049
3 1050 1051 1052
3 1053 1054 1055
3 1056 1057 1058
3 1059 1060 1061
3 1062 1063 1064
3 1065 1066 1067
3 1068 1069 1070
3 1071 1072 1073
3 1074 1075 1076
3 1077 1078 1079
3 1080 1081 1082
3 1083 1084 1085
3 1086 1087 1088
3 1089 1090 1091
3 1092 1093 1094
3 1095 1096 1097
3 1098 1099 1100
3 1101 1102 1103
3 1104 1105 1106
3 1107 1108 1109
3 1110 1111 1112
3 1113 1114 1115
3 1116 1117 1118
3 1119 1120 1121
3 1122 1123 1124
3 1125 1126 1127
3 1128 1129 1130
3 1131 1132 1133
3 1134 1135 1136
3 1137 1138 1139
3 1140 1141 1142
3 1143 1144 1145
3 1146 1147 1148
3 1149 1150 1151
3 1152 1153 1154
3 1155 1156 1157
3 1158 1159 1160
3 1161 1162 1163
3 1164 1165 1166
3 1167 1168 1169
3 1170 1171 1172
3 1173 1174 1175
3 1176 1177 1178
3 1179 1180 1181
3 1182 1183 1184
3 1185 1186 1187
3 1188 1189 1190
3 1191 1192 1193
3 1194 1195 1196
3 1197 1198 1199
3 1200 1201 1202
3 1203 1204 1205
3 1206 1207 1208
3 1209 1210 1211
3 1212 1213 1214
3 1215 1216 1217
3 1218 1219 1220
3 1221 1222 1223
3 1224 1225 1226
3 1227 1228 1229
3 1230 1231 1232
3 1233 1234 1235
3 1236 1237 1238
3 1239 1240 1241
3 1242 1243 1244
3 1245 1246 1247
3 1248 1249 1250
3 1251 1252 1253
3 1254 1255 1256
3 1257 1258 1259
3 1260 1261 1262
3 1263 1264 1265
3 1266 1267 1268
3 1269 1270 1271
3 1272 1273 1274
3 1275 1276 1277
3 1278 1279 1280
3 1281 1282 1283
3 1284 1285 1286
3 1287 1288 1289
3 1290 1291 1292
3 1293 1294 1295
3 1296 1297 1298
3 1299 1300 1301
3 1302 1303 1304
3 1305 1306 1307
3 1308 1309 1310
3 1311 1312 1313
3 1314 1315 1316
3 1317 1318 1319
3 1320 1321 1322
3 1323 1324 1325
3 1326 1327 1328
3 1329 1330 1331
3 1332 1333 1334
3 1335 1336 1337
3 1338 1339 1340
3 1341 1342 1343
3 1344 1345 1346
3 1347 1348 1349
3 1350 1351 1352
3 1353 1354 1355
3 1356 1357 1358
3 1359 1360 1361
3 1362 1363 1364
3 1365 1366 1367
3 1368 1369 1370
3 1371 1372 1373
3 1374 1375 1376
3 1377 1378 1379
3 1380 1381 1382
3 1383 1384 1385
3 1386 1387 1388
3 1389 1390 1391
3 1392 1393 1394
3 1395 1396 1397
3 1398 1399 1400
3 1401 1402 1403
3 1404 1405 1406
3 1407 1408 1409
3 1410 1411 1412
3 1413 1414 1415
3 1416 1417 1418
3 1419 1420 1421
3 1422 1423 1424
3 1425 1426 1427
3 1428 1429 1430
3 1431 1432 1433
3 1434 1435 1436
3 1437 1438 1439
3 1440 1441 1442
3 1443 1444 1445
3 1446 1447 1448
3 1449 1450 1451
3 1452 1453 1454
3 1455 1456 1457
3 1458 1459 1460
3 1461 1462 1463
3 1464 1465 1466
3 1467 1468 1469
3 1470 1471 1472
3 1473 1474 1475
3 1476 1477 1478
3 1479 1480 1481
3 1482 1483 1484
3 1485 1486 1487
3 1488 1489 1490
3 1491 1492 1493
3 1494 1495 1496
3 1497 1498 1499
3 1500 1501 1502
3 1503 1504 1505
3 1506 1507 1508
3 1509 1510 1511
3 1512 1513 1514
3 1515 1516 1517
3 1518 1519 1520
3 1521 1522 1523
3 1524 1525 1526
3 1527 1528 1529
3 1530 1531 1532
3 1533 1534 1535
3 1536 1537 1538
3 1539 1540 1541
3 1542 1543 1544
3 1545 1546 1547
3 1548 1549 1550
3 1551 1552 1553
3 1554 1555 1556
3 1557 1558 1559
3 1560 1561 1562
3 1563 1564 1565
3 1566 1567 1568
3 1569 1570 1571
3 1572 1573 1574
3 1575 1576 1577
3 1578 1579 1580
3 1581 1582 1583
3 1584 1585 1586
3 1587 1588 1589
3 1590 1591 1592
3 1593 1594 1595
3 1596 1597 1598
3 1599 1600 1601
3 1602 1603 1604
3 1605 1606 1607
3 1608 1609 1610
3 1611 1612 1613
3 1614 1615 1616
3 1617 1618 1619
3 1620 1621 1622
3 1623 1624 1625
3 1626 1627 1628
3 1629 1630 1631
3 1632 1633 1634
3 1635 1636 1637
3 1638 1639 1640
3 1641 1642 1643
3 1644 1645 1646
3 1647 1648 1649
3 1650 1651 1652
3 1653 1654 1655
3 1656 1657 1658
3 1659 1660 1661
3 1662 1663 1664
3 1665 1666 1667
3 1668 1669 1670
3 1671 1672 1673
3 1674 1675 1676
3 1677 1678 1679
3 1680 1681 1682
3 1683 1684 1685
3 1686 1687 1688
3 1689 1690 1691
3 1692 1693 1694
3 1695 1696 1697
3 1698 1699 1700
3 1701 1702 1703
3 1704 1705 1706
3 1707 1708 1709
3 1710 1711 1712
3 1713 1714 1715
3 1716 1717 1718
3 1719 1720 1721
3 1722 1723 1724
3 1725 1726 1727
3 1728 1729 1730
3 1731 1732 1733
3 1734 1735 1736
3 1737 1738 1739
3 1740 1741 1742
3 1743 1744 1745
3 1746 1747 1748
3 1749 1750 1751
3 1752 1753 1754
3 1755 1756 1757
3 1758 1759 1760
3 1761 1762 1763
3 1764 1765 1766
3 1767 1768 1769
3 1770 1771 1772
3 1773 1774 1775
3 1776 1777 1778
3 1779 1780 1781
3 1782 1783 1784
3 1785 1786 1787
3 1788 1789 1790
3 1791 1792 1793
3 1794 1795 1796
3 1797 1798 1799
3 1800 1801 1802
3 1803 1804 1805
3 1806 1807 1808
3 1809 1810 1811
3 1812 1813 1814
3 1815 1816 1817
3 1818 1819 1820
3 1821 1822 1823
3 1824 1825 1826
3 1827 1828 1829
3 1830 1831 1832
3 1833 1834 1835
3 1836 1837 1838
3 1839 1840 1841
3 1842 1843 1844
3 1845 1846 1847
3 1848 1849 1850
3 1851 1852 1853
3 1854 1855 1856
3 1857 1858 1859
3 1860 1861 1862
3 1863 1864 1865
3 1866 1867 1868
3 1869 1870 1871
3 1872 1873 1874
3 1875 1876 1877
3 1878 1879 1880
3 1881 1882 1883
3 1884 1885 1886
3 1887 1888 1889
3 1890 1891 1892
3 1893 1894 1895
3 1896 1897 1898
3 1899 1900 1901
3 1902 1903 1904
3 1905 1906 1907
3 1908 1909 1910
3 1911 1912 1913
3 1914 1915 1916
3 1917 1918 1919
3 1920 1921 1922
3 1923 1924 1925
3 1926 1927 1928
3 1929 1930 1931
3 1932 1933 1934
3 1935 1936 1937
3 1938 1939 1940
3 1941 1942 1943
3 1944 1945 1946
3 1947 1948 1949
3 1950 1951 1952
3 1953 1954 1955
3 1956 1957 1958
3 1959 1960 1961
3 1962 1963 1964
3 1965 1966 1967
3 1968 1969 1970
3 1971 1972 1973
3 1974 1975 1976
3 1977 1978 1979
3 1980 1981 1982
3 1983 1984 1985
3 1986 1987 1988
3 1989 1990 1991
3 1992 1993 1994
3 1995 1996 1997
3 1998 1999 2000
3 2001 2002 2003
3 2004 2005 2006
3 2007 2008 2009
3 2010 2011 2012
3 2013 2014 2015
3 2016 2017 2018
3 2019 2020 2021
3 2022 2023 2024
3 2025 2026 2027
3 2028 2029 2030
3 2031 2032 2033
3 2034 2035 2036
3 2037 2038 2039
3 2040 2041 2042
3 2043 2044 2045
3 2046 2047 2048
3 2049 2050 2051
3 2052 2053 2054
3 2055 2056 2057
3 2058 2059 2060
3 2061 2062 2063
3 2064 2065 2066
3 2067 2068 2069
3 2070 2071 2072
3 2073 2074 2075
3 2076 2077 2078
3 2079 2080 2081
3 2082 2083 2084
3 2085 2086 2087
3 2088 2089 2090
3 2091 2092 2093
3 2094 2095 2096
3 2097 2098 2099
3 2100 2101 2102
3 2103 2104 2105
3 2106 2107 2108
3 2109 2110 2111
3 2112 2113 2114
3 2115 2116 2117
3 2118 2119 2120
3 2121 2122 2123
3 2124 2125 2126
3 2127 2128 2129
3 2130 2131 2132
3 2133 2134 2135
3 2136 2137 2138
3 2139 2140 2141
3 2142 2143 2144
3 2145 2146 2147
3 2148 2149 2150
3 2151 2152 2153
3 2154 2155 2156
3 2157 2158 2159
3 2160 2161 2162
3 2163 2164 2165
3 2166 2167 2168
3 2169 2170 2171
3 2172 2173 2174
3 2175 2176 2177
3 2178 2179 2180
3 2181 2182 2183
3 2184 2185 2186
3 2187 2188 2189
3 2190 2191 2192
3 2193 2194 2195
3 2196 2197 2198
3 2199 2200 2201
3 2202 2203 2204
3 2205 2206 2207
3 2208 2209 2210
3 2211 2212 2213
3 2214 2215 2216
3 2217 2218 2219
3 2220 2221 2222
3 2223 2224 2225
3 2226 2227 2228
3 2229 2230 2231
3 2232 2233 2234
3 2235 2236 2237
3 2238 2239 2240
3 2241 2242 2243
3 2244 2245 2246
3 2247 2248 2249
3 2250 2251 2252
3 2253 2254 2255
3 2256 2257 2258
3 2259 2260 2261
3 2262 2263 2264
3 2265 2266 2267
3 2268 2269 2270
3 2271 2272 2273
3 2274 2275 2276
3 2277 2278 2279
3 2280 2281 2282
3 2283 2284 2285
3 2286 2287 2288
3 2289 2290 2291
3 2292 2293 2294
3 2295 2296 2297
3 2298 2299 2300
3 2301 2302 2303
3 2304 2305 2306
3 2307 2308 2309
3 2310 2311 2312
3 2313 2314 2315
3 2316 2317 2318
3 2319 2320 2321
3 2322 2323 2324
3 2325 2326 2327
3 2328 2329 2330
3 2331 2332 2333
3 2334 2335 2336
3 2337 2338 2339
3 2340 2341 2342
3 2343 2344 2345
3 2346 2347 2348
3 2349 2350 2351
3 2352 2353 2354
3 2355 2356 2357
3 2358 2359 2360
3 2361 2362 2363
3 2364 2365 2366
3 2367 2368 2369
3 2370 2371 2372
3 2373 2374 2375
3 2376 2377 2378
3 2379 2380 2381
3 2382 2383 2384
3 2385 2386 2387
3 2388 2389 2390
3 2391 2392 2393
3 2394 2395 2396
3 2397 2398 2399
3 2400 2401 2402
3 2403 2404 2405
3 2406 2407 2408
3 2409 2410 2411
3 2412 2413 2414
3 2415 2416 2417
3 2418 2419 2420
3 2421 2422 2423
3 2424 2425 2426
3 2427 2428 2429
3 2430 2431 2432
3 2433 2434 2435
3 2436 2437 2438
3 2439 2440 2441
3 2442 2443 2444
3 2445 2446 2447
3 2448 2449 2450
3 2451 2452 2453
3 2454 2455 2456
3 2457 2458 2459
3 2460 2461 2462
3 2463 2464 2465
3 2466 2467 2468
3 2469 2470 2471
3 2472 2473 2474
3 2475 2476 2477
3 2478 2479 2480
3 2481 2482 2483
3 2484 2485 2486
3 2487 2488 2489
3 2490 2491 2492
3 2493 2494 2495
3 2496 2497 2498
3 2499 2500 2501
3 2502 2503 2504
3 2505 2506 2507
3 2508 2509 2510
3 2511 2512 2513
3 2514 2515 2516
3 2517 2518 2519
3 2520 2521 2522
3 2523 2524 2525
3 2526 2527 2528
3 2529 2530 2531
3 2532 2533 2534
3 2535 2536 2537
3 2538 2539 2540
3 2541 2542 2543
3 2544 2545 2546
3 2547 2548 2549
3 2550 2551 2552
3 2553 2554 2555
3 2556 2557 2558
3 2559 2560 2561
3 2562 2563 2564
3 2565 2566 2567
3 2568 2569 2570
3 2571 2572 2573
3 2574 2575 2576
3 2577 2578 2579
3 2580 2581 2582
3 2583 2584 2585
3 2586 2587 2588
3 2589 2590 2591
3 2592 2593 2594
3 2595 2596 2597
3 2598 2599 2600
3 2601 2602 2603
3 2604 2605 2606
3 2607 2608 2609
3 2610 2611 2612
3 2613 2614 2615
3 2616 2617 2618
3 2619 2620 2621
3 2622 2623 2624
3 2625 2626 2627
3 2628 2629 2630
3 2631 2632 2633
3 2634 2635 2636
3 2637 2638 2639
3 2640 2641 2642
3 2643 2644 2645
3 2646 2647 2648
3 2649 2650 2651
3 2652 2653 2654
3 2655 2656 2657
3 2658 2659 2660
3 2661 2662 2663
3 2664 2665 2666
3 2667 2668 2669
3 2670 2671 2672
3 2673 2674 2675
3 2676 2677 2678
3 2679 2680 2681
3 2682 2683 2684
3 2685 2686 2687
3 2688 2689 2690
3 2691 2692 2693
3 2694 2695 2696
3 2697 2698 2699
3 2700 2701 2702
3 2703 2704 2705
3 2706 2707 2708
3 2709 2710 2711
3 2712 2713 2714
3 2715 2716 2717
3 2718 2719 2720
3 2721 2722 2723
3 2724 2725 2726
3 2727 2728 2729
3 2730 2731 2732
3 2733 2734 2735
3 2736 2737 2738
3 2739 2740 2741
3 2742 2743 2744
3 2745 2746 2747
3 2748 2749 2750
3 2751 2752 2753
3 2754 2755 2756
3 2757 2758 2759
3 2760 2761 2762
3 2763 2764 2765
3 2766 2767 2768
3 2769 2770 2771
3 2772 2773 2774
3 2775 2776 2777
3 2778 2779 2780
3 2781 2782 2783
3 2784 2785 2786
3 2787 2788 2789
3 2790 2791 2792
3 2793 2794 2795
3 2796 2797 2798
3 2799 2800 2801
3 2802 2803 2804
3 2805 2806 2807
3 2808 2809 2810
3 2811 2812 2813
3 2814 2815 2816
3 2817 2818 2819
3 2820 2821 2822
3 2823 2824 2825
3 2826 2827 2828
3 2829 2830 2831
3 2832 2833 2834
3 2835 2836 2837
3 2838 2839 2840
3 2841 2842 2843
3 2844 2845 2846
3 2847 2848 2849
3 2850 2851 2852
3 2853 2854 2855
3 2856 2857 2858
3 2859 2860 2861
3 2862 2863 2864
3 2865 2866 2867
3 2868 2869 2870
3 2871 2872 2873
3 2874 2875 2876
3 2877 2878 2879
3 2880 2881 2882
3 2883 2884 2885
3 2886 2887 2888
3 2889 2890 2891
3 2892 2893 2894
3 2895 2896 2897
3 2898 2899 2900
3 2901 2902 2903
3 2904 2905 2906
3 2907 2908 2909
3 2910 2911 2912
3 2913 2914 2915
3 2916 2917 2918
3 2919 2920 2921
3 2922 2923 2924
3 2925 2926 2927
3 2928 2929 2930
3 2931 2932 2933
3 2934 2935 2936
3 2937 2938 2939
3 2940 2941 2942
3 2943 2944 2945
3 2946 2947 2948
3 2949 2950 2951
3 2952 2953 2954
3 2955 2956 2957
3 2958 2959 2960
3 2961 2962 2963
3 2964 2965 2966
3 2967 2968 2969
3 2970 2971 2972
3 2973 2974 2975
3 2976 2977 2978
3 2979 2980 2981
3 2982 2983 2984
3 2985 2986 2987
3 2988 2989 2990
3 2991 2992 2993
3 2994 2995 2996
3 2997 2998 2999
3 3000 3001 3002
3 3003 3004 3005
3 3006 3007 3008
3 3009 3010 3011
3 3012 3013 3014
3 3015 3016 3017
3 3018 3019 3020
3 3021 3022 3023
3 3024 3025 3026
3 3027 3028 3029
3 3030 3031 3032
3 3033 3034 3035
3 3036 3037 3038
3 3039 3040 3041
3 3042 3043 3044
3 3045 3046 3047
3 3048 3049 3050
3 3051 3052 3053
3 3054 3055 3056
3 3057 3058 3059
3 3060 3061 3062
3 3063 3064 3065
3 3066 3067 3068
3 3069 3070 3071
3 3072 3073 3074
3 3075 3076 3077
3 3078 3079 3080
3 3081 3082 3083
3 3084 3085 3086
3 3087 3088 3089
3 3090 3091 3092
3 3093 3094 3095
3 3096 3097 3098
3 3099 3100 3101
3 3102 3103 3104
3 3105 3106 3107
3 3108 3109 3110
3 3111 3112 3113
3 3114 3115 3116
3 3117 3118 3119
3 3120 3121 3122
3 3123 3124 3125
3 3126 3127 3128
3 3129 3130 3131
3 3132 3133 3134
3 3135 3136 3137
3 3138 3139 3140
3 3141 3142 3143
3 3144 3145 3146
3 3147 3148 3149
3 3150 3151 3152
3 3153 3154 3155
3 3156 3157 3158
3 3159 3160 3161
3 3162 3163 3164
3 3165 3166 3167
3 3168 3169 3170
3 3171 3172 3173
3 3174 3175 3176
3 3177 3178 3179
3 3180 3181 3182
3 3183 3184 3185
3 3186 3187 3188
3 3189 3190 3191
3 3192 3193 3194
3 3195 3196 3197
3 3198 3199 3200
3 3201 3202 3203
3 3204 3205 3206
3 3207 3208 3209
3 3210 3211 3212
3 3213 3214 3215
3 3216 3217 3218
3 3219 3220 3221
3 3222 3223 3224
3 3225 3226 3227
3 3228 3229 3230
3 3231 3232 3233
3 3234 3235 3236
3 3237 3238 3239
3 3240 3241 3242
3 3243 3244 3245
3 3246 3247 3248
3 3249 3250 3251
3 3252 3253 3254
3 3255 3256 3257
3 3258 3259 3260
3 3261 3262 3263
3 3264 3265 3266
3 3267 3268 3269
3 3270 3271 3272
3 3273 3274 3275
3 3276 3277 3278
3 3279 3280 3281
3 3282 3283 3284
3 3285 3286 3287
3 3288 3289 3290
3 3291 3292 3293
3 3294 3295 3296
3 3297 3298 3299
3 3300 3301 3302
3 3303 3304 3305
3 3306 3307 3308
3 3309 3310 3311
3 3312 3313 3314
3 3315 3316 3317
3 3318 3319 3320
3 3321 3322 3323
3 3324 3325 3326
3 3327 3328 3329
3 3330 3331 3332
3 3333 3334 3335
3 3336 3337 3338
3 3339 3340 3341
3 3342 3343 3344
3 3345 3346 3347
3 3348 3349 3350
3 3351 3352 3353
3 3354 3355 3356
3 3357 3358 3359
3 3360 3361 3362
3 3363 3364 3365
3 3366 3367 3368
3 3369 3370 3371
3 3372 3373 3374
3 3375 3376 3377
3 3378 3379 3380
3 3381 3382 3383
3 3384 3385 3386
3 3387 3388 3389
3 3390 3391 3392
3 3393 3394 3395
3 3396 3397 3398
3 3399 3400 3401
3 3402 3403 3404
3 3405 3406 3407
3 3408 3409 3410
3 3411 3412 3413
3 3414 3415 3416
3 3417 3418 3419
3 3420 3421 3422
3 3423 3424 3425
3 3426 3427 3428
3 3429 3430 3431
3 3432 3433 3434
3 3435 3436 3437
3 3438 3439 3440
3 3441 3442 3443
3 3444 3445 3446
3 3447 3448 3449
3 3450 3451 3452
3 3453 3454 3455
3 3456 3457 3458
3 3459 3460 3461
3 3462 3463 3464
3 3465 3466 3467
3 3468 3469 3470
3 3471 3472 3473
3 3474 3475 3476
3 3477 3478 3479
3 3480 3481 3482
3 3483 3484 3485
3 3486 3487 3488
3 3489 3490 3491
3 3492 3493 3494
3 3495 3496 3497
3 3498 3499 3500
3 3501 3502 3503
3 3504 3505 3506
3 3507 3508 3509
3 3510 3511 3512
3 3513 3514 3515
3 3516 3517 3518
3 3519 3520 3521
3 3522 3523 3524
3 3525 3526 3527
3 3528 3529 3530
3 3531 3532 3533
3 3534 3535 3536
3 3537 3538 3539
3 3540 3541 3542
3 3543 3544 3545
3 3546 3547 3548
3 3549 3550 3551
3 3552 3553 3554
3 3555 3556 3557
3 3558 3559 3560
3 3561 3562 3563
3 3564 3565 3566
3 3567 3568 3569
3 3570 3571 3572
3 3573 3574 3575
3 3576 3577 3578
3 3579 3580 3581
3 3582 3583 3584
3 3585 3586 3587
3 3588 3589 3590
3 3591 3592 3593
3 3594 3595 3596
3 3597 3598 3599
3 3600 3601 3602
3 3603 3604 3605
3 3606 3607 3608
3 3609 3610 3611
3 3612 3613 3614
3 3615 3616 3617
3 3618 3619 3620
3 3621 3622 3623
3 3624 3625 3626
3 3627 3628 3629
3 3630 3631 3632
3 3633 3634 3635
3 3636 3637 3638
3 3639 3640 3641
3 3642 3643 3644
3 3645 3646 3647
3 3648 3649 3650
3 3651 3652 3653
3 3654 3655 3656
3 3657 3658 3659
3 3660 3661 3662
3 3663 3664 3665
3 3666 3667 3668
3 3669 3670 3671
3 3672 3673 3674
3 3675 3676 3677
3 3678 3679 3680
3 3681 3682 3683
3 3684 3685 3686
3 3687 3688 3689
3 3690 3691 3692
3 3693 3694 3695
3 3696 3697 3698
3 3699 3700 3701
3 3702 3703 3704
3 3705 3706 3707
3 3708 3709 3710
3 3711 3712 3713
3 3714 3715 3716
3 3717 3718 3719
3 3720 3721 3722
3 3723 3724 3725
3 3726 3727 3728
3 3729 3730 3731
3 3732 3733 3734
3 3735 3736 3737
3 3738 3739 3740
3 3741 3742 3743
3 3744 3745 3746
3 3747 3748 3749
3 3750 3751 3752
3 3753 3754 3755
3 3756 3757 3758
3 3759 3760 3761
3 3762 3763 3764
3 3765 3766 3767
3 3768 3769 3770
3 3771 3772 3773
3 3774 3775 3776
3 3777 3778 3779
3 3780 3781 3782
3 3783 3784 3785
3 3786 3787 3788
3 3789 3790 3791
3 3792 3793 3794
3 3795 3796 3797
3 3798 3799 3800
3 3801 3802 3803
3 3804 3805 3806
3 3807 3808 3809
3 3810 3811 3812
3 3813 3814 3815
3 3816 3817 3818
3 3819 3820 3821
3 3822 3823 3824
3 3825 3826 3827
3 3828 3829 3830
3 3831 3832 3833
3 3834 3835 3836
3 3837 3838 3839
3 3840 3841 3842
3 3843 3844 3845
3 3846 3847 3848
3 3849 3850 3851
3 3852 3853 3854
3 3855 3856 3857
3 3858 3859 3860
3 3861 3862 3863
3 3864 3865 3866
3 3867 3868 3869
3 3870 3871 3872
3 3873 3874 3875
3 3876 3877 3878
3 3879 3880 3881
3 3882 3883 3884
3 3885 3886 3887
3 3888 3889 3890
3 3891 3892 3893
3 3894 3895 3896
3 3897 3898 3899
3 3900 3901 3902
3 3903 3904 3905
3 3906 3907 3908
3 3909 3910 3911
3 3912 3913 3914
3 3915 3916 3917
3 3918 3919 3920
3 3921 3922 3923
3 3924 3925 3926
3 3927 3928 3929
3 3930 3931 3932
3 3933 3934 3935
3 3936 3937 3938
3 3939 3940 3941
3 3942 3943 3944
3 3945 3946 3947
3 3948 3949 3950
3 3951 3952 3953
3 3954 3955 3956
3 3957 3958 3959
3 3960 3961 3962
3 3963 3964 3965
3 3966 3967 3968
3 3969 3970 3971
3 3972 3973 3974
3 3975 3976 3977
3 3978 3979 3980
3 3981 3982 3983
3 3984 3985 3986
3 3987 3988 3989
3 3990 3991 3992
3 3993 3994 3995
3 3996 3997 3998
3 3999 4000 4001
3 4002 4003 4004
3 4005 4006 4007
3 4008 4009 4010
3 4011 4012 4013
3 4014 4015 4016
3 4017 4018 4019
3 4020 4021 4022
3 4023 4024 4025
3 4026 4027 4028
3 4029 4030 4031
3 4032 4033 4034
3 4035 4036 4037
3 4038 4039 4040
3 4041 4042 4043
3 4044 4045 4046
3 4047 4048 4049
3 4050 4051 4052
3 4053 4054 4055
3 4056 4057 4058
3 4059 4060 4061
3 4062 4063 4064
3 4065 4066 4067
3 4068 4069 4070
3 4071 4072 4073
3 4074 4075 4076
3 4077 4078 4079
3 4080 4081 4082
3 4083 4084 4085
3 4086 4087 4088
3 4089 4090 4091
3 4092 4093 4094
3 4095 4096 4097
3 4098 4099 4100
3 4101 4102 4103
3 4104 4105 4106
3 4107 4108 4109
3 4110 4111 4112
3 4113 4114 4115
3 4116 4117 4118
3 4119 4120 4121
3 4122 4123 4124
3 4125 4126 4127
3 4128 4129 4130
3 4131 4132 4133
3 4134 4135 4136
3 4137 4138 4139
3 4140 4141 4142
3 4143 4144 4145
3 4146 4147 4148
3 4149 4150 4151
3 4152 4153 4154
3 4155 4156 4157
3 4158 4159 4160
3 4161 4162 4163
3 4164 4165 4166
3 4167 4168 4169
3 4170 4171 4172
3 4173 4174 4175
3 4176 4177 4178
3 4179 4180 4181
3 4182 4183 4184
3 4185 4186 4187
3 4188 4189 4190
3 4191 4192 4193
3 4194 4195 4196
3 4197 4198 4199
3 4200 4201 4202
3 4203 4204 4205
3 4206 4207 4208
3 4209 4210 4211
3 4212 4213 4214
3 4215 4216 4217
3 4218 4219 4220
3 4221 4222 4223
3 4224 4225 4226
3 4227 4228 4229
3 4230 4231 4232
3 4233 4234 4235
3 4236 4237 4238
3 4239 4240 4241
3 4242 4243 4244
3 4245 4246 4247
3 4248 4249 4250
3 4251 4252 4253
3 4254 4255 4256
3 4257 4258 4259
3 4260 4261 4262
3 4263 4264 4265
3 4266 4267 4268
3 4269 4270 4271
3 4272 4273 4274
3 4275 4276 4277
3 4278 4279 4280
3 4281 4282 4283
3 4284 4285 4286
3 4287 4288 4289
3 4290 4291 4292
3 4293 4294 4295
3 4296 4297 4298
3 4299 4300 4301
3 4302 4303 4304
3 4305 4306 4307
3 4308 4309 4310
3 4311 4312 4313
3 4314 4315 4316
3 4317 4318 4319
3 4320 4321 4322
3 4323 4324 4325
3 4326 4327 4328
3 4329 4330 4331
3 4332 4333 4334
3 4335 4336 4337
3 4338 4339 4340
3 4341 4342 4343
3 4344 4345 4346
3 4347 4348 4349
3 4350 4351 4352
3 4353 4354 4355
3 4356 4357 4358
3 4359 4360 4361
3 4362 4363 4364
3 4365 4366 4367
3 4368 4369 4370
3 4371 4372 4373
3 4374 4375 4376
3 4377 4378 4379
3 4380 4381 4382
3 4383 4384 4385
3 4386 4387 4388
3 4389 4390 4391
3 4392 4393 4394
3 4395 4396 4397
3 4398 4399 4400
3 4401 4402 4403
3 4404 4405 4406
3 4407 4408 4409
3 4410 4411 4412
3 4413 4414 4415
3 4416 4417 4418
3 4419 4420 4421
3 4422 4423 4424
3 4425 4426 4427
3 4428 4429 4430
3 4431 4432 4433
3 4434 4435 4436
3 4437 4438 4439
3 4440 4441 4442
3 4443 4444 4445
3 4446 4447 4448
3 4449 4450 4451
3 4452 4453 4454
3 4455 4456 4457
3 4458 4459 4460
3 4461 4462 4463
3 4464 4465 4466
3 4467 4468 4469
3 4470 4471 4472
3 4473 4474 4475
3 4476 4477 4478
3 4479 4480 4481
3 4482 4483 4484
3 4485 4486 4487
3 4488 4489 4490
3 4491 4492 4493
3 4494 4495 4496
3 4497 4498 4499
3 4500 4501 4502
3 4503 4504 4505
3 4506 4507 4508
3 4509 4510 4511
3 4512 4513 4514
3 4515 4516 4517
3 4518 4519 4520
3 4521 4522 4523
3 4524 4525 4526
3 4527 4528 4529
3 4530 4531 4532
3 4533 4534 4535
3 4536 4537 4538
3 4539 4540 4541
3 4542 4543 4544
3 4545 4546 4547
3 4548 4549 4550
3 4551 4552 4553
3 4554 4555 4556
3 4557 4558 4559
3 4560 4561 4562
3 4563 4564 4565
3 4566 4567 4568
3 4569 4570 4571
3 4572 4573 4574
3 4575 4576 4577
3 4578 4579 4580
3 4581 4582 4583
3 4584 4585 4586
3 4587 4588 4589
3 4590 4591 4592
3 4593 4594 4595
3 4596 4597 4598
3 4599 4600 4601
3 4602 4603 4604
3 4605 4606 4607
3 4608 4609 4610
3 4611 4612 4613
3 4614 4615 4616
3 4617 4618 4619
3 4620 4621 4622
3 4623 4624 4625
3 4626 4627 4628
3 4629 4630 4631
3 4632 4633 4634
3 4635 4636 4637
3 4638 4639 4640
3 4641 4642 4643
3 4644 4645 4646
3 4647 4648 4649
3 4650 4651 4652
3 4653 4654 4655
3 4656 4657 4658
3 4659 4660 4661
3 4662 4663 4664
3 4665 4666 4667
3 4668 4669 4670
3 4671 4672 4673
3 4674 4675 4676
3 4677 4678 4679
3 4680 4681 4682
3 4683 4684 4685
3 4686 4687 4688
3 4689 4690 4691
3 4692 4693 4694
3 4695 4696 4697
3 4698 4699 4700
3 4701 4702 4703
3 4704 4705 4706
3 4707 4708 4709
3 4710 4711 4712
3 4713 4714 4715
3 4716 4717 4718
3 4719 4720 4721
3 4722 4723 4724
3 4725 4726 4727
3 4728 4729 4730
3 4731 4732 4733
3 4734 4735 4736
3 4737 4738 4739
3 4740 4741 4742
3 4743 4744 4745
3 4746 4747 4748
3 4749 4750 4751
3 4752 4753 4754
3 4755 4756 4757
3 4758 4759 4760
3 4761 4762 4763
3 4764 4765 4766
3 4767 4768 4769
3 4770 4771 4772
3 4773 4774 4775
3 4776 4777 4778
3 4779 4780 4781
3 4782 4783 4784
3 4785 4786 4787
3 4788 4789 4790
3 4791 4792 4793
3 4794 4795 4796
3 4797 4798 4799
3 4800 4801 4802
3 4803 4804 4805
3 4806 4807 4808
3 4809 4810 4811
3 4812 4813 4814
3 4815 4816 4817
3 4818 4819 4820
3 4821 4822 4823
3 4824 4825 4826
3 4827 4828 4829
3 4830 4831 4832
3 4833 4834 4835
3 4836 4837 4838
3 4839 4840 4841
3 4842 4843 4844
3 4845 4846 4847
3 4848 4849 4850
3 4851 4852 4853
3 4854 4855 4856
3 4857 4858 4859
3 4860 4861 4862
3 4863 4864 4865
3 4866 4867 4868
3 4869 4870 4871
3 4872 4873 4874
3 4875 4876 4877
3 4878 4879 4880
3 4881 4882 4883
3 4884 4885 4886
3 4887 4888 4889
3 4890 4891 4892
3 4893 4894 4895
3 4896 4897 4898
3 4899 4900 4901
3 4902 4903 4904
3 4905 4906 4907
3 4908 4909 4910
3 4911 4912 4913
3 4914 4915 4916
3 4917 4918 4919
3 4920 4921 4922
3 4923 4924 4925
3 4926 4927 4928
3 4929 4930 4931
3 4932 4933 4934
3 4935 4936 4937
3 4938 4939 4940
3 4941 4942 4943
3 4944 4945 4946
3 4947 4948 4949
3 4950 4951 4952
3 4953 4954 4955
3 4956 4957 4958
3 4959 4960 4961
3 4962 4963 4964
3 4965 4966 4967
3 4968 4969 4970
3 4971 4972 4973
3 4974 4975 4976
3 4977 4978 4979
3 4980 4981 4982
3 4983 4984 4985
3 4986 4987 4988
3 4989 4990 4991
3 4992 4993 4994
3 4995 4996 4997
3 4998 4999 5000
3 5001 5002 5003
3 5004 5005 5006
3 5007 5008 5009
3 5010 5011 5012
3 5013 5014 5015
3 5016 5017 5018
3 5019 5020 5021
3 5022 5023 5024
3 5025 5026 5027
3 5028 5029 5030
3 5031 5032 5033
3 5034 5035 5036
3 5037 5038 5039
3 5040 5041 5042
3 5043 5044 5045
3 5046 5047 5048
3 5049 5050 5051
3 5052 5053 5054
3 5055 5056 5057
3 5058 5059 5060
3 5061 5062 5063
3 5064 5065 5066
3 5067 5068 5069
3 5070 5071 5072
3 5073 5074 5075
3 5076 5077 5078
3 5079 5080 5081
3 5082 5083 5084
3 5085 5086 5087
3 5088 5089 5090
3 5091 5092 5093
3 5094 5095 5096
3 5097 5098 5099
3 5100 5101 5102
3 5103 5104 5105
3 5106 5107 5108
3 5109 5110 5111
3 5112 5113 5114
3 5115 5116 5117
3 5118 5119 5120
3 5121 5122 5123
3 5124 5125 5126
3 5127 5128 5129
3 5130 5131 5132
3 5133 5134 5135
3 5136 5137 5138
3 5139 5140 5141
3 5142 5143 5144
3 5145 5146 5147
3 5148 5149 5150
3 5151 5152 5153
3 5154 5155 5156
3 5157 5158 5159
3 5160 5161 5162
3 5163 5164 5165
3 5166 5167 5168
3 5169 5170 5171
3 5172 5173 5174
3 5175 5176 5177
3 5178 5179 5180
3 5181 5182 5183
3 5184 5185 5186
3 5187 5188 5189
3 5190 5191 5192
3 5193 5194 5195
3 5196 5197 5198
3 5199 5200 5201
3 5202 5203 5204
3 5205 5206 5207
3 5208 5209 5210
3 5211 5212 5213
3 5214 5215 5216
3 5217 5218 5219
3 5220 5221 5222
3 5223 5224 5225
3 5226 5227 5228
3 5229 5230 5231
3 5232 5233 5234
3 5235 5236 5237
3 5238 5239 5240
3 5241 5242 5243
3 5244 5245 5246
3 5247 5248 5249
3 5250 5251 5252
3 5253 5254 5255
3 5256 5257 5258
3 5259 5260 5261
3 5262 5263 5264
3 5265 5266 5267
3 5268 5269 5270
3 5271 5272 5273
3 5274 5275 5276
3 5277 5278 5279
3 5280 5281 5282
3 5283 5284 5285
3 5286 5287 5288
3 5289 5290 5291
3 5292 5293 5294
3 5295 5296 5297
3 5298 5299 5300
3 5301 5302 5303
3 5304 5305 5306
3 5307 5308 5309
3 5310 5311 5312
3 5313 5314 5315
3 5316 5317 5318
3 5319 5320 5321
3 5322 5323 5324
3 5325 5326 5327
3 5328 5329 5330
3 5331 5332 5333
3 5334 5335 5336
3 5337 5338 5339
3 5340 5341 5342
3 5343 5344 5345
3 5346 5347 5348
3 5349 5350 5351
3 5352 5353 5354
3 5355 5356 5357
3 5358 5359 5360
3 5361 5362 5363
3 5364 5365 5366
3 5367 5368 5369
3 5370 5371 5372
3 5373 5374 5375
3 5376 5377 5378
3 5379 5380 5381
3 5382 5383 5384
3 5385 5386 5387
3 5388 5389 5390
3 5391 5392 5393
3 5394 5395 5396
3 5397 5398 5399
3 5400 5401 5402
3 5403 5404 5405
3 5406 5407 5408
3 5409 5410 5411
3 5412 5413 5414
3 5415 5416 5417
3 5418 5419 5420
3 5421 5422 5423
3 5424 5425 5426
3 5427 5428 5429
3 5430 5431 5432
3 5433 5434 5435
3 5436 5437 5438
3 5439 5440 5441
3 5442 5443 5444
3 5445 5446 5447
3 5448 5449 5450
3 5451 5452 5453
3 5454 5455 5456
3 5457 5458 5459
3 5460 5461 5462
3 5463 5464 5465
3 5466 5467 5468
3 5469 5470 5471
3 5472 5473 5474
3 5475 5476 5477
3 5478 5479 5480
3 5481 5482 5483
3 5484 5485 5486
3 5487 5488 5489
3 5490 5491 5492
3 5493 5494 5495
3 5496 5497 5498
3 5499 5500 5501
3 5502 5503 5504
3 5505 5506 5507
3 5508 5509 5510
3 5511 5512 5513
3 5514 5515 5516
3 5517 5518 5519
3 5520 5521 5522
3 5523 5524 5525
3 5526 5527 5528
3 5529 5530 5531
3 5532 5533 5534
3 5535 5536 5537
3 5538 5539 5540
3 5541 5542 5543
3 5544 5545 5546
3 5547 5548 5549
3 5550 5551 5552
3 5553 5554 5555
3 5556 5557 5558
3 5559 5560 5561
3 5562 5563 5564
3 5565 5566 5567
3 5568 5569 5570
3 5571 5572 5573
3 5574 5575 5576
3 5577 5578 5579
3 5580 5581 5582
3 5583 5584 5585
3 5586 5587 5588
3 5589 5590 5591
3 5592 5593 5594
3 5595 5596 5597
3 5598 5599 5600
3 5601 5602 5603
3 5604 5605 5606
3 5607 5608 5609
3 5610 5611 5612
3 5613 5614 5615
3 5616 5617 5618
3 5619 5620 5621
3 5622 5623 5624
3 5625 5626 5627
3 5628 5629 5630
3 5631 5632 5633
3 5634 5635 5636
3 5637 5638 5639
3 5640 5641 5642
3 5643 5644 5645
3 5646 5647 5648
3 5649 5650 5651
3 5652 5653 5654
3 5655 5656 5657
3 5658 5659 5660
3 5661 5662 5663
3 5664 5665 5666
3 5667 5668 5669
3 5670 5671 5672
3 5673 5674 5675
3 5676 5677 5678
3 5679 5680 5681
3 5682 5683 5684
3 5685 5686 5687
3 5688 5689 5690
3 5691 5692 5693
3 5694 5695 5696
3 5697 5698 5699
3 5700 5701 5702
3 5703 5704 5705
3 5706 5707 5708
3 5709 5710 5711
3 5712 5713 5714
3 5715 5716 5717
3 5718 5719 5720
3 5721 5722 5723
3 5724 5725 5726
3 5727 5728 5729
3 5730 5731 5732
3 5733 5734 5735
3 5736 5737 5738
3 5739 5740 5741
3 5742 5743 5744
3 5745 5746 5747
3 5748 5749 5750
3 5751 5752 5753
3 5754 5755 5756
3 5757 5758 5759
3 5760 5761 5762
3 5763 5764 5765
3 5766 5767 5768
3 5769 5770 5771
3 5772 5773 5774
3 5775 5776 5777
3 5778 5779 5780
3 5781 5782 5783
3 5784 5785 5786
3 5787 5788 5789
3 5790 5791 5792
3 5793 5794 5795
3 5796 5797 5798
3 5799 5800 5801
3 5802 5803 5804
3 5805 5806 5807
3 5808 5809 5810
3 5811 5812 5813
3 5814 5815 5816
3 5817 5818 5819
3 5820 5821 5822
3 5823 5824 5825
3 5826 5827 5828
3 5829 5830 5831
3 5832 5833 5834
3 5835 5836 5837
3 5838 5839 5840
3 5841 5842 5843
3 5844 5845 5846
3 5847 5848 5849
3 5850 5851 5852
3 5853 5854 5855
3 5856 5857 5858
3 5859 5860 5861
3 5862 5863 5864
3 5865 5866 5867
3 5868 5869 5870
3 5871 5872 5873
3 5874 5875 5876
3 5877 5878 5879
3 5880 5881 5882
3 5883 5884 5885
3 5886 5887 5888
3 5889 5890 5891
3 5892 5893 5894
3 5895 5896 5897
3 5898 5899 5900
3 5901 5902 5903
3 5904 5905 5906
3 5907 5908 5909
3 5910 5911 5912
3 5913 5914 5915
3 5916 5917 5918
3 5919 5920 5921
3 5922 5923 5924
3 5925 5926 5927
3 5928 5929 5930
3 5931 5932 5933
3 5934 5935 5936
3 5937 5938 5939
3 5940 5941 5942
3 5943 5944 5945
3 5946 5947 5948
3 5949 5950 5951
3 5952 5953 5954
3 5955 5956 5957
3 5958 5959 5960
3 5961 5962 5963
3 5964 5965 5966
3 5967 5968 5969
3 5970 5971 5972
3 5973 5974 5975
3 5976 5977 5978
3 5979 5980 5981
3 5982 5983 5984
3 5985 5986 5987
3 5988 5989 5990
3 5991 5992 5993
3 5994 5995 5996
3 5997 5998 5999
3 6000 6001 6002
3 6003 6004 6005
3 6006 6007 6008
3 6009 6010 6011
3 6012 6013 6014
3 6015 6016 6017
3 6018 6019 6020
3 6021 6022 6023
3 6024 6025 6026
3 6027 6028 6029
3 6030 6031 6032
3 6033 6034 6035
3 6036 6037 6038
3 6039 6040 6041
3 6042 6043 6044
3 6045 6046 6047
3 6048 6049 6050
3 6051 6052 6053
3 6054 6055 6056
3 6057 6058 6059
3 6060 6061 6062
3 6063 6064 6065
3 6066 6067 6068
3 6069 6070 6071
3 6072 6073 6074
3 6075 6076 6077
3 6078 6079 6080
3 6081 6082 6083
3 6084 6085 6086
3 6087 6088 6089
3 6090 6091 6092
3 6093 6094 6095
3 6096 6097 6098
3 6099 6100 6101
3 6102 6103 6104
3 6105 6106 6107
3 6108 6109 6110
3 6111 6112 6113
3 6114 6115 6116
3 6117 6118 6119
3 6120 6121 6122
3 6123 6124 6125
3 6126 6127 6128
3 6129 6130 6131
3 6132 6133 6134
3 6135 6136 6137
3 6138 6139 6140
3 6141 6142 6143
3 6144 6145 6146
3 6147 6148 6149
3 6150 6151 6152
3 6153 6154 6155
3 6156 6157 6158
3 6159 6160 6161
3 6162 6163 6164
3 6165 6166 6167
3 6168 6169 6170
3 6171 6172 6173
3 6174 6175 6176
3 6177 6178 6179
3 6180 6181 6182
3 6183 6184 6185
3 6186 6187 6188
3 6189 6190 6191
3 6192 6193 6194
3 6195 6196 6197
3 6198 6199 6200
3 6201 6202 6203
3 6204 6205 6206
3 6207 6208 6209
3 6210 6211 6212
3 6213 6214 6215
3 6216 6217 6218
3 6219 6220 6221
3 6222 6223 6224
3 6225 6226 6227
3 6228 6229 6230
3 6231 6232 6233
3 6234 6235 6236
3 6237 6238 6239
3 6240 6241 6242
3 6243 6244 6245
3 6246 6247 6248
3 6249 6250 6251
3 6252 6253 6254
3 6255 6256 6257
3 6258 6259 6260
3 6261 6262 6263
3 6264 6265 6266
3 6267 6268 6269
3 6270 6271 6272
3 6273 6274 6275
3 6276 6277 6278
3 6279 6280 6281
3 6282 6283 6284
3 6285 6286 6287
3 6288 6289 6290
3 6291 6292 6293
3 6294 6295 6296
3 6297 6298 6299
3 6300 6301 6302
3 6303 6304 6305
3 6306 6307 6308
3 6309 6310 6311
3 6312 6313 6314
3 6315 6316 6317
3 6318 6319 6320
3 6321 6322 6323
3 6324 6325 6326
3 6327 6328 6329
3 6330 6331 6332
3 6333 6334 6335
3 6336 6337 6338
3 6339 6340 6341
3 6342 6343 6344
3 6345 6346 6347
3 6348 6349 6350
3 6351 6352 6353
3 6354 6355 6356
3 6357 6358 6359
3 6360 6361 6362
3 6363 6364 6365
3 6366 6367 6368
3 6369 6370 6371
3 6372 6373 6374
3 6375 6376 6377
3 6378 6379 6380
3 6381 6382 6383
3 6384 6385 6386
3 6387 6388 6389
3 6390 6391 6392
3 6393 6394 6395
3 6396 6397 6398
3 6399 6400 6401
3 6402 6403 6404
3 6405 6406 6407
3 6408 6409 6410
3 6411 6412 6413
3 6414 6415 6416
3 6417 6418 6419
3 6420 6421 6422
3 6423 6424 6425
3 6426 6427 6428
3 6429 6430 6431
3 6432 6433 6434
3 6435 6436 6437
3 6438 6439 6440
3 6441 6442 6443
3 6444 6445 6446
3 6447 6448 6449
3 6450 6451 6452
3 6453 6454 6455
3 6456 6457 6458
3 6459 6460 6461
3 6462 6463 6464
3 6465 6466 6467
3 6468 6469 6470
3 6471 6472 6473
3 6474 6475 6476
3 6477 6478 6479
3 6480 6481 6482
3 6483 6484 6485
3 6486 6487 6488
3 6489 6490 6491
3 6492 6493 6494
3 6495 6496 6497
3 6498 6499 6500
3 6501 6502 6503
3 6504 6505 6506
3 6507 6508 6509
3 6510 6511 6512
3 6513 6514 6515
3 6516 6517 6518
3 6519 6520 6521
3 6522 6523 6524
3 6525 6526 6527
3 6528 6529 6530
3 6531 6532 6533
3 6534 6535 6536
3 6537 6538 6539
3 6540 6541 6542
3 6543 6544 6545
3 6546 6547 6548
3 6549 6550 6551
3 6552 6553 6554
3 6555 6556 6557
3 6558 6559 6560
3 6561 6562 6563
3 6564 6565 6566
3 6567 6568 6569
3 6570 6571 6572
3 6573 6574 6575
3 6576 6577 6578
3 6579 6580 6581
3 6582 6583 6584
3 6585 6586 6587
3 6588 6589 6590
3 6591 6592 6593
3 6594 6595 6596
3 6597 6598 6599
3 6600 6601 6602
3 6603 6604 6605
3 6606 6607 6608
3 6609 6610 6611
3 6612 6613 6614
3 6615 6616 6617
3 6618 6619 6620
3 6621 6622 6623
3 6624 6625 6626
3 6627 6628 6629
3 6630 6631 6632
3 6633 6634 6635
3 6636 6637 6638
3 6639 6640 6641
3 6642 6643 6644
3 6645 6646 6647
3 6648 6649 6650
3 6651 6652 6653
3 6654 6655 6656
3 6657 6658 6659
3 6660 6661 6662
3 6663 6664 6665
3 6666 6667 6668
3 6669 6670 6671
3 6672 6673 6674
3 6675 6676 6677
3 6678 6679 6680
3 6681 6682 6683
3 6684 6685 6686
3 6687 6688 6689
3 6690 6691 6692
3 6693 6694 6695
3 6696 6697 6698
3 6699 6700 6701
3 6702 6703 6704
3 6705 6706 6707
3 6708 6709 6710
3 6711 6712 6713
3 6714 6715 6716
3 6717 6718 6719
3 6720 6721 6722
3 6723 6724 6725
3 6726 6727 6728
3 6729 6730 6731
3 6732 6733 6734
3 6735 6736 6737
3 6738 6739 6740
3 6741 6742 6743
3 6744 6745 6746
3 6747 6748 6749
3 6750 6751 6752
3 6753 6754 6755
3 6756 6757 6758
3 6759 6760 6761
3 6762 6763 6764
3 6765 6766 6767
3 6768 6769 6770
3 6771 6772 6773
3 6774 6775 6776
3 6777 6778 6779
3 6780 6781 6782
3 6783 6784 6785
3 6786 6787 6788
3 6789 6790 6791
3 6792 6793 6794
3 6795 6796 6797
3 6798 6799 6800
3 6801 6802 6803
3 6804 6805 6806
3 6807 6808 6809
3 6810 6811 6812
3 6813 6814 6815
3 6816 6817 6818
3 6819 6820 6821
3 6822 6823 6824
3 6825 6826 6827
3 6828 6829 6830
3 6831 6832 6833
3 6834 6835 6836
3 6837 6838 6839
3 6840 6841 6842
3 6843 6844 6845
3 6846 6847 6848
3 6849 6850 6851
3 6852 6853 6854
3 6855 6856 6857
3 6858 6859 6860
3 6861 6862 6863
3 6864 6865 6866
3 6867 6868 6869
3 6870 6871 6872
3 6873 6874 6875
3 6876 6877 6878
3 6879 6880 6881
3 6882 6883 6884
3 6885 6886 6887
3 6888 6889 6890
3 6891 6892 6893
3 6894 6895 6896
3 6897 6898 6899
3 6900 6901 6902
3 6903 6904 6905
3 6906 6907 6908
3 6909 6910 6911
3 6912 6913 6914
3 6915 6916 6917
3 6918 6919 6920
3 6921 6922 6923
3 6924 6925 6926
3 6927 6928 6929
3 6930 6931 6932
3 6933 6934 6935
3 6936 6937 6938
3 6939 6940 6941
3 6942 6943 6944
3 6945 6946 6947
3 6948 6949 6950
3 6951 6952 6953
3 6954 6955 6956
3 6957 6958 6959
3 6960 6961 6962
3 6963 6964 6965
3 6966 6967 6968
3 6969 6970 6971
3 6972 6973 6974
3 6975 6976 6977
3 6978 6979 6980
3 6981 6982 6983
3 6984 6985 6986
3 6987 6988 6989
3 6990 6991 6992
3 6993 6994 6995
3 6996 6997 6998
3 6999 7000 7001
3 7002 7003 7004
3 7005 7006 7007
3 7008 7009 7010
3 7011 7012 7013
3 7014 7015 7016
3 7017 7018 7019
3 7020 7021 7022
3 7023 7024 7025
3 7026 7027 7028
3 7029 7030 7031
3 7032 7033 7034
3 7035 7036 7037
3 7038 7039 7040
3 7041 7042 7043
3 7044 7045 7046
3 7047 7048 7049
3 7050 7051 7052
3 7053 7054 7055
3 7056 7057 7058
3 7059 7060 7061
3 7062 7063 7064
3 7065 7066 7067
3 7068 7069 7070
3 7071 7072 7073
3 7074 7075 7076
3 7077 7078 7079
3 7080 7081 7082
3 7083 7084 7085
3 7086 7087 7088
3 7089 7090 7091
3 7092 7093 7094
3 7095 7096 7097
3 7098 7099 7100
3 7101 7102 7103
3 7104 7105 7106
3 7107 7108 7109
3 7110 7111 7112
3 7113 7114 7115
3 7116 7117 7118
3 7119 7120 7121
3 7122 7123 7124
3 7125 7126 7127
3 7128 7129 7130
3 7131 7132 7133
3 7134 7135 7136
3 7137 7138 7139
3 7140 7141 7142
3 7143 7144 7145
3 7146 7147 7148
3 7149 7150 7151
3 7152 7153 7154
3 7155 7156 7157
3 7158 7159 7160
3 7161 7162 7163
3 7164 7165 7166
3 7167 7168 7169
3 7170 7171 7172
3 7173 7174 7175
3 7176 7177 7178
3 7179 7180 7181
3 7182 7183 7184
3 7185 7186 7187
3 7188 7189 7190
3 7191 7192 7193
3 7194 7195 7196
3 7197 7198 7199
3 7200 7201 7202
3 7203 7204 7205
3 7206 7207 7208
3 7209 7210 7211
3 7212 7213 7214
3 7215 7216 7217
3 7218 7219 7220
3 7221 7222 7223
3 7224 7225 7226
3 7227 7228 7229
3 7230 7231 7232
3 7233 7234 7235
3 7236 7237 7238
3 7239 7240 7241
3 7242 7243 7244
3 7245 7246 7247
3 7248 7249 7250
3 7251 7252 7253
3 7254 7255 7256
3 7257 7258 7259
3 7260 7261 7262
3 7263 7264 7265
3 7266 7267 7268
3 7269 7270 7271
3 7272 7273 7274
3 7275 7276 7277
3 7278 7279 7280
3 7281 7282 7283
3 7284 7285 7286
3 7287 7288 7289
3 7290 7291 7292
3 7293 7294 7295
3 7296 7297 7298
3 7299 7300 7301
3 7302 7303 7304
3 7305 7306 7307
3 7308 7309 7310
3 7311 7312 7313
3 7314 7315 7316
3 7317 7318 7319
3 7320 7321 7322
3 7323 7324 7325
3 7326 7327 7328
3 7329 7330 7331
3 7332 7333 7334
3 7335 7336 7337
3 7338 7339 7340
3 7341 7342 7343
3 7344 7345 7346
3 7347 7348 7349
3 7350 7351 7352
3 7353 7354 7355
3 7356 7357 7358
3 7359 7360 7361
3 7362 7363 7364
3 7365 7366 7367
3 7368 7369 7370
3 7371 7372 7373
3 7374 7375 7376
3 7377 7378 7379
3 7380 7381 7382
3 7383 7384 7385
3 7386 7387 7388
3 7389 7390 7391
3 7392 7393 7394
3 7395 7396 7397
3 7398 7399 7400
3 7401 7402 7403
3 7404 7405 7406
3 7407 7408 7409
3 7410 7411 7412
3 7413 7414 7415
3 7416 7417 7418
3 7419 7420 7421
3 7422 7423 7424
3 7425 7426 7427
3 7428 7429 7430
3 7431 7432 7433
3 7434 7435 7436
3 7437 7438 7439
3 7440 7441 7442
3 7443 7444 7445
3 7446 7447 7448
3 7449 7450 7451
3 7452 7453 7454
3 7455 7456 7457
3 7458 7459 7460
3 7461 7462 7463
3 7464 7465 7466
3 7467 7468 7469
3 7470 7471 7472
3 7473 7474 7475
3 7476 7477 7478
3 7479 7480 7481
3 7482 7483 7484
3 7485 7486 7487
3 7488 7489 7490
3 7491 7492 7493
3 7494 7495 7496
3 7497 7498 7499
3 7500 7501 7502
3 7503 7504 7505
3 7506 7507 7508
3 7509 7510 7511
3 7512 7513 7514
3 7515 7516 7517
3 7518 7519 7520
3 7521 7522 7523
3 7524 7525 7526
3 7527 7528 7529
3 7530 7531 7532
3 7533 7534 7535
3 7536 7537 7538
3 7539 7540 7541
3 7542 7543 7544
3 7545 7546 7547
3 7548 7549 7550
3 7551 7552 7553
3 7554 7555 7556
3 7557 7558 7559
3 7560 7561 7562
3 7563 7564 7565
3 7566 7567 7568
3 7569 7570 7571
3 7572 7573 7574
3 7575 7576 7577
3 7578 7579 7580
3 7581 7582 7583
3 7584 7585 7586
3 7587 7588 7589
3 7590 7591 7592
3 7593 7594 7595
3 7596 7597 7598
3 7599 7600 7601
3 7602 7603 7604
3 7605 7606 7607
3 7608 7609 7610
3 7611 7612 7613
3 7614 7615 7616
3 7617 7618 7619
3 7620 7621 7622
3 7623 7624 7625
3 7626 7627 7628
3 7629 7630 7631
3 7632 7633 7634
3 7635 7636 7637
3 7638 7639 7640
3 7641 7642 7643
3 7644 7645 7646
3 7647 7648 7649
3 7650 7651 7652
3 7653 7654 7655
3 7656 7657 7658
3 7659 7660 7661
3 7662 7663 7664
3 7665 7666 7667
3 7668 7669 7670
3 7671 7672 7673
3 7674 7675 7676
3 7677 7678 7679
3 7680 7681 7682
3 7683 7684 7685
3 7686 7687 7688
3 7689 7690 7691
3 7692 7693 7694
3 7695 7696 7697
3 7698 7699 7700
3 7701 7702 7703
3 7704 7705 7706
3 7707 7708 7709
3 7710 7711 7712
3 7713 7714 7715
3 7716 7717 7718
3 7719 7720 7721
3 7722 7723 7724
3 7725 7726 7727
3 7728 7729 7730
3 7731 7732 7733
3 7734 7735 7736
3 7737 7738 7739
3 7740 7741 7742
3 7743 7744 7745
3 7746 7747 7748
3 7749 7750 7751
3 7752 7753 7754
3 7755 7756 7757
3 7758 7759 7760
3 7761 7762 7763
3 7764 7765 7766
3 7767 7768 7769
3 7770 7771 7772
3 7773 7774 7775
3 7776 7777 7778
3 7779 7780 7781
3 7782 7783 7784
3 7785 7786 7787
3 7788 7789 7790
3 7791 7792 7793
3 7794 7795 7796
3 7797 7798 7799
3 7800 7801 7802
3 7803 7804 7805
3 7806 7807 7808
3 7809 7810 7811
3 7812 7813 7814
3 7815 7816 7817
3 7818 7819 7820
3 7821 7822 7823
3 7824 7825 7826
3 7827 7828 7829
3 7830 7831 7832
3 7833 7834 7835
3 7836 7837 7838
3 7839 7840 7841
3 7842 7843 7844
3 7845 7846 7847
3 7848 7849 7850
3 7851 7852 7853
3 7854 7855 7856
3 7857 7858 7859
3 7860 7861 7862
3 7863 7864 7865
3 7866 7867 7868
3 7869 7870 7871
3 7872 7873 7874
3 7875 7876 7877
3 7878 7879 7880
3 7881 7882 7883
3 7884 7885 7886
3 7887 7888 7889
3 7890 7891 7892
3 7893 7894 7895
3 7896 7897 7898
3 7899 7900 7901
3 7902 7903 7904
3 7905 7906 7907
3 7908 7909 7910
3 7911 7912 7913
3 7914 7915 7916
3 7917 7918 7919
3 7920 7921 7922
3 7923 7924 7925
3 7926 7927 7928
3 7929 7930 7931
3 7932 7933 7934
3 7935 7936 7937
3 7938 7939 7940
3 7941 7942 7943
3 7944 7945 7946
3 7947 7948 7949
3 7950 7951 7952
3 7953 7954 7955
3 7956 7957 7958
3 7959 7960 7961
3 7962 7963 7964
3 7965 7966 7967
3 7968 7969 7970
3 7971 7972 7973
3 7974 7975 7976
3 7977 7978 7979
3 7980 7981 7982
3 7983 7984 7985
3 7986 7987 7988
3 7989 7990 7991
3 7992 7993 7994
3 7995 7996 7997
3 7998 7999 8000
3 8001 8002 8003
3 8004 8005 8006
3 8007 8008 8009
3 8010 8011 8012
3 8013 8014 8015
3 8016 8017 8018
3 8019 8020 8021
3 8022 8023 8024
3 8025 8026 8027
3 8028 8029 8030
3 8031 8032 8033
3 8034 8035 8036
3 8037 8038 8039
3 8040 8041 8042
3 8043 8044 8045
3 8046 8047 8048
3 8049 8050 8051
3 8052 8053 8054
3 8055 8056 8057
3 8058 8059 8060
3 8061 8062 8063
3 8064 8065 8066
3 8067 8068 8069
3 8070 8071 8072
3 8073 8074 8075
3 8076 8077 8078
3 8079 8080 8081
3 8082 8083 8084
3 8085 8086 8087
3 8088 8089 8090
3 8091 8092 8093
3 8094 8095 8096
3 8097 8098 8099
3 8100 8101 8102
3 8103 8104 8105
3 8106 8107 8108
3 8109 8110 8111
3 8112 8113 8114
3 8115 8116 8117
3 8118 8119 8120
3 8121 8122 8123
3 8124 8125 8126
3 8127 8128 8129
3 8130 8131 8132
3 8133 8134 8135
3 8136 8137 8138
3 8139 8140 8141
3 8142 8143 8144
3 8145 8146 8147
3 8148 8149 8150
3 8151 8152 8153
3 8154 8155 8156
3 8157 8158 8159
3 8160 8161 8162
3 8163 8164 8165
3 8166 8167 8168
3 8169 8170 8171
3 8172 8173 8174
3 8175 8176 8177
3 8178 8179 8180
3 8181 8182 8183
3 8184 8185 8186
3 8187 8188 8189
3 8190 8191 8192
3 8193 8194 8195
3 8196 8197 8198
3 8199 8200 8201
3 8202 8203 8204
3 8205 8206 8207
3 8208 8209 8210
3 8211 8212 8213
3 8214 8215 8216
3 8217 8218 8219
3 8220 8221 8222
3 8223 8224 8225
3 8226 8227 8228
3 8229 8230 8231
3 8232 8233 8234
3 8235 8236 8237
3 8238 8239 8240
3 8241 8242 8243
3 8244 8245 8246
3 8247 8248 8249
3 8250 8251 8252
3 8253 8254 8255
3 8256 8257 8258
3 8259 8260 8261
3 8262 8263 8264
3 8265 8266 8267
3 8268 8269 8270
3 8271 8272 8273
3 8274 8275 8276
3 8277 8278 8279
3 8280 8281 8282
3 8283 8284 8285
3 8286 8287 8288
3 8289 8290 8291
3 8292 8293 8294
3 8295 8296 8297
3 8298 8299 8300
3 8301 8302 8303
3 8304 8305 8306
3 8307 8308 8309
3 8310 8311 8312
3 8313 8314 8315
3 8316 8317 8318
3 8319 8320 8321
3 8322 8323 8324
3 8325 8326 8327
3 8328 8329 8330
3 8331 8332 8333
3 8334 8335 8336
3 8337 8338 8339
3 8340 8341 8342
3 8343 8344 8345
3 8346 8347 8348
3 8349 8350 8351
3 8352 8353 8354
3 8355 8356 8357
3 8358 8359 8360
3 8361 8362 8363
3 8364 8365 8366
3 8367 8368 8369
3 8370 8371 8372
3 8373 8374 8375
3 8376 8377 8378
3 8379 8380 8381
3 8382 8383 8384
3 8385 8386 8387
3 8388 8389 8390
3 8391 8392 8393
3 8394 8395 8396
3 8397 8398 8399
3 8400 8401 8402
3 8403 8404 8405
3 8406 8407 8408
3 8409 8410 8411
3 8412 8413 8414
3 8415 8416 8417
3 8418 8419 8420
3 8421 8422 8423
3 8424 8425 8426
3 8427 8428 8429
3 8430 8431 8432
3 8433 8434 8435
3 8436 8437 8438
3 8439 8440 8441
3 8442 8443 8444
3 8445 8446 8447
3 8448 8449 8450
3 8451 8452 8453
3 8454 8455 8456
3 8457 8458 8459
3 8460 8461 8462
3 8463 8464 8465
3 8466 8467 8468
3 8469 8470 8471
3 8472 8473 8474
3 8475 8476 8477
3 8478 8479 8480
3 8481 8482 8483
3 8484 8485 8486
3 8487 8488 8489
3 8490 8491 8492
3 8493 8494 8495
3 8496 8497 8498
3 8499 8500 8501
3 8502 8503 8504
3 8505 8506 8507
3 8508 8509 8510
3 8511 8512 8513
3 8514 8515 8516
3 8517 8518 8519
3 8520 8521 8522
3 8523 8524 8525
3 8526 8527 8528
3 8529 8530 8531
3 8532 8533 8534
3 8535 8536 8537
3 8538 8539 8540
3 8541 8542 8543
3 8544 8545 8546
3 8547 8548 8549
3 8550 8551 8552
3 8553 8554 8555
3 8556 8557 8558
3 8559 8560 8561
3 8562 8563 8564
3 8565 8566 8567
3 8568 8569 8570
3 8571 8572 8573
3 8574 8575 8576
3 8577 8578 8579
3 8580 8581 8582
3 8583 8584 8585
3 8586 8587 8588
3 8589 8590 8591
3 8592 8593 8594
3 8595 8596 8597
3 8598 8599 8600
3 8601 8602 8603
3 8604 8605 8606
3 8607 8608 8609
3 8610 8611 8612
3 8613 8614 8615
3 8616 8617 8618
3 8619 8620 8621
3 8622 8623 8624
3 8625 8626 8627
3 8628 8629 8630
3 8631 8632 8633
3 8634 8635 8636
3 8637 8638 8639
3 8640 8641 8642
3 8643 8644 8645
3 8646 8647 8648
3 8649 8650 8651
3 8652 8653 8654
3 8655 8656 8657
3 8658 8659 8660
3 8661 8662 8663
3 8664 8665 8666
3 8667 8668 8669
3 8670 8671 8672
3 8673 8674 8675
3 8676 8677 8678
3 8679 8680 8681
3 8682 8683 8684
3 8685 8686 8687
3 8688 8689 8690
3 8691 8692 8693
3 8694 8695 8696
3 8697 8698 8699
3 8700 8701 8702
3 8703 8704 8705
3 8706 8707 8708
3 8709 8710 8711
3 8712 8713 8714
3 8715 8716 8717
3 8718 8719 8720
3 8721 8722 8723
3 8724 8725 8726
3 8727 8728 8729
3 8730 8731 8732
3 8733 8734 8735
3 8736 8737 8738
3 8739 8740 8741
3 8742 8743 8744
3 8745 8746 8747
3 8748 8749 8750
3 8751 8752 8753
3 8754 8755 8756
3 8757 8758 8759
3 8760 8761 8762
3 8763 8764 8765
3 8766 8767 8768
3 8769 8770 8771
3 8772 8773 8774
3 8775 8776 8777
3 8778 8779 8780
3 8781 8782 8783
3 8784 8785 8786
3 8787 8788 8789
3 8790 8791 8792
3 8793 8794 8795
3 8796 8797 8798
3 8799 8800 8801
3 8802 8803 8804
3 8805 8806 8807
3 8808 8809 8810
3 8811 8812 8813
3 8814 8815 8816
3 8817 8818 8819
3 8820 8821 8822
3 8823 8824 8825
3 8826 8827 8828
3 8829 8830 8831
3 8832 8833 8834
3 8835 8836 8837
3 8838 8839 8840
3 8841 8842 8843
3 8844 8845 8846
3 8847 8848 8849
3 8850 8851 8852
3 8853 8854 8855
3 8856 8857 8858
3 8859 8860 8861
3 8862 8863 8864
3 8865 8866 8867
3 8868 8869 8870
3 8871 8872 8873
3 8874 8875 8876
3 8877 8878 8879
3 8880 8881 8882
3 8883 8884 8885
3 8886 8887 8888
3 8889 8890 8891
3 8892 8893 8894
3 8895 8896 8897
3 8898 8899 8900
3 8901 8902 8903
3 8904 8905 8906
3 8907 8908 8909
3 8910 8911 8912
3 8913 8914 8915
3 8916 8917 8918
3 8919 8920 8921
3 8922 8923 8924
3 8925 8926 8927
3 8928 8929 8930
3 8931 8932 8933
3 8934 8935 8936
3 8937 8938 8939
3 8940 8941 8942
3 8943 8944 8945
3 8946 8947 8948
3 8949 8950 8951
3 8952 8953 8954
3 8955 8956 8957
3 8958 8959 8960
3 8961 8962 8963
3 8964 8965 8966
3 8967 8968 8969
3 8970 8971 8972
3 8973 8974 8975
3 8976 8977 8978
3 8979 8980 8981
3 8982 8983 8984
3 8985 8986 8987
3 8988 8989 8990
3 8991 8992 8993
3 8994 8995 8996
3 8997 8998 8999
3 9000 9001 9002
3 9003 9004 9005
3 9006 9007 9008
3 9009 9010 9011
3 9012 9013 9014
3 9015 9016 9017
3 9018 9019 9020
3 9021 9022 9023
3 9024 9025 9026
3 9027 9028 9029
3 9030 9031 9032
3 9033 9034 9035
3 9036 9037 9038
3 9039 9040 9041
3 9042 9043 9044
3 9045 9046 9047
3 9048 9049 9050
3 9051 9052 9053
3 9054 9055 9056
3 9057 9058 9059
3 9060 9061 9062
3 9063 9064 9065
3 9066 9067 9068
3 9069 9070 9071
3 9072 9073 9074
3 9075 9076 9077
3 9078 9079 9080
3 9081 9082 9083
3 9084 9085 9086
3 9087 9088 9089
3 9090 9091 9092
3 9093 9094 9095
3 9096 9097 9098
3 9099 9100 9101
3 9102 9103 9104
3 9105 9106 9107
3 9108 9109 9110
3 9111 9112 9113
3 9114 9115 9116
3 9117 9118 9119
3 9120 9121 9122
3 9123 9124 9125
3 9126 9127 9128
3 9129 9130 9131
3 9132 9133 9134
3 9135 9136 9137
3 9138 9139 9140
3 9141 9142 9143
3 9144 9145 9146
3 9147 9148 9149
3 9150 9151 9152
3 9153 9154 9155
3 9156 9157 9158
3 9159 9160 9161
3 9162 9163 9164
3 9165 9166 9167
3 9168 9169 9170
3 9171 9172 9173
3 9174 9175 9176
3 9177 9178 9179
3 9180 9181 9182
3 9183 9184 9185
3 9186 9187 9188
3 9189 9190 9191
3 9192 9193 9194
3 9195 9196 9197
3 9198 9199 9200
3 9201 9202 9203
3 9204 9205 9206
3 9207 9208 9209
3 9210 9211 9212
3 9213 9214 9215
3 9216 9217 9218
3 9219 9220 9221
3 9222 9223 9224
3 9225 9226 9227
3 9228 9229 9230
3 9231 9232 9233
3 9234 9235 9236
3 9237 9238 9239
3 9240 9241 9242
3 9243 9244 9245
3 9246 9247 9248
3 9249 9250 9251
3 9252 9253 9254
3 9255 9256 9257
3 9258 9259 9260
3 9261 9262 9263
3 9264 9265 9266
3 9267 9268 9269
3 9270 9271 9272
3 9273 9274 9275
3 9276 9277 9278
3 9279 9280 9281
3 9282 9283 9284
3 9285 9286 9287
3 9288 9289 9290
3 9291 9292 9293
3 9294 9295 9296
3 9297 9298 9299
3 9300 9301 9302
3 9303 9304 9305
3 9306 9307 9308
3 9309 9310 9311
3 9312 9313 9314
3 9315 9316 9317
3 9318 9319 9320
3 9321 9322 9323
3 9324 9325 9326
3 9327 9328 9329
3 9330 9331 9332
3 9333 9334 9335
3 9336 9337 9338
3 9339 9340 9341
3 9342 9343 9344
3 9345 9346 9347
3 9348 9349 9350
3 9351 9352 9353
3 9354 9355 9356
3 9357 9358 9359
3 9360 9361 9362
3 9363 9364 9365
3 9366 9367 9368
3 9369 9370 9371
3 9372 9373 9374
3 9375 9376 9377
3 9378 9379 9380
3 9381 9382 9383
3 9384 9385 9386
3 9387 9388 9389
3 9390 9391 9392
3 9393 9394 9395
3 9396 9397 9398
3 9399 9400 9401
3 9402 9403 9404
3 9405 9406 9407
3 9408 9409 9410
3 9411 9412 9413
3 9414 9415 9416
3 9417 9418 9419
3 9420 9421 9422
3 9423 9424 9425
3 9426 9427 9428
3 9429 9430 9431
3 9432 9433 9434
3 9435 9436 9437
3 9438 9439 9440
3 9441 9442 9443
3 9444 9445 9446
3 9447 9448 9449
3 9450 9451 9452
3 9453 9454 9455
3 9456 9457 9458
3 9459 9460 9461
3 9462 9463 9464
3 9465 9466 9467
3 9468 9469 9470
3 9471 9472 9473
3 9474 9475 9476
3 9477 9478 9479
3 9480 9481 9482
3 9483 9484 9485
3 9486 9487 9488
3 9489 9490 9491
3 9492 9493 9494
3 9495 9496 9497
3 9498 9499 9500
3 9501 9502 9503
3 9504 9505 9506
3 9507 9508 9509
3 9510 9511 9512
3 9513 9514 9515
3 9516 9517 9518
3 9519 9520 9521
3 9522 9523 9524
3 9525 9526 9527
3 9528 9529 9530
3 9531 9532 9533
3 9534 9535 9536
3 9537 9538 9539
3 9540 9541 9542
3 9543 9544 9545
3 9546 9547 9548
3 9549 9550 9551
3 9552 9553 9554
3 9555 9556 9557
3 9558 9559 9560
3 9561 9562 9563
3 9564 9565 9566
3 9567 9568 9569
3 9570 9571 9572
3 9573 9574 9575
3 9576 9577 9578
3 9579 9580 9581
3 9582 9583 9584
3 9585 9586 9587
3 9588 9589 9590
3 9591 9592 9593
3 9594 9595 9596
3 9597 9598 9599
3 9600 9601 9602
3 9603 9604 9605
3 9606 9607 9608
3 9609 9610 9611
3 9612 9613 9614
3 9615 9616 9617
3 9618 9619 9620
3 9621 9622 9623
3 9624 9625 9626
3 9627 9628 9629
3 9630 9631 9632
3 9633 9634 9635
3 9636 9637 9638
3 9639 9640 9641
3 9642 9643 9644
3 9645 9646 9647
3 9648 9649 9650
3 9651 9652 9653
3 9654 9655 9656
3 9657 9658 9659
3 9660 9661 9662
3 9663 9664 9665
3 9666 9667 9668
3 9669 9670 9671
3 9672 9673 9674
3 9675 9676 9677
3 9678 9679 9680
3 9681 9682 9683
3 9684 9685 9686
3 9687 9688 9689
3 9690 9691 9692
3 9693 9694 9695
3 9696 9697 9698
3 9699 9700 9701
3 9702 9703 9704
3 9705 9706 9707
3 9708 9709 9710
3 9711 9712 9713
3 9714 9715 9716
3 9717 9718 9719
3 9720 9721 9722
3 9723 9724 9725
3 9726 9727 9728
3 9729 9730 9731
3 9732 9733 9734
3 9735 9736 9737
3 9738 9739 9740
3 9741 9742 9743
3 9744 9745 9746
3 9747 9748 9749
3 9750 9751 9752
3 9753 9754 9755
3 9756 9757 9758
3 9759 9760 9761
3 9762 9763 9764
3 9765 9766 9767
3 9768 9769 9770
3 9771 9772 9773
3 9774 9775 9776
3 9777 9778 9779
3 9780 9781 9782
3 9783 9784 9785
3 9786 9787 9788
3 9789 9790 9791
3 9792 9793 9794
3 9795 9796 9797
3 9798 9799 9800
3 9801 9802 9803
3 9804 9805 9806
3 9807 9808 9809
3 9810 9811 9812
3 9813 9814 9815
3 9816 9817 9818
3 9819 9820 9821
3 9822 9823 9824
3 9825 9826 9827
3 9828 9829 9830
3 9831 9832 9833
3 9834 9835 9836
3 9837 9838 9839
3 9840 9841 9842
3 9843 9844 9845
3 9846 9847 9848
3 9849 9850 9851
3 9852 9853 9854
3 9855 9856 9857
3 9858 9859 9860
3 9861 9862 9863
3 9864 9865 9866
3 9867 9868 9869
3 9870 9871 9872
3 9873 9874 9875
3 9876 9877 9878
3 9879 9880 9881
3 9882 9883 9884
3 9885 9886 9887
3 9888 9889 9890
3 9891 9892 9893
3 9894 9895 9896
3 9897 9898 9899
3 9900 9901 9902
3 9903 9904 9905
3 9906 9907 9908
3 9909 9910 9911
3 9912 9913 9914
3 9915 9916 9917
3 9918 9919 9920
3 9921 9922 9923
3 9924 9925 9926
3 9927 9928 9929
3 9930 9931 9932
3 9933 9934 9935
3 9936 9937 9938
3 9939 9940 9941
3 9942 9943 9944
3 9945 9946 9947
3 9948 9949 9950
3 9951 9952 9953
3 9954 9955 9956
3 9957 9958 9959
3 9960 9961 9962
3 9963 9964 9965
3 9966 9967 9968
3 9969 9970 9971
3 9972 9973 9974
3 9975 9976 9977
3 9978 9979 9980
3 9981 9982 9983
3 9984 9985 9986
3 9987 9988 9989
3 9990 9991 9992
3 9993 9994 9995
3 9996 9997 9998
3 9999 10000 10001
3 10002 10003 10004
3 10005 10006 10007
3 10008 10009 10010
3 10011 10012 10013
3 10014 10015 10016
3 10017 10018 10019
3 10020 10021 10022
3 10023 10024 10025
3 10026 10027 10028
3 10029 10030 10031
3 10032 10033 10034
3 10035 10036 10037
3 10038 10039 10040
3 10041 10042 10043
3 10044 10045 10046
3 10047 10048 10049
3 10050 10051 10052
3 10053 10054 10055
3 10056 10057 10058
3 10059 10060 10061
3 10062 10063 10064
3 10065 10066 10067
3 10068 10069 10070
3 10071 10072 10073
3 10074 10075 10076
3 10077 10078 10079
3 10080 10081 10082
3 10083 10084 10085
3 10086 10087 10088
3 10089 10090 10091
3 10092 10093 10094
3 10095 10096 10097
3 10098 10099 10100
3 10101 10102 10103
3 10104 10105 10106
3 10107 10108 10109
3 10110 10111 10112
3 10113 10114 10115
3 10116 10117 10118
3 10119 10120 10121
3 10122 10123 10124
3 10125 10126 10127
3 10128 10129 10130
3 10131 10132 10133
3 10134 10135 10136
3 10137 10138 10139
3 10140 10141 10142
3 10143 10144 10145
3 10146 10147 10148
3 10149 10150 10151
3 10152 10153 10154
3 10155 10156 10157
3 10158 10159 10160
3 10161 10162 10163
3 10164 10165 10166
3 10167 10168 10169
3 10170 10171 10172
3 10173 10174 10175
3 10176 10177 10178
3 10179 10180 10181
3 10182 10183 10184
3 10185 10186 10187
3 10188 10189 10190
3 10191 10192 10193
3 10194 10195 10196
3 10197 10198 10199
3 10200 10201 10202
3 10203 10204 10205
3 10206 10207 10208
3 10209 10210 10211
3 10212 10213 10214
3 10215 10216 10217
3 10218 10219 10220
3 10221 10222 10223
3 10224 10225 10226
3 10227 10228 10229
3 10230 10231 10232
3 10233 10234 10235
3 10236 10237 10238
3 10239 10240 10241
3 10242 10243 10244
3 10245 10246 10247
3 10248 10249 10250
3 10251 10252 10253
3 10254 10255 10256
3 10257 10258 10259
3 10260 10261 10262
3 10263 10264 10265
3 10266 10267 10268
3 10269 10270 10271
3 10272 10273 10274
3 10275 10276 10277
3 10278 10279 10280
3 10281 10282 10283
3 10284 10285 10286
3 10287 10288 10289
3 10290 10291 10292
3 10293 10294 10295
3 10296 10297 10298
3 10299 10300 10301
3 10302 10303 10304
3 10305 10306 10307
3 10308 10309 10310
3 10311 10312 10313
3 10314 10315 10316
3 10317 10318 10319
3 10320 10321 10322
3 10323 10324 10325
3 10326 10327 10328
3 10329 10330 10331
3 10332 10333 10334
3 10335 10336 10337
3 10338 10339 10340
3 10341 10342 10343
3 10344 10345 10346
3 10347 10348 10349
3 10350 10351 10352
3 10353 10354 10355
3 10356 10357 10358
3 10359 10360 10361
3 10362 10363 10364
3 10365 10366 10367
3 10368 10369 10370
3 10371 10372 10373
3 10374 10375 10376
3 10377 10378 10379
3 10380 10381 10382
3 10383 10384 10385
3 10386 10387 10388
3 10389 10390 10391
3 10392 10393 10394
3 10395 10396 10397
3 10398 10399 10400
3 10401 10402 10403
3 10404 10405 10406
3 10407 10408 10409
3 10410 10411 10412
3 10413 10414 10415
3 10416 10417 10418
3 10419 10420 10421
3 10422 10423 10424
3 10425 10426 10427
3 10428 10429 10430
3 10431 10432 10433
3 10434 10435 10436
3 10437 10438 10439
3 10440 10441 10442
3 10443 10444 10445
3 10446 10447 10448
3 10449 10450 10451
3 10452 10453 10454
3 10455 10456 10457
3 10458 10459 10460
3 10461 10462 10463
3 10464 10465 10466
3 10467 10468 10469
3 10470 10471 10472
3 10473 10474 10475
3 10476 10477 10478
3 10479 10480 10481
3 10482 10483 10484
3 10485 10486 10487
3 10488 10489 10490
3 10491 10492 10493
3 10494 10495 10496
3 10497 10498 10499
3 10500 10501 10502
3 10503 10504 10505
3 10506 10507 10508
3 10509 10510 10511
3 10512 10513 10514
3 10515 10516 10517
3 10518 10519 10520
3 10521 10522 10523
3 10524 10525 10526
3 10527 10528 10529
3 10530 10531 10532
3 10533 10534 10535
3 10536 10537 10538
3 10539 10540 10541
3 10542 10543 10544
3 10545 10546 10547
3 10548 10549 10550
3 10551 10552 10553
3 10554 10555 10556
3 10557 10558 10559
3 10560 10561 10562
3 10563 10564 10565
3 10566 10567 10568
3 10569 10570 10571
3 10572 10573 10574
3 10575 10576 10577
3 10578 10579 10580
3 10581 10582 10583
3 10584 10585 10586
3 10587 10588 10589
3 10590 10591 10592
3 10593 10594 10595
3 10596 10597 10598
3 10599 10600 10601
3 10602 10603 10604
3 10605 10606 10607
3 10608 10609 10610
3 10611 10612 10613
3 10614 10615 10616
3 10617 10618 10619
3 10620 10621 10622
3 10623 10624 10625
3 10626 10627 10628
3 10629 10630 10631
3 10632 10633 10634
3 10635 10636 10637
3 10638 10639 10640
3 10641 10642 10643
3 10644 10645 10646
3 10647 10648 10649
3 10650 10651 10652
3 10653 10654 10655
3 10656 10657 10658
3 10659 10660 10661
3 10662 10663 10664
3 10665 10666 10667
3 10668 10669 10670
3 10671 10672 10673
3 10674 10675 10676
3 10677 10678 10679
3 10680 10681 10682
3 10683 10684 10685
3 10686 10687 10688
3 10689 10690 10691
3 10692 10693 10694
3 10695 10696 10697
3 10698 10699 10700
3 10701 10702 10703
3 10704 10705 10706
3 10707 10708 10709
3 10710 10711 10712
3 10713 10714 10715
3 10716 10717 10718
3 10719 10720 10721
3 10722 10723 10724
3 10725 10726 10727
3 10728 10729 10730
3 10731 10732 10733
3 10734 10735 10736
3 10737 10738 10739
3 10740 10741 10742
3 10743 10744 10745
3 10746 10747 10748
3 10749 10750 10751
3 10752 10753 10754
3 10755 10756 10757
3 10758 10759 10760
3 10761 10762 10763
3 10764 10765 10766
3 10767 10768 10769
3 10770 10771 10772
3 10773 10774 10775
3 10776 10777 10778
3 10779 10780 10781
3 10782 10783 10784
3 10785 10786 10787
3 10788 10789 10790
3 10791 10792 10793
3 10794 10795 10796
3 10797 10798 10799
3 10800 10801 10802
3 10803 10804 10805
3 10806 10807 10808
3 10809 10810 10811
3 10812 10813 10814
3 10815 10816 10817
3 10818 10819 10820
3 10821 10822 10823
3 10824 10825 10826
3 10827 10828 10829
3 10830 10831 10832
3 10833 10834 10835
3 10836 10837 10838
3 10839 10840 10841
3 10842 10843 10844
3 10845 10846 10847
3 10848 10849 10850
3 10851 10852 10853
3 10854 10855 10856
3 10857 10858 10859
3 10860 10861 10862
3 10863 10864 10865
3 10866 10867 10868
3 10869 10870 10871
3 10872 10873 10874
3 10875 10876 10877
3 10878 10879 10880
3 10881 10882 10883
3 10884 10885 10886
3 10887 10888 10889
3 10890 10891 10892
3 10893 10894 10895
3 10896 10897 10898
3 10899 10900 10901
3 10902 10903 10904
3 10905 10906 10907
3 10908 10909 10910
3 10911 10912 10913
3 10914 10915 10916
3 10917 10918 10919
3 10920 10921 10922
3 10923 10924 10925
3 10926 10927 10928
3 10929 10930 10931
3 10932 10933 10934
3 10935 10936 10937
3 10938 10939 10940
3 10941 10942 10943
3 10944 10945 10946
3 10947 10948 10949
3 10950 10951 10952
3 10953 10954 10955
3 10956 10957 10958
3 10959 10960 10961
3 10962 10963 10964
3 10965 10966 10967
3 10968 10969 10970
3 10971 10972 10973
3 10974 10975 10976
3 10977 10978 10979
3 10980 10981 10982
3 10983 10984 10985
3 10986 10987 10988
3 10989 10990 10991
3 10992 10993 10994
3 10995 10996 10997
3 10998 10999 11000
3 11001 11002 11003
3 11004 11005 11006
3 11007 11008 11009
3 11010 11011 11012
3 11013 11014 11015
3 11016 11017 11018
3 11019 11020 11021
3 11022 11023 11024
3 11025 11026 11027
3 11028 11029 11030
3 11031 11032 11033
3 11034 11035 11036
3 11037 11038 11039
3 11040 11041 11042
3 11043 11044 11045
3 11046 11047 11048
3 11049 11050 11051
3 11052 11053 11054
3 11055 11056 11057
3 11058 11059 11060
3 11061 11062 11063
3 11064 11065 11066
3 11067 11068 11069
3 11070 11071 11072
3 11073 11074 11075
3 11076 11077 11078
3 11079 11080 11081
3 11082 11083 11084
3 11085 11086 11087
3 11088 11089 11090
3 11091 11092 11093
3 11094 11095 11096
3 11097 11098 11099
3 11100 11101 11102
3 11103 11104 11105
3 11106 11107 11108
3 11109 11110 11111
3 11112 11113 11114
3 11115 11116 11117
3 11118 11119 11120
3 11121 11122 11123
3 11124 11125 11126
3 11127 11128 11129
3 11130 11131 11132
3 11133 11134 11135
3 11136 11137 11138
3 11139 11140 11141
3 11142 11143 11144
3 11145 11146 11147
3 11148 11149 11150
3 11151 11152 11153
3 11154 11155 11156
3 11157 11158 11159
3 11160 11161 11162
3 11163 11164 11165
3 11166 11167 11168
3 11169 11170 11171
3 11172 11173 11174
3 11175 11176 11177
3 11178 11179 11180
3 11181 11182 11183
3 11184 11185 11186
3 11187 11188 11189
3 11190 11191 11192
3 11193 11194 11195
3 11196 11197 11198
3 11199 11200 11201
3 11202 11203 11204
3 11205 11206 11207
3 11208 11209 11210
3 11211 11212 11213
3 11214 11215 11216
3 11217 11218 11219
3 11220 11221 11222
3 11223 11224 11225
3 11226 11227 11228
3 11229 11230 11231
3 11232 11233 11234
3 11235 11236 11237
3 11238 11239 11240
3 11241 11242 11243
3 11244 11245 11246
3 11247 11248 11249
3 11250 11251 11252
3 11253 11254 11255
3 11256 11257 11258
3 11259 11260 11261
3 11262 11263 11264
3 11265 11266 11267
3 11268 11269 11270
3 11271 11272 11273
3 11274 11275 11276
3 11277 11278 11279
3 11280 11281 11282
3 11283 11284 11285
3 11286 11287 11288
3 11289 11290 11291
3 11292 11293 11294
3 11295 11296 11297
3 11298 11299 11300
3 11301 11302 11303
3 11304 11305 11306
3 11307 11308 11309
3 11310 11311 11312
3 11313 11314 11315
3 11316 11317 11318
3 11319 11320 11321
3 11322 11323 11324
3 11325 11326 11327
3 11328 11329 11330
3 11331 11332 11333
3 11334 11335 11336
3 11337 11338 11339
3 11340 11341 11342
3 11343 11344 11345
3 11346 11347 11348
3 11349 11350 11351
3 11352 11353 11354
3 11355 11356 11357
3 11358 11359 11360
3 11361 11362 11363
3 11364 11365 11366
3 11367 11368 11369
3 11370 11371 11372
3 11373 11374 11375
3 11376 11377 11378
3 11379 11380 11381
3 11382 11383 11384
3 11385 11386 11387
3 11388 11389 11390
3 11391 11392 11393
3 11394 11395 11396
3 11397 11398 11399
3 11400 11401 11402
3 11403 11404 11405
3 11406 11407 11408
3 11409 11410 11411
3 11412 11413 11414
3 11415 11416 11417
3 11418 11419 11420
3 11421 11422 11423
3 11424 11425 11426
3 11427 11428 11429
3 11430 11431 11432
3 11433 11434 11435
3 11436 11437 11438
3 11439 11440 11441
3 11442 11443 11444
3 11445 11446 11447
3 11448 11449 11450
3 11451 11452 11453
3 11454 11455 11456
3 11457 11458 11459
3 11460 11461 11462
3 11463 11464 11465
3 11466 11467 11468
3 11469 11470 11471
3 11472 11473 11474
3 11475 11476 11477
3 11478 11479 11480
3 11481 11482 11483
3 11484 11485 11486
3 11487 11488 11489
3 11490 11491 11492
3 11493 11494 11495
3 11496 11497 11498
3 11499 11500 11501
3 11502 11503 11504
3 11505 11506 11507
3 11508 11509 11510
3 11511 11512 11513
3 11514 11515 11516
3 11517 11518 11519