o arcade_superieure
v -30.572764867819533 -6.63705217584715 -0.35016804578385774
v -30.843728468033593 -5.596104084016602 -0.2950422994569145
v -30.778246431542115 -5.580579002665866 1.234591822699075
f 1 2 3
v -30.572764867819533 -6.63705217584715 -0.35016804578385774
v -30.778246431542115 -5.580579002665866 1.234591822699075
v -30.50802307684091 -6.618683023583146 1.1794660763721319
f 4 5 6
v -30.50802307684091 -6.618683023583146 1.1794660763721319
v -30.778246431542115 -5.580579002665866 1.234591822699075
v -30.588210160039647 -5.5355234617458695 2.6144946993908276
f 7 8 9
v -30.50802307684091 -6.618683023583146 1.1794660763721319
v -30.588210160039647 -5.5355234617458695 2.6144946993908276
v -30.320135081488605 -6.565373667400145 2.5593689530638843
f 10 11 12
v -30.320135081488605 -6.565373667400145 2.5593689530638843
v -30.588210160039647 -5.5355234617458695 2.6144946993908276
v -30.292221727841408 -5.465347811522273 3.709591822699076
f 13 14 15
v -30.320135081488605 -6.565373667400145 2.5593689530638843
v -30.292221727841408 -5.465347811522273 3.709591822699076
v -30.027492667840345 -6.482342398509465 3.654466076372133
f 16 17 18
v -30.027492667840345 -6.482342398509465 3.654466076372133
v -30.292221727841408 -5.465347811522273 3.709591822699076
v -29.919254544963636 -5.37692133358147 4.412687456204095
f 19 20 21
v -30.027492667840345 -6.482342398509465 3.654466076372133
v -29.919254544963636 -5.37692133358147 4.412687456204095
v -29.658741714303613 -6.37771689602299 4.357561709877152
f 22 23 24
v -29.658741714303613 -6.37771689602299 4.357561709877152
v -29.919254544963636 -5.37692133358147 4.412687456204095
v -29.505817237881573 -5.278899827687805 4.654957700543085
f 25 26 27
v -29.658741714303613 -6.37771689602299 4.357561709877152
v -29.505817237881573 -5.278899827687805 4.654957700543085
v -29.24997813344955 -6.261738633092841 4.5998319542161425
f 28 29 30
v -29.24997813344955 -6.261738633092841 4.5998319542161425
v -29.505817237881573 -5.278899827687805 4.654957700543085
v -29.092379930799506 -5.18087832179414 4.412687456204096
f 31 32 33
v -29.24997813344955 -6.261738633092841 4.5998319542161425
v -29.092379930799506 -5.18087832179414 4.412687456204096
v -28.84121455259548 -6.145760370162691 4.357561709877153
f 34 35 36
v -28.84121455259548 -6.145760370162691 4.357561709877153
v -29.092379930799506 -5.18087832179414 4.412687456204096
v -28.719412747921734 -5.092451843853337 3.709591822699076
f 37 38 39
v -28.84121455259548 -6.145760370162691 4.357561709877153
v -28.719412747921734 -5.092451843853337 3.709591822699076
v -28.47246359905875 -6.041134867676217 3.654466076372133
f 40 41 42
v -28.47246359905875 -6.041134867676217 3.654466076372133
v -28.719412747921734 -5.092451843853337 3.709591822699076
v -28.423424315723494 -5.022276193629741 2.6144946993908285
f 43 44 45
v -28.47246359905875 -6.041134867676217 3.654466076372133
v -28.423424315723494 -5.022276193629741 2.6144946993908285
v -28.17982118541049 -5.958103598785536 2.5593689530638852
f 46 47 48
v -28.17982118541049 -5.958103598785536 2.5593689530638852
v -28.423424315723494 -5.022276193629741 2.6144946993908285
v -28.233388044221027 -4.977220652709744 1.2345918226990755
f 49 50 51
v -28.17982118541049 -5.958103598785536 2.5593689530638852
v -28.233388044221027 -4.977220652709744 1.2345918226990755
v -27.991933190058187 -5.904794242602535 1.1794660763721323
f 52 53 54
v -27.991933190058187 -5.904794242602535 1.1794660763721323
v -28.233388044221027 -4.977220652709744 1.2345918226990755
v -28.16790600772955 -4.961695571359008 -0.2950422994569139
f 55 56 57
v -27.991933190058187 -5.904794242602535 1.1794660763721323
v -28.16790600772955 -4.961695571359008 -0.2950422994569139
v -27.92719139907956 -5.886425090338531 -0.35016804578385713
f 58 59 60
v -27.92719139907956 -5.886425090338531 -0.35016804578385713
v -28.16790600772955 -4.961695571359008 -0.2950422994569139
v -28.233388044221027 -4.977220652709744 -1.8246764216129017
f 61 62 63
v -27.92719139907956 -5.886425090338531 -0.35016804578385713
v -28.233388044221027 -4.977220652709744 -1.8246764216129017
v -27.991933190058187 -5.904794242602535 -1.879802167939845
f 64 65 66
v -27.991933190058187 -5.904794242602535 -1.879802167939845
v -28.233388044221027 -4.977220652709744 -1.8246764216129017
v -28.423424315723494 -5.022276193629741 -3.204579298304656
f 67 68 69
v -27.991933190058187 -5.904794242602535 -1.879802167939845
v -28.423424315723494 -5.022276193629741 -3.204579298304656
v -28.17982118541049 -5.958103598785536 -3.259705044631599
f 70 71 72
v -28.17982118541049 -5.958103598785536 -3.259705044631599
v -28.423424315723494 -5.022276193629741 -3.204579298304656
v -28.719412747921734 -5.092451843853337 -4.299676421612904
f 73 74 75
v -28.17982118541049 -5.958103598785536 -3.259705044631599
v -28.719412747921734 -5.092451843853337 -4.299676421612904
v -28.47246359905875 -6.041134867676217 -4.354802167939847
f 76 77 78
v -28.47246359905875 -6.041134867676217 -4.354802167939847
v -28.719412747921734 -5.092451843853337 -4.299676421612904
v -29.092379930799506 -5.18087832179414 -5.002772055117925
f 79 80 81
v -28.47246359905875 -6.041134867676217 -4.354802167939847
v -29.092379930799506 -5.18087832179414 -5.002772055117925
v -28.84121455259548 -6.145760370162691 -5.0578978014448674
f 82 83 84
v -28.84121455259548 -6.145760370162691 -5.0578978014448674
v -29.092379930799506 -5.18087832179414 -5.002772055117925
v -29.505817237881573 -5.278899827687805 -5.245042299456915
f 85 86 87
v -28.84121455259548 -6.145760370162691 -5.0578978014448674
v -29.505817237881573 -5.278899827687805 -5.245042299456915
v -29.24997813344955 -6.261738633092841 -5.300168045783858
f 88 89 90
v -29.24997813344955 -6.261738633092841 -5.300168045783858
v -29.505817237881573 -5.278899827687805 -5.245042299456915
v -29.919254544963636 -5.37692133358147 -5.0027720551179256
f 91 92 93
v -29.24997813344955 -6.261738633092841 -5.300168045783858
v -29.919254544963636 -5.37692133358147 -5.0027720551179256
v -29.658741714303613 -6.37771689602299 -5.057897801444868
f 94 95 96
v -29.658741714303613 -6.37771689602299 -5.057897801444868
v -29.919254544963636 -5.37692133358147 -5.0027720551179256
v -30.292221727841408 -5.465347811522273 -4.299676421612905
f 97 98 99
v -29.658741714303613 -6.37771689602299 -5.057897801444868
v -30.292221727841408 -5.465347811522273 -4.299676421612905
v -30.027492667840345 -6.482342398509465 -4.354802167939848
f 100 101 102
v -30.027492667840345 -6.482342398509465 -4.354802167939848
v -30.292221727841408 -5.465347811522273 -4.299676421612905
v -30.588210160039647 -5.5355234617458695 -3.2045792983046577
f 103 104 105
v -30.027492667840345 -6.482342398509465 -4.354802167939848
v -30.588210160039647 -5.5355234617458695 -3.2045792983046577
v -30.320135081488605 -6.565373667400145 -3.259705044631601
f 106 107 108
v -30.320135081488605 -6.565373667400145 -3.259705044631601
v -30.588210160039647 -5.5355234617458695 -3.2045792983046577
v -30.778246431542115 -5.580579002665866 -1.8246764216129052
f 109 110 111
v -30.320135081488605 -6.565373667400145 -3.259705044631601
v -30.778246431542115 -5.580579002665866 -1.8246764216129052
v -30.50802307684091 -6.618683023583146 -1.8798021679398484
f 112 113 114
v -30.50802307684091 -6.618683023583146 -1.8798021679398484
v -30.778246431542115 -5.580579002665866 -1.8246764216129052
v -30.843728468033593 -5.596104084016602 -0.29504229945691574
f 115 116 117
v -30.50802307684091 -6.618683023583146 -1.8798021679398484
v -30.843728468033593 -5.596104084016602 -0.29504229945691574
v -30.572764867819533 -6.63705217584715 -0.35016804578385896
f 118 119 120
v -30.843728468033593 -5.596104084016602 -0.2950422994569145
v -31.068642886264463 -4.545267685134575 -0.2394987362456411
v -31.002542341336216 -4.532632685561676 1.2901353859103486
f 121 122 123
v -30.843728468033593 -5.596104084016602 -0.2950422994569145
v -31.002542341336216 -4.532632685561676 1.2901353859103486
v -30.778246431542115 -5.580579002665866 1.234591822699075
f 124 125 126
v -30.778246431542115 -5.580579002665866 1.234591822699075
v -31.002542341336216 -4.532632685561676 1.2901353859103486
v -30.810711088438637 -4.495964488634397 2.670038262602101
f 127 128 129
v -30.778246431542115 -5.580579002665866 1.234591822699075
v -30.810711088438637 -4.495964488634397 2.670038262602101
v -30.588210160039647 -5.5355234617458695 2.6144946993908276
f 130 131 132
v -30.588210160039647 -5.5355234617458695 2.6144946993908276
v -30.810711088438637 -4.495964488634397 2.670038262602101
v -30.511926907172267 -4.438852432950328 3.7651353859103494
f 133 134 135
v -30.588210160039647 -5.5355234617458695 2.6144946993908276
v -30.511926907172267 -4.438852432950328 3.7651353859103494
v -30.292221727841408 -5.465347811522273 3.709591822699076
f 136 137 138
v -30.292221727841408 -5.465347811522273 3.709591822699076
v -30.511926907172267 -4.438852432950328 3.7651353859103494
v -30.13543687495126 -4.366887044442917 4.468231019415368
f 139 140 141
v -30.292221727841408 -5.465347811522273 3.709591822699076
v -30.13543687495126 -4.366887044442917 4.468231019415368
v -29.919254544963636 -5.37692133358147 4.412687456204095
f 142 143 144
v -29.919254544963636 -5.37692133358147 4.412687456204095
v -30.13543687495126 -4.366887044442917 4.468231019415368
v -29.71809445928971 -4.2871127967516145 4.7105012637543595
f 145 146 147
v -29.919254544963636 -5.37692133358147 4.412687456204095
v -29.71809445928971 -4.2871127967516145 4.7105012637543595
v -29.505817237881573 -5.278899827687805 4.654957700543085
f 148 149 150
v -29.505817237881573 -5.278899827687805 4.654957700543085
v -29.71809445928971 -4.2871127967516145 4.7105012637543595
v -29.300752043628158 -4.207338549060313 4.46823101941537
f 151 152 153
v -29.505817237881573 -5.278899827687805 4.654957700543085
v -29.300752043628158 -4.207338549060313 4.46823101941537
v -29.092379930799506 -5.18087832179414 4.412687456204096
f 154 155 156
v -29.092379930799506 -5.18087832179414 4.412687456204096
v -29.300752043628158 -4.207338549060313 4.46823101941537
v -28.92426201140715 -4.135373160552902 3.7651353859103494
f 157 158 159
v -29.092379930799506 -5.18087832179414 4.412687456204096
v -28.92426201140715 -4.135373160552902 3.7651353859103494
v -28.719412747921734 -5.092451843853337 3.709591822699076
f 160 161 162
v -28.719412747921734 -5.092451843853337 3.709591822699076
v -28.92426201140715 -4.135373160552902 3.7651353859103494
v -28.62547783014078 -4.078261104868833 2.6700382626021018
f 163 164 165
v -28.719412747921734 -5.092451843853337 3.709591822699076
v -28.62547783014078 -4.078261104868833 2.6700382626021018
v -28.423424315723494 -5.022276193629741 2.6144946993908285
f 166 167 168
v -28.423424315723494 -5.022276193629741 2.6144946993908285
v -28.62547783014078 -4.078261104868833 2.6700382626021018
v -28.4336465772432 -4.041592907941553 1.290135385910349
f 169 170 171
v -28.423424315723494 -5.022276193629741 2.6144946993908285
v -28.4336465772432 -4.041592907941553 1.290135385910349
v -28.233388044221027 -4.977220652709744 1.2345918226990755
f 172 173 174
v -28.233388044221027 -4.977220652709744 1.2345918226990755
v -28.4336465772432 -4.041592907941553 1.290135385910349
v -28.367546032314955 -4.028957908368655 -0.2394987362456405
f 175 176 177
v -28.233388044221027 -4.977220652709744 1.2345918226990755
v -28.367546032314955 -4.028957908368655 -0.2394987362456405
v -28.16790600772955 -4.961695571359008 -0.2950422994569139
f 178 179 180
v -28.16790600772955 -4.961695571359008 -0.2950422994569139
v -28.367546032314955 -4.028957908368655 -0.2394987362456405
v -28.4336465772432 -4.041592907941553 -1.7691328584016281
f 181 182 183
v -28.16790600772955 -4.961695571359008 -0.2950422994569139
v -28.4336465772432 -4.041592907941553 -1.7691328584016281
v -28.233388044221027 -4.977220652709744 -1.8246764216129017
f 184 185 186
v -28.233388044221027 -4.977220652709744 -1.8246764216129017
v -28.4336465772432 -4.041592907941553 -1.7691328584016281
v -28.62547783014078 -4.078261104868833 -3.1490357350933826
f 187 188 189
v -28.233388044221027 -4.977220652709744 -1.8246764216129017
v -28.62547783014078 -4.078261104868833 -3.1490357350933826
v -28.423424315723494 -5.022276193629741 -3.204579298304656
f 190 191 192
v -28.423424315723494 -5.022276193629741 -3.204579298304656
v -28.62547783014078 -4.078261104868833 -3.1490357350933826
v -28.92426201140715 -4.135373160552902 -4.244132858401631
f 193 194 195
v -28.423424315723494 -5.022276193629741 -3.204579298304656
v -28.92426201140715 -4.135373160552902 -4.244132858401631
v -28.719412747921734 -5.092451843853337 -4.299676421612904
f 196 197 198
v -28.719412747921734 -5.092451843853337 -4.299676421612904
v -28.92426201140715 -4.135373160552902 -4.244132858401631
v -29.300752043628158 -4.207338549060313 -4.947228491906651
f 199 200 201
v -28.719412747921734 -5.092451843853337 -4.299676421612904
v -29.300752043628158 -4.207338549060313 -4.947228491906651
v -29.092379930799506 -5.18087832179414 -5.002772055117925
f 202 203 204
v -29.092379930799506 -5.18087832179414 -5.002772055117925
v -29.300752043628158 -4.207338549060313 -4.947228491906651
v -29.71809445928971 -4.2871127967516145 -5.189498736245641
f 205 206 207
v -29.092379930799506 -5.18087832179414 -5.002772055117925
v -29.71809445928971 -4.2871127967516145 -5.189498736245641
v -29.505817237881573 -5.278899827687805 -5.245042299456915
f 208 209 210
v -29.505817237881573 -5.278899827687805 -5.245042299456915
v -29.71809445928971 -4.2871127967516145 -5.189498736245641
v -30.13543687495126 -4.366887044442917 -4.947228491906651
f 211 212 213
v -29.505817237881573 -5.278899827687805 -5.245042299456915
v -30.13543687495126 -4.366887044442917 -4.947228491906651
v -29.919254544963636 -5.37692133358147 -5.0027720551179256
f 214 215 216
v -29.919254544963636 -5.37692133358147 -5.0027720551179256
v -30.13543687495126 -4.366887044442917 -4.947228491906651
v -30.511926907172267 -4.438852432950328 -4.244132858401631
f 217 218 219
v -29.919254544963636 -5.37692133358147 -5.0027720551179256
v -30.511926907172267 -4.438852432950328 -4.244132858401631
v -30.292221727841408 -5.465347811522273 -4.299676421612905
f 220 221 222
v -30.292221727841408 -5.465347811522273 -4.299676421612905
v -30.511926907172267 -4.438852432950328 -4.244132858401631
v -30.810711088438637 -4.495964488634397 -3.1490357350933844
f 223 224 225
v -30.292221727841408 -5.465347811522273 -4.299676421612905
v -30.810711088438637 -4.495964488634397 -3.1490357350933844
v -30.588210160039647 -5.5355234617458695 -3.2045792983046577
f 226 227 228
v -30.588210160039647 -5.5355234617458695 -3.2045792983046577
v -30.810711088438637 -4.495964488634397 -3.1490357350933844
v -31.002542341336216 -4.532632685561676 -1.769132858401632
f 229 230 231
v -30.588210160039647 -5.5355234617458695 -3.2045792983046577
v -31.002542341336216 -4.532632685561676 -1.769132858401632
v -30.778246431542115 -5.580579002665866 -1.8246764216129052
f 232 233 234
v -30.778246431542115 -5.580579002665866 -1.8246764216129052
v -31.002542341336216 -4.532632685561676 -1.769132858401632
v -31.068642886264463 -4.545267685134575 -0.23949873624564233
f 235 236 237
v -30.778246431542115 -5.580579002665866 -1.8246764216129052
v -31.068642886264463 -4.545267685134575 -0.23949873624564233
v -30.843728468033593 -5.596104084016602 -0.29504229945691574
f 238 239 240
v -31.068642886264463 -4.545267685134575 -0.2394987362456411
v -31.24695365589039 -3.486349919291488 -0.18361601279882392
v -31.180360102658266 -3.4766430185534456 1.3460181093571657
f 241 242 243
v -31.068642886264463 -4.545267685134575 -0.2394987362456411
v -31.180360102658266 -3.4766430185534456 1.3460181093571657
v -31.002542341336216 -4.532632685561676 1.2901353859103486
f 244 245 246
v -31.002542341336216 -4.532632685561676 1.2901353859103486
v -31.180360102658266 -3.4766430185534456 1.3460181093571657
v -30.98709808393682 -3.448472495415512 2.725920986048918
f 247 248 249
v -31.002542341336216 -4.532632685561676 1.2901353859103486
v -30.98709808393682 -3.448472495415512 2.725920986048918
v -30.810711088438637 -4.495964488634397 2.670038262602101
f 250 251 252
v -30.810711088438637 -4.495964488634397 2.670038262602101
v -30.98709808393682 -3.448472495415512 2.725920986048918
v -30.68608543265417 -3.404595876958004 3.8210181093571665
f 253 254 255
v -30.810711088438637 -4.495964488634397 2.670038262602101
v -30.68608543265417 -3.404595876958004 3.8210181093571665
v -30.511926907172267 -4.438852432950328 3.7651353859103494
f 256 257 258
v -30.511926907172267 -4.438852432950328 3.7651353859103494
v -30.68608543265417 -3.404595876958004 3.8210181093571665
v -30.306787364396328 -3.3493081123019195 4.524113742862186
f 259 260 261
v -30.511926907172267 -4.438852432950328 3.7651353859103494
v -30.306787364396328 -3.3493081123019195 4.524113742862186
v -30.13543687495126 -4.366887044442917 4.468231019415368
f 262 263 264
v -30.13543687495126 -4.366887044442917 4.468231019415368
v -30.306787364396328 -3.3493081123019195 4.524113742862186
v -29.886332216809407 -3.2880211530643035 4.766383987201176
f 265 266 267
v -30.13543687495126 -4.366887044442917 4.468231019415368
v -29.886332216809407 -3.2880211530643035 4.766383987201176
v -29.71809445928971 -4.2871127967516145 4.7105012637543595
f 268 269 270
v -29.71809445928971 -4.2871127967516145 4.7105012637543595
v -29.886332216809407 -3.2880211530643035 4.766383987201176
v -29.465877069222486 -3.2267341938266876 4.524113742862187
f 271 272 273
v -29.71809445928971 -4.2871127967516145 4.7105012637543595
v -29.465877069222486 -3.2267341938266876 4.524113742862187
v -29.300752043628158 -4.207338549060313 4.46823101941537
f 274 275 276
v -29.300752043628158 -4.207338549060313 4.46823101941537
v -29.465877069222486 -3.2267341938266876 4.524113742862187
v -29.086579000964644 -3.171446429170603 3.8210181093571665
f 277 278 279
v -29.300752043628158 -4.207338549060313 4.46823101941537
v -29.086579000964644 -3.171446429170603 3.8210181093571665
v -28.92426201140715 -4.135373160552902 3.7651353859103494
f 280 281 282
v -28.92426201140715 -4.135373160552902 3.7651353859103494
v -29.086579000964644 -3.171446429170603 3.8210181093571665
v -28.785566349681996 -3.127569810713095 2.725920986048919
f 283 284 285
v -28.92426201140715 -4.135373160552902 3.7651353859103494
v -28.785566349681996 -3.127569810713095 2.725920986048919
v -28.62547783014078 -4.078261104868833 2.6700382626021018
f 286 287 288
v -28.62547783014078 -4.078261104868833 2.6700382626021018
v -28.785566349681996 -3.127569810713095 2.725920986048919
v -28.592304330960552 -3.099399287575162 1.3460181093571661
f 289 290 291
v -28.62547783014078 -4.078261104868833 2.6700382626021018
v -28.592304330960552 -3.099399287575162 1.3460181093571661
v -28.4336465772432 -4.041592907941553 1.290135385910349
f 292 293 294
v -28.4336465772432 -4.041592907941553 1.290135385910349
v -28.592304330960552 -3.099399287575162 1.3460181093571661
v -28.525710777728428 -3.089692386837119 -0.1836160127988233
f 295 296 297
v -28.4336465772432 -4.041592907941553 1.290135385910349
v -28.525710777728428 -3.089692386837119 -0.1836160127988233
v -28.367546032314955 -4.028957908368655 -0.2394987362456405
f 298 299 300
v -28.367546032314955 -4.028957908368655 -0.2394987362456405
v -28.525710777728428 -3.089692386837119 -0.1836160127988233
v -28.592304330960552 -3.099399287575162 -1.713250134954811
f 301 302 303
v -28.367546032314955 -4.028957908368655 -0.2394987362456405
v -28.592304330960552 -3.099399287575162 -1.713250134954811
v -28.4336465772432 -4.041592907941553 -1.7691328584016281
f 304 305 306
v -28.4336465772432 -4.041592907941553 -1.7691328584016281
v -28.592304330960552 -3.099399287575162 -1.713250134954811
v -28.785566349681996 -3.127569810713095 -3.0931530116465655
f 307 308 309
v -28.4336465772432 -4.041592907941553 -1.7691328584016281
v -28.785566349681996 -3.127569810713095 -3.0931530116465655
v -28.62547783014078 -4.078261104868833 -3.1490357350933826
f 310 311 312
v -28.62547783014078 -4.078261104868833 -3.1490357350933826
v -28.785566349681996 -3.127569810713095 -3.0931530116465655
v -29.086579000964644 -3.171446429170603 -4.188250134954814
f 313 314 315
v -28.62547783014078 -4.078261104868833 -3.1490357350933826
v -29.086579000964644 -3.171446429170603 -4.188250134954814
v -28.92426201140715 -4.135373160552902 -4.244132858401631
f 316 317 318
v -28.92426201140715 -4.135373160552902 -4.244132858401631
v -29.086579000964644 -3.171446429170603 -4.188250134954814
v -29.465877069222486 -3.2267341938266876 -4.891345768459834
f 319 320 321
v -28.92426201140715 -4.135373160552902 -4.244132858401631
v -29.465877069222486 -3.2267341938266876 -4.891345768459834
v -29.300752043628158 -4.207338549060313 -4.947228491906651
f 322 323 324
v -29.300752043628158 -4.207338549060313 -4.947228491906651
v -29.465877069222486 -3.2267341938266876 -4.891345768459834
v -29.886332216809407 -3.2880211530643035 -5.133616012798824
f 325 326 327
v -29.300752043628158 -4.207338549060313 -4.947228491906651
v -29.886332216809407 -3.2880211530643035 -5.133616012798824
v -29.71809445928971 -4.2871127967516145 -5.189498736245641
f 328 329 330
v -29.71809445928971 -4.2871127967516145 -5.189498736245641
v -29.886332216809407 -3.2880211530643035 -5.133616012798824
v -30.306787364396328 -3.3493081123019195 -4.891345768459835
f 331 332 333
v -29.71809445928971 -4.2871127967516145 -5.189498736245641
v -30.306787364396328 -3.3493081123019195 -4.891345768459835
v -30.13543687495126 -4.366887044442917 -4.947228491906651
f 334 335 336
v -30.13543687495126 -4.366887044442917 -4.947228491906651
v -30.306787364396328 -3.3493081123019195 -4.891345768459835
v -30.68608543265417 -3.404595876958004 -4.1882501349548145
f 337 338 339
v -30.13543687495126 -4.366887044442917 -4.947228491906651
v -30.68608543265417 -3.404595876958004 -4.1882501349548145
v -30.511926907172267 -4.438852432950328 -4.244132858401631
f 340 341 342
v -30.511926907172267 -4.438852432950328 -4.244132858401631
v -30.68608543265417 -3.404595876958004 -4.1882501349548145
v -30.98709808393682 -3.448472495415512 -3.0931530116465673
f 343 344 345
v -30.511926907172267 -4.438852432950328 -4.244132858401631
v -30.98709808393682 -3.448472495415512 -3.0931530116465673
v -30.810711088438637 -4.495964488634397 -3.1490357350933844
f 346 347 348
v -30.810711088438637 -4.495964488634397 -3.1490357350933844
v -30.98709808393682 -3.448472495415512 -3.0931530116465673
v -31.180360102658266 -3.4766430185534456 -1.7132501349548148
f 349 350 351
v -30.810711088438637 -4.495964488634397 -3.1490357350933844
v -31.180360102658266 -3.4766430185534456 -1.7132501349548148
v -31.002542341336216 -4.532632685561676 -1.769132858401632
f 352 353 354
v -31.002542341336216 -4.532632685561676 -1.769132858401632
v -31.180360102658266 -3.4766430185534456 -1.7132501349548148
v -31.24695365589039 -3.486349919291488 -0.18361601279882514
f 355 356 357
v -31.002542341336216 -4.532632685561676 -1.769132858401632
v -31.24695365589039 -3.486349919291488 -0.18361601279882514
v -31.068642886264463 -4.545267685134575 -0.23949873624564233
f 358 359 360
v -31.24695365589039 -3.486349919291488 -0.18361601279882392
v -31.378214667056234 -2.421202484727975 -0.12747326605866213
v -31.311256672672577 -2.4144532446124884 1.4021608560973275
f 361 362 363
v -31.24695365589039 -3.486349919291488 -0.18361601279882392
v -31.311256672672577 -2.4144532446124884 1.4021608560973275
v -31.180360102658266 -3.4766430185534456 1.3460181093571657
f 364 365 366
v -31.180360102658266 -3.4766430185534456 1.3460181093571657
v -31.311256672672577 -2.4144532446124884 1.4021608560973275
v -31.116937004535664 -2.394866186913253 2.78206373278908
f 367 368 369
v -31.180360102658266 -3.4766430185534456 1.3460181093571657
v -31.116937004535664 -2.394866186913253 2.78206373278908
v -30.98709808393682 -3.448472495415512 2.725920986048918
f 370 371 372
v -30.98709808393682 -3.448472495415512 2.725920986048918
v -31.116937004535664 -2.394866186913253 2.78206373278908
v -30.814277025667472 -2.364358629308925 3.8771608560973285
f 373 374 375
v -30.98709808393682 -3.448472495415512 2.725920986048918
v -30.814277025667472 -2.364358629308925 3.8771608560973285
v -30.68608543265417 -3.404595876958004 3.8210181093571665
f 376 377 378
v -30.68608543265417 -3.404595876958004 3.8210181093571665
v -30.814277025667472 -2.364358629308925 3.8771608560973285
v -30.432903203555693 -2.32591686409647 4.580256489602347
f 379 380 381
v -30.68608543265417 -3.404595876958004 3.8210181093571665
v -30.432903203555693 -2.32591686409647 4.580256489602347
v -30.306787364396328 -3.3493081123019195 4.524113742862186
f 382 383 384
v -30.306787364396328 -3.3493081123019195 4.524113742862186
v -30.432903203555693 -2.32591686409647 4.580256489602347
v -30.01014706509629 -2.283303839094409 4.822526733941338
f 385 386 387
v -30.306787364396328 -3.3493081123019195 4.524113742862186
v -30.01014706509629 -2.283303839094409 4.822526733941338
v -29.886332216809407 -3.2880211530643035 4.766383987201176
f 388 389 390
v -29.886332216809407 -3.2880211530643035 4.766383987201176
v -30.01014706509629 -2.283303839094409 4.822526733941338
v -29.587390926636886 -2.2406908140923485 4.580256489602348
f 391 392 393
v -29.886332216809407 -3.2880211530643035 4.766383987201176
v -29.587390926636886 -2.2406908140923485 4.580256489602348
v -29.465877069222486 -3.2267341938266876 4.524113742862187
f 394 395 396
v -29.465877069222486 -3.2267341938266876 4.524113742862187
v -29.587390926636886 -2.2406908140923485 4.580256489602348
v -29.206017104525106 -2.202249048879893 3.8771608560973285
f 397 398 399
v -29.465877069222486 -3.2267341938266876 4.524113742862187
v -29.206017104525106 -2.202249048879893 3.8771608560973285
v -29.086579000964644 -3.171446429170603 3.8210181093571665
f 400 401 402
v -29.086579000964644 -3.171446429170603 3.8210181093571665
v -29.206017104525106 -2.202249048879893 3.8771608560973285
v -28.903357125656914 -2.1717414912755655 2.782063732789081
f 403 404 405
v -29.086579000964644 -3.171446429170603 3.8210181093571665
v -28.903357125656914 -2.1717414912755655 2.782063732789081
v -28.785566349681996 -3.127569810713095 2.725920986048919
f 406 407 408
v -28.785566349681996 -3.127569810713095 2.725920986048919
v -28.903357125656914 -2.1717414912755655 2.782063732789081
v -28.70903745752 -2.15215443357633 1.402160856097328
f 409 410 411
v -28.785566349681996 -3.127569810713095 2.725920986048919
v -28.70903745752 -2.15215443357633 1.402160856097328
v -28.592304330960552 -3.099399287575162 1.3460181093571661
f 412 413 414
v -28.592304330960552 -3.099399287575162 1.3460181093571661
v -28.70903745752 -2.15215443357633 1.402160856097328
v -28.642079463136348 -2.145405193460843 -0.12747326605866152
f 415 416 417
v -28.592304330960552 -3.099399287575162 1.3460181093571661
v -28.642079463136348 -2.145405193460843 -0.12747326605866152
v -28.525710777728428 -3.089692386837119 -0.1836160127988233
f 418 419 420
v -28.525710777728428 -3.089692386837119 -0.1836160127988233
v -28.642079463136348 -2.145405193460843 -0.12747326605866152
v -28.70903745752 -2.15215443357633 -1.6571073882146492
f 421 422 423
v -28.525710777728428 -3.089692386837119 -0.1836160127988233
v -28.70903745752 -2.15215443357633 -1.6571073882146492
v -28.592304330960552 -3.099399287575162 -1.713250134954811
f 424 425 426
v -28.592304330960552 -3.099399287575162 -1.713250134954811
v -28.70903745752 -2.15215443357633 -1.6571073882146492
v -28.903357125656914 -2.1717414912755655 -3.0370102649064035
f 427 428 429
v -28.592304330960552 -3.099399287575162 -1.713250134954811
v -28.903357125656914 -2.1717414912755655 -3.0370102649064035
v -28.785566349681996 -3.127569810713095 -3.0931530116465655
f 430 431 432
v -28.785566349681996 -3.127569810713095 -3.0931530116465655
v -28.903357125656914 -2.1717414912755655 -3.0370102649064035
v -29.206017104525106 -2.202249048879893 -4.132107388214652
f 433 434 435
v -28.785566349681996 -3.127569810713095 -3.0931530116465655
v -29.206017104525106 -2.202249048879893 -4.132107388214652
v -29.086579000964644 -3.171446429170603 -4.188250134954814
f 436 437 438
v -29.086579000964644 -3.171446429170603 -4.188250134954814
v -29.206017104525106 -2.202249048879893 -4.132107388214652
v -29.587390926636886 -2.2406908140923485 -4.835203021719672
f 439 440 441
v -29.086579000964644 -3.171446429170603 -4.188250134954814
v -29.587390926636886 -2.2406908140923485 -4.835203021719672
v -29.465877069222486 -3.2267341938266876 -4.891345768459834
f 442 443 444
v -29.465877069222486 -3.2267341938266876 -4.891345768459834
v -29.587390926636886 -2.2406908140923485 -4.835203021719672
v -30.01014706509629 -2.283303839094409 -5.077473266058663
f 445 446 447
v -29.465877069222486 -3.2267341938266876 -4.891345768459834
v -30.01014706509629 -2.283303839094409 -5.077473266058663
v -29.886332216809407 -3.2880211530643035 -5.133616012798824
f 448 449 450
v -29.886332216809407 -3.2880211530643035 -5.133616012798824
v -30.01014706509629 -2.283303839094409 -5.077473266058663
v -30.432903203555693 -2.32591686409647 -4.835203021719673
f 451 452 453
v -29.886332216809407 -3.2880211530643035 -5.133616012798824
v -30.432903203555693 -2.32591686409647 -4.835203021719673
v -30.306787364396328 -3.3493081123019195 -4.891345768459835
f 454 455 456
v -30.306787364396328 -3.3493081123019195 -4.891345768459835
v -30.432903203555693 -2.32591686409647 -4.835203021719673
v -30.814277025667472 -2.364358629308925 -4.132107388214653
f 457 458 459
v -30.306787364396328 -3.3493081123019195 -4.891345768459835
v -30.814277025667472 -2.364358629308925 -4.132107388214653
v -30.68608543265417 -3.404595876958004 -4.1882501349548145
f 460 461 462
v -30.68608543265417 -3.404595876958004 -4.1882501349548145
v -30.814277025667472 -2.364358629308925 -4.132107388214653
v -31.116937004535664 -2.394866186913253 -3.0370102649064052
f 463 464 465
v -30.68608543265417 -3.404595876958004 -4.1882501349548145
v -31.116937004535664 -2.394866186913253 -3.0370102649064052
v -30.98709808393682 -3.448472495415512 -3.0931530116465673
f 466 467 468
v -30.98709808393682 -3.448472495415512 -3.0931530116465673
v -31.116937004535664 -2.394866186913253 -3.0370102649064052
v -31.311256672672577 -2.4144532446124884 -1.657107388214653
f 469 470 471
v -30.98709808393682 -3.448472495415512 -3.0931530116465673
v -31.311256672672577 -2.4144532446124884 -1.657107388214653
v -31.180360102658266 -3.4766430185534456 -1.7132501349548148
f 472 473 474
v -31.180360102658266 -3.4766430185534456 -1.7132501349548148
v -31.311256672672577 -2.4144532446124884 -1.657107388214653
v -31.378214667056234 -2.421202484727975 -0.12747326605866335
f 475 476 477
v -31.180360102658266 -3.4766430185534456 -1.7132501349548148
v -31.378214667056234 -2.421202484727975 -0.12747326605866335
v -31.24695365589039 -3.486349919291488 -0.18361601279882514
f 478 479 480
v -31.378214667056234 -2.421202484727975 -0.12747326605866213
v -31.46209372984999 -1.3517125236501797 -0.0711500011929364
v -31.39490216776566 -1.347941683069402 1.4584841209630532
f 481 482 483
v -31.378214667056234 -2.421202484727975 -0.12747326605866213
v -31.39490216776566 -1.347941683069402 1.4584841209630532
v -31.311256672672577 -2.4144532446124884 1.4021608560973275
f 484 485 486
v -31.311256672672577 -2.4144532446124884 1.4021608560973275
v -31.39490216776566 -1.347941683069402 1.4584841209630532
v -31.199904659760627 -1.3369982774761069 2.8383869976548057
f 487 488 489
v -31.311256672672577 -2.4144532446124884 1.4021608560973275
v -31.199904659760627 -1.3369982774761069 2.8383869976548057
v -31.116937004535664 -2.394866186913253 2.78206373278908
f 490 491 492
v -31.116937004535664 -2.394866186913253 2.78206373278908
v -31.199904659760627 -1.3369982774761069 2.8383869976548057
v -30.896188920545946 -1.319953523656956 3.933484120963054
f 493 494 495
v -31.116937004535664 -2.394866186913253 2.78206373278908
v -30.896188920545946 -1.319953523656956 3.933484120963054
v -30.814277025667472 -2.364358629308925 3.8771608560973285
f 496 497 498
v -30.814277025667472 -2.364358629308925 3.8771608560973285
v -30.896188920545946 -1.319953523656956 3.933484120963054
v -30.51348476278794 -1.2984758808735513 4.636579754468073
f 499 500 501
v -30.814277025667472 -2.364358629308925 3.8771608560973285
v -30.51348476278794 -1.2984758808735513 4.636579754468073
v -30.432903203555693 -2.32591686409647 4.580256489602347
f 502 503 504
v -30.432903203555693 -2.32591686409647 4.580256489602347
v -30.51348476278794 -1.2984758808735513 4.636579754468073
v -30.089253935904615 -1.2746677304450682 4.8788499988070635
f 505 506 507
v -30.432903203555693 -2.32591686409647 4.580256489602347
v -30.089253935904615 -1.2746677304450682 4.8788499988070635
v -30.01014706509629 -2.283303839094409 4.822526733941338
f 508 509 510
v -30.01014706509629 -2.283303839094409 4.822526733941338
v -30.089253935904615 -1.2746677304450682 4.8788499988070635
v -29.665023109021295 -1.2508595800165854 4.636579754468074
f 511 512 513
v -30.01014706509629 -2.283303839094409 4.822526733941338
v -29.665023109021295 -1.2508595800165854 4.636579754468074
v -29.587390926636886 -2.2406908140923485 4.580256489602348
f 514 515 516
v -29.587390926636886 -2.2406908140923485 4.580256489602348
v -29.665023109021295 -1.2508595800165854 4.636579754468074
v -29.282318951263285 -1.2293819372331805 3.933484120963054
f 517 518 519
v -29.587390926636886 -2.2406908140923485 4.580256489602348
v -29.282318951263285 -1.2293819372331805 3.933484120963054
v -29.206017104525106 -2.202249048879893 3.8771608560973285
f 520 521 522
v -29.206017104525106 -2.202249048879893 3.8771608560973285
v -29.282318951263285 -1.2293819372331805 3.933484120963054
v -28.978603212048604 -1.2123371834140295 2.8383869976548066
f 523 524 525
v -29.206017104525106 -2.202249048879893 3.8771608560973285
v -28.978603212048604 -1.2123371834140295 2.8383869976548066
v -28.903357125656914 -2.1717414912755655 2.782063732789081
f 526 527 528
v -28.903357125656914 -2.1717414912755655 2.782063732789081
v -28.978603212048604 -1.2123371834140295 2.8383869976548066
v -28.78360570404357 -1.2013937778207344 1.4584841209630537
f 529 530 531
v -28.903357125656914 -2.1717414912755655 2.782063732789081
v -28.78360570404357 -1.2013937778207344 1.4584841209630537
v -28.70903745752 -2.15215443357633 1.402160856097328
f 532 533 534
v -28.70903745752 -2.15215443357633 1.402160856097328
v -28.78360570404357 -1.2013937778207344 1.4584841209630537
v -28.71641414195924 -1.1976229372399567 -0.07115000119293578
f 535 536 537
v -28.70903745752 -2.15215443357633 1.402160856097328
v -28.71641414195924 -1.1976229372399567 -0.07115000119293578
v -28.642079463136348 -2.145405193460843 -0.12747326605866152
f 538 539 540
v -28.642079463136348 -2.145405193460843 -0.12747326605866152
v -28.71641414195924 -1.1976229372399567 -0.07115000119293578
v -28.78360570404357 -1.2013937778207344 -1.6007841233489235
f 541 542 543
v -28.642079463136348 -2.145405193460843 -0.12747326605866152
v -28.78360570404357 -1.2013937778207344 -1.6007841233489235
v -28.70903745752 -2.15215443357633 -1.6571073882146492
f 544 545 546
v -28.70903745752 -2.15215443357633 -1.6571073882146492
v -28.78360570404357 -1.2013937778207344 -1.6007841233489235
v -28.978603212048604 -1.2123371834140295 -2.9806870000406778
f 547 548 549
v -28.70903745752 -2.15215443357633 -1.6571073882146492
v -28.978603212048604 -1.2123371834140295 -2.9806870000406778
v -28.903357125656914 -2.1717414912755655 -3.0370102649064035
f 550 551 552
v -28.903357125656914 -2.1717414912755655 -3.0370102649064035
v -28.978603212048604 -1.2123371834140295 -2.9806870000406778
v -29.282318951263285 -1.2293819372331802 -4.075784123348926
f 553 554 555
v -28.903357125656914 -2.1717414912755655 -3.0370102649064035
v -29.282318951263285 -1.2293819372331802 -4.075784123348926
v -29.206017104525106 -2.202249048879893 -4.132107388214652
f 556 557 558
v -29.206017104525106 -2.202249048879893 -4.132107388214652
v -29.282318951263285 -1.2293819372331802 -4.075784123348926
v -29.665023109021295 -1.2508595800165854 -4.7788797568539465
f 559 560 561
v -29.206017104525106 -2.202249048879893 -4.132107388214652
v -29.665023109021295 -1.2508595800165854 -4.7788797568539465
v -29.587390926636886 -2.2406908140923485 -4.835203021719672
f 562 563 564
v -29.587390926636886 -2.2406908140923485 -4.835203021719672
v -29.665023109021295 -1.2508595800165854 -4.7788797568539465
v -30.089253935904615 -1.2746677304450682 -5.021150001192937
f 565 566 567
v -29.587390926636886 -2.2406908140923485 -4.835203021719672
v -30.089253935904615 -1.2746677304450682 -5.021150001192937
v -30.01014706509629 -2.283303839094409 -5.077473266058663
f 568 569 570
v -30.01014706509629 -2.283303839094409 -5.077473266058663
v -30.089253935904615 -1.2746677304450682 -5.021150001192937
v -30.51348476278794 -1.2984758808735513 -4.778879756853947
f 571 572 573
v -30.01014706509629 -2.283303839094409 -5.077473266058663
v -30.51348476278794 -1.2984758808735513 -4.778879756853947
v -30.432903203555693 -2.32591686409647 -4.835203021719673
f 574 575 576
v -30.432903203555693 -2.32591686409647 -4.835203021719673
v -30.51348476278794 -1.2984758808735513 -4.778879756853947
v -30.896188920545946 -1.319953523656956 -4.075784123348927
f 577 578 579
v -30.432903203555693 -2.32591686409647 -4.835203021719673
v -30.896188920545946 -1.319953523656956 -4.075784123348927
v -30.814277025667472 -2.364358629308925 -4.132107388214653
f 580 581 582
v -30.814277025667472 -2.364358629308925 -4.132107388214653
v -30.896188920545946 -1.319953523656956 -4.075784123348927
v -31.199904659760627 -1.3369982774761069 -2.9806870000406795
f 583 584 585
v -30.814277025667472 -2.364358629308925 -4.132107388214653
v -31.199904659760627 -1.3369982774761069 -2.9806870000406795
v -31.116937004535664 -2.394866186913253 -3.0370102649064052
f 586 587 588
v -31.116937004535664 -2.394866186913253 -3.0370102649064052
v -31.199904659760627 -1.3369982774761069 -2.9806870000406795
v -31.39490216776566 -1.347941683069402 -1.6007841233489273
f 589 590 591
v -31.116937004535664 -2.394866186913253 -3.0370102649064052
v -31.39490216776566 -1.347941683069402 -1.6007841233489273
v -31.311256672672577 -2.4144532446124884 -1.657107388214653
f 592 593 594
v -31.311256672672577 -2.4144532446124884 -1.657107388214653
v -31.39490216776566 -1.347941683069402 -1.6007841233489273
v -31.46209372984999 -1.3517125236501797 -0.0711500011929376
f 595 596 597
v -31.311256672672577 -2.4144532446124884 -1.657107388214653
v -31.46209372984999 -1.3517125236501797 -0.0711500011929376
v -31.378214667056234 -2.421202484727975 -0.12747326605866335
f 598 599 600
v -31.46209372984999 -1.3517125236501797 -0.0711500011929364
v -31.498376848745167 -0.2797923812612908 -0.014725979005724085
v -31.43108408817706 -0.279011593747557 1.5149081431502656
f 601 602 603
v -31.46209372984999 -1.3517125236501797 -0.0711500011929364
v -31.43108408817706 -0.279011593747557 1.5149081431502656
v -31.39490216776566 -1.347941683069402 1.4584841209630532
f 604 605 606
v -31.39490216776566 -1.347941683069402 1.4584841209630532
v -31.43108408817706 -0.279011593747557 1.5149081431502656
v -31.23579289073338 -0.2767456601282664 2.894811019842018
f 607 608 609
v -31.39490216776566 -1.347941683069402 1.4584841209630532
v -31.23579289073338 -0.2767456601282664 2.894811019842018
v -31.199904659760627 -1.3369982774761069 2.8383869976548057
f 610 611 612
v -31.199904659760627 -1.3369982774761069 2.8383869976548057
v -31.23579289073338 -0.2767456601282664 2.894811019842018
v -30.931619719493696 -0.27321638577376295 3.9899081431502665
f 613 614 615
v -31.199904659760627 -1.3369982774761069 2.8383869976548057
v -30.931619719493696 -0.27321638577376295 3.9899081431502665
v -30.896188920545946 -1.319953523656956 3.933484120963054
f 616 617 618
v -30.896188920545946 -1.319953523656956 3.933484120963054
v -30.931619719493696 -0.27321638577376295 3.9899081431502665
v -30.54833916375805 -0.26876924064776586 4.693003776655286
f 619 620 621
v -30.896188920545946 -1.319953523656956 3.933484120963054
v -30.54833916375805 -0.26876924064776586 4.693003776655286
v -30.51348476278794 -1.2984758808735513 4.636579754468073
f 622 623 624
v -30.51348476278794 -1.2984758808735513 4.636579754468073
v -30.54833916375805 -0.26876924064776586 4.693003776655286
v -30.123469394794505 -0.2638395423002897 4.935274020994276
f 625 626 627
v -30.51348476278794 -1.2984758808735513 4.636579754468073
v -30.123469394794505 -0.2638395423002897 4.935274020994276
v -30.089253935904615 -1.2746677304450682 4.8788499988070635
f 628 629 630
v -30.089253935904615 -1.2746677304450682 4.8788499988070635
v -30.123469394794505 -0.2638395423002897 4.935274020994276
v -29.698599625830962 -0.25890984395281363 4.693003776655287
f 631 632 633
v -30.089253935904615 -1.2746677304450682 4.8788499988070635
v -29.698599625830962 -0.25890984395281363 4.693003776655287
v -29.665023109021295 -1.2508595800165854 4.636579754468074
f 634 635 636
v -29.665023109021295 -1.2508595800165854 4.636579754468074
v -29.698599625830962 -0.25890984395281363 4.693003776655287
v -29.315319070095317 -0.25446269882681655 3.9899081431502665
f 637 638 639
v -29.665023109021295 -1.2508595800165854 4.636579754468074
v -29.315319070095317 -0.25446269882681655 3.9899081431502665
v -29.282318951263285 -1.2293819372331805 3.933484120963054
f 640 641 642
v -29.282318951263285 -1.2293819372331805 3.933484120963054
v -29.315319070095317 -0.25446269882681655 3.9899081431502665
v -29.01114589885563 -0.2509334244723131 2.894811019842019
f 643 644 645
v -29.282318951263285 -1.2293819372331805 3.933484120963054
v -29.01114589885563 -0.2509334244723131 2.894811019842019
v -28.978603212048604 -1.2123371834140295 2.8383869976548066
f 646 647 648
v -28.978603212048604 -1.2123371834140295 2.8383869976548066
v -29.01114589885563 -0.2509334244723131 2.894811019842019
v -28.815854701411954 -0.24866749085302248 1.514908143150266
f 649 650 651
v -28.978603212048604 -1.2123371834140295 2.8383869976548066
v -28.815854701411954 -0.24866749085302248 1.514908143150266
v -28.78360570404357 -1.2013937778207344 1.4584841209630537
f 652 653 654
v -28.78360570404357 -1.2013937778207344 1.4584841209630537
v -28.815854701411954 -0.24866749085302248 1.514908143150266
v -28.748561940843846 -0.2478867033392887 -0.01472597900572348
f 655 656 657
v -28.78360570404357 -1.2013937778207344 1.4584841209630537
v -28.748561940843846 -0.2478867033392887 -0.01472597900572348
v -28.71641414195924 -1.1976229372399567 -0.07115000119293578
f 658 659 660
v -28.71641414195924 -1.1976229372399567 -0.07115000119293578
v -28.748561940843846 -0.2478867033392887 -0.01472597900572348
v -28.815854701411954 -0.24866749085302248 -1.5443601011617112
f 661 662 663
v -28.71641414195924 -1.1976229372399567 -0.07115000119293578
v -28.815854701411954 -0.24866749085302248 -1.5443601011617112
v -28.78360570404357 -1.2013937778207344 -1.6007841233489235
f 664 665 666
v -28.78360570404357 -1.2013937778207344 -1.6007841233489235
v -28.815854701411954 -0.24866749085302248 -1.5443601011617112
v -29.01114589885563 -0.2509334244723131 -2.9242629778534655
f 667 668 669
v -28.78360570404357 -1.2013937778207344 -1.6007841233489235
v -29.01114589885563 -0.2509334244723131 -2.9242629778534655
v -28.978603212048604 -1.2123371834140295 -2.9806870000406778
f 670 671 672
v -28.978603212048604 -1.2123371834140295 -2.9806870000406778
v -29.01114589885563 -0.2509334244723131 -2.9242629778534655
v -29.315319070095317 -0.25446269882681655 -4.0193601011617135
f 673 674 675
v -28.978603212048604 -1.2123371834140295 -2.9806870000406778
v -29.315319070095317 -0.25446269882681655 -4.0193601011617135
v -29.282318951263285 -1.2293819372331802 -4.075784123348926
f 676 677 678
v -29.282318951263285 -1.2293819372331802 -4.075784123348926
v -29.315319070095317 -0.25446269882681655 -4.0193601011617135
v -29.698599625830962 -0.25890984395281363 -4.722455734666734
f 679 680 681
v -29.282318951263285 -1.2293819372331802 -4.075784123348926
v -29.698599625830962 -0.25890984395281363 -4.722455734666734
v -29.665023109021295 -1.2508595800165854 -4.7788797568539465
f 682 683 684
v -29.665023109021295 -1.2508595800165854 -4.7788797568539465
v -29.698599625830962 -0.25890984395281363 -4.722455734666734
v -30.123469394794505 -0.2638395423002897 -4.964725979005724
f 685 686 687
v -29.665023109021295 -1.2508595800165854 -4.7788797568539465
v -30.123469394794505 -0.2638395423002897 -4.964725979005724
v -30.089253935904615 -1.2746677304450682 -5.021150001192937
f 688 689 690
v -30.089253935904615 -1.2746677304450682 -5.021150001192937
v -30.123469394794505 -0.2638395423002897 -4.964725979005724
v -30.54833916375805 -0.26876924064776586 -4.722455734666735
f 691 692 693
v -30.089253935904615 -1.2746677304450682 -5.021150001192937
v -30.54833916375805 -0.26876924064776586 -4.722455734666735
v -30.51348476278794 -1.2984758808735513 -4.778879756853947
f 694 695 696
v -30.51348476278794 -1.2984758808735513 -4.778879756853947
v -30.54833916375805 -0.26876924064776586 -4.722455734666735
v -30.931619719493696 -0.27321638577376295 -4.019360101161714
f 697 698 699
v -30.51348476278794 -1.2984758808735513 -4.778879756853947
v -30.931619719493696 -0.27321638577376295 -4.019360101161714
v -30.896188920545946 -1.319953523656956 -4.075784123348927
f 700 701 702
v -30.896188920545946 -1.319953523656956 -4.075784123348927
v -30.931619719493696 -0.27321638577376295 -4.019360101161714
v -31.23579289073338 -0.2767456601282664 -2.9242629778534672
f 703 704 705
v -30.896188920545946 -1.319953523656956 -4.075784123348927
v -31.23579289073338 -0.2767456601282664 -2.9242629778534672
v -31.199904659760627 -1.3369982774761069 -2.9806870000406795
f 706 707 708
v -31.199904659760627 -1.3369982774761069 -2.9806870000406795
v -31.23579289073338 -0.2767456601282664 -2.9242629778534672
v -31.43108408817706 -0.279011593747557 -1.544360101161715
f 709 710 711
v -31.199904659760627 -1.3369982774761069 -2.9806870000406795
v -31.43108408817706 -0.279011593747557 -1.544360101161715
v -31.39490216776566 -1.347941683069402 -1.6007841233489273
f 712 713 714
v -31.39490216776566 -1.347941683069402 -1.6007841233489273
v -31.43108408817706 -0.279011593747557 -1.544360101161715
v -31.498376848745167 -0.2797923812612908 -0.014725979005725297
f 715 716 717
v -31.39490216776566 -1.347941683069402 -1.6007841233489273
v -31.498376848745167 -0.2797923812612908 -0.014725979005725297
v -31.46209372984999 -1.3517125236501797 -0.0711500011929376
f 718 719 720
v -31.498376848745167 -0.2797923812612908 -0.014725979005724085
v -31.48697103649744 0.7926313123638724 0.041718897013898734
v -31.419710099055386 0.7904196278397221 1.5713530191698883
f 721 722 723
v -31.498376848745167 -0.2797923812612908 -0.014725979005724085
v -31.419710099055386 0.7904196278397221 1.5713530191698883
v -31.43108408817706 -0.279011593747557 1.5149081431502656
f 724 725 726
v -31.43108408817706 -0.279011593747557 1.5149081431502656
v -31.419710099055386 0.7904196278397221 1.5713530191698883
v -31.224511255920568 0.7840010693582071 2.9512558958616406
f 727 728 729
v -31.43108408817706 -0.279011593747557 1.5149081431502656
v -31.224511255920568 0.7840010693582071 2.9512558958616406
v -31.23579289073338 -0.2767456601282664 2.894811019842018
f 730 731 732
v -31.23579289073338 -0.2767456601282664 2.894811019842018
v -31.224511255920568 0.7840010693582071 2.9512558958616406
v -30.920481929889323 0.7740039301442246 4.0463530191698895
f 733 734 735
v -31.23579289073338 -0.2767456601282664 2.894811019842018
v -30.920481929889323 0.7740039301442246 4.0463530191698895
v -30.931619719493696 -0.27321638577376295 3.9899081431502665
f 736 737 738
v -30.931619719493696 -0.27321638577376295 3.9899081431502665
v -30.920481929889323 0.7740039301442246 4.0463530191698895
v -30.537382629690473 0.761406799838204 4.749448652674909
f 739 740 741
v -30.931619719493696 -0.27321638577376295 3.9899081431502665
v -30.537382629690473 0.761406799838204 4.749448652674909
v -30.54833916375805 -0.26876924064776586 4.693003776655286
f 742 743 744
v -30.54833916375805 -0.26876924064776586 4.693003776655286
v -30.537382629690473 0.761406799838204 4.749448652674909
v -30.11271378403725 0.7474427733238664 4.991718897013899
f 745 746 747
v -30.54833916375805 -0.26876924064776586 4.693003776655286
v -30.11271378403725 0.7474427733238664 4.991718897013899
v -30.123469394794505 -0.2638395423002897 4.935274020994276
f 748 749 750
v -30.123469394794505 -0.2638395423002897 4.935274020994276
v -30.11271378403725 0.7474427733238664 4.991718897013899
v -29.68804493838403 0.7334787468095287 4.74944865267491
f 751 752 753
v -30.123469394794505 -0.2638395423002897 4.935274020994276
v -29.68804493838403 0.7334787468095287 4.74944865267491
v -29.698599625830962 -0.25890984395281363 4.693003776655287
f 754 755 756
v -29.698599625830962 -0.25890984395281363 4.693003776655287
v -29.68804493838403 0.7334787468095287 4.74944865267491
v -29.304945638185178 0.7208816165035081 4.0463530191698895
f 757 758 759
v -29.698599625830962 -0.25890984395281363 4.693003776655287
v -29.304945638185178 0.7208816165035081 4.0463530191698895
v -29.315319070095317 -0.25446269882681655 3.9899081431502665
f 760 761 762
v -29.315319070095317 -0.25446269882681655 3.9899081431502665
v -29.304945638185178 0.7208816165035081 4.0463530191698895
v -29.000916312153933 0.7108844772895258 2.9512558958616415
f 763 764 765
v -29.315319070095317 -0.25446269882681655 3.9899081431502665
v -29.000916312153933 0.7108844772895258 2.9512558958616415
v -29.01114589885563 -0.2509334244723131 2.894811019842019
f 766 767 768
v -29.01114589885563 -0.2509334244723131 2.894811019842019
v -29.000916312153933 0.7108844772895258 2.9512558958616415
v -28.805717469019115 0.7044659188080107 1.5713530191698888
f 769 770 771
v -29.01114589885563 -0.2509334244723131 2.894811019842019
v -28.805717469019115 0.7044659188080107 1.5713530191698888
v -28.815854701411954 -0.24866749085302248 1.514908143150266
f 772 773 774
v -28.815854701411954 -0.24866749085302248 1.514908143150266
v -28.805717469019115 0.7044659188080107 1.5713530191698888
v -28.73845653157706 0.7022542342838604 0.04171889701389934
f 775 776 777
v -28.815854701411954 -0.24866749085302248 1.514908143150266
v -28.73845653157706 0.7022542342838604 0.04171889701389934
v -28.748561940843846 -0.2478867033392887 -0.01472597900572348
f 778 779 780
v -28.748561940843846 -0.2478867033392887 -0.01472597900572348
v -28.73845653157706 0.7022542342838604 0.04171889701389934
v -28.805717469019115 0.7044659188080107 -1.4879152251420884
f 781 782 783
v -28.748561940843846 -0.2478867033392887 -0.01472597900572348
v -28.805717469019115 0.7044659188080107 -1.4879152251420884
v -28.815854701411954 -0.24866749085302248 -1.5443601011617112
f 784 785 786
v -28.815854701411954 -0.24866749085302248 -1.5443601011617112
v -28.805717469019115 0.7044659188080107 -1.4879152251420884
v -29.000916312153933 0.7108844772895258 -2.867818101833843
f 787 788 789
v -28.815854701411954 -0.24866749085302248 -1.5443601011617112
v -29.000916312153933 0.7108844772895258 -2.867818101833843
v -29.01114589885563 -0.2509334244723131 -2.9242629778534655
f 790 791 792
v -29.01114589885563 -0.2509334244723131 -2.9242629778534655
v -29.000916312153933 0.7108844772895258 -2.867818101833843
v -29.304945638185178 0.7208816165035081 -3.962915225142091
f 793 794 795
v -29.01114589885563 -0.2509334244723131 -2.9242629778534655
v -29.304945638185178 0.7208816165035081 -3.962915225142091
v -29.315319070095317 -0.25446269882681655 -4.0193601011617135
f 796 797 798
v -29.315319070095317 -0.25446269882681655 -4.0193601011617135
v -29.304945638185178 0.7208816165035081 -3.962915225142091
v -29.68804493838403 0.7334787468095287 -4.666010858647111
f 799 800 801
v -29.315319070095317 -0.25446269882681655 -4.0193601011617135
v -29.68804493838403 0.7334787468095287 -4.666010858647111
v -29.698599625830962 -0.25890984395281363 -4.722455734666734
f 802 803 804
v -29.698599625830962 -0.25890984395281363 -4.722455734666734
v -29.68804493838403 0.7334787468095287 -4.666010858647111
v -30.11271378403725 0.7474427733238664 -4.908281102986101
f 805 806 807
v -29.698599625830962 -0.25890984395281363 -4.722455734666734
v -30.11271378403725 0.7474427733238664 -4.908281102986101
v -30.123469394794505 -0.2638395423002897 -4.964725979005724
f 808 809 810
v -30.123469394794505 -0.2638395423002897 -4.964725979005724
v -30.11271378403725 0.7474427733238664 -4.908281102986101
v -30.537382629690473 0.761406799838204 -4.666010858647112
f 811 812 813
v -30.123469394794505 -0.2638395423002897 -4.964725979005724
v -30.537382629690473 0.761406799838204 -4.666010858647112
v -30.54833916375805 -0.26876924064776586 -4.722455734666735
f 814 815 816
v -30.54833916375805 -0.26876924064776586 -4.722455734666735
v -30.537382629690473 0.761406799838204 -4.666010858647112
v -30.920481929889323 0.7740039301442246 -3.962915225142092
f 817 818 819
v -30.54833916375805 -0.26876924064776586 -4.722455734666735
v -30.920481929889323 0.7740039301442246 -3.962915225142092
v -30.931619719493696 -0.27321638577376295 -4.019360101161714
f 820 821 822
v -30.931619719493696 -0.27321638577376295 -4.019360101161714
v -30.920481929889323 0.7740039301442246 -3.962915225142092
v -31.224511255920568 0.7840010693582071 -2.8678181018338447
f 823 824 825
v -30.931619719493696 -0.27321638577376295 -4.019360101161714
v -31.224511255920568 0.7840010693582071 -2.8678181018338447
v -31.23579289073338 -0.2767456601282664 -2.9242629778534672
f 826 827 828
v -31.23579289073338 -0.2767456601282664 -2.9242629778534672
v -31.224511255920568 0.7840010693582071 -2.8678181018338447
v -31.419710099055386 0.7904196278397221 -1.4879152251420922
f 829 830 831
v -31.23579289073338 -0.2767456601282664 -2.9242629778534672
v -31.419710099055386 0.7904196278397221 -1.4879152251420922
v -31.43108408817706 -0.279011593747557 -1.544360101161715
f 832 833 834
v -31.43108408817706 -0.279011593747557 -1.544360101161715
v -31.419710099055386 0.7904196278397221 -1.4879152251420922
v -31.48697103649744 0.7926313123638724 0.04171889701389752
f 835 836 837
v -31.43108408817706 -0.279011593747557 -1.544360101161715
v -31.48697103649744 0.7926313123638724 0.04171889701389752
v -31.498376848745167 -0.2797923812612908 -0.014725979005725297
f 838 839 840
v -31.48697103649744 0.7926313123638724 0.041718897013898734
v -31.427905551702104 1.8636289508600734 0.0981046938452149
v -31.360809253560525 1.8584316410064665 1.6277388160012045
f 841 842 843
v -31.48697103649744 0.7926313123638724 0.041718897013898734
v -31.360809253560525 1.8584316410064665 1.6277388160012045
v -31.419710099055386 0.7904196278397221 1.5713530191698883
f 844 845 846
v -31.419710099055386 0.7904196278397221 1.5713530191698883
v -31.360809253560525 1.8584316410064665 1.6277388160012045
v -31.166088212285285 1.8433484603459043 3.007641692692957
f 847 848 849
v -31.419710099055386 0.7904196278397221 1.5713530191698883
v -31.166088212285285 1.8433484603459043 3.007641692692957
v -31.224511255920568 0.7840010693582071 2.9512558958616406
f 850 851 852
v -31.224511255920568 0.7840010693582071 2.9512558958616406
v -31.166088212285285 1.8433484603459043 3.007641692692957
v -30.862803080097674 1.819855855692141 4.102738816001206
f 853 854 855
v -31.224511255920568 0.7840010693582071 2.9512558958616406
v -30.862803080097674 1.819855855692141 4.102738816001206
v -30.920481929889323 0.7740039301442246 4.0463530191698895
f 856 857 858
v -30.920481929889323 0.7740039301442246 4.0463530191698895
v -30.862803080097674 1.819855855692141 4.102738816001206
v -30.480641518847982 1.790253446871289 4.805834449506225
f 859 860 861
v -30.920481929889323 0.7740039301442246 4.0463530191698895
v -30.480641518847982 1.790253446871289 4.805834449506225
v -30.537382629690473 0.761406799838204 4.749448652674909
f 862 863 864
v -30.537382629690473 0.761406799838204 4.749448652674909
v -30.480641518847982 1.790253446871289 4.805834449506225
v -30.0570121648275 1.757438923910843 5.048104693845215
f 865 866 867
v -30.537382629690473 0.761406799838204 4.749448652674909
v -30.0570121648275 1.757438923910843 5.048104693845215
v -30.11271378403725 0.7474427733238664 4.991718897013899
f 868 869 870
v -30.11271378403725 0.7474427733238664 4.991718897013899
v -30.0570121648275 1.757438923910843 5.048104693845215
v -29.63338281080702 1.7246244009503973 4.805834449506226
f 871 872 873
v -30.11271378403725 0.7474427733238664 4.991718897013899
v -29.63338281080702 1.7246244009503973 4.805834449506226
v -29.68804493838403 0.7334787468095287 4.74944865267491
f 874 875 876
v -29.68804493838403 0.7334787468095287 4.74944865267491
v -29.63338281080702 1.7246244009503973 4.805834449506226
v -29.25122124955733 1.6950219921295453 4.102738816001206
f 877 878 879
v -29.68804493838403 0.7334787468095287 4.74944865267491
v -29.25122124955733 1.6950219921295453 4.102738816001206
v -29.304945638185178 0.7208816165035081 4.0463530191698895
f 880 881 882
v -29.304945638185178 0.7208816165035081 4.0463530191698895
v -29.25122124955733 1.6950219921295453 4.102738816001206
v -28.947936117369718 1.6715293874757822 3.0076416926929577
f 883 884 885
v -29.304945638185178 0.7208816165035081 4.0463530191698895
v -28.947936117369718 1.6715293874757822 3.0076416926929577
v -29.000916312153933 0.7108844772895258 2.9512558958616415
f 886 887 888
v -29.000916312153933 0.7108844772895258 2.9512558958616415
v -28.947936117369718 1.6715293874757822 3.0076416926929577
v -28.753215076094477 1.6564462068152195 1.627738816001205
f 889 890 891
v -29.000916312153933 0.7108844772895258 2.9512558958616415
v -28.753215076094477 1.6564462068152195 1.627738816001205
v -28.805717469019115 0.7044659188080107 1.5713530191698888
f 892 893 894
v -28.805717469019115 0.7044659188080107 1.5713530191698888
v -28.753215076094477 1.6564462068152195 1.627738816001205
v -28.6861187779529 1.6512488969616128 0.09810469384521552
f 895 896 897
v -28.805717469019115 0.7044659188080107 1.5713530191698888
v -28.6861187779529 1.6512488969616128 0.09810469384521552
v -28.73845653157706 0.7022542342838604 0.04171889701389934
f 898 899 900
v -28.73845653157706 0.7022542342838604 0.04171889701389934
v -28.6861187779529 1.6512488969616128 0.09810469384521552
v -28.753215076094477 1.6564462068152195 -1.4315294283107722
f 901 902 903
v -28.73845653157706 0.7022542342838604 0.04171889701389934
v -28.753215076094477 1.6564462068152195 -1.4315294283107722
v -28.805717469019115 0.7044659188080107 -1.4879152251420884
f 904 905 906
v -28.805717469019115 0.7044659188080107 -1.4879152251420884
v -28.753215076094477 1.6564462068152195 -1.4315294283107722
v -28.947936117369718 1.6715293874757822 -2.8114323050025267
f 907 908 909
v -28.805717469019115 0.7044659188080107 -1.4879152251420884
v -28.947936117369718 1.6715293874757822 -2.8114323050025267
v -29.000916312153933 0.7108844772895258 -2.867818101833843
f 910 911 912
v -29.000916312153933 0.7108844772895258 -2.867818101833843
v -28.947936117369718 1.6715293874757822 -2.8114323050025267
v -29.25122124955733 1.6950219921295453 -3.9065294283107748
f 913 914 915
v -29.000916312153933 0.7108844772895258 -2.867818101833843
v -29.25122124955733 1.6950219921295453 -3.9065294283107748
v -29.304945638185178 0.7208816165035081 -3.962915225142091
f 916 917 918
v -29.304945638185178 0.7208816165035081 -3.962915225142091
v -29.25122124955733 1.6950219921295453 -3.9065294283107748
v -29.63338281080702 1.7246244009503973 -4.609625061815795
f 919 920 921
v -29.304945638185178 0.7208816165035081 -3.962915225142091
v -29.63338281080702 1.7246244009503973 -4.609625061815795
v -29.68804493838403 0.7334787468095287 -4.666010858647111
f 922 923 924
v -29.68804493838403 0.7334787468095287 -4.666010858647111
v -29.63338281080702 1.7246244009503973 -4.609625061815795
v -30.0570121648275 1.757438923910843 -4.851895306154785
f 925 926 927
v -29.68804493838403 0.7334787468095287 -4.666010858647111
v -30.0570121648275 1.757438923910843 -4.851895306154785
v -30.11271378403725 0.7474427733238664 -4.908281102986101
f 928 929 930
v -30.11271378403725 0.7474427733238664 -4.908281102986101
v -30.0570121648275 1.757438923910843 -4.851895306154785
v -30.480641518847982 1.790253446871289 -4.6096250618157955
f 931 932 933
v -30.11271378403725 0.7474427733238664 -4.908281102986101
v -30.480641518847982 1.790253446871289 -4.6096250618157955
v -30.537382629690473 0.761406799838204 -4.666010858647112
f 934 935 936
v -30.537382629690473 0.761406799838204 -4.666010858647112
v -30.480641518847982 1.790253446871289 -4.6096250618157955
v -30.862803080097674 1.819855855692141 -3.9065294283107757
f 937 938 939
v -30.537382629690473 0.761406799838204 -4.666010858647112
v -30.862803080097674 1.819855855692141 -3.9065294283107757
v -30.920481929889323 0.7740039301442246 -3.962915225142092
f 940 941 942
v -30.920481929889323 0.7740039301442246 -3.962915225142092
v -30.862803080097674 1.819855855692141 -3.9065294283107757
v -31.166088212285285 1.8433484603459043 -2.8114323050025285
f 943 944 945
v -30.920481929889323 0.7740039301442246 -3.962915225142092
v -31.166088212285285 1.8433484603459043 -2.8114323050025285
v -31.224511255920568 0.7840010693582071 -2.8678181018338447
f 946 947 948
v -31.224511255920568 0.7840010693582071 -2.8678181018338447
v -31.166088212285285 1.8433484603459043 -2.8114323050025285
v -31.360809253560525 1.8584316410064665 -1.431529428310776
f 949 950 951
v -31.224511255920568 0.7840010693582071 -2.8678181018338447
v -31.360809253560525 1.8584316410064665 -1.431529428310776
v -31.419710099055386 0.7904196278397221 -1.4879152251420922
f 952 953 954
v -31.419710099055386 0.7904196278397221 -1.4879152251420922
v -31.360809253560525 1.8584316410064665 -1.431529428310776
v -31.427905551702104 1.8636289508600734 0.0981046938452137
f 955 956 957
v -31.419710099055386 0.7904196278397221 -1.4879152251420922
v -31.427905551702104 1.8636289508600734 0.0981046938452137
v -31.48697103649744 0.7926313123638724 0.04171889701389752
f 958 959 960
v -31.427905551702104 1.8636289508600734 0.0981046938452149
v -31.32133150842228 2.9312793421082715 0.15435156213104445
v -31.254531607052325 2.923112431371485 1.6839856842870342
f 961 962 963
v -31.427905551702104 1.8636289508600734 0.0981046938452149
v -31.254531607052325 2.923112431371485 1.6839856842870342
v -31.360809253560525 1.8584316410064665 1.6277388160012045
f 964 965 966
v -31.360809253560525 1.8584316410064665 1.6277388160012045
v -31.254531607052325 2.923112431371485 1.6839856842870342
v -31.06067074271084 2.8994111332862547 3.0638885609787865
f 967 968 969
v -31.360809253560525 1.8584316410064665 1.6277388160012045
v -31.06067074271084 2.8994111332862547 3.0638885609787865
v -31.166088212285285 1.8433484603459043 3.007641692692957
f 970 971 972
v -31.166088212285285 1.8433484603459043 3.007641692692957
v -31.06067074271084 2.8994111332862547 3.0638885609787865
v -30.75872536750763 2.8624954960458178 4.1589856842870345
f 973 974 975
v -31.166088212285285 1.8433484603459043 3.007641692692957
v -30.75872536750763 2.8624954960458178 4.1589856842870345
v -30.862803080097674 1.819855855692141 4.102738816001206
f 976 977 978
v -30.862803080097674 1.819855855692141 4.102738816001206
v -30.75872536750763 2.8624954960458178 4.1589856842870345
v -30.37825199854472 2.8159790794296358 4.862081317792054
f 979 980 981
v -30.862803080097674 1.819855855692141 4.102738816001206
v -30.37825199854472 2.8159790794296358 4.862081317792054
v -30.480641518847982 1.790253446871289 4.805834449506225
f 982 983 984
v -30.480641518847982 1.790253446871289 4.805834449506225
v -30.37825199854472 2.8159790794296358 4.862081317792054
v -29.956494020090034 2.7644152343950332 5.104351562131044
f 985 986 987
v -30.480641518847982 1.790253446871289 4.805834449506225
v -29.956494020090034 2.7644152343950332 5.104351562131044
v -30.0570121648275 1.757438923910843 5.048104693845215
f 988 989 990
v -30.0570121648275 1.757438923910843 5.048104693845215
v -29.956494020090034 2.7644152343950332 5.104351562131044
v -29.534736041635355 2.712851389360431 4.862081317792055
f 991 992 993
v -30.0570121648275 1.757438923910843 5.048104693845215
v -29.534736041635355 2.712851389360431 4.862081317792055
v -29.63338281080702 1.7246244009503973 4.805834449506226
f 994 995 996
v -29.63338281080702 1.7246244009503973 4.805834449506226
v -29.534736041635355 2.712851389360431 4.862081317792055
v -29.154262672672445 2.666334972744249 4.1589856842870345
f 997 998 999
v -29.63338281080702 1.7246244009503973 4.805834449506226
v -29.154262672672445 2.666334972744249 4.1589856842870345
v -29.25122124955733 1.6950219921295453 4.102738816001206
f 1000 1001 1002
v -29.25122124955733 1.6950219921295453 4.102738816001206
v -29.154262672672445 2.666334972744249 4.1589856842870345
v -28.852317297469234 2.629419335503812 3.0638885609787874
f 1003 1004 1005
v -29.25122124955733 1.6950219921295453 4.102738816001206
v -28.852317297469234 2.629419335503812 3.0638885609787874
v -28.947936117369718 1.6715293874757822 3.0076416926929577
f 1006 1007 1008
v -28.947936117369718 1.6715293874757822 3.0076416926929577
v -28.852317297469234 2.629419335503812 3.0638885609787874
v -28.658456433127746 2.6057180374185815 1.6839856842870347
f 1009 1010 1011
v -28.947936117369718 1.6715293874757822 3.0076416926929577
v -28.658456433127746 2.6057180374185815 1.6839856842870347
v -28.753215076094477 1.6564462068152195 1.627738816001205
f 1012 1013 1014
v -28.753215076094477 1.6564462068152195 1.627738816001205
v -28.658456433127746 2.6057180374185815 1.6839856842870347
v -28.591656531757792 2.597551126681795 0.15435156213104506
f 1015 1016 1017
v -28.753215076094477 1.6564462068152195 1.627738816001205
v -28.591656531757792 2.597551126681795 0.15435156213104506
v -28.6861187779529 1.6512488969616128 0.09810469384521552
f 1018 1019 1020
v -28.6861187779529 1.6512488969616128 0.09810469384521552
v -28.591656531757792 2.597551126681795 0.15435156213104506
v -28.658456433127746 2.6057180374185815 -1.3752825600249425
f 1021 1022 1023
v -28.6861187779529 1.6512488969616128 0.09810469384521552
v -28.658456433127746 2.6057180374185815 -1.3752825600249425
v -28.753215076094477 1.6564462068152195 -1.4315294283107722
f 1024 1025 1026
v -28.753215076094477 1.6564462068152195 -1.4315294283107722
v -28.658456433127746 2.6057180374185815 -1.3752825600249425
v -28.852317297469234 2.629419335503812 -2.755185436716697
f 1027 1028 1029
v -28.753215076094477 1.6564462068152195 -1.4315294283107722
v -28.852317297469234 2.629419335503812 -2.755185436716697
v -28.947936117369718 1.6715293874757822 -2.8114323050025267
f 1030 1031 1032
v -28.947936117369718 1.6715293874757822 -2.8114323050025267
v -28.852317297469234 2.629419335503812 -2.755185436716697
v -29.154262672672445 2.666334972744249 -3.850282560024945
f 1033 1034 1035
v -28.947936117369718 1.6715293874757822 -2.8114323050025267
v -29.154262672672445 2.666334972744249 -3.850282560024945
v -29.25122124955733 1.6950219921295453 -3.9065294283107748
f 1036 1037 1038
v -29.25122124955733 1.6950219921295453 -3.9065294283107748
v -29.154262672672445 2.666334972744249 -3.850282560024945
v -29.534736041635355 2.712851389360431 -4.553378193529966
f 1039 1040 1041
v -29.25122124955733 1.6950219921295453 -3.9065294283107748
v -29.534736041635355 2.712851389360431 -4.553378193529966
v -29.63338281080702 1.7246244009503973 -4.609625061815795
f 1042 1043 1044
v -29.63338281080702 1.7246244009503973 -4.609625061815795
v -29.534736041635355 2.712851389360431 -4.553378193529966
v -29.956494020090034 2.7644152343950332 -4.795648437868956
f 1045 1046 1047
v -29.63338281080702 1.7246244009503973 -4.609625061815795
v -29.956494020090034 2.7644152343950332 -4.795648437868956
v -30.0570121648275 1.757438923910843 -4.851895306154785
f 1048 1049 1050
v -30.0570121648275 1.757438923910843 -4.851895306154785
v -29.956494020090034 2.7644152343950332 -4.795648437868956
v -30.37825199854472 2.8159790794296358 -4.553378193529967
f 1051 1052 1053
v -30.0570121648275 1.757438923910843 -4.851895306154785
v -30.37825199854472 2.8159790794296358 -4.553378193529967
v -30.480641518847982 1.790253446871289 -4.6096250618157955
f 1054 1055 1056
v -30.480641518847982 1.790253446871289 -4.6096250618157955
v -30.37825199854472 2.8159790794296358 -4.553378193529967
v -30.75872536750763 2.8624954960458178 -3.850282560024946
f 1057 1058 1059
v -30.480641518847982 1.790253446871289 -4.6096250618157955
v -30.75872536750763 2.8624954960458178 -3.850282560024946
v -30.862803080097674 1.819855855692141 -3.9065294283107757
f 1060 1061 1062
v -30.862803080097674 1.819855855692141 -3.9065294283107757
v -30.75872536750763 2.8624954960458178 -3.850282560024946
v -31.06067074271084 2.8994111332862547 -2.755185436716699
f 1063 1064 1065
v -30.862803080097674 1.819855855692141 -3.9065294283107757
v -31.06067074271084 2.8994111332862547 -2.755185436716699
v -31.166088212285285 1.8433484603459043 -2.8114323050025285
f 1066 1067 1068
v -31.166088212285285 1.8433484603459043 -2.8114323050025285
v -31.06067074271084 2.8994111332862547 -2.755185436716699
v -31.254531607052325 2.923112431371485 -1.3752825600249463
f 1069 1070 1071
v -31.166088212285285 1.8433484603459043 -2.8114323050025285
v -31.254531607052325 2.923112431371485 -1.3752825600249463
v -31.360809253560525 1.8584316410064665 -1.431529428310776
f 1072 1073 1074
v -31.360809253560525 1.8584316410064665 -1.431529428310776
v -31.254531607052325 2.923112431371485 -1.3752825600249463
v -31.32133150842228 2.9312793421082715 0.15435156213104323
f 1075 1076 1077
v -31.360809253560525 1.8584316410064665 -1.431529428310776
v -31.32133150842228 2.9312793421082715 0.15435156213104323
v -31.427905551702104 1.8636289508600734 0.0981046938452137
f 1078 1079 1080
v -31.32133150842228 2.9312793421082715 0.15435156213104445
v -31.167519874204693 3.9936808676133038 0.21037984925444472
v -31.10114623848324 3.9825693539840206 1.7400139714104343
f 1081 1082 1083
v -31.32133150842228 2.9312793421082715 0.15435156213104445
v -31.10114623848324 3.9825693539840206 1.7400139714104343
v -31.254531607052325 2.923112431371485 1.6839856842870342
f 1084 1085 1086
v -31.254531607052325 2.923112431371485 1.6839856842870342
v -31.10114623848324 3.9825693539840206 1.7400139714104343
v -30.908522445235604 3.950322485468674 3.1199168481021866
f 1087 1088 1089
v -31.254531607052325 2.923112431371485 1.6839856842870342
v -30.908522445235604 3.950322485468674 3.1199168481021866
v -31.06067074271084 2.8994111332862547 3.0638885609787865
f 1090 1091 1092
v -31.06067074271084 2.8994111332862547 3.0638885609787865
v -30.908522445235604 3.950322485468674 3.1199168481021866
v -30.608503853433753 3.900096810234689 4.2150139714104355
f 1093 1094 1095
v -31.06067074271084 2.8994111332862547 3.0638885609787865
v -30.608503853433753 3.900096810234689 4.2150139714104355
v -30.75872536750763 2.8624954960458178 4.1589856842870345
f 1096 1097 1098
v -30.75872536750763 2.8624954960458178 4.1589856842870345
v -30.608503853433753 3.900096810234689 4.2150139714104355
v -30.230458373195695 3.836808767316826 4.918109604915455
f 1099 1100 1101
v -30.75872536750763 2.8624954960458178 4.1589856842870345
v -30.230458373195695 3.836808767316826 4.918109604915455
v -30.37825199854472 2.8159790794296358 4.862081317792054
f 1102 1103 1104
v -30.37825199854472 2.8159790794296358 4.862081317792054
v -30.230458373195695 3.836808767316826 4.918109604915455
v -29.811391730124875 3.7666534313096083 5.160379849254445
f 1105 1106 1107
v -30.37825199854472 2.8159790794296358 4.862081317792054
v -29.811391730124875 3.7666534313096083 5.160379849254445
v -29.956494020090034 2.7644152343950332 5.104351562131044
f 1108 1109 1110
v -29.956494020090034 2.7644152343950332 5.104351562131044
v -29.811391730124875 3.7666534313096083 5.160379849254445
v -29.392325087054054 3.696498095302391 4.918109604915456
f 1111 1112 1113
v -29.956494020090034 2.7644152343950332 5.104351562131044
v -29.392325087054054 3.696498095302391 4.918109604915456
v -29.534736041635355 2.712851389360431 4.862081317792055
f 1114 1115 1116
v -29.534736041635355 2.712851389360431 4.862081317792055
v -29.392325087054054 3.696498095302391 4.918109604915456
v -29.014279606815997 3.6332100523845274 4.2150139714104355
f 1117 1118 1119
v -29.534736041635355 2.712851389360431 4.862081317792055
v -29.014279606815997 3.6332100523845274 4.2150139714104355
v -29.154262672672445 2.666334972744249 4.1589856842870345
f 1120 1121 1122
v -29.154262672672445 2.666334972744249 4.1589856842870345
v -29.014279606815997 3.6332100523845274 4.2150139714104355
v -28.714261015014145 3.582984377150543 3.1199168481021875
f 1123 1124 1125
v -29.154262672672445 2.666334972744249 4.1589856842870345
v -28.714261015014145 3.582984377150543 3.1199168481021875
v -28.852317297469234 2.629419335503812 3.0638885609787874
f 1126 1127 1128
v -28.852317297469234 2.629419335503812 3.0638885609787874
v -28.714261015014145 3.582984377150543 3.1199168481021875
v -28.52163722176651 3.550737508635196 1.7400139714104348
f 1129 1130 1131
v -28.852317297469234 2.629419335503812 3.0638885609787874
v -28.52163722176651 3.550737508635196 1.7400139714104348
v -28.658456433127746 2.6057180374185815 1.6839856842870347
f 1132 1133 1134
v -28.658456433127746 2.6057180374185815 1.6839856842870347
v -28.52163722176651 3.550737508635196 1.7400139714104348
v -28.455263586045056 3.5396259950059132 0.21037984925444533
f 1135 1136 1137
v -28.658456433127746 2.6057180374185815 1.6839856842870347
v -28.455263586045056 3.5396259950059132 0.21037984925444533
v -28.591656531757792 2.597551126681795 0.15435156213104506
f 1138 1139 1140
v -28.591656531757792 2.597551126681795 0.15435156213104506
v -28.455263586045056 3.5396259950059132 0.21037984925444533
v -28.52163722176651 3.550737508635196 -1.3192542729015424
f 1141 1142 1143
v -28.591656531757792 2.597551126681795 0.15435156213104506
v -28.52163722176651 3.550737508635196 -1.3192542729015424
v -28.658456433127746 2.6057180374185815 -1.3752825600249425
f 1144 1145 1146
v -28.658456433127746 2.6057180374185815 -1.3752825600249425
v -28.52163722176651 3.550737508635196 -1.3192542729015424
v -28.714261015014145 3.582984377150543 -2.699157149593297
f 1147 1148 1149
v -28.658456433127746 2.6057180374185815 -1.3752825600249425
v -28.714261015014145 3.582984377150543 -2.699157149593297
v -28.852317297469234 2.629419335503812 -2.755185436716697
f 1150 1151 1152
v -28.852317297469234 2.629419335503812 -2.755185436716697
v -28.714261015014145 3.582984377150543 -2.699157149593297
v -29.014279606815993 3.6332100523845274 -3.794254272901545
f 1153 1154 1155
v -28.852317297469234 2.629419335503812 -2.755185436716697
v -29.014279606815993 3.6332100523845274 -3.794254272901545
v -29.154262672672445 2.666334972744249 -3.850282560024945
f 1156 1157 1158
v -29.154262672672445 2.666334972744249 -3.850282560024945
v -29.014279606815993 3.6332100523845274 -3.794254272901545
v -29.392325087054054 3.696498095302391 -4.497349906406565
f 1159 1160 1161
v -29.154262672672445 2.666334972744249 -3.850282560024945
v -29.392325087054054 3.696498095302391 -4.497349906406565
v -29.534736041635355 2.712851389360431 -4.553378193529966
f 1162 1163 1164
v -29.534736041635355 2.712851389360431 -4.553378193529966
v -29.392325087054054 3.696498095302391 -4.497349906406565
v -29.811391730124875 3.7666534313096083 -4.739620150745555
f 1165 1166 1167
v -29.534736041635355 2.712851389360431 -4.553378193529966
v -29.811391730124875 3.7666534313096083 -4.739620150745555
v -29.956494020090034 2.7644152343950332 -4.795648437868956
f 1168 1169 1170
v -29.956494020090034 2.7644152343950332 -4.795648437868956
v -29.811391730124875 3.7666534313096083 -4.739620150745555
v -30.230458373195695 3.836808767316826 -4.497349906406566
f 1171 1172 1173
v -29.956494020090034 2.7644152343950332 -4.795648437868956
v -30.230458373195695 3.836808767316826 -4.497349906406566
v -30.37825199854472 2.8159790794296358 -4.553378193529967
f 1174 1175 1176
v -30.37825199854472 2.8159790794296358 -4.553378193529967
v -30.230458373195695 3.836808767316826 -4.497349906406566
v -30.608503853433753 3.900096810234689 -3.794254272901546
f 1177 1178 1179
v -30.37825199854472 2.8159790794296358 -4.553378193529967
v -30.608503853433753 3.900096810234689 -3.794254272901546
v -30.75872536750763 2.8624954960458178 -3.850282560024946
f 1180 1181 1182
v -30.75872536750763 2.8624954960458178 -3.850282560024946
v -30.608503853433753 3.900096810234689 -3.794254272901546
v -30.908522445235604 3.950322485468674 -2.6991571495932987
f 1183 1184 1185
v -30.75872536750763 2.8624954960458178 -3.850282560024946
v -30.908522445235604 3.950322485468674 -2.6991571495932987
v -31.06067074271084 2.8994111332862547 -2.755185436716699
f 1186 1187 1188
v -31.06067074271084 2.8994111332862547 -2.755185436716699
v -30.908522445235604 3.950322485468674 -2.6991571495932987
v -31.10114623848324 3.9825693539840206 -1.3192542729015462
f 1189 1190 1191
v -31.06067074271084 2.8994111332862547 -2.755185436716699
v -31.10114623848324 3.9825693539840206 -1.3192542729015462
v -31.254531607052325 2.923112431371485 -1.3752825600249463
f 1192 1193 1194
v -31.254531607052325 2.923112431371485 -1.3752825600249463
v -31.10114623848324 3.9825693539840206 -1.3192542729015462
v -31.167519874204693 3.9936808676133038 0.2103798492544435
f 1195 1196 1197
v -31.254531607052325 2.923112431371485 -1.3752825600249463
v -31.167519874204693 3.9936808676133038 0.2103798492544435
v -31.32133150842228 2.9312793421082715 0.15435156213104323
f 1198 1199 1200
v -31.167519874204693 3.9936808676133038 0.21037984925444472
v -30.966857939531863 5.048962110588095 0.2661102121368017
v -30.9010377610291 5.034939651606779 1.7957443342927915
f 1201 1202 1203
v -31.167519874204693 3.9936808676133038 0.21037984925444472
v -30.9010377610291 5.034939651606779 1.7957443342927915
v -31.10114623848324 3.9825693539840206 1.7400139714104343
f 1204 1205 1206
v -31.10114623848324 3.9825693539840206 1.7400139714104343
v -30.9010377610291 5.034939651606779 1.7957443342927915
v -30.71002016318882 4.9942448906481385 3.1756472109845437
f 1207 1208 1209
v -31.10114623848324 3.9825693539840206 1.7400139714104343
v -30.71002016318882 4.9942448906481385 3.1756472109845437
v -30.908522445235604 3.950322485468674 3.1199168481021866
f 1210 1211 1212
v -30.908522445235604 3.950322485468674 3.1199168481021866
v -30.71002016318882 4.9942448906481385 3.1756472109845437
v -30.412503279385483 4.930861314451878 4.270744334292792
f 1213 1214 1215
v -30.908522445235604 3.950322485468674 3.1199168481021866
v -30.412503279385483 4.930861314451878 4.270744334292792
v -30.608503853433753 3.900096810234689 4.2150139714104355
f 1216 1217 1218
v -30.608503853433753 3.900096810234689 4.2150139714104355
v -30.412503279385483 4.930861314451878 4.270744334292792
v -30.037610135127785 4.85099334907543 4.973839967797812
f 1219 1220 1221
v -30.608503853433753 3.900096810234689 4.2150139714104355
v -30.037610135127785 4.85099334907543 4.973839967797812
v -30.230458373195695 3.836808767316826 4.918109604915455
f 1222 1223 1224
v -30.230458373195695 3.836808767316826 4.918109604915455
v -30.037610135127785 4.85099334907543 4.973839967797812
v -29.622037883409792 4.762459027442677 5.216110212136802
f 1225 1226 1227
v -30.230458373195695 3.836808767316826 4.918109604915455
v -29.622037883409792 4.762459027442677 5.216110212136802
v -29.811391730124875 3.7666534313096083 5.160379849254445
f 1228 1229 1230
v -29.811391730124875 3.7666534313096083 5.160379849254445
v -29.622037883409792 4.762459027442677 5.216110212136802
v -29.206465631691803 4.673924705809925 4.9738399677978125
f 1231 1232 1233
v -29.811391730124875 3.7666534313096083 5.160379849254445
v -29.206465631691803 4.673924705809925 4.9738399677978125
v -29.392325087054054 3.696498095302391 4.918109604915456
f 1234 1235 1236
v -29.392325087054054 3.696498095302391 4.918109604915456
v -29.206465631691803 4.673924705809925 4.9738399677978125
v -28.831572487434105 4.5940567404334764 4.270744334292792
f 1237 1238 1239
v -29.392325087054054 3.696498095302391 4.918109604915456
v -28.831572487434105 4.5940567404334764 4.270744334292792
v -29.014279606815997 3.6332100523845274 4.2150139714104355
f 1240 1241 1242
v -29.014279606815997 3.6332100523845274 4.2150139714104355
v -28.831572487434105 4.5940567404334764 4.270744334292792
v -28.534055603630765 4.530673164237216 3.1756472109845446
f 1243 1244 1245
v -29.014279606815997 3.6332100523845274 4.2150139714104355
v -28.534055603630765 4.530673164237216 3.1756472109845446
v -28.714261015014145 3.582984377150543 3.1199168481021875
f 1246 1247 1248
v -28.714261015014145 3.582984377150543 3.1199168481021875
v -28.534055603630765 4.530673164237216 3.1756472109845446
v -28.343038005790483 4.489978403278576 1.795744334292792
f 1249 1250 1251
v -28.714261015014145 3.582984377150543 3.1199168481021875
v -28.343038005790483 4.489978403278576 1.795744334292792
v -28.52163722176651 3.550737508635196 1.7400139714104348
f 1252 1253 1254
v -28.52163722176651 3.550737508635196 1.7400139714104348
v -28.343038005790483 4.489978403278576 1.795744334292792
v -28.27721782728772 4.47595594429726 0.2661102121368023
f 1255 1256 1257
v -28.52163722176651 3.550737508635196 1.7400139714104348
v -28.27721782728772 4.47595594429726 0.2661102121368023
v -28.455263586045056 3.5396259950059132 0.21037984925444533
f 1258 1259 1260
v -28.455263586045056 3.5396259950059132 0.21037984925444533
v -28.27721782728772 4.47595594429726 0.2661102121368023
v -28.343038005790483 4.489978403278576 -1.2635239100191853
f 1261 1262 1263
v -28.455263586045056 3.5396259950059132 0.21037984925444533
v -28.343038005790483 4.489978403278576 -1.2635239100191853
v -28.52163722176651 3.550737508635196 -1.3192542729015424
f 1264 1265 1266
v -28.52163722176651 3.550737508635196 -1.3192542729015424
v -28.343038005790483 4.489978403278576 -1.2635239100191853
v -28.534055603630765 4.530673164237216 -2.64342678671094
f 1267 1268 1269
v -28.52163722176651 3.550737508635196 -1.3192542729015424
v -28.534055603630765 4.530673164237216 -2.64342678671094
v -28.714261015014145 3.582984377150543 -2.699157149593297
f 1270 1271 1272
v -28.714261015014145 3.582984377150543 -2.699157149593297
v -28.534055603630765 4.530673164237216 -2.64342678671094
v -28.8315724874341 4.5940567404334764 -3.738523910019188
f 1273 1274 1275
v -28.714261015014145 3.582984377150543 -2.699157149593297
v -28.8315724874341 4.5940567404334764 -3.738523910019188
v -29.014279606815993 3.6332100523845274 -3.794254272901545
f 1276 1277 1278
v -29.014279606815993 3.6332100523845274 -3.794254272901545
v -28.8315724874341 4.5940567404334764 -3.738523910019188
v -29.206465631691803 4.673924705809925 -4.441619543524208
f 1279 1280 1281
v -29.014279606815993 3.6332100523845274 -3.794254272901545
v -29.206465631691803 4.673924705809925 -4.441619543524208
v -29.392325087054054 3.696498095302391 -4.497349906406565
f 1282 1283 1284
v -29.392325087054054 3.696498095302391 -4.497349906406565
v -29.206465631691803 4.673924705809925 -4.441619543524208
v -29.622037883409792 4.762459027442677 -4.683889787863198
f 1285 1286 1287
v -29.392325087054054 3.696498095302391 -4.497349906406565
v -29.622037883409792 4.762459027442677 -4.683889787863198
v -29.811391730124875 3.7666534313096083 -4.739620150745555
f 1288 1289 1290
v -29.811391730124875 3.7666534313096083 -4.739620150745555
v -29.622037883409792 4.762459027442677 -4.683889787863198
v -30.037610135127785 4.85099334907543 -4.441619543524209
f 1291 1292 1293
v -29.811391730124875 3.7666534313096083 -4.739620150745555
v -30.037610135127785 4.85099334907543 -4.441619543524209
v -30.230458373195695 3.836808767316826 -4.497349906406566
f 1294 1295 1296
v -30.230458373195695 3.836808767316826 -4.497349906406566
v -30.037610135127785 4.85099334907543 -4.441619543524209
v -30.412503279385483 4.930861314451878 -3.7385239100191887
f 1297 1298 1299
v -30.230458373195695 3.836808767316826 -4.497349906406566
v -30.412503279385483 4.930861314451878 -3.7385239100191887
v -30.608503853433753 3.900096810234689 -3.794254272901546
f 1300 1301 1302
v -30.608503853433753 3.900096810234689 -3.794254272901546
v -30.412503279385483 4.930861314451878 -3.7385239100191887
v -30.71002016318882 4.9942448906481385 -2.6434267867109416
f 1303 1304 1305
v -30.608503853433753 3.900096810234689 -3.794254272901546
v -30.71002016318882 4.9942448906481385 -2.6434267867109416
v -30.908522445235604 3.950322485468674 -2.6991571495932987
f 1306 1307 1308
v -30.908522445235604 3.950322485468674 -2.6991571495932987
v -30.71002016318882 4.9942448906481385 -2.6434267867109416
v -30.9010377610291 5.034939651606779 -1.263523910019189
f 1309 1310 1311
v -30.908522445235604 3.950322485468674 -2.6991571495932987
v -30.9010377610291 5.034939651606779 -1.263523910019189
v -31.10114623848324 3.9825693539840206 -1.3192542729015462
f 1312 1313 1314
v -31.10114623848324 3.9825693539840206 -1.3192542729015462
v -30.9010377610291 5.034939651606779 -1.263523910019189
v -30.966857939531863 5.048962110588095 0.2661102121368005
f 1315 1316 1317
v -31.10114623848324 3.9825693539840206 -1.3192542729015462
v -30.966857939531863 5.048962110588095 0.2661102121368005
v -31.167519874204693 3.9936808676133038 0.2103798492544435
f 1318 1319 1320
v -30.966857939531863 5.048962110588095 0.2661102121368017
v -30.71984440256417 6.095291682038116 0.32146372959757635
v -30.6547014640543 6.078400180733699 1.8510978517535661
f 1321 1322 1323
v -30.966857939531863 5.048962110588095 0.2661102121368017
v -30.6547014640543 6.078400180733699 1.8510978517535661
v -30.9010377610291 5.034939651606779 1.7957443342927915
f 1324 1325 1326
v -30.9010377610291 5.034939651606779 1.7957443342927915
v -30.6547014640543 6.078400180733699 1.8510978517535661
v -30.46564929322357 6.029379134658136 3.231000728445318
f 1327 1328 1329
v -30.9010377610291 5.034939651606779 1.7957443342927915
v -30.46564929322357 6.029379134658136 3.231000728445318
v -30.71002016318882 4.9942448906481385 3.1756472109845437
f 1330 1331 1332
v -30.71002016318882 4.9942448906481385 3.1756472109845437
v -30.46564929322357 6.029379134658136 3.231000728445318
v -30.171193633756825 5.953027065351014 4.326097851753567
f 1333 1334 1335
v -30.71002016318882 4.9942448906481385 3.1756472109845437
v -30.171193633756825 5.953027065351014 4.326097851753567
v -30.412503279385483 4.930861314451878 4.270744334292792
f 1336 1337 1338
v -30.412503279385483 4.930861314451878 4.270744334292792
v -30.171193633756825 5.953027065351014 4.326097851753567
v -29.800157857195885 5.8568178453322615 5.0291934852585864
f 1339 1340 1341
v -30.412503279385483 4.930861314451878 4.270744334292792
v -29.800157857195885 5.8568178453322615 5.0291934852585864
v -30.037610135127785 4.85099334907543 4.973839967797812
f 1342 1343 1344
v -30.037610135127785 4.85099334907543 4.973839967797812
v -29.800157857195885 5.8568178453322615 5.0291934852585864
v -29.388861530508798 5.750169103386367 5.271463729597577
f 1345 1346 1347
v -30.037610135127785 4.85099334907543 4.973839967797812
v -29.388861530508798 5.750169103386367 5.271463729597577
v -29.622037883409792 4.762459027442677 5.216110212136802
f 1348 1349 1350
v -29.622037883409792 4.762459027442677 5.216110212136802
v -29.388861530508798 5.750169103386367 5.271463729597577
v -28.97756520382171 5.643520361440472 5.029193485258587
f 1351 1352 1353
v -29.622037883409792 4.762459027442677 5.216110212136802
v -28.97756520382171 5.643520361440472 5.029193485258587
v -29.206465631691803 4.673924705809925 4.9738399677978125
f 1354 1355 1356
v -29.206465631691803 4.673924705809925 4.9738399677978125
v -28.97756520382171 5.643520361440472 5.029193485258587
v -28.60652942726077 5.547311141421719 4.326097851753567
f 1357 1358 1359
v -29.206465631691803 4.673924705809925 4.9738399677978125
v -28.60652942726077 5.547311141421719 4.326097851753567
v -28.831572487434105 4.5940567404334764 4.270744334292792
f 1360 1361 1362
v -28.831572487434105 4.5940567404334764 4.270744334292792
v -28.60652942726077 5.547311141421719 4.326097851753567
v -28.312073767794026 5.4709590721145975 3.231000728445319
f 1363 1364 1365
v -28.831572487434105 4.5940567404334764 4.270744334292792
v -28.312073767794026 5.4709590721145975 3.231000728445319
v -28.534055603630765 4.530673164237216 3.1756472109845446
f 1366 1367 1368
v -28.534055603630765 4.530673164237216 3.1756472109845446
v -28.312073767794026 5.4709590721145975 3.231000728445319
v -28.123021596963298 5.421938026039034 1.8510978517535666
f 1369 1370 1371
v -28.534055603630765 4.530673164237216 3.1756472109845446
v -28.123021596963298 5.421938026039034 1.8510978517535666
v -28.343038005790483 4.489978403278576 1.795744334292792
f 1372 1373 1374
v -28.343038005790483 4.489978403278576 1.795744334292792
v -28.123021596963298 5.421938026039034 1.8510978517535666
v -28.057878658453426 5.405046524734618 0.32146372959757696
f 1375 1376 1377
v -28.343038005790483 4.489978403278576 1.795744334292792
v -28.057878658453426 5.405046524734618 0.32146372959757696
v -28.27721782728772 4.47595594429726 0.2661102121368023
f 1378 1379 1380
v -28.27721782728772 4.47595594429726 0.2661102121368023
v -28.057878658453426 5.405046524734618 0.32146372959757696
v -28.123021596963298 5.421938026039034 -1.2081703925584106
f 1381 1382 1383
v -28.27721782728772 4.47595594429726 0.2661102121368023
v -28.123021596963298 5.421938026039034 -1.2081703925584106
v -28.343038005790483 4.489978403278576 -1.2635239100191853
f 1384 1385 1386
v -28.343038005790483 4.489978403278576 -1.2635239100191853
v -28.123021596963298 5.421938026039034 -1.2081703925584106
v -28.312073767794026 5.4709590721145975 -2.5880732692501653
f 1387 1388 1389
v -28.343038005790483 4.489978403278576 -1.2635239100191853
v -28.312073767794026 5.4709590721145975 -2.5880732692501653
v -28.534055603630765 4.530673164237216 -2.64342678671094
f 1390 1391 1392
v -28.534055603630765 4.530673164237216 -2.64342678671094
v -28.312073767794026 5.4709590721145975 -2.5880732692501653
v -28.606529427260767 5.547311141421719 -3.6831703925584134
f 1393 1394 1395
v -28.534055603630765 4.530673164237216 -2.64342678671094
v -28.606529427260767 5.547311141421719 -3.6831703925584134
v -28.8315724874341 4.5940567404334764 -3.738523910019188
f 1396 1397 1398
v -28.8315724874341 4.5940567404334764 -3.738523910019188
v -28.606529427260767 5.547311141421719 -3.6831703925584134
v -28.97756520382171 5.643520361440472 -4.386266026063433
f 1399 1400 1401
v -28.8315724874341 4.5940567404334764 -3.738523910019188
v -28.97756520382171 5.643520361440472 -4.386266026063433
v -29.206465631691803 4.673924705809925 -4.441619543524208
f 1402 1403 1404
v -29.206465631691803 4.673924705809925 -4.441619543524208
v -28.97756520382171 5.643520361440472 -4.386266026063433
v -29.388861530508798 5.750169103386367 -4.6285362704024235
f 1405 1406 1407
v -29.206465631691803 4.673924705809925 -4.441619543524208
v -29.388861530508798 5.750169103386367 -4.6285362704024235
v -29.622037883409792 4.762459027442677 -4.683889787863198
f 1408 1409 1410
v -29.622037883409792 4.762459027442677 -4.683889787863198
v -29.388861530508798 5.750169103386367 -4.6285362704024235
v -29.800157857195885 5.8568178453322615 -4.386266026063434
f 1411 1412 1413
v -29.622037883409792 4.762459027442677 -4.683889787863198
v -29.800157857195885 5.8568178453322615 -4.386266026063434
v -30.037610135127785 4.85099334907543 -4.441619543524209
f 1414 1415 1416
v -30.037610135127785 4.85099334907543 -4.441619543524209
v -29.800157857195885 5.8568178453322615 -4.386266026063434
v -30.171193633756825 5.953027065351014 -3.6831703925584143
f 1417 1418 1419
v -30.037610135127785 4.85099334907543 -4.441619543524209
v -30.171193633756825 5.953027065351014 -3.6831703925584143
v -30.412503279385483 4.930861314451878 -3.7385239100191887
f 1420 1421 1422
v -30.412503279385483 4.930861314451878 -3.7385239100191887
v -30.171193633756825 5.953027065351014 -3.6831703925584143
v -30.46564929322357 6.029379134658136 -2.588073269250167
f 1423 1424 1425
v -30.412503279385483 4.930861314451878 -3.7385239100191887
v -30.46564929322357 6.029379134658136 -2.588073269250167
v -30.71002016318882 4.9942448906481385 -2.6434267867109416
f 1426 1427 1428
v -30.71002016318882 4.9942448906481385 -2.6434267867109416
v -30.46564929322357 6.029379134658136 -2.588073269250167
v -30.6547014640543 6.078400180733699 -1.2081703925584144
f 1429 1430 1431
v -30.71002016318882 4.9942448906481385 -2.6434267867109416
v -30.6547014640543 6.078400180733699 -1.2081703925584144
v -30.9010377610291 5.034939651606779 -1.263523910019189
f 1432 1433 1434
v -30.9010377610291 5.034939651606779 -1.263523910019189
v -30.6547014640543 6.078400180733699 -1.2081703925584144
v -30.71984440256417 6.095291682038116 0.32146372959757513
f 1435 1436 1437
v -30.9010377610291 5.034939651606779 -1.263523910019189
v -30.71984440256417 6.095291682038116 0.32146372959757513
v -30.966857939531863 5.048962110588095 0.2661102121368005
f 1438 1439 1440
v -30.71984440256417 6.095291682038116 0.32146372959757635
v -30.42708326377967 7.130887017462169 0.37636201411659026
v -30.362737278642044 7.111176120712245 1.90599613627258
f 1441 1442 1443
v -30.71984440256417 6.095291682038116 0.32146372959757635
v -30.362737278642044 7.111176120712245 1.90599613627258
v -30.6547014640543 6.078400180733699 1.8510978517535661
f 1444 1445 1446
v -30.6547014640543 6.078400180733699 1.8510978517535661
v -30.362737278642044 7.111176120712245 1.90599613627258
v -30.17599795657927 7.053972870370249 3.2858990129643324
f 1447 1448 1449
v -30.6547014640543 6.078400180733699 1.8510978517535661
v -30.17599795657927 7.053972870370249 3.2858990129643324
v -30.46564929322357 6.029379134658136 3.231000728445318
f 1450 1451 1452
v -30.46564929322357 6.029379134658136 3.231000728445318
v -30.17599795657927 7.053972870370249 3.2858990129643324
v -29.885144643524217 6.964876719138136 4.38099613627258
f 1453 1454 1455
v -30.46564929322357 6.029379134658136 3.231000728445318
v -29.885144643524217 6.964876719138136 4.38099613627258
v -30.171193633756825 5.953027065351014 4.326097851753567
f 1456 1457 1458
v -30.171193633756825 5.953027065351014 4.326097851753567
v -29.885144643524217 6.964876719138136 4.38099613627258
v -29.51864808825291 6.852609019067893 5.0840917697776
f 1459 1460 1461
v -30.171193633756825 5.953027065351014 4.326097851753567
v -29.51864808825291 6.852609019067893 5.0840917697776
v -29.800157857195885 5.8568178453322615 5.0291934852585864
f 1462 1463 1464
v -29.800157857195885 5.8568178453322615 5.0291934852585864
v -29.51864808825291 6.852609019067893 5.0840917697776
v -29.11238352712695 6.728159314857458 5.32636201411659
f 1465 1466 1467
v -29.800157857195885 5.8568178453322615 5.0291934852585864
v -29.11238352712695 6.728159314857458 5.32636201411659
v -29.388861530508798 5.750169103386367 5.271463729597577
f 1468 1469 1470
v -29.388861530508798 5.750169103386367 5.271463729597577
v -29.11238352712695 6.728159314857458 5.32636201411659
v -28.706118966000993 6.603709610647022 5.084091769777601
f 1471 1472 1473
v -29.388861530508798 5.750169103386367 5.271463729597577
v -28.706118966000993 6.603709610647022 5.084091769777601
v -28.97756520382171 5.643520361440472 5.029193485258587
f 1474 1475 1476
v -28.97756520382171 5.643520361440472 5.029193485258587
v -28.706118966000993 6.603709610647022 5.084091769777601
v -28.339622410729685 6.491441910576779 4.38099613627258
f 1477 1478 1479
v -28.97756520382171 5.643520361440472 5.029193485258587
v -28.339622410729685 6.491441910576779 4.38099613627258
v -28.60652942726077 5.547311141421719 4.326097851753567
f 1480 1481 1482
v -28.60652942726077 5.547311141421719 4.326097851753567
v -28.339622410729685 6.491441910576779 4.38099613627258
v -28.048769097674633 6.402345759344667 3.2858990129643333
f 1483 1484 1485
v -28.60652942726077 5.547311141421719 4.326097851753567
v -28.048769097674633 6.402345759344667 3.2858990129643333
v -28.312073767794026 5.4709590721145975 3.231000728445319
f 1486 1487 1488
v -28.312073767794026 5.4709590721145975 3.231000728445319
v -28.048769097674633 6.402345759344667 3.2858990129643333
v -27.86202977561186 6.34514250900267 1.9059961362725804
f 1489 1490 1491
v -28.312073767794026 5.4709590721145975 3.231000728445319
v -27.86202977561186 6.34514250900267 1.9059961362725804
v -28.123021596963298 5.421938026039034 1.8510978517535666
f 1492 1493 1494
v -28.123021596963298 5.421938026039034 1.8510978517535666
v -27.86202977561186 6.34514250900267 1.9059961362725804
v -27.79768379047423 6.325431612252746 0.37636201411659087
f 1495 1496 1497
v -28.123021596963298 5.421938026039034 1.8510978517535666
v -27.79768379047423 6.325431612252746 0.37636201411659087
v -28.057878658453426 5.405046524734618 0.32146372959757696
f 1498 1499 1500
v -28.057878658453426 5.405046524734618 0.32146372959757696
v -27.79768379047423 6.325431612252746 0.37636201411659087
v -27.86202977561186 6.34514250900267 -1.1532721080393968
f 1501 1502 1503
v -28.057878658453426 5.405046524734618 0.32146372959757696
v -27.86202977561186 6.34514250900267 -1.1532721080393968
v -28.123021596963298 5.421938026039034 -1.2081703925584106
f 1504 1505 1506
v -28.123021596963298 5.421938026039034 -1.2081703925584106
v -27.86202977561186 6.34514250900267 -1.1532721080393968
v -28.048769097674633 6.402345759344667 -2.533174984731151
f 1507 1508 1509
v -28.123021596963298 5.421938026039034 -1.2081703925584106
v -28.048769097674633 6.402345759344667 -2.533174984731151
v -28.312073767794026 5.4709590721145975 -2.5880732692501653
f 1510 1511 1512
v -28.312073767794026 5.4709590721145975 -2.5880732692501653
v -28.048769097674633 6.402345759344667 -2.533174984731151
v -28.33962241072968 6.491441910576779 -3.628272108039399
f 1513 1514 1515
v -28.312073767794026 5.4709590721145975 -2.5880732692501653
v -28.33962241072968 6.491441910576779 -3.628272108039399
v -28.606529427260767 5.547311141421719 -3.6831703925584134
f 1516 1517 1518
v -28.606529427260767 5.547311141421719 -3.6831703925584134
v -28.33962241072968 6.491441910576779 -3.628272108039399
v -28.706118966000993 6.603709610647022 -4.33136774154442
f 1519 1520 1521
v -28.606529427260767 5.547311141421719 -3.6831703925584134
v -28.706118966000993 6.603709610647022 -4.33136774154442
v -28.97756520382171 5.643520361440472 -4.386266026063433
f 1522 1523 1524
v -28.97756520382171 5.643520361440472 -4.386266026063433
v -28.706118966000993 6.603709610647022 -4.33136774154442
v -29.11238352712695 6.728159314857458 -4.57363798588341
f 1525 1526 1527
v -28.97756520382171 5.643520361440472 -4.386266026063433
v -29.11238352712695 6.728159314857458 -4.57363798588341
v -29.388861530508798 5.750169103386367 -4.6285362704024235
f 1528 1529 1530
v -29.388861530508798 5.750169103386367 -4.6285362704024235
v -29.11238352712695 6.728159314857458 -4.57363798588341
v -29.51864808825291 6.852609019067893 -4.331367741544421
f 1531 1532 1533
v -29.388861530508798 5.750169103386367 -4.6285362704024235
v -29.51864808825291 6.852609019067893 -4.331367741544421
v -29.800157857195885 5.8568178453322615 -4.386266026063434
f 1534 1535 1536
v -29.800157857195885 5.8568178453322615 -4.386266026063434
v -29.51864808825291 6.852609019067893 -4.331367741544421
v -29.885144643524217 6.964876719138136 -3.6282721080394
f 1537 1538 1539
v -29.800157857195885 5.8568178453322615 -4.386266026063434
v -29.885144643524217 6.964876719138136 -3.6282721080394
v -30.171193633756825 5.953027065351014 -3.6831703925584143
f 1540 1541 1542
v -30.171193633756825 5.953027065351014 -3.6831703925584143
v -29.885144643524217 6.964876719138136 -3.6282721080394
v -30.17599795657927 7.053972870370249 -2.533174984731153
f 1543 1544 1545
v -30.171193633756825 5.953027065351014 -3.6831703925584143
v -30.17599795657927 7.053972870370249 -2.533174984731153
v -30.46564929322357 6.029379134658136 -2.588073269250167
f 1546 1547 1548
v -30.46564929322357 6.029379134658136 -2.588073269250167
v -30.17599795657927 7.053972870370249 -2.533174984731153
v -30.362737278642044 7.111176120712245 -1.1532721080394006
f 1549 1550 1551
v -30.46564929322357 6.029379134658136 -2.588073269250167
v -30.362737278642044 7.111176120712245 -1.1532721080394006
v -30.6547014640543 6.078400180733699 -1.2081703925584144
f 1552 1553 1554
v -30.6547014640543 6.078400180733699 -1.2081703925584144
v -30.362737278642044 7.111176120712245 -1.1532721080394006
v -30.42708326377967 7.130887017462169 0.37636201411658904
f 1555 1556 1557
v -30.6547014640543 6.078400180733699 -1.2081703925584144
v -30.42708326377967 7.130887017462169 0.37636201411658904
v -30.71984440256417 6.095291682038116 0.32146372959757513
f 1558 1559 1560
v -30.42708326377967 7.130887017462169 0.37636201411659026
v -30.08927676273752 8.154021970354693 0.4307273228405814
v -30.02584279607959 8.131548494253767 1.9603614449965712
f 1561 1562 1563
v -30.42708326377967 7.130887017462169 0.37636201411659026
v -30.02584279607959 8.131548494253767 1.9603614449965712
v -30.362737278642044 7.111176120712245 1.90599613627258
f 1564 1565 1566
v -30.362737278642044 7.111176120712245 1.90599613627258
v -30.02584279607959 8.131548494253767 1.9603614449965712
v -29.84175025473272 8.066327926373662 3.3402643216883234
f 1567 1568 1569
v -30.362737278642044 7.111176120712245 1.90599613627258
v -29.84175025473272 8.066327926373662 3.3402643216883234
v -30.17599795657927 7.053972870370249 3.2858990129643324
f 1570 1571 1572
v -30.17599795657927 7.053972870370249 3.2858990129643324
v -29.84175025473272 8.066327926373662 3.3402643216883234
v -29.555019399292092 7.964744510316898 4.4353614449965715
f 1573 1574 1575
v -30.17599795657927 7.053972870370249 3.2858990129643324
v -29.555019399292092 7.964744510316898 4.4353614449965715
v -29.885144643524217 6.964876719138136 4.38099613627258
f 1576 1577 1578
v -29.885144643524217 6.964876719138136 4.38099613627258
v -29.555019399292092 7.964744510316898 4.4353614449965715
v -29.19371744365958 7.83674193862039 5.138457078501591
f 1579 1580 1581
v -29.885144643524217 6.964876719138136 4.38099613627258
v -29.19371744365958 7.83674193862039 5.138457078501591
v -29.51864808825291 6.852609019067893 5.0840917697776
f 1582 1583 1584
v -29.51864808825291 6.852609019067893 5.0840917697776
v -29.19371744365958 7.83674193862039 5.138457078501591
v -28.79321114059124 7.694849994848152 5.380727322840581
f 1585 1586 1587
v -29.51864808825291 6.852609019067893 5.0840917697776
v -28.79321114059124 7.694849994848152 5.380727322840581
v -29.11238352712695 6.728159314857458 5.32636201411659
f 1588 1589 1590
v -29.11238352712695 6.728159314857458 5.32636201411659
v -28.79321114059124 7.694849994848152 5.380727322840581
v -28.3927048375229 7.552958051075914 5.138457078501592
f 1591 1592 1593
v -29.11238352712695 6.728159314857458 5.32636201411659
v -28.3927048375229 7.552958051075914 5.138457078501592
v -28.706118966000993 6.603709610647022 5.084091769777601
f 1594 1595 1596
v -28.706118966000993 6.603709610647022 5.084091769777601
v -28.3927048375229 7.552958051075914 5.138457078501592
v -28.031402881890386 7.424955479379406 4.4353614449965715
f 1597 1598 1599
v -28.706118966000993 6.603709610647022 5.084091769777601
v -28.031402881890386 7.424955479379406 4.4353614449965715
v -28.339622410729685 6.491441910576779 4.38099613627258
f 1600 1601 1602
v -28.339622410729685 6.491441910576779 4.38099613627258
v -28.031402881890386 7.424955479379406 4.4353614449965715
v -27.74467202644976 7.323372063322642 3.3402643216883243
f 1603 1604 1605
v -28.339622410729685 6.491441910576779 4.38099613627258
v -27.74467202644976 7.323372063322642 3.3402643216883243
v -28.048769097674633 6.402345759344667 3.2858990129643333
f 1606 1607 1608
v -28.048769097674633 6.402345759344667 3.2858990129643333
v -27.74467202644976 7.323372063322642 3.3402643216883243
v -27.56057948510289 7.258151495442537 1.9603614449965716
f 1609 1610 1611
v -28.048769097674633 6.402345759344667 3.2858990129643333
v -27.56057948510289 7.258151495442537 1.9603614449965716
v -27.86202977561186 6.34514250900267 1.9059961362725804
f 1612 1613 1614
v -27.86202977561186 6.34514250900267 1.9059961362725804
v -27.56057948510289 7.258151495442537 1.9603614449965716
v -27.49714551844496 7.23567801934161 0.430727322840582
f 1615 1616 1617
v -27.86202977561186 6.34514250900267 1.9059961362725804
v -27.49714551844496 7.23567801934161 0.430727322840582
v -27.79768379047423 6.325431612252746 0.37636201411659087
f 1618 1619 1620
v -27.79768379047423 6.325431612252746 0.37636201411659087
v -27.49714551844496 7.23567801934161 0.430727322840582
v -27.56057948510289 7.258151495442537 -1.0989067993154056
f 1621 1622 1623
v -27.79768379047423 6.325431612252746 0.37636201411659087
v -27.56057948510289 7.258151495442537 -1.0989067993154056
v -27.86202977561186 6.34514250900267 -1.1532721080393968
f 1624 1625 1626
v -27.86202977561186 6.34514250900267 -1.1532721080393968
v -27.56057948510289 7.258151495442537 -1.0989067993154056
v -27.74467202644976 7.323372063322642 -2.47880967600716
f 1627 1628 1629
v -27.86202977561186 6.34514250900267 -1.1532721080393968
v -27.74467202644976 7.323372063322642 -2.47880967600716
v -28.048769097674633 6.402345759344667 -2.533174984731151
f 1630 1631 1632
v -28.048769097674633 6.402345759344667 -2.533174984731151
v -27.74467202644976 7.323372063322642 -2.47880967600716
v -28.031402881890386 7.424955479379406 -3.573906799315408
f 1633 1634 1635
v -28.048769097674633 6.402345759344667 -2.533174984731151
v -28.031402881890386 7.424955479379406 -3.573906799315408
v -28.33962241072968 6.491441910576779 -3.628272108039399
f 1636 1637 1638
v -28.33962241072968 6.491441910576779 -3.628272108039399
v -28.031402881890386 7.424955479379406 -3.573906799315408
v -28.3927048375229 7.552958051075914 -4.277002432820429
f 1639 1640 1641
v -28.33962241072968 6.491441910576779 -3.628272108039399
v -28.3927048375229 7.552958051075914 -4.277002432820429
v -28.706118966000993 6.603709610647022 -4.33136774154442
f 1642 1643 1644
v -28.706118966000993 6.603709610647022 -4.33136774154442
v -28.3927048375229 7.552958051075914 -4.277002432820429
v -28.79321114059124 7.694849994848152 -4.519272677159419
f 1645 1646 1647
v -28.706118966000993 6.603709610647022 -4.33136774154442
v -28.79321114059124 7.694849994848152 -4.519272677159419
v -29.11238352712695 6.728159314857458 -4.57363798588341
f 1648 1649 1650
v -29.11238352712695 6.728159314857458 -4.57363798588341
v -28.79321114059124 7.694849994848152 -4.519272677159419
v -29.19371744365958 7.83674193862039 -4.27700243282043
f 1651 1652 1653
v -29.11238352712695 6.728159314857458 -4.57363798588341
v -29.19371744365958 7.83674193862039 -4.27700243282043
v -29.51864808825291 6.852609019067893 -4.331367741544421
f 1654 1655 1656
v -29.51864808825291 6.852609019067893 -4.331367741544421
v -29.19371744365958 7.83674193862039 -4.27700243282043
v -29.555019399292092 7.964744510316898 -3.573906799315409
f 1657 1658 1659
v -29.51864808825291 6.852609019067893 -4.331367741544421
v -29.555019399292092 7.964744510316898 -3.573906799315409
v -29.885144643524217 6.964876719138136 -3.6282721080394
f 1660 1661 1662
v -29.885144643524217 6.964876719138136 -3.6282721080394
v -29.555019399292092 7.964744510316898 -3.573906799315409
v -29.84175025473272 8.066327926373662 -2.478809676007162
f 1663 1664 1665
v -29.885144643524217 6.964876719138136 -3.6282721080394
v -29.84175025473272 8.066327926373662 -2.478809676007162
v -30.17599795657927 7.053972870370249 -2.533174984731153
f 1666 1667 1668
v -30.17599795657927 7.053972870370249 -2.533174984731153
v -29.84175025473272 8.066327926373662 -2.478809676007162
v -30.02584279607959 8.131548494253767 -1.0989067993154094
f 1669 1670 1671
v -30.17599795657927 7.053972870370249 -2.533174984731153
v -30.02584279607959 8.131548494253767 -1.0989067993154094
v -30.362737278642044 7.111176120712245 -1.1532721080394006
f 1672 1673 1674
v -30.362737278642044 7.111176120712245 -1.1532721080394006
v -30.02584279607959 8.131548494253767 -1.0989067993154094
v -30.08927676273752 8.154021970354693 0.4307273228405802
f 1675 1676 1677
v -30.362737278642044 7.111176120712245 -1.1532721080394006
v -30.08927676273752 8.154021970354693 0.4307273228405802
v -30.42708326377967 7.130887017462169 0.37636201411658904
f 1678 1679 1680
v -30.08927676273752 8.154021970354693 0.4307273228405814
v -29.707217611889835 9.163033088205529 0.48448266767683007
v -29.644805591110647 9.137860386398284 2.0141167898328196
f 1681 1682 1683
v -30.08927676273752 8.154021970354693 0.4307273228405814
v -29.644805591110647 9.137860386398284 2.0141167898328196
v -30.02584279607959 8.131548494253767 1.9603614449965712
f 1684 1685 1686
v -30.02584279607959 8.131548494253767 1.9603614449965712
v -29.644805591110647 9.137860386398284 2.0141167898328196
v -29.463678852217072 9.064806360417974 3.394019666524572
f 1687 1688 1689
v -30.02584279607959 8.131548494253767 1.9603614449965712
v -29.463678852217072 9.064806360417974 3.394019666524572
v -29.84175025473272 8.066327926373662 3.3402643216883234
f 1690 1691 1692
v -29.84175025473272 8.066327926373662 3.3402643216883234
v -29.463678852217072 9.064806360417974 3.394019666524572
v -29.181567342396207 8.951022047324876 4.489116789832821
f 1693 1694 1695
v -29.84175025473272 8.066327926373662 3.3402643216883234
v -29.181567342396207 8.951022047324876 4.489116789832821
v -29.555019399292092 7.964744510316898 4.4353614449965715
f 1696 1697 1698
v -29.555019399292092 7.964744510316898 4.4353614449965715
v -29.181567342396207 8.951022047324876 4.489116789832821
v -28.82608610181579 8.80764544846647 5.19221242333784
f 1699 1700 1701
v -29.555019399292092 7.964744510316898 4.4353614449965715
v -28.82608610181579 8.80764544846647 5.19221242333784
v -29.19371744365958 7.83674193862039 5.138457078501591
f 1702 1703 1704
v -29.19371744365958 7.83674193862039 5.138457078501591
v -28.82608610181579 8.80764544846647 5.19221242333784
v -28.43203211108727 8.648711264302523 5.43448266767683
f 1705 1706 1707
v -29.19371744365958 7.83674193862039 5.138457078501591
v -28.43203211108727 8.648711264302523 5.43448266767683
v -28.79321114059124 7.694849994848152 5.380727322840581
f 1708 1709 1710
v -28.79321114059124 7.694849994848152 5.380727322840581
v -28.43203211108727 8.648711264302523 5.43448266767683
v -28.03797812035875 8.489777080138575 5.192212423337841
f 1711 1712 1713
v -28.79321114059124 7.694849994848152 5.380727322840581
v -28.03797812035875 8.489777080138575 5.192212423337841
v -28.3927048375229 7.552958051075914 5.138457078501592
f 1714 1715 1716
v -28.3927048375229 7.552958051075914 5.138457078501592
v -28.03797812035875 8.489777080138575 5.192212423337841
v -27.68249687977833 8.34640048128017 4.489116789832821
f 1717 1718 1719
v -28.3927048375229 7.552958051075914 5.138457078501592
v -27.68249687977833 8.34640048128017 4.489116789832821
v -28.031402881890386 7.424955479379406 4.4353614449965715
f 1720 1721 1722
v -28.031402881890386 7.424955479379406 4.4353614449965715
v -27.68249687977833 8.34640048128017 4.489116789832821
v -27.40038536995747 8.232616168187073 3.394019666524573
f 1723 1724 1725
v -28.031402881890386 7.424955479379406 4.4353614449965715
v -27.40038536995747 8.232616168187073 3.394019666524573
v -27.74467202644976 7.323372063322642 3.3402643216883243
f 1726 1727 1728
v -27.74467202644976 7.323372063322642 3.3402643216883243
v -27.40038536995747 8.232616168187073 3.394019666524573
v -27.219258631063894 8.159562142206761 2.01411678983282
f 1729 1730 1731
v -27.74467202644976 7.323372063322642 3.3402643216883243
v -27.219258631063894 8.159562142206761 2.01411678983282
v -27.56057948510289 7.258151495442537 1.9603614449965716
f 1732 1733 1734
v -27.56057948510289 7.258151495442537 1.9603614449965716
v -27.219258631063894 8.159562142206761 2.01411678983282
v -27.156846610284706 8.134389440399518 0.4844826676768307
f 1735 1736 1737
v -27.56057948510289 7.258151495442537 1.9603614449965716
v -27.156846610284706 8.134389440399518 0.4844826676768307
v -27.49714551844496 7.23567801934161 0.430727322840582
f 1738 1739 1740
v -27.49714551844496 7.23567801934161 0.430727322840582
v -27.156846610284706 8.134389440399518 0.4844826676768307
v -27.219258631063894 8.159562142206761 -1.045151454479157
f 1741 1742 1743
v -27.49714551844496 7.23567801934161 0.430727322840582
v -27.219258631063894 8.159562142206761 -1.045151454479157
v -27.56057948510289 7.258151495442537 -1.0989067993154056
f 1744 1745 1746
v -27.56057948510289 7.258151495442537 -1.0989067993154056
v -27.219258631063894 8.159562142206761 -1.045151454479157
v -27.40038536995747 8.232616168187073 -2.4250543311709114
f 1747 1748 1749
v -27.56057948510289 7.258151495442537 -1.0989067993154056
v -27.40038536995747 8.232616168187073 -2.4250543311709114
v -27.74467202644976 7.323372063322642 -2.47880967600716
f 1750 1751 1752
v -27.74467202644976 7.323372063322642 -2.47880967600716
v -27.40038536995747 8.232616168187073 -2.4250543311709114
v -27.68249687977833 8.34640048128017 -3.5201514544791594
f 1753 1754 1755
v -27.74467202644976 7.323372063322642 -2.47880967600716
v -27.68249687977833 8.34640048128017 -3.5201514544791594
v -28.031402881890386 7.424955479379406 -3.573906799315408
f 1756 1757 1758
v -28.031402881890386 7.424955479379406 -3.573906799315408
v -27.68249687977833 8.34640048128017 -3.5201514544791594
v -28.03797812035875 8.489777080138575 -4.22324708798418
f 1759 1760 1761
v -28.031402881890386 7.424955479379406 -3.573906799315408
v -28.03797812035875 8.489777080138575 -4.22324708798418
v -28.3927048375229 7.552958051075914 -4.277002432820429
f 1762 1763 1764
v -28.3927048375229 7.552958051075914 -4.277002432820429
v -28.03797812035875 8.489777080138575 -4.22324708798418
v -28.43203211108727 8.648711264302523 -4.46551733232317
f 1765 1766 1767
v -28.3927048375229 7.552958051075914 -4.277002432820429
v -28.43203211108727 8.648711264302523 -4.46551733232317
v -28.79321114059124 7.694849994848152 -4.519272677159419
f 1768 1769 1770
v -28.79321114059124 7.694849994848152 -4.519272677159419
v -28.43203211108727 8.648711264302523 -4.46551733232317
v -28.82608610181579 8.80764544846647 -4.223247087984181
f 1771 1772 1773
v -28.79321114059124 7.694849994848152 -4.519272677159419
v -28.82608610181579 8.80764544846647 -4.223247087984181
v -29.19371744365958 7.83674193862039 -4.27700243282043
f 1774 1775 1776
v -29.19371744365958 7.83674193862039 -4.27700243282043
v -28.82608610181579 8.80764544846647 -4.223247087984181
v -29.181567342396207 8.951022047324876 -3.5201514544791603
f 1777 1778 1779
v -29.19371744365958 7.83674193862039 -4.27700243282043
v -29.181567342396207 8.951022047324876 -3.5201514544791603
v -29.555019399292092 7.964744510316898 -3.573906799315409
f 1780 1781 1782
v -29.555019399292092 7.964744510316898 -3.573906799315409
v -29.181567342396207 8.951022047324876 -3.5201514544791603
v -29.463678852217072 9.064806360417974 -2.425054331170913
f 1783 1784 1785
v -29.555019399292092 7.964744510316898 -3.573906799315409
v -29.463678852217072 9.064806360417974 -2.425054331170913
v -29.84175025473272 8.066327926373662 -2.478809676007162
f 1786 1787 1788
v -29.84175025473272 8.066327926373662 -2.478809676007162
v -29.463678852217072 9.064806360417974 -2.425054331170913
v -29.644805591110647 9.137860386398284 -1.0451514544791607
f 1789 1790 1791
v -29.84175025473272 8.066327926373662 -2.478809676007162
v -29.644805591110647 9.137860386398284 -1.0451514544791607
v -30.02584279607959 8.131548494253767 -1.0989067993154094
f 1792 1793 1794
v -30.02584279607959 8.131548494253767 -1.0989067993154094
v -29.644805591110647 9.137860386398284 -1.0451514544791607
v -29.707217611889835 9.163033088205529 0.48448266767682885
f 1795 1796 1797
v -30.02584279607959 8.131548494253767 -1.0989067993154094
v -29.707217611889835 9.163033088205529 0.48448266767682885
v -30.08927676273752 8.154021970354693 0.4307273228405802
f 1798 1799 1800
v -29.707217611889835 9.163033088205529 0.48448266767683007
v -29.281780789750677 10.156324517667468 0.537551924317951
v -29.220495109061957 10.128521809228573 2.0671860464739407
f 1801 1802 1803
v -29.707217611889835 9.163033088205529 0.48448266767683007
v -29.220495109061957 10.128521809228573 2.0671860464739407
v -29.644805591110647 9.137860386398284 2.0141167898328196
f 1804 1805 1806
v -29.644805591110647 9.137860386398284 2.0141167898328196
v -29.220495109061957 10.128521809228573 2.0671860464739407
v -29.04263713642405 10.04783520672675 3.447088923165693
f 1807 1808 1809
v -29.644805591110647 9.137860386398284 2.0141167898328196
v -29.04263713642405 10.04783520672675 3.447088923165693
v -29.463678852217072 9.064806360417974 3.394019666524572
f 1810 1811 1812
v -29.463678852217072 9.064806360417974 3.394019666524572
v -29.04263713642405 10.04783520672675 3.447088923165693
v -28.765616849408122 9.922162876991491 4.542186046473941
f 1813 1814 1815
v -29.463678852217072 9.064806360417974 3.394019666524572
v -28.765616849408122 9.922162876991491 4.542186046473941
v -29.181567342396207 8.951022047324876 4.489116789832821
f 1816 1817 1818
v -29.181567342396207 8.951022047324876 4.489116789832821
v -28.765616849408122 9.922162876991491 4.542186046473941
v -28.416550923821124 9.763806503267894 5.2452816799789606
f 1819 1820 1821
v -29.181567342396207 8.951022047324876 4.489116789832821
v -28.416550923821124 9.763806503267894 5.2452816799789606
v -28.82608610181579 8.80764544846647 5.19221242333784
f 1822 1823 1824
v -28.82608610181579 8.80764544846647 5.19221242333784
v -28.416550923821124 9.763806503267894 5.2452816799789606
v -28.02960836454482 9.588267110749754 5.487551924317951
f 1825 1826 1827
v -28.82608610181579 8.80764544846647 5.19221242333784
v -28.02960836454482 9.588267110749754 5.487551924317951
v -28.43203211108727 8.648711264302523 5.43448266767683
f 1828 1829 1830
v -28.43203211108727 8.648711264302523 5.43448266767683
v -28.02960836454482 9.588267110749754 5.487551924317951
v -27.642665805268514 9.412727718231617 5.245281679978961
f 1831 1832 1833
v -28.43203211108727 8.648711264302523 5.43448266767683
v -27.642665805268514 9.412727718231617 5.245281679978961
v -28.03797812035875 8.489777080138575 5.192212423337841
f 1834 1835 1836
v -28.03797812035875 8.489777080138575 5.192212423337841
v -27.642665805268514 9.412727718231617 5.245281679978961
v -27.293599879681516 9.25437134450802 4.542186046473941
f 1837 1838 1839
v -28.03797812035875 8.489777080138575 5.192212423337841
v -27.293599879681516 9.25437134450802 4.542186046473941
v -27.68249687977833 8.34640048128017 4.489116789832821
f 1840 1841 1842
v -27.68249687977833 8.34640048128017 4.489116789832821
v -27.293599879681516 9.25437134450802 4.542186046473941
v -27.016579592665586 9.12869901477276 3.447088923165694
f 1843 1844 1845
v -27.68249687977833 8.34640048128017 4.489116789832821
v -27.016579592665586 9.12869901477276 3.447088923165694
v -27.40038536995747 8.232616168187073 3.394019666524573
f 1846 1847 1848
v -27.40038536995747 8.232616168187073 3.394019666524573
v -27.016579592665586 9.12869901477276 3.447088923165694
v -26.83872162002768 9.048012412270936 2.067186046473941
f 1849 1850 1851
v -27.40038536995747 8.232616168187073 3.394019666524573
v -26.83872162002768 9.048012412270936 2.067186046473941
v -27.219258631063894 8.159562142206761 2.01411678983282
f 1852 1853 1854
v -27.219258631063894 8.159562142206761 2.01411678983282
v -26.83872162002768 9.048012412270936 2.067186046473941
v -26.77743593933896 9.020209703832041 0.5375519243179515
f 1855 1856 1857
v -27.219258631063894 8.159562142206761 2.01411678983282
v -26.77743593933896 9.020209703832041 0.5375519243179515
v -27.156846610284706 8.134389440399518 0.4844826676768307
f 1858 1859 1860
v -27.156846610284706 8.134389440399518 0.4844826676768307
v -26.77743593933896 9.020209703832041 0.5375519243179515
v -26.83872162002768 9.048012412270936 -0.9920821978380361
f 1861 1862 1863
v -27.156846610284706 8.134389440399518 0.4844826676768307
v -26.83872162002768 9.048012412270936 -0.9920821978380361
v -27.219258631063894 8.159562142206761 -1.045151454479157
f 1864 1865 1866
v -27.219258631063894 8.159562142206761 -1.045151454479157
v -26.83872162002768 9.048012412270936 -0.9920821978380361
v -27.016579592665586 9.12869901477276 -2.371985074529791
f 1867 1868 1869
v -27.219258631063894 8.159562142206761 -1.045151454479157
v -27.016579592665586 9.12869901477276 -2.371985074529791
v -27.40038536995747 8.232616168187073 -2.4250543311709114
f 1870 1871 1872
v -27.40038536995747 8.232616168187073 -2.4250543311709114
v -27.016579592665586 9.12869901477276 -2.371985074529791
v -27.293599879681516 9.254371344508018 -3.467082197838039
f 1873 1874 1875
v -27.40038536995747 8.232616168187073 -2.4250543311709114
v -27.293599879681516 9.254371344508018 -3.467082197838039
v -27.68249687977833 8.34640048128017 -3.5201514544791594
f 1876 1877 1878
v -27.68249687977833 8.34640048128017 -3.5201514544791594
v -27.293599879681516 9.254371344508018 -3.467082197838039
v -27.642665805268514 9.412727718231617 -4.170177831343059
f 1879 1880 1881
v -27.68249687977833 8.34640048128017 -3.5201514544791594
v -27.642665805268514 9.412727718231617 -4.170177831343059
v -28.03797812035875 8.489777080138575 -4.22324708798418
f 1882 1883 1884
v -28.03797812035875 8.489777080138575 -4.22324708798418
v -27.642665805268514 9.412727718231617 -4.170177831343059
v -28.02960836454482 9.588267110749754 -4.412448075682049
f 1885 1886 1887
v -28.03797812035875 8.489777080138575 -4.22324708798418
v -28.02960836454482 9.588267110749754 -4.412448075682049
v -28.43203211108727 8.648711264302523 -4.46551733232317
f 1888 1889 1890
v -28.43203211108727 8.648711264302523 -4.46551733232317
v -28.02960836454482 9.588267110749754 -4.412448075682049
v -28.416550923821124 9.763806503267894 -4.17017783134306
f 1891 1892 1893
v -28.43203211108727 8.648711264302523 -4.46551733232317
v -28.416550923821124 9.763806503267894 -4.17017783134306
v -28.82608610181579 8.80764544846647 -4.223247087984181
f 1894 1895 1896
v -28.82608610181579 8.80764544846647 -4.223247087984181
v -28.416550923821124 9.763806503267894 -4.17017783134306
v -28.765616849408122 9.922162876991491 -3.4670821978380397
f 1897 1898 1899
v -28.82608610181579 8.80764544846647 -4.223247087984181
v -28.765616849408122 9.922162876991491 -3.4670821978380397
v -29.181567342396207 8.951022047324876 -3.5201514544791603
f 1900 1901 1902
v -29.181567342396207 8.951022047324876 -3.5201514544791603
v -28.765616849408122 9.922162876991491 -3.4670821978380397
v -29.04263713642405 10.04783520672675 -2.3719850745297926
f 1903 1904 1905
v -29.181567342396207 8.951022047324876 -3.5201514544791603
v -29.04263713642405 10.04783520672675 -2.3719850745297926
v -29.463678852217072 9.064806360417974 -2.425054331170913
f 1906 1907 1908
v -29.463678852217072 9.064806360417974 -2.425054331170913
v -29.04263713642405 10.04783520672675 -2.3719850745297926
v -29.220495109061957 10.128521809228573 -0.9920821978380399
f 1909 1910 1911
v -29.463678852217072 9.064806360417974 -2.425054331170913
v -29.220495109061957 10.128521809228573 -0.9920821978380399
v -29.644805591110647 9.137860386398284 -1.0451514544791607
f 1912 1913 1914
v -29.644805591110647 9.137860386398284 -1.0451514544791607
v -29.220495109061957 10.128521809228573 -0.9920821978380399
v -29.281780789750677 10.156324517667468 0.5375519243179497
f 1915 1916 1917
v -29.644805591110647 9.137860386398284 -1.0451514544791607
v -29.281780789750677 10.156324517667468 0.5375519243179497
v -29.707217611889835 9.163033088205529 0.48448266767682885
f 1918 1919 1920
v -29.281780789750677 10.156324517667468 0.537551924317951
v -28.81391514870698 11.132371543811796 0.589859940043455
v -28.753854369014444 11.102013217165833 2.1194940621994447
f 1921 1922 1923
v -29.281780789750677 10.156324517667468 0.537551924317951
v -28.753854369014444 11.102013217165833 2.1194940621994447
v -29.220495109061957 10.128521809228573 2.0671860464739407
f 1924 1925 1926
v -29.220495109061957 10.128521809228573 2.0671860464739407
v -28.753854369014444 11.102013217165833 2.1194940621994447
v -28.57955119752121 11.013909921758946 3.4993969388911967
f 1927 1928 1929
v -29.220495109061957 10.128521809228573 2.0671860464739407
v -28.57955119752121 11.013909921758946 3.4993969388911967
v -29.04263713642405 10.04783520672675 3.447088923165693
f 1930 1931 1932
v -29.04263713642405 10.04783520672675 3.447088923165693
v -28.57955119752121 11.013909921758946 3.4993969388911967
v -28.30806764309464 10.876685821997318 4.594494062199446
f 1933 1934 1935
v -29.04263713642405 10.04783520672675 3.447088923165693
v -28.30806764309464 10.876685821997318 4.594494062199446
v -28.765616849408122 9.922162876991491 4.542186046473941
f 1936 1937 1938
v -28.765616849408122 9.922162876991491 4.542186046473941
v -28.30806764309464 10.876685821997318 4.594494062199446
v -27.965978407579147 10.703773368862139 5.297589695704465
f 1939 1940 1941
v -28.765616849408122 9.922162876991491 4.542186046473941
v -27.965978407579147 10.703773368862139 5.297589695704465
v -28.416550923821124 9.763806503267894 5.2452816799789606
f 1942 1943 1944
v -28.416550923821124 9.763806503267894 5.2452816799789606
v -27.965978407579147 10.703773368862139 5.297589695704465
v -27.586769568822852 10.512098438018183 5.539859940043455
f 1945 1946 1947
v -28.416550923821124 9.763806503267894 5.2452816799789606
v -27.586769568822852 10.512098438018183 5.539859940043455
v -28.02960836454482 9.588267110749754 5.487551924317951
f 1948 1949 1950
v -28.02960836454482 9.588267110749754 5.487551924317951
v -27.586769568822852 10.512098438018183 5.539859940043455
v -27.207560730066557 10.320423507174226 5.297589695704466
f 1951 1952 1953
v -28.02960836454482 9.588267110749754 5.487551924317951
v -27.207560730066557 10.320423507174226 5.297589695704466
v -27.642665805268514 9.412727718231617 5.245281679978961
f 1954 1955 1956
v -27.642665805268514 9.412727718231617 5.245281679978961
v -27.207560730066557 10.320423507174226 5.297589695704466
v -26.86547149455107 10.147511054039047 4.594494062199446
f 1957 1958 1959
v -27.642665805268514 9.412727718231617 5.245281679978961
v -26.86547149455107 10.147511054039047 4.594494062199446
v -27.293599879681516 9.25437134450802 4.542186046473941
f 1960 1961 1962
v -27.293599879681516 9.25437134450802 4.542186046473941
v -26.86547149455107 10.147511054039047 4.594494062199446
v -26.593987940124496 10.010286954277419 3.4993969388911976
f 1963 1964 1965
v -27.293599879681516 9.25437134450802 4.542186046473941
v -26.593987940124496 10.010286954277419 3.4993969388911976
v -27.016579592665586 9.12869901477276 3.447088923165694
f 1966 1967 1968
v -27.016579592665586 9.12869901477276 3.447088923165694
v -26.593987940124496 10.010286954277419 3.4993969388911976
v -26.41968476863126 9.922183658870534 2.119494062199445
f 1969 1970 1971
v -27.016579592665586 9.12869901477276 3.447088923165694
v -26.41968476863126 9.922183658870534 2.119494062199445
v -26.83872162002768 9.048012412270936 2.067186046473941
f 1972 1973 1974
v -26.83872162002768 9.048012412270936 2.067186046473941
v -26.41968476863126 9.922183658870534 2.119494062199445
v -26.35962398893873 9.891825332224569 0.5898599400434555
f 1975 1976 1977
v -26.83872162002768 9.048012412270936 2.067186046473941
v -26.35962398893873 9.891825332224569 0.5898599400434555
v -26.77743593933896 9.020209703832041 0.5375519243179515
f 1978 1979 1980
v -26.77743593933896 9.020209703832041 0.5375519243179515
v -26.35962398893873 9.891825332224569 0.5898599400434555
v -26.41968476863126 9.922183658870534 -0.939774182112532
f 1981 1982 1983
v -26.77743593933896 9.020209703832041 0.5375519243179515
v -26.41968476863126 9.922183658870534 -0.939774182112532
v -26.83872162002768 9.048012412270936 -0.9920821978380361
f 1984 1985 1986
v -26.83872162002768 9.048012412270936 -0.9920821978380361
v -26.41968476863126 9.922183658870534 -0.939774182112532
v -26.593987940124496 10.010286954277419 -2.3196770588042863
f 1987 1988 1989
v -26.83872162002768 9.048012412270936 -0.9920821978380361
v -26.593987940124496 10.010286954277419 -2.3196770588042863
v -27.016579592665586 9.12869901477276 -2.371985074529791
f 1990 1991 1992
v -27.016579592665586 9.12869901477276 -2.371985074529791
v -26.593987940124496 10.010286954277419 -2.3196770588042863
v -26.86547149455107 10.147511054039047 -3.4147741821125344
f 1993 1994 1995
v -27.016579592665586 9.12869901477276 -2.371985074529791
v -26.86547149455107 10.147511054039047 -3.4147741821125344
v -27.293599879681516 9.254371344508018 -3.467082197838039
f 1996 1997 1998
v -27.293599879681516 9.254371344508018 -3.467082197838039
v -26.86547149455107 10.147511054039047 -3.4147741821125344
v -27.207560730066557 10.320423507174226 -4.117869815617555
f 1999 2000 2001
v -27.293599879681516 9.254371344508018 -3.467082197838039
v -27.207560730066557 10.320423507174226 -4.117869815617555
v -27.642665805268514 9.412727718231617 -4.170177831343059
f 2002 2003 2004
v -27.642665805268514 9.412727718231617 -4.170177831343059
v -27.207560730066557 10.320423507174226 -4.117869815617555
v -27.586769568822852 10.512098438018183 -4.360140059956545
f 2005 2006 2007
v -27.642665805268514 9.412727718231617 -4.170177831343059
v -27.586769568822852 10.512098438018183 -4.360140059956545
v -28.02960836454482 9.588267110749754 -4.412448075682049
f 2008 2009 2010
v -28.02960836454482 9.588267110749754 -4.412448075682049
v -27.586769568822852 10.512098438018183 -4.360140059956545
v -27.965978407579147 10.703773368862139 -4.1178698156175555
f 2011 2012 2013
v -28.02960836454482 9.588267110749754 -4.412448075682049
v -27.965978407579147 10.703773368862139 -4.1178698156175555
v -28.416550923821124 9.763806503267894 -4.17017783134306
f 2014 2015 2016
v -28.416550923821124 9.763806503267894 -4.17017783134306
v -27.965978407579147 10.703773368862139 -4.1178698156175555
v -28.30806764309464 10.876685821997318 -3.4147741821125353
f 2017 2018 2019
v -28.416550923821124 9.763806503267894 -4.17017783134306
v -28.30806764309464 10.876685821997318 -3.4147741821125353
v -28.765616849408122 9.922162876991491 -3.4670821978380397
f 2020 2021 2022
v -28.765616849408122 9.922162876991491 -3.4670821978380397
v -28.30806764309464 10.876685821997318 -3.4147741821125353
v -28.57955119752121 11.013909921758946 -2.319677058804288
f 2023 2024 2025
v -28.765616849408122 9.922162876991491 -3.4670821978380397
v -28.57955119752121 11.013909921758946 -2.319677058804288
v -29.04263713642405 10.04783520672675 -2.3719850745297926
f 2026 2027 2028
v -29.04263713642405 10.04783520672675 -2.3719850745297926
v -28.57955119752121 11.013909921758946 -2.319677058804288
v -28.753854369014444 11.102013217165833 -0.9397741821125358
f 2029 2030 2031
v -29.04263713642405 10.04783520672675 -2.3719850745297926
v -28.753854369014444 11.102013217165833 -0.9397741821125358
v -29.220495109061957 10.128521809228573 -0.9920821978380399
f 2032 2033 2034
v -29.220495109061957 10.128521809228573 -0.9920821978380399
v -28.753854369014444 11.102013217165833 -0.9397741821125358
v -28.81391514870698 11.132371543811796 0.5898599400434538
f 2035 2036 2037
v -29.220495109061957 10.128521809228573 -0.9920821978380399
v -28.81391514870698 11.132371543811796 0.5898599400434538
v -29.281780789750677 10.156324517667468 0.5375519243179497
f 2038 2039 2040
v -28.81391514870698 11.132371543811796 0.589859940043455
v -28.30463507330288 12.089722820398798 0.6413326401454236
v -28.24589171597515 12.056887729049983 2.170966762301413
f 2041 2042 2043
v -28.81391514870698 11.132371543811796 0.589859940043455
v -28.24589171597515 12.056887729049983 2.170966762301413
v -28.753854369014444 11.102013217165833 2.1194940621994447
f 2044 2045 2046
v -28.753854369014444 11.102013217165833 2.1194940621994447
v -28.24589171597515 12.056887729049983 2.170966762301413
v -28.075411853096245 11.961596582520295 3.5508696389931655
f 2047 2048 2049
v -28.753854369014444 11.102013217165833 2.1194940621994447
v -28.075411853096245 11.961596582520295 3.5508696389931655
v -28.57955119752121 11.013909921758946 3.4993969388911967
f 2050 2051 2052
v -28.57955119752121 11.013909921758946 3.4993969388911967
v -28.075411853096245 11.961596582520295 3.5508696389931655
v -27.809883241447796 11.813177142164518 4.6459667623014145
f 2053 2054 2055
v -28.57955119752121 11.013909921758946 3.4993969388911967
v -27.809883241447796 11.813177142164518 4.6459667623014145
v -28.30806764309464 10.876685821997318 4.594494062199446
f 2056 2057 2058
v -28.30806764309464 10.876685821997318 4.594494062199446
v -27.809883241447796 11.813177142164518 4.6459667623014145
v -27.475297671584578 11.626157736903721 5.349062395806433
f 2059 2060 2061
v -28.30806764309464 10.876685821997318 4.594494062199446
v -27.475297671584578 11.626157736903721 5.349062395806433
v -27.965978407579147 10.703773368862139 5.297589695704465
f 2062 2063 2064
v -27.965978407579147 10.703773368862139 5.297589695704465
v -27.475297671584578 11.626157736903721 5.349062395806433
v -27.10440671027954 11.41884512916565 5.591332640145424
f 2065 2066 2067
v -27.965978407579147 10.703773368862139 5.297589695704465
v -27.10440671027954 11.41884512916565 5.591332640145424
v -27.586769568822852 10.512098438018183 5.539859940043455
f 2068 2069 2070
v -27.586769568822852 10.512098438018183 5.539859940043455
v -27.10440671027954 11.41884512916565 5.591332640145424
v -26.733515748974504 11.21153252142758 5.349062395806435
f 2071 2072 2073
v -27.586769568822852 10.512098438018183 5.539859940043455
v -26.733515748974504 11.21153252142758 5.349062395806435
v -27.207560730066557 10.320423507174226 5.297589695704466
f 2074 2075 2076
v -27.207560730066557 10.320423507174226 5.297589695704466
v -26.733515748974504 11.21153252142758 5.349062395806435
v -26.398930179111286 11.024513116166784 4.6459667623014145
f 2077 2078 2079
v -27.207560730066557 10.320423507174226 5.297589695704466
v -26.398930179111286 11.024513116166784 4.6459667623014145
v -26.86547149455107 10.147511054039047 4.594494062199446
f 2080 2081 2082
v -26.86547149455107 10.147511054039047 4.594494062199446
v -26.398930179111286 11.024513116166784 4.6459667623014145
v -26.133401567462837 10.876093675811006 3.5508696389931664
f 2083 2084 2085
v -26.86547149455107 10.147511054039047 4.594494062199446
v -26.133401567462837 10.876093675811006 3.5508696389931664
v -26.593987940124496 10.010286954277419 3.4993969388911976
f 2086 2087 2088
v -26.593987940124496 10.010286954277419 3.4993969388911976
v -26.133401567462837 10.876093675811006 3.5508696389931664
v -25.96292170458393 10.780802529281319 2.170966762301414
f 2089 2090 2091
v -26.593987940124496 10.010286954277419 3.4993969388911976
v -25.96292170458393 10.780802529281319 2.170966762301414
v -26.41968476863126 9.922183658870534 2.119494062199445
f 2092 2093 2094
v -26.41968476863126 9.922183658870534 2.119494062199445
v -25.96292170458393 10.780802529281319 2.170966762301414
v -25.904178347256202 10.747967437932504 0.6413326401454241
f 2095 2096 2097
v -26.41968476863126 9.922183658870534 2.119494062199445
v -25.904178347256202 10.747967437932504 0.6413326401454241
v -26.35962398893873 9.891825332224569 0.5898599400434555
f 2098 2099 2100
v -26.35962398893873 9.891825332224569 0.5898599400434555
v -25.904178347256202 10.747967437932504 0.6413326401454241
v -25.96292170458393 10.780802529281319 -0.8883014820105635
f 2101 2102 2103
v -26.35962398893873 9.891825332224569 0.5898599400434555
v -25.96292170458393 10.780802529281319 -0.8883014820105635
v -26.41968476863126 9.922183658870534 -0.939774182112532
f 2104 2105 2106
v -26.41968476863126 9.922183658870534 -0.939774182112532
v -25.96292170458393 10.780802529281319 -0.8883014820105635
v -26.133401567462837 10.876093675811006 -2.268204358702318
f 2107 2108 2109
v -26.41968476863126 9.922183658870534 -0.939774182112532
v -26.133401567462837 10.876093675811006 -2.268204358702318
v -26.593987940124496 10.010286954277419 -2.3196770588042863
f 2110 2111 2112
v -26.593987940124496 10.010286954277419 -2.3196770588042863
v -26.133401567462837 10.876093675811006 -2.268204358702318
v -26.398930179111286 11.024513116166784 -3.363301482010566
f 2113 2114 2115
v -26.593987940124496 10.010286954277419 -2.3196770588042863
v -26.398930179111286 11.024513116166784 -3.363301482010566
v -26.86547149455107 10.147511054039047 -3.4147741821125344
f 2116 2117 2118
v -26.86547149455107 10.147511054039047 -3.4147741821125344
v -26.398930179111286 11.024513116166784 -3.363301482010566
v -26.733515748974504 11.21153252142758 -4.066397115515587
f 2119 2120 2121
v -26.86547149455107 10.147511054039047 -3.4147741821125344
v -26.733515748974504 11.21153252142758 -4.066397115515587
v -27.207560730066557 10.320423507174226 -4.117869815617555
f 2122 2123 2124
v -27.207560730066557 10.320423507174226 -4.117869815617555
v -26.733515748974504 11.21153252142758 -4.066397115515587
v -27.10440671027954 11.41884512916565 -4.308667359854576
f 2125 2126 2127
v -27.207560730066557 10.320423507174226 -4.117869815617555
v -27.10440671027954 11.41884512916565 -4.308667359854576
v -27.586769568822852 10.512098438018183 -4.360140059956545
f 2128 2129 2130
v -27.586769568822852 10.512098438018183 -4.360140059956545
v -27.10440671027954 11.41884512916565 -4.308667359854576
v -27.475297671584578 11.626157736903721 -4.066397115515587
f 2131 2132 2133
v -27.586769568822852 10.512098438018183 -4.360140059956545
v -27.475297671584578 11.626157736903721 -4.066397115515587
v -27.965978407579147 10.703773368862139 -4.1178698156175555
f 2134 2135 2136
v -27.965978407579147 10.703773368862139 -4.1178698156175555
v -27.475297671584578 11.626157736903721 -4.066397115515587
v -27.809883241447796 11.813177142164518 -3.363301482010567
f 2137 2138 2139
v -27.965978407579147 10.703773368862139 -4.1178698156175555
v -27.809883241447796 11.813177142164518 -3.363301482010567
v -28.30806764309464 10.876685821997318 -3.4147741821125353
f 2140 2141 2142
v -28.30806764309464 10.876685821997318 -3.4147741821125353
v -27.809883241447796 11.813177142164518 -3.363301482010567
v -28.075411853096245 11.961596582520295 -2.2682043587023197
f 2143 2144 2145
v -28.30806764309464 10.876685821997318 -3.4147741821125353
v -28.075411853096245 11.961596582520295 -2.2682043587023197
v -28.57955119752121 11.013909921758946 -2.319677058804288
f 2146 2147 2148
v -28.57955119752121 11.013909921758946 -2.319677058804288
v -28.075411853096245 11.961596582520295 -2.2682043587023197
v -28.24589171597515 12.056887729049983 -0.8883014820105672
f 2149 2150 2151
v -28.57955119752121 11.013909921758946 -2.319677058804288
v -28.24589171597515 12.056887729049983 -0.8883014820105672
v -28.753854369014444 11.102013217165833 -0.9397741821125358
f 2152 2153 2154
v -28.753854369014444 11.102013217165833 -0.9397741821125358
v -28.24589171597515 12.056887729049983 -0.8883014820105672
v -28.30463507330288 12.089722820398798 0.6413326401454224
f 2155 2156 2157
v -28.753854369014444 11.102013217165833 -0.9397741821125358
v -28.30463507330288 12.089722820398798 0.6413326401454224
v -28.81391514870698 11.132371543811796 0.5898599400434538
f 2158 2159 2160
v -28.30463507330288 12.089722820398798 0.6413326401454236
v -27.75501239567383 13.027001391259459 0.6918971328275813
v -27.69767282620899 12.991772155849011 2.221531254983571
f 2161 2162 2163
v -28.30463507330288 12.089722820398798 0.6413326401454236
v -27.69767282620899 12.991772155849011 2.221531254983571
v -28.24589171597515 12.056887729049983 2.170966762301413
f 2164 2165 2166
v -28.24589171597515 12.056887729049983 2.170966762301413
v -27.69767282620899 12.991772155849011 2.221531254983571
v -27.53126691438196 12.889532932636156 3.6014341316753233
f 2167 2168 2169
v -28.24589171597515 12.056887729049983 2.170966762301413
v -27.53126691438196 12.889532932636156 3.6014341316753233
v -28.075411853096245 11.961596582520295 3.5508696389931655
f 2170 2171 2172
v -28.075411853096245 11.961596582520295 3.5508696389931655
v -27.53126691438196 12.889532932636156 3.6014341316753233
v -27.272083630260532 12.730291609131523 4.696531254983571
f 2173 2174 2175
v -28.075411853096245 11.961596582520295 3.5508696389931655
v -27.272083630260532 12.730291609131523 4.696531254983571
v -27.809883241447796 11.813177142164518 4.6459667623014145
f 2176 2177 2178
v -27.809883241447796 11.813177142164518 4.6459667623014145
v -27.272083630260532 12.730291609131523 4.696531254983571
v -26.94549363953064 12.529635835579288 5.399626888488591
f 2179 2180 2181
v -27.809883241447796 11.813177142164518 4.6459667623014145
v -26.94549363953064 12.529635835579288 5.399626888488591
v -27.475297671584578 11.626157736903721 5.349062395806433
f 2182 2183 2184
v -27.475297671584578 11.626157736903721 5.349062395806433
v -26.94549363953064 12.529635835579288 5.399626888488591
v -26.58346584597119 12.307207197145726 5.641897132827581
f 2185 2186 2187
v -27.475297671584578 11.626157736903721 5.349062395806433
v -26.58346584597119 12.307207197145726 5.641897132827581
v -27.10440671027954 11.41884512916565 5.591332640145424
f 2188 2189 2190
v -27.10440671027954 11.41884512916565 5.591332640145424
v -26.58346584597119 12.307207197145726 5.641897132827581
v -26.22143805241174 12.084778558712163 5.399626888488592
f 2191 2192 2193
v -27.10440671027954 11.41884512916565 5.591332640145424
v -26.22143805241174 12.084778558712163 5.399626888488592
v -26.733515748974504 11.21153252142758 5.349062395806435
f 2194 2195 2196
v -26.733515748974504 11.21153252142758 5.349062395806435
v -26.22143805241174 12.084778558712163 5.399626888488592
v -25.89484806168185 11.884122785159928 4.696531254983571
f 2197 2198 2199
v -26.733515748974504 11.21153252142758 5.349062395806435
v -25.89484806168185 11.884122785159928 4.696531254983571
v -26.398930179111286 11.024513116166784 4.6459667623014145
f 2200 2201 2202
v -26.398930179111286 11.024513116166784 4.6459667623014145
v -25.89484806168185 11.884122785159928 4.696531254983571
v -25.63566477756042 11.724881461655295 3.6014341316753242
f 2203 2204 2205
v -26.398930179111286 11.024513116166784 4.6459667623014145
v -25.63566477756042 11.724881461655295 3.6014341316753242
v -26.133401567462837 10.876093675811006 3.5508696389931664
f 2206 2207 2208
v -26.133401567462837 10.876093675811006 3.5508696389931664
v -25.63566477756042 11.724881461655295 3.6014341316753242
v -25.46925886573339 11.622642238442442 2.2215312549835713
f 2209 2210 2211
v -26.133401567462837 10.876093675811006 3.5508696389931664
v -25.46925886573339 11.622642238442442 2.2215312549835713
v -25.96292170458393 10.780802529281319 2.170966762301414
f 2212 2213 2214
v -25.96292170458393 10.780802529281319 2.170966762301414
v -25.46925886573339 11.622642238442442 2.2215312549835713
v -25.41191929626855 11.587413003031992 0.6918971328275818
f 2215 2216 2217
v -25.96292170458393 10.780802529281319 2.170966762301414
v -25.41191929626855 11.587413003031992 0.6918971328275818
v -25.904178347256202 10.747967437932504 0.6413326401454241
f 2218 2219 2220
v -25.904178347256202 10.747967437932504 0.6413326401454241
v -25.41191929626855 11.587413003031992 0.6918971328275818
v -25.46925886573339 11.622642238442442 -0.8377369893284058
f 2221 2222 2223
v -25.904178347256202 10.747967437932504 0.6413326401454241
v -25.46925886573339 11.622642238442442 -0.8377369893284058
v -25.96292170458393 10.780802529281319 -0.8883014820105635
f 2224 2225 2226
v -25.96292170458393 10.780802529281319 -0.8883014820105635
v -25.46925886573339 11.622642238442442 -0.8377369893284058
v -25.63566477756042 11.724881461655295 -2.21763986602016
f 2227 2228 2229
v -25.96292170458393 10.780802529281319 -0.8883014820105635
v -25.63566477756042 11.724881461655295 -2.21763986602016
v -26.133401567462837 10.876093675811006 -2.268204358702318
f 2230 2231 2232
v -26.133401567462837 10.876093675811006 -2.268204358702318
v -25.63566477756042 11.724881461655295 -2.21763986602016
v -25.89484806168185 11.884122785159928 -3.312736989328408
f 2233 2234 2235
v -26.133401567462837 10.876093675811006 -2.268204358702318
v -25.89484806168185 11.884122785159928 -3.312736989328408
v -26.398930179111286 11.024513116166784 -3.363301482010566
f 2236 2237 2238
v -26.398930179111286 11.024513116166784 -3.363301482010566
v -25.89484806168185 11.884122785159928 -3.312736989328408
v -26.22143805241174 12.084778558712163 -4.015832622833429
f 2239 2240 2241
v -26.398930179111286 11.024513116166784 -3.363301482010566
v -26.22143805241174 12.084778558712163 -4.015832622833429
v -26.733515748974504 11.21153252142758 -4.066397115515587
f 2242 2243 2244
v -26.733515748974504 11.21153252142758 -4.066397115515587
v -26.22143805241174 12.084778558712163 -4.015832622833429
v -26.58346584597119 12.307207197145726 -4.258102867172419
f 2245 2246 2247
v -26.733515748974504 11.21153252142758 -4.066397115515587
v -26.58346584597119 12.307207197145726 -4.258102867172419
v -27.10440671027954 11.41884512916565 -4.308667359854576
f 2248 2249 2250
v -27.10440671027954 11.41884512916565 -4.308667359854576
v -26.58346584597119 12.307207197145726 -4.258102867172419
v -26.94549363953064 12.529635835579288 -4.01583262283343
f 2251 2252 2253
v -27.10440671027954 11.41884512916565 -4.308667359854576
v -26.94549363953064 12.529635835579288 -4.01583262283343
v -27.475297671584578 11.626157736903721 -4.066397115515587
f 2254 2255 2256
v -27.475297671584578 11.626157736903721 -4.066397115515587
v -26.94549363953064 12.529635835579288 -4.01583262283343
v -27.272083630260532 12.730291609131523 -3.312736989328409
f 2257 2258 2259
v -27.475297671584578 11.626157736903721 -4.066397115515587
v -27.272083630260532 12.730291609131523 -3.312736989328409
v -27.809883241447796 11.813177142164518 -3.363301482010567
f 2260 2261 2262
v -27.809883241447796 11.813177142164518 -3.363301482010567
v -27.272083630260532 12.730291609131523 -3.312736989328409
v -27.53126691438196 12.889532932636156 -2.217639866020162
f 2263 2264 2265
v -27.809883241447796 11.813177142164518 -3.363301482010567
v -27.53126691438196 12.889532932636156 -2.217639866020162
v -28.075411853096245 11.961596582520295 -2.2682043587023197
f 2266 2267 2268
v -28.075411853096245 11.961596582520295 -2.2682043587023197
v -27.53126691438196 12.889532932636156 -2.217639866020162
v -27.69767282620899 12.991772155849011 -0.8377369893284096
f 2269 2270 2271
v -28.075411853096245 11.961596582520295 -2.2682043587023197
v -27.69767282620899 12.991772155849011 -0.8377369893284096
v -28.24589171597515 12.056887729049983 -0.8883014820105672
f 2272 2273 2274
v -28.24589171597515 12.056887729049983 -0.8883014820105672
v -27.69767282620899 12.991772155849011 -0.8377369893284096
v -27.75501239567383 13.027001391259459 0.69189713282758
f 2275 2276 2277
v -28.24589171597515 12.056887729049983 -0.8883014820105672
v -27.75501239567383 13.027001391259459 0.69189713282758
v -28.30463507330288 12.089722820398798 0.6413326401454224
f 2278 2279 2280
v -27.75501239567383 13.027001391259459 0.6918971328275813
v -27.16616873906243 13.94290463566137 0.7414818124292173
v -27.110313134583627 13.90536696521786 2.271115934585207
f 2281 2282 2283
v -27.75501239567383 13.027001391259459 0.6918971328275813
v -27.110313134583627 13.90536696521786 2.271115934585207
v -27.69767282620899 12.991772155849011 2.221531254983571
f 2284 2285 2286
v -27.69767282620899 12.991772155849011 2.221531254983571
v -27.110313134583627 13.90536696521786 2.271115934585207
v -26.948213856882482 13.796428402610672 3.651018811276959
f 2287 2288 2289
v -27.69767282620899 12.991772155849011 2.221531254983571
v -26.948213856882482 13.796428402610672 3.651018811276959
v -27.53126691438196 12.889532932636156 3.6014341316753233
f 2290 2291 2292
v -27.53126691438196 12.889532932636156 3.6014341316753233
v -26.948213856882482 13.796428402610672 3.651018811276959
v -26.69573831267246 13.626752613367398 4.746115934585208
f 2293 2294 2295
v -27.53126691438196 12.889532932636156 3.6014341316753233
v -26.69573831267246 13.626752613367398 4.746115934585208
v -27.272083630260532 12.730291609131523 4.696531254983571
f 2296 2297 2298
v -27.272083630260532 12.730291609131523 4.696531254983571
v -26.69573831267246 13.626752613367398 4.746115934585208
v -26.377600567321394 13.4129486459399 5.449211568090227
f 2299 2300 2301
v -27.272083630260532 12.730291609131523 4.696531254983571
v -26.377600567321394 13.4129486459399 5.449211568090227
v -26.94549363953064 12.529635835579288 5.399626888488591
f 2302 2303 2304
v -26.94549363953064 12.529635835579288 5.399626888488591
v -26.377600567321394 13.4129486459399 5.449211568090227
v -26.024942159940256 13.175945122319824 5.691481812429218
f 2305 2306 2307
v -26.94549363953064 12.529635835579288 5.399626888488591
v -26.024942159940256 13.175945122319824 5.691481812429218
v -26.58346584597119 12.307207197145726 5.641897132827581
f 2308 2309 2310
v -26.58346584597119 12.307207197145726 5.641897132827581
v -26.024942159940256 13.175945122319824 5.691481812429218
v -25.672283752559117 12.938941598699747 5.449211568090228
f 2311 2312 2313
v -26.58346584597119 12.307207197145726 5.641897132827581
v -25.672283752559117 12.938941598699747 5.449211568090228
v -26.22143805241174 12.084778558712163 5.399626888488592
f 2314 2315 2316
v -26.22143805241174 12.084778558712163 5.399626888488592
v -25.672283752559117 12.938941598699747 5.449211568090228
v -25.35414600720805 12.72513763127225 4.746115934585208
f 2317 2318 2319
v -26.22143805241174 12.084778558712163 5.399626888488592
v -25.35414600720805 12.72513763127225 4.746115934585208
v -25.89484806168185 11.884122785159928 4.696531254983571
f 2320 2321 2322
v -25.89484806168185 11.884122785159928 4.696531254983571
v -25.35414600720805 12.72513763127225 4.746115934585208
v -25.10167046299803 12.555461842028974 3.65101881127696
f 2323 2324 2325
v -25.89484806168185 11.884122785159928 4.696531254983571
v -25.10167046299803 12.555461842028974 3.65101881127696
v -25.63566477756042 11.724881461655295 3.6014341316753242
f 2326 2327 2328
v -25.63566477756042 11.724881461655295 3.6014341316753242
v -25.10167046299803 12.555461842028974 3.65101881127696
v -24.939571185296884 12.446523279421788 2.2711159345852074
f 2329 2330 2331
v -25.63566477756042 11.724881461655295 3.6014341316753242
v -24.939571185296884 12.446523279421788 2.2711159345852074
v -25.46925886573339 11.622642238442442 2.2215312549835713
f 2332 2333 2334
v -25.46925886573339 11.622642238442442 2.2215312549835713
v -24.939571185296884 12.446523279421788 2.2711159345852074
v -24.88371558081808 12.408985608978279 0.7414818124292178
f 2335 2336 2337
v -25.46925886573339 11.622642238442442 2.2215312549835713
v -24.88371558081808 12.408985608978279 0.7414818124292178
v -25.41191929626855 11.587413003031992 0.6918971328275818
f 2338 2339 2340
v -25.41191929626855 11.587413003031992 0.6918971328275818
v -24.88371558081808 12.408985608978279 0.7414818124292178
v -24.939571185296884 12.446523279421788 -0.7881523097267698
f 2341 2342 2343
v -25.41191929626855 11.587413003031992 0.6918971328275818
v -24.939571185296884 12.446523279421788 -0.7881523097267698
v -25.46925886573339 11.622642238442442 -0.8377369893284058
f 2344 2345 2346
v -25.46925886573339 11.622642238442442 -0.8377369893284058
v -24.939571185296884 12.446523279421788 -0.7881523097267698
v -25.10167046299803 12.555461842028974 -2.168055186418524
f 2347 2348 2349
v -25.46925886573339 11.622642238442442 -0.8377369893284058
v -25.10167046299803 12.555461842028974 -2.168055186418524
v -25.63566477756042 11.724881461655295 -2.21763986602016
f 2350 2351 2352
v -25.63566477756042 11.724881461655295 -2.21763986602016
v -25.10167046299803 12.555461842028974 -2.168055186418524
v -25.35414600720805 12.72513763127225 -3.263152309726772
f 2353 2354 2355
v -25.63566477756042 11.724881461655295 -2.21763986602016
v -25.35414600720805 12.72513763127225 -3.263152309726772
v -25.89484806168185 11.884122785159928 -3.312736989328408
f 2356 2357 2358
v -25.89484806168185 11.884122785159928 -3.312736989328408
v -25.35414600720805 12.72513763127225 -3.263152309726772
v -25.672283752559117 12.938941598699747 -3.9662479432317923
f 2359 2360 2361
v -25.89484806168185 11.884122785159928 -3.312736989328408
v -25.672283752559117 12.938941598699747 -3.9662479432317923
v -26.22143805241174 12.084778558712163 -4.015832622833429
f 2362 2363 2364
v -26.22143805241174 12.084778558712163 -4.015832622833429
v -25.672283752559117 12.938941598699747 -3.9662479432317923
v -26.024942159940256 13.175945122319824 -4.208518187570783
f 2365 2366 2367
v -26.22143805241174 12.084778558712163 -4.015832622833429
v -26.024942159940256 13.175945122319824 -4.208518187570783
v -26.58346584597119 12.307207197145726 -4.258102867172419
f 2368 2369 2370
v -26.58346584597119 12.307207197145726 -4.258102867172419
v -26.024942159940256 13.175945122319824 -4.208518187570783
v -26.377600567321394 13.4129486459399 -3.966247943231793
f 2371 2372 2373
v -26.58346584597119 12.307207197145726 -4.258102867172419
v -26.377600567321394 13.4129486459399 -3.966247943231793
v -26.94549363953064 12.529635835579288 -4.01583262283343
f 2374 2375 2376
v -26.94549363953064 12.529635835579288 -4.01583262283343
v -26.377600567321394 13.4129486459399 -3.966247943231793
v -26.69573831267246 13.626752613367398 -3.263152309726773
f 2377 2378 2379
v -26.94549363953064 12.529635835579288 -4.01583262283343
v -26.69573831267246 13.626752613367398 -3.263152309726773
v -27.272083630260532 12.730291609131523 -3.312736989328409
f 2380 2381 2382
v -27.272083630260532 12.730291609131523 -3.312736989328409
v -26.69573831267246 13.626752613367398 -3.263152309726773
v -26.948213856882482 13.796428402610672 -2.168055186418526
f 2383 2384 2385
v -27.272083630260532 12.730291609131523 -3.312736989328409
v -26.948213856882482 13.796428402610672 -2.168055186418526
v -27.53126691438196 12.889532932636156 -2.217639866020162
f 2386 2387 2388
v -27.53126691438196 12.889532932636156 -2.217639866020162
v -26.948213856882482 13.796428402610672 -2.168055186418526
v -27.110313134583627 13.90536696521786 -0.7881523097267735
f 2389 2390 2391
v -27.53126691438196 12.889532932636156 -2.217639866020162
v -27.110313134583627 13.90536696521786 -0.7881523097267735
v -27.69767282620899 12.991772155849011 -0.8377369893284096
f 2392 2393 2394
v -27.69767282620899 12.991772155849011 -0.8377369893284096
v -27.110313134583627 13.90536696521786 -0.7881523097267735
v -27.16616873906243 13.94290463566137 0.7414818124292161
f 2395 2396 2397
v -27.69767282620899 12.991772155849011 -0.8377369893284096
v -27.16616873906243 13.94290463566137 0.7414818124292161
v -27.75501239567383 13.027001391259459 0.69189713282758
f 2398 2399 2400
v -27.16616873906243 13.94290463566137 0.7414818124292173
v -26.539268421166085 14.836203292384287 0.7900164608277784
v -26.484970814079418 14.796445335712948 2.319650582983768
f 2401 2402 2403
v -27.16616873906243 13.94290463566137 0.7414818124292173
v -26.484970814079418 14.796445335712948 2.319650582983768
v -27.110313134583627 13.90536696521786 2.271115934585207
f 2404 2405 2406
v -27.110313134583627 13.90536696521786 2.271115934585207
v -26.484970814079418 14.796445335712948 2.319650582983768
v -26.327393020914737 14.681063251507895 3.6995534596755206
f 2407 2408 2409
v -27.110313134583627 13.90536696521786 2.271115934585207
v -26.327393020914737 14.681063251507895 3.6995534596755206
v -26.948213856882482 13.796428402610672 3.651018811276959
f 2410 2411 2412
v -26.948213856882482 13.796428402610672 3.651018811276959
v -26.327393020914737 14.681063251507895 3.6995534596755206
v -26.08195985397604 14.501351442085369 4.794650582983769
f 2413 2414 2415
v -26.948213856882482 13.796428402610672 3.651018811276959
v -26.08195985397604 14.501351442085369 4.794650582983769
v -26.69573831267246 13.626752613367398 4.746115934585208
f 2416 2417 2418
v -26.69573831267246 13.626752613367398 4.746115934585208
v -26.08195985397604 14.501351442085369 4.794650582983769
v -25.77269602167672 14.274901351477453 5.497746216488788
f 2419 2420 2421
v -26.69573831267246 13.626752613367398 4.746115934585208
v -25.77269602167672 14.274901351477453 5.497746216488788
v -26.377600567321394 13.4129486459399 5.449211568090227
f 2422 2423 2424
v -26.377600567321394 13.4129486459399 5.449211568090227
v -25.77269602167672 14.274901351477453 5.497746216488788
v -25.429874422690048 14.023879492323402 5.740016460827778
f 2425 2426 2427
v -26.377600567321394 13.4129486459399 5.449211568090227
v -25.429874422690048 14.023879492323402 5.740016460827778
v -26.024942159940256 13.175945122319824 5.691481812429218
f 2428 2429 2430
v -26.024942159940256 13.175945122319824 5.691481812429218
v -25.429874422690048 14.023879492323402 5.740016460827778
v -25.08705282370338 13.772857633169352 5.497746216488789
f 2431 2432 2433
v -26.024942159940256 13.175945122319824 5.691481812429218
v -25.08705282370338 13.772857633169352 5.497746216488789
v -25.672283752559117 12.938941598699747 5.449211568090228
f 2434 2435 2436
v -25.672283752559117 12.938941598699747 5.449211568090228
v -25.08705282370338 13.772857633169352 5.497746216488789
v -24.77778899140406 13.546407542561436 4.794650582983769
f 2437 2438 2439
v -25.672283752559117 12.938941598699747 5.449211568090228
v -24.77778899140406 13.546407542561436 4.794650582983769
v -25.35414600720805 12.72513763127225 4.746115934585208
f 2440 2441 2442
v -25.35414600720805 12.72513763127225 4.746115934585208
v -24.77778899140406 13.546407542561436 4.794650582983769
v -24.532355824465363 13.36669573313891 3.6995534596755215
f 2443 2444 2445
v -25.35414600720805 12.72513763127225 4.746115934585208
v -24.532355824465363 13.36669573313891 3.6995534596755215
v -25.10167046299803 12.555461842028974 3.65101881127696
f 2446 2447 2448
v -25.10167046299803 12.555461842028974 3.65101881127696
v -24.532355824465363 13.36669573313891 3.6995534596755215
v -24.374778031300682 13.251313648933857 2.3196505829837686
f 2449 2450 2451
v -25.10167046299803 12.555461842028974 3.65101881127696
v -24.374778031300682 13.251313648933857 2.3196505829837686
v -24.939571185296884 12.446523279421788 2.2711159345852074
f 2452 2453 2454
v -24.939571185296884 12.446523279421788 2.2711159345852074
v -24.374778031300682 13.251313648933857 2.3196505829837686
v -24.320480424214015 13.211555692262518 0.790016460827779
f 2455 2456 2457
v -24.939571185296884 12.446523279421788 2.2711159345852074
v -24.320480424214015 13.211555692262518 0.790016460827779
v -24.88371558081808 12.408985608978279 0.7414818124292178
f 2458 2459 2460
v -24.88371558081808 12.408985608978279 0.7414818124292178
v -24.320480424214015 13.211555692262518 0.790016460827779
v -24.374778031300682 13.251313648933857 -0.7396176613282086
f 2461 2462 2463
v -24.88371558081808 12.408985608978279 0.7414818124292178
v -24.374778031300682 13.251313648933857 -0.7396176613282086
v -24.939571185296884 12.446523279421788 -0.7881523097267698
f 2464 2465 2466
v -24.939571185296884 12.446523279421788 -0.7881523097267698
v -24.374778031300682 13.251313648933857 -0.7396176613282086
v -24.532355824465363 13.36669573313891 -2.1195205380199633
f 2467 2468 2469
v -24.939571185296884 12.446523279421788 -0.7881523097267698
v -24.532355824465363 13.36669573313891 -2.1195205380199633
v -25.10167046299803 12.555461842028974 -2.168055186418524
f 2470 2471 2472
v -25.10167046299803 12.555461842028974 -2.168055186418524
v -24.532355824465363 13.36669573313891 -2.1195205380199633
v -24.77778899140406 13.546407542561434 -3.2146176613282114
f 2473 2474 2475
v -25.10167046299803 12.555461842028974 -2.168055186418524
v -24.77778899140406 13.546407542561434 -3.2146176613282114
v -25.35414600720805 12.72513763127225 -3.263152309726772
f 2476 2477 2478
v -25.35414600720805 12.72513763127225 -3.263152309726772
v -24.77778899140406 13.546407542561434 -3.2146176613282114
v -25.08705282370338 13.772857633169352 -3.9177132948332316
f 2479 2480 2481
v -25.35414600720805 12.72513763127225 -3.263152309726772
v -25.08705282370338 13.772857633169352 -3.9177132948332316
v -25.672283752559117 12.938941598699747 -3.9662479432317923
f 2482 2483 2484
v -25.672283752559117 12.938941598699747 -3.9662479432317923
v -25.08705282370338 13.772857633169352 -3.9177132948332316
v -25.429874422690048 14.023879492323402 -4.159983539172222
f 2485 2486 2487
v -25.672283752559117 12.938941598699747 -3.9662479432317923
v -25.429874422690048 14.023879492323402 -4.159983539172222
v -26.024942159940256 13.175945122319824 -4.208518187570783
f 2488 2489 2490
v -26.024942159940256 13.175945122319824 -4.208518187570783
v -25.429874422690048 14.023879492323402 -4.159983539172222
v -25.77269602167672 14.274901351477453 -3.9177132948332325
f 2491 2492 2493
v -26.024942159940256 13.175945122319824 -4.208518187570783
v -25.77269602167672 14.274901351477453 -3.9177132948332325
v -26.377600567321394 13.4129486459399 -3.966247943231793
f 2494 2495 2496
v -26.377600567321394 13.4129486459399 -3.966247943231793
v -25.77269602167672 14.274901351477453 -3.9177132948332325
v -26.08195985397604 14.501351442085369 -3.2146176613282123
f 2497 2498 2499
v -26.377600567321394 13.4129486459399 -3.966247943231793
v -26.08195985397604 14.501351442085369 -3.2146176613282123
v -26.69573831267246 13.626752613367398 -3.263152309726773
f 2500 2501 2502
v -26.69573831267246 13.626752613367398 -3.263152309726773
v -26.08195985397604 14.501351442085369 -3.2146176613282123
v -26.327393020914737 14.681063251507895 -2.119520538019965
f 2503 2504 2505
v -26.69573831267246 13.626752613367398 -3.263152309726773
v -26.327393020914737 14.681063251507895 -2.119520538019965
v -26.948213856882482 13.796428402610672 -2.168055186418526
f 2506 2507 2508
v -26.948213856882482 13.796428402610672 -2.168055186418526
v -26.327393020914737 14.681063251507895 -2.119520538019965
v -26.484970814079418 14.796445335712948 -0.7396176613282124
f 2509 2510 2511
v -26.948213856882482 13.796428402610672 -2.168055186418526
v -26.484970814079418 14.796445335712948 -0.7396176613282124
v -27.110313134583627 13.90536696521786 -0.7881523097267735
f 2512 2513 2514
v -27.110313134583627 13.90536696521786 -0.7881523097267735
v -26.484970814079418 14.796445335712948 -0.7396176613282124
v -26.539268421166085 14.836203292384287 0.7900164608277772
f 2515 2516 2517
v -27.110313134583627 13.90536696521786 -0.7881523097267735
v -26.539268421166085 14.836203292384287 0.7900164608277772
v -27.16616873906243 13.94290463566137 0.7414818124292161
f 2518 2519 2520
v -26.539268421166085 14.836203292384287 0.7900164608277784
v -25.875512009346156 15.70573972852426 0.8374323468765332
v -25.822840398383136 15.663851464623995 2.367066469032523
f 2521 2522 2523
v -26.539268421166085 14.836203292384287 0.7900164608277784
v -25.822840398383136 15.663851464623995 2.367066469032523
v -26.484970814079418 14.796445335712948 2.319650582983768
f 2524 2525 2526
v -26.484970814079418 14.796445335712948 2.319650582983768
v -25.822840398383136 15.663851464623995 2.367066469032523
v -25.66998142975983 15.542286988046452 3.746969345724275
f 2527 2528 2529
v -26.484970814079418 14.796445335712948 2.319650582983768
v -25.66998142975983 15.542286988046452 3.746969345724275
v -26.327393020914737 14.681063251507895 3.6995534596755206
f 2530 2531 2532
v -26.327393020914737 14.681063251507895 3.6995534596755206
v -25.66998142975983 15.542286988046452 3.746969345724275
v -25.431898004356146 15.352945876748553 4.842066469032524
f 2533 2534 2535
v -26.327393020914737 14.681063251507895 3.6995534596755206
v -25.431898004356146 15.352945876748553 4.842066469032524
v -26.08195985397604 14.501351442085369 4.794650582983769
f 2536 2537 2538
v -26.08195985397604 14.501351442085369 4.794650582983769
v -25.431898004356146 15.352945876748553 4.842066469032524
v -25.131895386675364 15.11436215792123 5.545162102537543
f 2539 2540 2541
v -26.08195985397604 14.501351442085369 4.794650582983769
v -25.131895386675364 15.11436215792123 5.545162102537543
v -25.77269602167672 14.274901351477453 5.497746216488788
f 2542 2543 2544
v -25.77269602167672 14.274901351477453 5.497746216488788
v -25.131895386675364 15.11436215792123 5.545162102537543
v -24.79933992317722 14.849890068273819 5.787432346876534
f 2545 2546 2547
v -25.77269602167672 14.274901351477453 5.497746216488788
v -24.79933992317722 14.849890068273819 5.787432346876534
v -25.429874422690048 14.023879492323402 5.740016460827778
f 2548 2549 2550
v -25.429874422690048 14.023879492323402 5.740016460827778
v -24.79933992317722 14.849890068273819 5.787432346876534
v -24.46678445967908 14.585417978626406 5.545162102537544
f 2551 2552 2553
v -25.429874422690048 14.023879492323402 5.740016460827778
v -24.46678445967908 14.585417978626406 5.545162102537544
v -25.08705282370338 13.772857633169352 5.497746216488789
f 2554 2555 2556
v -25.08705282370338 13.772857633169352 5.497746216488789
v -24.46678445967908 14.585417978626406 5.545162102537544
v -24.166781841998297 14.346834259799083 4.842066469032524
f 2557 2558 2559
v -25.08705282370338 13.772857633169352 5.497746216488789
v -24.166781841998297 14.346834259799083 4.842066469032524
v -24.77778899140406 13.546407542561436 4.794650582983769
f 2560 2561 2562
v -24.77778899140406 13.546407542561436 4.794650582983769
v -24.166781841998297 14.346834259799083 4.842066469032524
v -23.928698416594614 14.157493148501183 3.746969345724276
f 2563 2564 2565
v -24.77778899140406 13.546407542561436 4.794650582983769
v -23.928698416594614 14.157493148501183 3.746969345724276
v -24.532355824465363 13.36669573313891 3.6995534596755215
f 2566 2567 2568
v -24.532355824465363 13.36669573313891 3.6995534596755215
v -23.928698416594614 14.157493148501183 3.746969345724276
v -23.775839447971304 14.03592867192364 2.3670664690325234
f 2569 2570 2571
v -24.532355824465363 13.36669573313891 3.6995534596755215
v -23.775839447971304 14.03592867192364 2.3670664690325234
v -24.374778031300682 13.251313648933857 2.3196505829837686
f 2572 2573 2574
v -24.374778031300682 13.251313648933857 2.3196505829837686
v -23.775839447971304 14.03592867192364 2.3670664690325234
v -23.723167837008287 13.994040408023373 0.8374323468765338
f 2575 2576 2577
v -24.374778031300682 13.251313648933857 2.3196505829837686
v -23.723167837008287 13.994040408023373 0.8374323468765338
v -24.320480424214015 13.211555692262518 0.790016460827779
f 2578 2579 2580
v -24.320480424214015 13.211555692262518 0.790016460827779
v -23.723167837008287 13.994040408023373 0.8374323468765338
v -23.775839447971304 14.03592867192364 -0.6922017752794538
f 2581 2582 2583
v -24.320480424214015 13.211555692262518 0.790016460827779
v -23.775839447971304 14.03592867192364 -0.6922017752794538
v -24.374778031300682 13.251313648933857 -0.7396176613282086
f 2584 2585 2586
v -24.374778031300682 13.251313648933857 -0.7396176613282086
v -23.775839447971304 14.03592867192364 -0.6922017752794538
v -23.928698416594614 14.157493148501183 -2.072104651971208
f 2587 2588 2589
v -24.374778031300682 13.251313648933857 -0.7396176613282086
v -23.928698416594614 14.157493148501183 -2.072104651971208
v -24.532355824465363 13.36669573313891 -2.1195205380199633
f 2590 2591 2592
v -24.532355824465363 13.36669573313891 -2.1195205380199633
v -23.928698416594614 14.157493148501183 -2.072104651971208
v -24.166781841998297 14.346834259799083 -3.167201775279456
f 2593 2594 2595
v -24.532355824465363 13.36669573313891 -2.1195205380199633
v -24.166781841998297 14.346834259799083 -3.167201775279456
v -24.77778899140406 13.546407542561434 -3.2146176613282114
f 2596 2597 2598
v -24.77778899140406 13.546407542561434 -3.2146176613282114
v -24.166781841998297 14.346834259799083 -3.167201775279456
v -24.46678445967908 14.585417978626406 -3.8702974087844764
f 2599 2600 2601
v -24.77778899140406 13.546407542561434 -3.2146176613282114
v -24.46678445967908 14.585417978626406 -3.8702974087844764
v -25.08705282370338 13.772857633169352 -3.9177132948332316
f 2602 2603 2604
v -25.08705282370338 13.772857633169352 -3.9177132948332316
v -24.46678445967908 14.585417978626406 -3.8702974087844764
v -24.79933992317722 14.849890068273819 -4.112567653123467
f 2605 2606 2607
v -25.08705282370338 13.772857633169352 -3.9177132948332316
v -24.79933992317722 14.849890068273819 -4.112567653123467
v -25.429874422690048 14.023879492323402 -4.159983539172222
f 2608 2609 2610
v -25.429874422690048 14.023879492323402 -4.159983539172222
v -24.79933992317722 14.849890068273819 -4.112567653123467
v -25.131895386675364 15.11436215792123 -3.8702974087844773
f 2611 2612 2613
v -25.429874422690048 14.023879492323402 -4.159983539172222
v -25.131895386675364 15.11436215792123 -3.8702974087844773
v -25.77269602167672 14.274901351477453 -3.9177132948332325
f 2614 2615 2616
v -25.77269602167672 14.274901351477453 -3.9177132948332325
v -25.131895386675364 15.11436215792123 -3.8702974087844773
v -25.431898004356146 15.352945876748553 -3.167201775279457
f 2617 2618 2619
v -25.77269602167672 14.274901351477453 -3.9177132948332325
v -25.431898004356146 15.352945876748553 -3.167201775279457
v -26.08195985397604 14.501351442085369 -3.2146176613282123
f 2620 2621 2622
v -26.08195985397604 14.501351442085369 -3.2146176613282123
v -25.431898004356146 15.352945876748553 -3.167201775279457
v -25.66998142975983 15.542286988046452 -2.07210465197121
f 2623 2624 2625
v -26.08195985397604 14.501351442085369 -3.2146176613282123
v -25.66998142975983 15.542286988046452 -2.07210465197121
v -26.327393020914737 14.681063251507895 -2.119520538019965
f 2626 2627 2628
v -26.327393020914737 14.681063251507895 -2.119520538019965
v -25.66998142975983 15.542286988046452 -2.07210465197121
v -25.822840398383136 15.663851464623995 -0.6922017752794576
f 2629 2630 2631
v -26.327393020914737 14.681063251507895 -2.119520538019965
v -25.822840398383136 15.663851464623995 -0.6922017752794576
v -26.484970814079418 14.796445335712948 -0.7396176613282124
f 2632 2633 2634
v -26.484970814079418 14.796445335712948 -0.7396176613282124
v -25.822840398383136 15.663851464623995 -0.6922017752794576
v -25.875512009346156 15.70573972852426 0.837432346876532
f 2635 2636 2637
v -26.484970814079418 14.796445335712948 -0.7396176613282124
v -25.875512009346156 15.70573972852426 0.837432346876532
v -26.539268421166085 14.836203292384287 0.7900164608277772
f 2638 2639 2640
v -25.875512009346156 15.70573972852426 0.8374323468765332
v -25.17613058190481 16.55042562084927 0.8836623237364926
v -25.12514710112466 16.506498295167436 2.4132964458924824
f 2641 2642 2643
v -25.875512009346156 15.70573972852426 0.8374323468765332
v -25.12514710112466 16.506498295167436 2.4132964458924824
v -25.822840398383136 15.663851464623995 2.367066469032523
f 2644 2645 2646
v -25.822840398383136 15.663851464623995 2.367066469032523
v -25.12514710112466 16.506498295167436 2.4132964458924824
v -24.977187277105774 16.37901623081934 3.7931993225842344
f 2647 2648 2649
v -25.822840398383136 15.663851464623995 2.367066469032523
v -24.977187277105774 16.37901623081934 3.7931993225842344
v -25.66998142975983 15.542286988046452 3.746969345724275
f 2650 2651 2652
v -25.66998142975983 15.542286988046452 3.746969345724275
v -24.977187277105774 16.37901623081934 3.7931993225842344
v -24.746734448319824 16.180458260483142 4.888296445892483
f 2653 2654 2655
v -25.66998142975983 15.542286988046452 3.746969345724275
v -24.746734448319824 16.180458260483142 4.888296445892483
v -25.431898004356146 15.352945876748553 4.842066469032524
f 2656 2657 2658
v -25.431898004356146 15.352945876748553 4.842066469032524
v -24.746734448319824 16.180458260483142 4.888296445892483
v -24.456346943307658 15.930260621730081 5.591392079397503
f 2659 2660 2661
v -25.431898004356146 15.352945876748553 4.842066469032524
v -24.456346943307658 15.930260621730081 5.591392079397503
v -25.131895386675364 15.11436215792123 5.545162102537543
f 2662 2663 2664
v -25.131895386675364 15.11436215792123 5.545162102537543
v -24.456346943307658 15.930260621730081 5.591392079397503
v -24.134449914308583 15.65291440267076 5.833662323736493
f 2665 2666 2667
v -25.131895386675364 15.11436215792123 5.545162102537543
v -24.134449914308583 15.65291440267076 5.833662323736493
v -24.79933992317722 14.849890068273819 5.787432346876534
f 2668 2669 2670
v -24.79933992317722 14.849890068273819 5.787432346876534
v -24.134449914308583 15.65291440267076 5.833662323736493
v -23.812552885309508 15.375568183611438 5.591392079397504
f 2671 2672 2673
v -24.79933992317722 14.849890068273819 5.787432346876534
v -23.812552885309508 15.375568183611438 5.591392079397504
v -24.46678445967908 14.585417978626406 5.545162102537544
f 2674 2675 2676
v -24.46678445967908 14.585417978626406 5.545162102537544
v -23.812552885309508 15.375568183611438 5.591392079397504
v -23.522165380297345 15.125370544858379 4.888296445892483
f 2677 2678 2679
v -24.46678445967908 14.585417978626406 5.545162102537544
v -23.522165380297345 15.125370544858379 4.888296445892483
v -24.166781841998297 14.346834259799083 4.842066469032524
f 2680 2681 2682
v -24.166781841998297 14.346834259799083 4.842066469032524
v -23.522165380297345 15.125370544858379 4.888296445892483
v -23.291712551511395 14.926812574522183 3.7931993225842353
f 2683 2684 2685
v -24.166781841998297 14.346834259799083 4.842066469032524
v -23.291712551511395 14.926812574522183 3.7931993225842353
v -23.928698416594614 14.157493148501183 3.746969345724276
f 2686 2687 2688
v -23.928698416594614 14.157493148501183 3.746969345724276
v -23.291712551511395 14.926812574522183 3.7931993225842353
v -23.143752727492505 14.799330510174086 2.413296445892483
f 2689 2690 2691
v -23.928698416594614 14.157493148501183 3.746969345724276
v -23.143752727492505 14.799330510174086 2.413296445892483
v -23.775839447971304 14.03592867192364 2.3670664690325234
f 2692 2693 2694
v -23.775839447971304 14.03592867192364 2.3670664690325234
v -23.143752727492505 14.799330510174086 2.413296445892483
v -23.092769246712358 14.755403184492248 0.8836623237364931
f 2695 2696 2697
v -23.775839447971304 14.03592867192364 2.3670664690325234
v -23.092769246712358 14.755403184492248 0.8836623237364931
v -23.723167837008287 13.994040408023373 0.8374323468765338
f 2698 2699 2700
v -23.723167837008287 13.994040408023373 0.8374323468765338
v -23.092769246712358 14.755403184492248 0.8836623237364931
v -23.143752727492505 14.799330510174086 -0.6459717984194945
f 2701 2702 2703
v -23.723167837008287 13.994040408023373 0.8374323468765338
v -23.143752727492505 14.799330510174086 -0.6459717984194945
v -23.775839447971304 14.03592867192364 -0.6922017752794538
f 2704 2705 2706
v -23.775839447971304 14.03592867192364 -0.6922017752794538
v -23.143752727492505 14.799330510174086 -0.6459717984194945
v -23.291712551511395 14.926812574522183 -2.025874675111249
f 2707 2708 2709
v -23.775839447971304 14.03592867192364 -0.6922017752794538
v -23.291712551511395 14.926812574522183 -2.025874675111249
v -23.928698416594614 14.157493148501183 -2.072104651971208
f 2710 2711 2712
v -23.928698416594614 14.157493148501183 -2.072104651971208
v -23.291712551511395 14.926812574522183 -2.025874675111249
v -23.522165380297345 15.125370544858379 -3.120971798419497
f 2713 2714 2715
v -23.928698416594614 14.157493148501183 -2.072104651971208
v -23.522165380297345 15.125370544858379 -3.120971798419497
v -24.166781841998297 14.346834259799083 -3.167201775279456
f 2716 2717 2718
v -24.166781841998297 14.346834259799083 -3.167201775279456
v -23.522165380297345 15.125370544858379 -3.120971798419497
v -23.812552885309508 15.375568183611438 -3.8240674319245174
f 2719 2720 2721
v -24.166781841998297 14.346834259799083 -3.167201775279456
v -23.812552885309508 15.375568183611438 -3.8240674319245174
v -24.46678445967908 14.585417978626406 -3.8702974087844764
f 2722 2723 2724
v -24.46678445967908 14.585417978626406 -3.8702974087844764
v -23.812552885309508 15.375568183611438 -3.8240674319245174
v -24.134449914308583 15.65291440267076 -4.066337676263507
f 2725 2726 2727
v -24.46678445967908 14.585417978626406 -3.8702974087844764
v -24.134449914308583 15.65291440267076 -4.066337676263507
v -24.79933992317722 14.849890068273819 -4.112567653123467
f 2728 2729 2730
v -24.79933992317722 14.849890068273819 -4.112567653123467
v -24.134449914308583 15.65291440267076 -4.066337676263507
v -24.456346943307658 15.930260621730081 -3.8240674319245183
f 2731 2732 2733
v -24.79933992317722 14.849890068273819 -4.112567653123467
v -24.456346943307658 15.930260621730081 -3.8240674319245183
v -25.131895386675364 15.11436215792123 -3.8702974087844773
f 2734 2735 2736
v -25.131895386675364 15.11436215792123 -3.8702974087844773
v -24.456346943307658 15.930260621730081 -3.8240674319245183
v -24.746734448319824 16.180458260483142 -3.120971798419498
f 2737 2738 2739
v -25.131895386675364 15.11436215792123 -3.8702974087844773
v -24.746734448319824 16.180458260483142 -3.120971798419498
v -25.431898004356146 15.352945876748553 -3.167201775279457
f 2740 2741 2742
v -25.431898004356146 15.352945876748553 -3.167201775279457
v -24.746734448319824 16.180458260483142 -3.120971798419498
v -24.977187277105774 16.37901623081934 -2.025874675111251
f 2743 2744 2745
v -25.431898004356146 15.352945876748553 -3.167201775279457
v -24.977187277105774 16.37901623081934 -2.025874675111251
v -25.66998142975983 15.542286988046452 -2.07210465197121
f 2746 2747 2748
v -25.66998142975983 15.542286988046452 -2.07210465197121
v -24.977187277105774 16.37901623081934 -2.025874675111251
v -25.12514710112466 16.506498295167436 -0.6459717984194983
f 2749 2750 2751
v -25.66998142975983 15.542286988046452 -2.07210465197121
v -25.12514710112466 16.506498295167436 -0.6459717984194983
v -25.822840398383136 15.663851464623995 -0.6922017752794576
f 2752 2753 2754
v -25.822840398383136 15.663851464623995 -0.6922017752794576
v -25.12514710112466 16.506498295167436 -0.6459717984194983
v -25.17613058190481 16.55042562084927 0.8836623237364913
f 2755 2756 2757
v -25.822840398383136 15.663851464623995 -0.6922017752794576
v -25.17613058190481 16.55042562084927 0.8836623237364913
v -25.875512009346156 15.70573972852426 0.837432346876532
f 2758 2759 2760
v -25.17613058190481 16.55042562084927 0.8836623237364926
v -24.442380715563267 17.369239211388855 0.9286409239647511
v -24.393141851661376 17.32336482272079 2.4582750461207405
f 2761 2762 2763
v -25.17613058190481 16.55042562084927 0.8836623237364926
v -24.393141851661376 17.32336482272079 2.4582750461207405
v -25.12514710112466 16.506498295167436 2.4132964458924824
f 2764 2765 2766
v -25.12514710112466 16.506498295167436 2.4132964458924824
v -24.393141851661376 17.32336482272079 2.4582750461207405
v -24.250245103021747 17.190232161505083 3.838177922812493
f 2767 2768 2769
v -25.12514710112466 16.506498295167436 2.4132964458924824
v -24.250245103021747 17.190232161505083 3.838177922812493
v -24.977187277105774 16.37901623081934 3.7931993225842344
f 2770 2771 2772
v -24.977187277105774 16.37901623081934 3.7931993225842344
v -24.250245103021747 17.190232161505083 3.838177922812493
v -24.027678199021423 16.98287318021132 4.933275046120741
f 2773 2774 2775
v -24.977187277105774 16.37901623081934 3.7931993225842344
v -24.027678199021423 16.98287318021132 4.933275046120741
v -24.746734448319824 16.180458260483142 4.888296445892483
f 2776 2777 2778
v -24.746734448319824 16.180458260483142 4.888296445892483
v -24.027678199021423 16.98287318021132 4.933275046120741
v -23.74722753893876 16.72158562068352 5.636370679625761
f 2779 2780 2781
v -24.746734448319824 16.180458260483142 4.888296445892483
v -23.74722753893876 16.72158562068352 5.636370679625761
v -24.456346943307658 15.930260621730081 5.591392079397503
f 2782 2783 2784
v -24.456346943307658 15.930260621730081 5.591392079397503
v -23.74722753893876 16.72158562068352 5.636370679625761
v -23.436345587397295 16.43194612974573 5.878640923964751
f 2785 2786 2787
v -24.456346943307658 15.930260621730081 5.591392079397503
v -23.436345587397295 16.43194612974573 5.878640923964751
v -24.134449914308583 15.65291440267076 5.833662323736493
f 2788 2789 2790
v -24.134449914308583 15.65291440267076 5.833662323736493
v -23.436345587397295 16.43194612974573 5.878640923964751
v -23.12546363585583 16.142306638807938 5.636370679625761
f 2791 2792 2793
v -24.134449914308583 15.65291440267076 5.833662323736493
v -23.12546363585583 16.142306638807938 5.636370679625761
v -23.812552885309508 15.375568183611438 5.591392079397504
f 2794 2795 2796
v -23.812552885309508 15.375568183611438 5.591392079397504
v -23.12546363585583 16.142306638807938 5.636370679625761
v -22.845012975773166 15.881019079280133 4.933275046120741
f 2797 2798 2799
v -23.812552885309508 15.375568183611438 5.591392079397504
v -22.845012975773166 15.881019079280133 4.933275046120741
v -23.522165380297345 15.125370544858379 4.888296445892483
f 2800 2801 2802
v -23.522165380297345 15.125370544858379 4.888296445892483
v -22.845012975773166 15.881019079280133 4.933275046120741
v -22.622446071772842 15.673660097986374 3.838177922812494
f 2803 2804 2805
v -23.522165380297345 15.125370544858379 4.888296445892483
v -22.622446071772842 15.673660097986374 3.838177922812494
v -23.291712551511395 14.926812574522183 3.7931993225842353
f 2806 2807 2808
v -23.291712551511395 14.926812574522183 3.7931993225842353
v -22.622446071772842 15.673660097986374 3.838177922812494
v -22.479549323133213 15.540527436770667 2.4582750461207414
f 2809 2810 2811
v -23.291712551511395 14.926812574522183 3.7931993225842353
v -22.479549323133213 15.540527436770667 2.4582750461207414
v -23.143752727492505 14.799330510174086 2.413296445892483
f 2812 2813 2814
v -23.143752727492505 14.799330510174086 2.413296445892483
v -22.479549323133213 15.540527436770667 2.4582750461207414
v -22.43031045923132 15.494653048102602 0.9286409239647516
f 2815 2816 2817
v -23.143752727492505 14.799330510174086 2.413296445892483
v -22.43031045923132 15.494653048102602 0.9286409239647516
v -23.092769246712358 14.755403184492248 0.8836623237364931
f 2818 2819 2820
v -23.092769246712358 14.755403184492248 0.8836623237364931
v -22.43031045923132 15.494653048102602 0.9286409239647516
v -22.479549323133213 15.540527436770667 -0.600993198191236
f 2821 2822 2823
v -23.092769246712358 14.755403184492248 0.8836623237364931
v -22.479549323133213 15.540527436770667 -0.600993198191236
v -23.143752727492505 14.799330510174086 -0.6459717984194945
f 2824 2825 2826
v -23.143752727492505 14.799330510174086 -0.6459717984194945
v -22.479549323133213 15.540527436770667 -0.600993198191236
v -22.622446071772842 15.673660097986374 -1.9808960748829905
f 2827 2828 2829
v -23.143752727492505 14.799330510174086 -0.6459717984194945
v -22.622446071772842 15.673660097986374 -1.9808960748829905
v -23.291712551511395 14.926812574522183 -2.025874675111249
f 2830 2831 2832
v -23.291712551511395 14.926812574522183 -2.025874675111249
v -22.622446071772842 15.673660097986374 -1.9808960748829905
v -22.845012975773166 15.881019079280133 -3.0759931981912385
f 2833 2834 2835
v -23.291712551511395 14.926812574522183 -2.025874675111249
v -22.845012975773166 15.881019079280133 -3.0759931981912385
v -23.522165380297345 15.125370544858379 -3.120971798419497
f 2836 2837 2838
v -23.522165380297345 15.125370544858379 -3.120971798419497
v -22.845012975773166 15.881019079280133 -3.0759931981912385
v -23.12546363585583 16.142306638807938 -3.7790888316962588
f 2839 2840 2841
v -23.522165380297345 15.125370544858379 -3.120971798419497
v -23.12546363585583 16.142306638807938 -3.7790888316962588
v -23.812552885309508 15.375568183611438 -3.8240674319245174
f 2842 2843 2844
v -23.812552885309508 15.375568183611438 -3.8240674319245174
v -23.12546363585583 16.142306638807938 -3.7790888316962588
v -23.436345587397295 16.43194612974573 -4.02135907603525
f 2845 2846 2847
v -23.812552885309508 15.375568183611438 -3.8240674319245174
v -23.436345587397295 16.43194612974573 -4.02135907603525
v -24.134449914308583 15.65291440267076 -4.066337676263507
f 2848 2849 2850
v -24.134449914308583 15.65291440267076 -4.066337676263507
v -23.436345587397295 16.43194612974573 -4.02135907603525
v -23.74722753893876 16.72158562068352 -3.7790888316962596
f 2851 2852 2853
v -24.134449914308583 15.65291440267076 -4.066337676263507
v -23.74722753893876 16.72158562068352 -3.7790888316962596
v -24.456346943307658 15.930260621730081 -3.8240674319245183
f 2854 2855 2856
v -24.456346943307658 15.930260621730081 -3.8240674319245183
v -23.74722753893876 16.72158562068352 -3.7790888316962596
v -24.027678199021423 16.98287318021132 -3.0759931981912394
f 2857 2858 2859
v -24.456346943307658 15.930260621730081 -3.8240674319245183
v -24.027678199021423 16.98287318021132 -3.0759931981912394
v -24.746734448319824 16.180458260483142 -3.120971798419498
f 2860 2861 2862
v -24.746734448319824 16.180458260483142 -3.120971798419498
v -24.027678199021423 16.98287318021132 -3.0759931981912394
v -24.250245103021747 17.190232161505083 -1.9808960748829922
f 2863 2864 2865
v -24.746734448319824 16.180458260483142 -3.120971798419498
v -24.250245103021747 17.190232161505083 -1.9808960748829922
v -24.977187277105774 16.37901623081934 -2.025874675111251
f 2866 2867 2868
v -24.977187277105774 16.37901623081934 -2.025874675111251
v -24.250245103021747 17.190232161505083 -1.9808960748829922
v -24.393141851661376 17.32336482272079 -0.6009931981912398
f 2869 2870 2871
v -24.977187277105774 16.37901623081934 -2.025874675111251
v -24.393141851661376 17.32336482272079 -0.6009931981912398
v -25.12514710112466 16.506498295167436 -0.6459717984194983
f 2872 2873 2874
v -25.12514710112466 16.506498295167436 -0.6459717984194983
v -24.393141851661376 17.32336482272079 -0.6009931981912398
v -24.442380715563267 17.369239211388855 0.9286409239647498
f 2875 2876 2877
v -25.12514710112466 16.506498295167436 -0.6459717984194983
v -24.442380715563267 17.369239211388855 0.9286409239647498
v -25.17613058190481 16.55042562084927 0.8836623237364913
f 2878 2879 2880
v -24.442380715563267 17.369239211388855 0.9286409239647511
v -23.675540190186545 18.16122228664906 0.9723044522245947
v -23.62809703858334 18.113493127637266 2.5019385743805844
f 2881 2882 2883
v -24.442380715563267 17.369239211388855 0.9286409239647511
v -23.62809703858334 18.113493127637266 2.5019385743805844
v -24.393141851661376 17.32336482272079 2.4582750461207405
f 2884 2885 2886
v -24.393141851661376 17.32336482272079 2.4582750461207405
v -23.62809703858334 18.113493127637266 2.5019385743805844
v -23.490411650008514 17.974977713234566 3.8818414510723365
f 2887 2888 2889
v -24.393141851661376 17.32336482272079 2.4582750461207405
v -23.490411650008514 17.974977713234566 3.8818414510723365
v -24.250245103021747 17.190232161505083 3.838177922812493
f 2890 2891 2892
v -24.250245103021747 17.190232161505083 3.838177922812493
v -23.490411650008514 17.974977713234566 3.8818414510723365
v -23.275961629606282 17.75923489729633 4.976938574380585
f 2893 2894 2895
v -24.250245103021747 17.190232161505083 3.838177922812493
v -23.275961629606282 17.75923489729633 4.976938574380585
v -24.027678199021423 16.98287318021132 4.933275046120741
f 2896 2897 2898
v -24.027678199021423 16.98287318021132 4.933275046120741
v -23.275961629606282 17.75923489729633 4.976938574380585
v -23.00573883953477 17.48738308981519 5.680034207885605
f 2899 2900 2901
v -24.027678199021423 16.98287318021132 4.933275046120741
v -23.00573883953477 17.48738308981519 5.680034207885605
v -23.74722753893876 16.72158562068352 5.636370679625761
f 2902 2903 2904
v -23.74722753893876 16.72158562068352 5.636370679625761
v -23.00573883953477 17.48738308981519 5.680034207885605
v -22.70619456923906 17.186033039810308 5.922304452224595
f 2905 2906 2907
v -23.74722753893876 16.72158562068352 5.636370679625761
v -22.70619456923906 17.186033039810308 5.922304452224595
v -23.436345587397295 16.43194612974573 5.878640923964751
f 2908 2909 2910
v -23.436345587397295 16.43194612974573 5.878640923964751
v -22.70619456923906 17.186033039810308 5.922304452224595
v -22.40665029894335 16.88468298980543 5.680034207885606
f 2911 2912 2913
v -23.436345587397295 16.43194612974573 5.878640923964751
v -22.40665029894335 16.88468298980543 5.680034207885606
v -23.12546363585583 16.142306638807938 5.636370679625761
f 2914 2915 2916
v -23.12546363585583 16.142306638807938 5.636370679625761
v -22.40665029894335 16.88468298980543 5.680034207885606
v -22.13642750887184 16.612831182324285 4.976938574380585
f 2917 2918 2919
v -23.12546363585583 16.142306638807938 5.636370679625761
v -22.13642750887184 16.612831182324285 4.976938574380585
v -22.845012975773166 15.881019079280133 4.933275046120741
f 2920 2921 2922
v -22.845012975773166 15.881019079280133 4.933275046120741
v -22.13642750887184 16.612831182324285 4.976938574380585
v -21.921977488469608 16.397088366386054 3.8818414510723374
f 2923 2924 2925
v -22.845012975773166 15.881019079280133 4.933275046120741
v -21.921977488469608 16.397088366386054 3.8818414510723374
v -22.622446071772842 15.673660097986374 3.838177922812494
f 2926 2927 2928
v -22.622446071772842 15.673660097986374 3.838177922812494
v -21.921977488469608 16.397088366386054 3.8818414510723374
v -21.78429209989478 16.25857295198335 2.501938574380585
f 2929 2930 2931
v -22.622446071772842 15.673660097986374 3.838177922812494
v -21.78429209989478 16.25857295198335 2.501938574380585
v -22.479549323133213 15.540527436770667 2.4582750461207414
f 2932 2933 2934
v -22.479549323133213 15.540527436770667 2.4582750461207414
v -21.78429209989478 16.25857295198335 2.501938574380585
v -21.736848948291573 16.21084379297156 0.9723044522245953
f 2935 2936 2937
v -22.479549323133213 15.540527436770667 2.4582750461207414
v -21.736848948291573 16.21084379297156 0.9723044522245953
v -22.43031045923132 15.494653048102602 0.9286409239647516
f 2938 2939 2940
v -22.43031045923132 15.494653048102602 0.9286409239647516
v -21.736848948291573 16.21084379297156 0.9723044522245953
v -21.78429209989478 16.25857295198335 -0.5573296699313923
f 2941 2942 2943
v -22.43031045923132 15.494653048102602 0.9286409239647516
v -21.78429209989478 16.25857295198335 -0.5573296699313923
v -22.479549323133213 15.540527436770667 -0.600993198191236
f 2944 2945 2946
v -22.479549323133213 15.540527436770667 -0.600993198191236
v -21.78429209989478 16.25857295198335 -0.5573296699313923
v -21.921977488469608 16.397088366386054 -1.9372325466231468
f 2947 2948 2949
v -22.479549323133213 15.540527436770667 -0.600993198191236
v -21.921977488469608 16.397088366386054 -1.9372325466231468
v -22.622446071772842 15.673660097986374 -1.9808960748829905
f 2950 2951 2952
v -22.622446071772842 15.673660097986374 -1.9808960748829905
v -21.921977488469608 16.397088366386054 -1.9372325466231468
v -22.13642750887184 16.612831182324285 -3.0323296699313946
f 2953 2954 2955
v -22.622446071772842 15.673660097986374 -1.9808960748829905
v -22.13642750887184 16.612831182324285 -3.0323296699313946
v -22.845012975773166 15.881019079280133 -3.0759931981912385
f 2956 2957 2958
v -22.845012975773166 15.881019079280133 -3.0759931981912385
v -22.13642750887184 16.612831182324285 -3.0323296699313946
v -22.40665029894335 16.88468298980543 -3.735425303436415
f 2959 2960 2961
v -22.845012975773166 15.881019079280133 -3.0759931981912385
v -22.40665029894335 16.88468298980543 -3.735425303436415
v -23.12546363585583 16.142306638807938 -3.7790888316962588
f 2962 2963 2964
v -23.12546363585583 16.142306638807938 -3.7790888316962588
v -22.40665029894335 16.88468298980543 -3.735425303436415
v -22.70619456923906 17.186033039810308 -3.9776955477754052
f 2965 2966 2967
v -23.12546363585583 16.142306638807938 -3.7790888316962588
v -22.70619456923906 17.186033039810308 -3.9776955477754052
v -23.436345587397295 16.43194612974573 -4.02135907603525
f 2968 2969 2970
v -23.436345587397295 16.43194612974573 -4.02135907603525
v -22.70619456923906 17.186033039810308 -3.9776955477754052
v -23.00573883953477 17.48738308981519 -3.7354253034364158
f 2971 2972 2973
v -23.436345587397295 16.43194612974573 -4.02135907603525
v -23.00573883953477 17.48738308981519 -3.7354253034364158
v -23.74722753893876 16.72158562068352 -3.7790888316962596
f 2974 2975 2976
v -23.74722753893876 16.72158562068352 -3.7790888316962596
v -23.00573883953477 17.48738308981519 -3.7354253034364158
v -23.275961629606282 17.75923489729633 -3.0323296699313955
f 2977 2978 2979
v -23.74722753893876 16.72158562068352 -3.7790888316962596
v -23.275961629606282 17.75923489729633 -3.0323296699313955
v -24.027678199021423 16.98287318021132 -3.0759931981912394
f 2980 2981 2982
v -24.027678199021423 16.98287318021132 -3.0759931981912394
v -23.275961629606282 17.75923489729633 -3.0323296699313955
v -23.490411650008514 17.974977713234566 -1.9372325466231486
f 2983 2984 2985
v -24.027678199021423 16.98287318021132 -3.0759931981912394
v -23.490411650008514 17.974977713234566 -1.9372325466231486
v -24.250245103021747 17.190232161505083 -1.9808960748829922
f 2986 2987 2988
v -24.250245103021747 17.190232161505083 -1.9808960748829922
v -23.490411650008514 17.974977713234566 -1.9372325466231486
v -23.62809703858334 18.113493127637266 -0.5573296699313961
f 2989 2990 2991
v -24.250245103021747 17.190232161505083 -1.9808960748829922
v -23.62809703858334 18.113493127637266 -0.5573296699313961
v -24.393141851661376 17.32336482272079 -0.6009931981912398
f 2992 2993 2994
v -24.393141851661376 17.32336482272079 -0.6009931981912398
v -23.62809703858334 18.113493127637266 -0.5573296699313961
v -23.675540190186545 18.16122228664906 0.9723044522245935
f 2995 2996 2997
v -24.393141851661376 17.32336482272079 -0.6009931981912398
v -23.675540190186545 18.16122228664906 0.9723044522245935
v -24.442380715563267 17.369239211388855 0.9286409239647498
f 2998 2999 3000
v -23.675540190186545 18.16122228664906 0.9723044522245947
v -22.87690437834265 18.92547701324579 1.0145910754860814
v -22.831302928943337 18.87598526578523 2.544225197642071
f 3001 3002 3003
v -23.675540190186545 18.16122228664906 0.9723044522245947
v -22.831302928943337 18.87598526578523 2.544225197642071
v -23.62809703858334 18.113493127637266 2.5019385743805844
f 3004 3005 3006
v -23.62809703858334 18.113493127637266 2.5019385743805844
v -22.831302928943337 18.87598526578523 2.544225197642071
v -22.69896236833659 18.73235462047426 3.924128074333823
f 3007 3008 3009
v -23.62809703858334 18.113493127637266 2.5019385743805844
v -22.69896236833659 18.73235462047426 3.924128074333823
v -23.490411650008514 17.974977713234566 3.8818414510723365
f 3010 3011 3012
v -23.490411650008514 17.974977713234566 3.8818414510723365
v -22.69896236833659 18.73235462047426 3.924128074333823
v -22.4928371126655 18.508644645609476 5.019225197642072
f 3013 3014 3015
v -23.490411650008514 17.974977713234566 3.8818414510723365
v -22.4928371126655 18.508644645609476 5.019225197642072
v -23.275961629606282 17.75923489729633 4.976938574380585
f 3016 3017 3018
v -23.275961629606282 17.75923489729633 4.976938574380585
v -22.4928371126655 18.508644645609476 5.019225197642072
v -22.233104138114257 18.226753632209686 5.7223208311470914
f 3019 3020 3021
v -23.275961629606282 17.75923489729633 4.976938574380585
v -22.233104138114257 18.226753632209686 5.7223208311470914
v -23.00573883953477 17.48738308981519 5.680034207885605
f 3022 3023 3024
v -23.00573883953477 17.48738308981519 5.680034207885605
v -22.233104138114257 18.226753632209686 5.7223208311470914
v -21.945187917897982 17.914275036716642 5.964591075486082
f 3025 3026 3027
v -23.00573883953477 17.48738308981519 5.680034207885605
v -21.945187917897982 17.914275036716642 5.964591075486082
v -22.70619456923906 17.186033039810308 5.922304452224595
f 3028 3029 3030
v -22.70619456923906 17.186033039810308 5.922304452224595
v -21.945187917897982 17.914275036716642 5.964591075486082
v -21.657271697681704 17.6017964412236 5.722320831147092
f 3031 3032 3033
v -22.70619456923906 17.186033039810308 5.922304452224595
v -21.657271697681704 17.6017964412236 5.722320831147092
v -22.40665029894335 16.88468298980543 5.680034207885606
f 3034 3035 3036
v -22.40665029894335 16.88468298980543 5.680034207885606
v -21.657271697681704 17.6017964412236 5.722320831147092
v -21.39753872313046 17.31990542782381 5.019225197642072
f 3037 3038 3039
v -22.40665029894335 16.88468298980543 5.680034207885606
v -21.39753872313046 17.31990542782381 5.019225197642072
v -22.13642750887184 16.612831182324285 4.976938574380585
f 3040 3041 3042
v -22.13642750887184 16.612831182324285 4.976938574380585
v -21.39753872313046 17.31990542782381 5.019225197642072
v -21.19141346745937 17.096195452959023 3.924128074333824
f 3043 3044 3045
v -22.13642750887184 16.612831182324285 4.976938574380585
v -21.19141346745937 17.096195452959023 3.924128074333824
v -21.921977488469608 16.397088366386054 3.8818414510723374
f 3046 3047 3048
v -21.921977488469608 16.397088366386054 3.8818414510723374
v -21.19141346745937 17.096195452959023 3.924128074333824
v -21.05907290685262 16.952564807648056 2.5442251976420716
f 3049 3050 3051
v -21.921977488469608 16.397088366386054 3.8818414510723374
v -21.05907290685262 16.952564807648056 2.5442251976420716
v -21.78429209989478 16.25857295198335 2.501938574380585
f 3052 3053 3054
v -21.78429209989478 16.25857295198335 2.501938574380585
v -21.05907290685262 16.952564807648056 2.5442251976420716
v -21.01347145745331 16.90307306018749 1.014591075486082
f 3055 3056 3057
v -21.78429209989478 16.25857295198335 2.501938574380585
v -21.01347145745331 16.90307306018749 1.014591075486082
v -21.736848948291573 16.21084379297156 0.9723044522245953
f 3058 3059 3060
v -21.736848948291573 16.21084379297156 0.9723044522245953
v -21.01347145745331 16.90307306018749 1.014591075486082
v -21.05907290685262 16.952564807648056 -0.5150430466699056
f 3061 3062 3063
v -21.736848948291573 16.21084379297156 0.9723044522245953
v -21.05907290685262 16.952564807648056 -0.5150430466699056
v -21.78429209989478 16.25857295198335 -0.5573296699313923
f 3064 3065 3066
v -21.78429209989478 16.25857295198335 -0.5573296699313923
v -21.05907290685262 16.952564807648056 -0.5150430466699056
v -21.19141346745937 17.096195452959023 -1.8949459233616601
f 3067 3068 3069
v -21.78429209989478 16.25857295198335 -0.5573296699313923
v -21.19141346745937 17.096195452959023 -1.8949459233616601
v -21.921977488469608 16.397088366386054 -1.9372325466231468
f 3070 3071 3072
v -21.921977488469608 16.397088366386054 -1.9372325466231468
v -21.19141346745937 17.096195452959023 -1.8949459233616601
v -21.39753872313046 17.31990542782381 -2.990043046669908
f 3073 3074 3075
v -21.921977488469608 16.397088366386054 -1.9372325466231468
v -21.39753872313046 17.31990542782381 -2.990043046669908
v -22.13642750887184 16.612831182324285 -3.0323296699313946
f 3076 3077 3078
v -22.13642750887184 16.612831182324285 -3.0323296699313946
v -21.39753872313046 17.31990542782381 -2.990043046669908
v -21.657271697681704 17.6017964412236 -3.693138680174928
f 3079 3080 3081
v -22.13642750887184 16.612831182324285 -3.0323296699313946
v -21.657271697681704 17.6017964412236 -3.693138680174928
v -22.40665029894335 16.88468298980543 -3.735425303436415
f 3082 3083 3084
v -22.40665029894335 16.88468298980543 -3.735425303436415
v -21.657271697681704 17.6017964412236 -3.693138680174928
v -21.945187917897982 17.914275036716642 -3.9354089245139185
f 3085 3086 3087
v -22.40665029894335 16.88468298980543 -3.735425303436415
v -21.945187917897982 17.914275036716642 -3.9354089245139185
v -22.70619456923906 17.186033039810308 -3.9776955477754052
f 3088 3089 3090
v -22.70619456923906 17.186033039810308 -3.9776955477754052
v -21.945187917897982 17.914275036716642 -3.9354089245139185
v -22.233104138114257 18.226753632209686 -3.693138680174929
f 3091 3092 3093
v -22.70619456923906 17.186033039810308 -3.9776955477754052
v -22.233104138114257 18.226753632209686 -3.693138680174929
v -23.00573883953477 17.48738308981519 -3.7354253034364158
f 3094 3095 3096
v -23.00573883953477 17.48738308981519 -3.7354253034364158
v -22.233104138114257 18.226753632209686 -3.693138680174929
v -22.4928371126655 18.508644645609476 -2.990043046669909
f 3097 3098 3099
v -23.00573883953477 17.48738308981519 -3.7354253034364158
v -22.4928371126655 18.508644645609476 -2.990043046669909
v -23.275961629606282 17.75923489729633 -3.0323296699313955
f 3100 3101 3102
v -23.275961629606282 17.75923489729633 -3.0323296699313955
v -22.4928371126655 18.508644645609476 -2.990043046669909
v -22.69896236833659 18.73235462047426 -1.894945923361662
f 3103 3104 3105
v -23.275961629606282 17.75923489729633 -3.0323296699313955
v -22.69896236833659 18.73235462047426 -1.894945923361662
v -23.490411650008514 17.974977713234566 -1.9372325466231486
f 3106 3107 3108
v -23.490411650008514 17.974977713234566 -1.9372325466231486
v -22.69896236833659 18.73235462047426 -1.894945923361662
v -22.831302928943337 18.87598526578523 -0.5150430466699094
f 3109 3110 3111
v -23.490411650008514 17.974977713234566 -1.9372325466231486
v -22.831302928943337 18.87598526578523 -0.5150430466699094
v -23.62809703858334 18.113493127637266 -0.5573296699313961
f 3112 3113 3114
v -23.62809703858334 18.113493127637266 -0.5573296699313961
v -22.831302928943337 18.87598526578523 -0.5150430466699094
v -22.87690437834265 18.92547701324579 1.0145910754860803
f 3115 3116 3117
v -23.62809703858334 18.113493127637266 -0.5573296699313961
v -22.87690437834265 18.92547701324579 1.0145910754860803
v -23.675540190186545 18.16122228664906 0.9723044522245935
f 3118 3119 3120
v -22.87690437834265 18.92547701324579 1.0145910754860814
v -22.04778326959806 19.66116274357972 1.0554409105893647
v -22.004064713747145 19.61000012902252 2.5850750327453547
f 3121 3122 3123
v -22.87690437834265 18.92547701324579 1.0145910754860814
v -22.004064713747145 19.61000012902252 2.5850750327453547
v -22.831302928943337 18.87598526578523 2.544225197642071
f 3124 3125 3126
v -22.831302928943337 18.87598526578523 2.544225197642071
v -22.004064713747145 19.61000012902252 2.5850750327453547
v -21.87718852304618 19.461520438534677 3.9649779094371067
f 3127 3128 3129
v -22.831302928943337 18.87598526578523 2.544225197642071
v -21.87718852304618 19.461520438534677 3.9649779094371067
v -22.69896236833659 18.73235462047426 3.924128074333823
f 3130 3131 3132
v -22.69896236833659 18.73235462047426 3.924128074333823
v -21.87718852304618 19.461520438534677 3.9649779094371067
v -21.679574223039374 19.230257898739975 5.060075032745355
f 3133 3134 3135
v -22.69896236833659 18.73235462047426 3.924128074333823
v -21.679574223039374 19.230257898739975 5.060075032745355
v -22.4928371126655 18.508644645609476 5.019225197642072
f 3136 3137 3138
v -22.4928371126655 18.508644645609476 5.019225197642072
v -21.679574223039374 19.230257898739975 5.060075032745355
v -21.430565678271186 18.93885009833438 5.7631706662503746
f 3139 3140 3141
v -22.4928371126655 18.508644645609476 5.019225197642072
v -21.430565678271186 18.93885009833438 5.7631706662503746
v -22.233104138114257 18.226753632209686 5.7223208311470914
f 3142 3143 3144
v -22.233104138114257 18.226753632209686 5.7223208311470914
v -21.430565678271186 18.93885009833438 5.7631706662503746
v -21.154537580048075 18.615822063179127 6.005440910589365
f 3145 3146 3147
v -22.233104138114257 18.226753632209686 5.7223208311470914
v -21.154537580048075 18.615822063179127 6.005440910589365
v -21.945187917897982 17.914275036716642 5.964591075486082
f 3148 3149 3150
v -21.945187917897982 17.914275036716642 5.964591075486082
v -21.154537580048075 18.615822063179127 6.005440910589365
v -20.87850948182496 18.292794028023874 5.763170666250375
f 3151 3152 3153
v -21.945187917897982 17.914275036716642 5.964591075486082
v -20.87850948182496 18.292794028023874 5.763170666250375
v -21.657271697681704 17.6017964412236 5.722320831147092
f 3154 3155 3156
v -21.657271697681704 17.6017964412236 5.722320831147092
v -20.87850948182496 18.292794028023874 5.763170666250375
v -20.629500937056772 18.00138622761828 5.060075032745355
f 3157 3158 3159
v -21.657271697681704 17.6017964412236 5.722320831147092
v -20.629500937056772 18.00138622761828 5.060075032745355
v -21.39753872313046 17.31990542782381 5.019225197642072
f 3160 3161 3162
v -21.39753872313046 17.31990542782381 5.019225197642072
v -20.629500937056772 18.00138622761828 5.060075032745355
v -20.43188663704997 17.770123687823578 3.9649779094371076
f 3163 3164 3165
v -21.39753872313046 17.31990542782381 5.019225197642072
v -20.43188663704997 17.770123687823578 3.9649779094371076
v -21.19141346745937 17.096195452959023 3.924128074333824
f 3166 3167 3168
v -21.19141346745937 17.096195452959023 3.924128074333824
v -20.43188663704997 17.770123687823578 3.9649779094371076
v -20.305010446349005 17.621643997335735 2.5850750327453547
f 3169 3170 3171
v -21.19141346745937 17.096195452959023 3.924128074333824
v -20.305010446349005 17.621643997335735 2.5850750327453547
v -21.05907290685262 16.952564807648056 2.5442251976420716
f 3172 3173 3174
v -21.05907290685262 16.952564807648056 2.5442251976420716
v -20.305010446349005 17.621643997335735 2.5850750327453547
v -20.26129189049809 17.570481382778535 1.0554409105893654
f 3175 3176 3177
v -21.05907290685262 16.952564807648056 2.5442251976420716
v -20.26129189049809 17.570481382778535 1.0554409105893654
v -21.01347145745331 16.90307306018749 1.014591075486082
f 3178 3179 3180
v -21.01347145745331 16.90307306018749 1.014591075486082
v -20.26129189049809 17.570481382778535 1.0554409105893654
v -20.305010446349005 17.621643997335735 -0.4741932115666223
f 3181 3182 3183
v -21.01347145745331 16.90307306018749 1.014591075486082
v -20.305010446349005 17.621643997335735 -0.4741932115666223
v -21.05907290685262 16.952564807648056 -0.5150430466699056
f 3184 3185 3186
v -21.05907290685262 16.952564807648056 -0.5150430466699056
v -20.305010446349005 17.621643997335735 -0.4741932115666223
v -20.43188663704997 17.770123687823578 -1.8540960882583768
f 3187 3188 3189
v -21.05907290685262 16.952564807648056 -0.5150430466699056
v -20.43188663704997 17.770123687823578 -1.8540960882583768
v -21.19141346745937 17.096195452959023 -1.8949459233616601
f 3190 3191 3192
v -21.19141346745937 17.096195452959023 -1.8949459233616601
v -20.43188663704997 17.770123687823578 -1.8540960882583768
v -20.629500937056772 18.00138622761828 -2.949193211566625
f 3193 3194 3195
v -21.19141346745937 17.096195452959023 -1.8949459233616601
v -20.629500937056772 18.00138622761828 -2.949193211566625
v -21.39753872313046 17.31990542782381 -2.990043046669908
f 3196 3197 3198
v -21.39753872313046 17.31990542782381 -2.990043046669908
v -20.629500937056772 18.00138622761828 -2.949193211566625
v -20.87850948182496 18.292794028023874 -3.652288845071645
f 3199 3200 3201
v -21.39753872313046 17.31990542782381 -2.990043046669908
v -20.87850948182496 18.292794028023874 -3.652288845071645
v -21.657271697681704 17.6017964412236 -3.693138680174928
f 3202 3203 3204
v -21.657271697681704 17.6017964412236 -3.693138680174928
v -20.87850948182496 18.292794028023874 -3.652288845071645
v -21.154537580048075 18.615822063179127 -3.8945590894106354
f 3205 3206 3207
v -21.657271697681704 17.6017964412236 -3.693138680174928
v -21.154537580048075 18.615822063179127 -3.8945590894106354
v -21.945187917897982 17.914275036716642 -3.9354089245139185
f 3208 3209 3210
v -21.945187917897982 17.914275036716642 -3.9354089245139185
v -21.154537580048075 18.615822063179127 -3.8945590894106354
v -21.430565678271186 18.93885009833438 -3.652288845071646
f 3211 3212 3213
v -21.945187917897982 17.914275036716642 -3.9354089245139185
v -21.430565678271186 18.93885009833438 -3.652288845071646
v -22.233104138114257 18.226753632209686 -3.693138680174929
f 3214 3215 3216
v -22.233104138114257 18.226753632209686 -3.693138680174929
v -21.430565678271186 18.93885009833438 -3.652288845071646
v -21.679574223039374 19.230257898739975 -2.9491932115666257
f 3217 3218 3219
v -22.233104138114257 18.226753632209686 -3.693138680174929
v -21.679574223039374 19.230257898739975 -2.9491932115666257
v -22.4928371126655 18.508644645609476 -2.990043046669909
f 3220 3221 3222
v -22.4928371126655 18.508644645609476 -2.990043046669909
v -21.679574223039374 19.230257898739975 -2.9491932115666257
v -21.87718852304618 19.461520438534677 -1.8540960882583786
f 3223 3224 3225
v -22.4928371126655 18.508644645609476 -2.990043046669909
v -21.87718852304618 19.461520438534677 -1.8540960882583786
v -22.69896236833659 18.73235462047426 -1.894945923361662
f 3226 3227 3228
v -22.69896236833659 18.73235462047426 -1.894945923361662
v -21.87718852304618 19.461520438534677 -1.8540960882583786
v -22.004064713747145 19.61000012902252 -0.4741932115666261
f 3229 3230 3231
v -22.69896236833659 18.73235462047426 -1.894945923361662
v -22.004064713747145 19.61000012902252 -0.4741932115666261
v -22.831302928943337 18.87598526578523 -0.5150430466699094
f 3232 3233 3234
v -22.831302928943337 18.87598526578523 -0.5150430466699094
v -22.004064713747145 19.61000012902252 -0.4741932115666261
v -22.04778326959806 19.66116274357972 1.0554409105893636
f 3235 3236 3237
v -22.831302928943337 18.87598526578523 -0.5150430466699094
v -22.04778326959806 19.66116274357972 1.0554409105893636
v -22.87690437834265 18.92547701324579 1.0145910754860803
f 3238 3239 3240
v -22.04778326959806 19.66116274357972 1.0554409105893647
v -21.189499067277243 20.367492884953315 1.0947961090467537
v -21.147700118215255 20.314750367841107 2.6244302312027434
f 3241 3242 3243
v -22.04778326959806 19.66116274357972 1.0554409105893647
v -21.147700118215255 20.314750367841107 2.6244302312027434
v -22.004064713747145 19.61000012902252 2.5850750327453547
f 3244 3245 3246
v -22.004064713747145 19.61000012902252 2.5850750327453547
v -21.147700118215255 20.314750367841107 2.6244302312027434
v -21.026394843393877 20.16168562155816 4.004333107894496
f 3247 3248 3249
v -22.004064713747145 19.61000012902252 2.5850750327453547
v -21.026394843393877 20.16168562155816 4.004333107894496
v -21.87718852304618 19.461520438534677 3.9649779094371067
f 3250 3251 3252
v -21.87718852304618 19.461520438534677 3.9649779094371067
v -21.026394843393877 20.16168562155816 4.004333107894496
v -20.837457448296178 19.92328168993544 5.099430231202744
f 3253 3254 3255
v -21.87718852304618 19.461520438534677 3.9649779094371067
v -20.837457448296178 19.92328168993544 5.099430231202744
v -21.679574223039374 19.230257898739975 5.060075032745355
f 3256 3257 3258
v -21.679574223039374 19.230257898739975 5.060075032745355
v -20.837457448296178 19.92328168993544 5.099430231202744
v -20.599382441558554 19.622875210858044 5.802525864707763
f 3259 3260 3261
v -21.679574223039374 19.230257898739975 5.060075032745355
v -20.599382441558554 19.622875210858044 5.802525864707763
v -21.430565678271186 18.93885009833438 5.7631706662503746
f 3262 3263 3264
v -21.430565678271186 18.93885009833438 5.7631706662503746
v -20.599382441558554 19.622875210858044 5.802525864707763
v -20.335474263606596 19.289872063553084 6.044796109046754
f 3265 3266 3267
v -21.430565678271186 18.93885009833438 5.7631706662503746
v -20.335474263606596 19.289872063553084 6.044796109046754
v -21.154537580048075 18.615822063179127 6.005440910589365
f 3268 3269 3270
v -21.154537580048075 18.615822063179127 6.005440910589365
v -20.335474263606596 19.289872063553084 6.044796109046754
v -20.071566085654638 18.95686891624812 5.802525864707764
f 3271 3272 3273
v -21.154537580048075 18.615822063179127 6.005440910589365
v -20.071566085654638 18.95686891624812 5.802525864707764
v -20.87850948182496 18.292794028023874 5.763170666250375
f 3274 3275 3276
v -20.87850948182496 18.292794028023874 5.763170666250375
v -20.071566085654638 18.95686891624812 5.802525864707764
v -19.833491078917014 18.656462437170724 5.099430231202744
f 3277 3278 3279
v -20.87850948182496 18.292794028023874 5.763170666250375
v -19.833491078917014 18.656462437170724 5.099430231202744
v -20.629500937056772 18.00138622761828 5.060075032745355
f 3280 3281 3282
v -20.629500937056772 18.00138622761828 5.060075032745355
v -19.833491078917014 18.656462437170724 5.099430231202744
v -19.644553683819314 18.418058505548004 4.004333107894497
f 3283 3284 3285
v -20.629500937056772 18.00138622761828 5.060075032745355
v -19.644553683819314 18.418058505548004 4.004333107894497
v -20.43188663704997 17.770123687823578 3.9649779094371076
f 3286 3287 3288
v -20.43188663704997 17.770123687823578 3.9649779094371076
v -19.644553683819314 18.418058505548004 4.004333107894497
v -19.523248408997937 18.264993759265057 2.624430231202744
f 3289 3290 3291
v -20.43188663704997 17.770123687823578 3.9649779094371076
v -19.523248408997937 18.264993759265057 2.624430231202744
v -20.305010446349005 17.621643997335735 2.5850750327453547
f 3292 3293 3294
v -20.305010446349005 17.621643997335735 2.5850750327453547
v -19.523248408997937 18.264993759265057 2.624430231202744
v -19.48144945993595 18.212251242152853 1.0947961090467544
f 3295 3296 3297
v -20.305010446349005 17.621643997335735 2.5850750327453547
v -19.48144945993595 18.212251242152853 1.0947961090467544
v -20.26129189049809 17.570481382778535 1.0554409105893654
f 3298 3299 3300
v -20.26129189049809 17.570481382778535 1.0554409105893654
v -19.48144945993595 18.212251242152853 1.0947961090467544
v -19.523248408997937 18.264993759265057 -0.4348380131092333
f 3301 3302 3303
v -20.26129189049809 17.570481382778535 1.0554409105893654
v -19.523248408997937 18.264993759265057 -0.4348380131092333
v -20.305010446349005 17.621643997335735 -0.4741932115666223
f 3304 3305 3306
v -20.305010446349005 17.621643997335735 -0.4741932115666223
v -19.523248408997937 18.264993759265057 -0.4348380131092333
v -19.644553683819314 18.418058505548004 -1.8147408898009878
f 3307 3308 3309
v -20.305010446349005 17.621643997335735 -0.4741932115666223
v -19.644553683819314 18.418058505548004 -1.8147408898009878
v -20.43188663704997 17.770123687823578 -1.8540960882583768
f 3310 3311 3312
v -20.43188663704997 17.770123687823578 -1.8540960882583768
v -19.644553683819314 18.418058505548004 -1.8147408898009878
v -19.833491078917014 18.656462437170724 -2.909838013109236
f 3313 3314 3315
v -20.43188663704997 17.770123687823578 -1.8540960882583768
v -19.833491078917014 18.656462437170724 -2.909838013109236
v -20.629500937056772 18.00138622761828 -2.949193211566625
f 3316 3317 3318
v -20.629500937056772 18.00138622761828 -2.949193211566625
v -19.833491078917014 18.656462437170724 -2.909838013109236
v -20.071566085654638 18.95686891624812 -3.6129336466142563
f 3319 3320 3321
v -20.629500937056772 18.00138622761828 -2.949193211566625
v -20.071566085654638 18.95686891624812 -3.6129336466142563
v -20.87850948182496 18.292794028023874 -3.652288845071645
f 3322 3323 3324
v -20.87850948182496 18.292794028023874 -3.652288845071645
v -20.071566085654638 18.95686891624812 -3.6129336466142563
v -20.335474263606596 19.289872063553084 -3.8552038909532467
f 3325 3326 3327
v -20.87850948182496 18.292794028023874 -3.652288845071645
v -20.335474263606596 19.289872063553084 -3.8552038909532467
v -21.154537580048075 18.615822063179127 -3.8945590894106354
f 3328 3329 3330
v -21.154537580048075 18.615822063179127 -3.8945590894106354
v -20.335474263606596 19.289872063553084 -3.8552038909532467
v -20.599382441558554 19.622875210858044 -3.612933646614257
f 3331 3332 3333
v -21.154537580048075 18.615822063179127 -3.8945590894106354
v -20.599382441558554 19.622875210858044 -3.612933646614257
v -21.430565678271186 18.93885009833438 -3.652288845071646
f 3334 3335 3336
v -21.430565678271186 18.93885009833438 -3.652288845071646
v -20.599382441558554 19.622875210858044 -3.612933646614257
v -20.837457448296178 19.92328168993544 -2.909838013109237
f 3337 3338 3339
v -21.430565678271186 18.93885009833438 -3.652288845071646
v -20.837457448296178 19.92328168993544 -2.909838013109237
v -21.679574223039374 19.230257898739975 -2.9491932115666257
f 3340 3341 3342
v -21.679574223039374 19.230257898739975 -2.9491932115666257
v -20.837457448296178 19.92328168993544 -2.909838013109237
v -21.026394843393877 20.16168562155816 -1.8147408898009896
f 3343 3344 3345
v -21.679574223039374 19.230257898739975 -2.9491932115666257
v -21.026394843393877 20.16168562155816 -1.8147408898009896
v -21.87718852304618 19.461520438534677 -1.8540960882583786
f 3346 3347 3348
v -21.87718852304618 19.461520438534677 -1.8540960882583786
v -21.026394843393877 20.16168562155816 -1.8147408898009896
v -21.147700118215255 20.314750367841107 -0.4348380131092371
f 3349 3350 3351
v -21.87718852304618 19.461520438534677 -1.8540960882583786
v -21.147700118215255 20.314750367841107 -0.4348380131092371
v -22.004064713747145 19.61000012902252 -0.4741932115666261
f 3352 3353 3354
v -22.004064713747145 19.61000012902252 -0.4741932115666261
v -21.147700118215255 20.314750367841107 -0.4348380131092371
v -21.189499067277243 20.367492884953315 1.0947961090467526
f 3355 3356 3357
v -22.004064713747145 19.61000012902252 -0.4741932115666261
v -21.189499067277243 20.367492884953315 1.0947961090467526
v -22.04778326959806 19.66116274357972 1.0554409105893636
f 3358 3359 3360
v -21.189499067277243 20.367492884953315 1.0947961090467537
v -20.303384288208726 21.043731905495136 1.1326009389634257
v -20.263537508211257 20.98949944862795 2.662235061119415
f 3361 3362 3363
v -21.189499067277243 20.367492884953315 1.0947961090467537
v -20.263537508211257 20.98949944862795 2.662235061119415
v -21.147700118215255 20.314750367841107 2.6244302312027434
f 3364 3365 3366
v -21.147700118215255 20.314750367841107 2.6244302312027434
v -20.263537508211257 20.98949944862795 2.662235061119415
v -20.147897648673847 20.832110728764288 4.042137937811168
f 3367 3368 3369
v -21.147700118215255 20.314750367841107 2.6244302312027434
v -20.147897648673847 20.832110728764288 4.042137937811168
v -21.026394843393877 20.16168562155816 4.004333107894496
f 3370 3371 3372
v -21.026394843393877 20.16168562155816 4.004333107894496
v -20.147897648673847 20.832110728764288 4.042137937811168
v -19.9677843447583 20.586972050396103 5.137235061119416
f 3373 3374 3375
v -21.026394843393877 20.16168562155816 4.004333107894496
v -19.9677843447583 20.586972050396103 5.137235061119416
v -20.837457448296178 19.92328168993544 5.099430231202744
f 3376 3377 3378
v -20.837457448296178 19.92328168993544 5.099430231202744
v -19.9677843447583 20.586972050396103 5.137235061119416
v -19.740828341575043 20.278079295343677 5.840330694624436
f 3379 3380 3381
v -20.837457448296178 19.92328168993544 5.099430231202744
v -19.740828341575043 20.278079295343677 5.840330694624436
v -20.599382441558554 19.622875210858044 5.802525864707763
f 3382 3383 3384
v -20.599382441558554 19.622875210858044 5.802525864707763
v -19.740828341575043 20.278079295343677 5.840330694624436
v -19.48924567401111 19.935669038653916 6.0826009389634255
f 3385 3386 3387
v -20.599382441558554 19.622875210858044 5.802525864707763
v -19.48924567401111 19.935669038653916 6.0826009389634255
v -20.335474263606596 19.289872063553084 6.044796109046754
f 3388 3389 3390
v -20.335474263606596 19.289872063553084 6.044796109046754
v -19.48924567401111 19.935669038653916 6.0826009389634255
v -19.23766300644718 19.593258781964153 5.840330694624436
f 3391 3392 3393
v -20.335474263606596 19.289872063553084 6.044796109046754
v -19.23766300644718 19.593258781964153 5.840330694624436
v -20.071566085654638 18.95686891624812 5.802525864707764
f 3394 3395 3396
v -20.071566085654638 18.95686891624812 5.802525864707764
v -19.23766300644718 19.593258781964153 5.840330694624436
v -19.01070700326392 19.284366026911727 5.137235061119416
f 3397 3398 3399
v -20.071566085654638 18.95686891624812 5.802525864707764
v -19.01070700326392 19.284366026911727 5.137235061119416
v -19.833491078917014 18.656462437170724 5.099430231202744
f 3400 3401 3402
v -19.833491078917014 18.656462437170724 5.099430231202744
v -19.01070700326392 19.284366026911727 5.137235061119416
v -18.83059369934837 19.03922734854354 4.042137937811169
f 3403 3404 3405
v -19.833491078917014 18.656462437170724 5.099430231202744
v -18.83059369934837 19.03922734854354 4.042137937811169
v -19.644553683819314 18.418058505548004 4.004333107894497
f 3406 3407 3408
v -19.644553683819314 18.418058505548004 4.004333107894497
v -18.83059369934837 19.03922734854354 4.042137937811169
v -18.714953839810963 18.88183862867988 2.662235061119416
f 3409 3410 3411
v -19.644553683819314 18.418058505548004 4.004333107894497
v -18.714953839810963 18.88183862867988 2.662235061119416
v -19.523248408997937 18.264993759265057 2.624430231202744
f 3412 3413 3414
v -19.523248408997937 18.264993759265057 2.624430231202744
v -18.714953839810963 18.88183862867988 2.662235061119416
v -18.675107059813495 18.827606171812693 1.1326009389634264
f 3415 3416 3417
v -19.523248408997937 18.264993759265057 2.624430231202744
v -18.675107059813495 18.827606171812693 1.1326009389634264
v -19.48144945993595 18.212251242152853 1.0947961090467544
f 3418 3419 3420
v -19.48144945993595 18.212251242152853 1.0947961090467544
v -18.675107059813495 18.827606171812693 1.1326009389634264
v -18.714953839810963 18.88183862867988 -0.3970331831925613
f 3421 3422 3423
v -19.48144945993595 18.212251242152853 1.0947961090467544
v -18.714953839810963 18.88183862867988 -0.3970331831925613
v -19.523248408997937 18.264993759265057 -0.4348380131092333
f 3424 3425 3426
v -19.523248408997937 18.264993759265057 -0.4348380131092333
v -18.714953839810963 18.88183862867988 -0.3970331831925613
v -18.83059369934837 19.03922734854354 -1.7769360598843158
f 3427 3428 3429
v -19.523248408997937 18.264993759265057 -0.4348380131092333
v -18.83059369934837 19.03922734854354 -1.7769360598843158
v -19.644553683819314 18.418058505548004 -1.8147408898009878
f 3430 3431 3432
v -19.644553683819314 18.418058505548004 -1.8147408898009878
v -18.83059369934837 19.03922734854354 -1.7769360598843158
v -19.01070700326392 19.284366026911727 -2.872033183192564
f 3433 3434 3435
v -19.644553683819314 18.418058505548004 -1.8147408898009878
v -19.01070700326392 19.284366026911727 -2.872033183192564
v -19.833491078917014 18.656462437170724 -2.909838013109236
f 3436 3437 3438
v -19.833491078917014 18.656462437170724 -2.909838013109236
v -19.01070700326392 19.284366026911727 -2.872033183192564
v -19.23766300644718 19.593258781964153 -3.575128816697584
f 3439 3440 3441
v -19.833491078917014 18.656462437170724 -2.909838013109236
v -19.23766300644718 19.593258781964153 -3.575128816697584
v -20.071566085654638 18.95686891624812 -3.6129336466142563
f 3442 3443 3444
v -20.071566085654638 18.95686891624812 -3.6129336466142563
v -19.23766300644718 19.593258781964153 -3.575128816697584
v -19.48924567401111 19.935669038653916 -3.8173990610365744
f 3445 3446 3447
v -20.071566085654638 18.95686891624812 -3.6129336466142563
v -19.48924567401111 19.935669038653916 -3.8173990610365744
v -20.335474263606596 19.289872063553084 -3.8552038909532467
f 3448 3449 3450
v -20.335474263606596 19.289872063553084 -3.8552038909532467
v -19.48924567401111 19.935669038653916 -3.8173990610365744
v -19.740828341575043 20.278079295343677 -3.575128816697585
f 3451 3452 3453
v -20.335474263606596 19.289872063553084 -3.8552038909532467
v -19.740828341575043 20.278079295343677 -3.575128816697585
v -20.599382441558554 19.622875210858044 -3.612933646614257
f 3454 3455 3456
v -20.599382441558554 19.622875210858044 -3.612933646614257
v -19.740828341575043 20.278079295343677 -3.575128816697585
v -19.9677843447583 20.586972050396103 -2.8720331831925647
f 3457 3458 3459
v -20.599382441558554 19.622875210858044 -3.612933646614257
v -19.9677843447583 20.586972050396103 -2.8720331831925647
v -20.837457448296178 19.92328168993544 -2.909838013109237
f 3460 3461 3462
v -20.837457448296178 19.92328168993544 -2.909838013109237
v -19.9677843447583 20.586972050396103 -2.8720331831925647
v -20.147897648673847 20.832110728764288 -1.7769360598843176
f 3463 3464 3465
v -20.837457448296178 19.92328168993544 -2.909838013109237
v -20.147897648673847 20.832110728764288 -1.7769360598843176
v -21.026394843393877 20.16168562155816 -1.8147408898009896
f 3466 3467 3468
v -21.026394843393877 20.16168562155816 -1.8147408898009896
v -20.147897648673847 20.832110728764288 -1.7769360598843176
v -20.263537508211257 20.98949944862795 -0.3970331831925651
f 3469 3470 3471
v -21.026394843393877 20.16168562155816 -1.8147408898009896
v -20.263537508211257 20.98949944862795 -0.3970331831925651
v -21.147700118215255 20.314750367841107 -0.4348380131092371
f 3472 3473 3474
v -21.147700118215255 20.314750367841107 -0.4348380131092371
v -20.263537508211257 20.98949944862795 -0.3970331831925651
v -20.303384288208726 21.043731905495136 1.1326009389634246
f 3475 3476 3477
v -21.147700118215255 20.314750367841107 -0.4348380131092371
v -20.303384288208726 21.043731905495136 1.1326009389634246
v -21.189499067277243 20.367492884953315 1.0947961090467526
f 3478 3479 3480
v -20.303384288208726 21.043731905495136 1.1326009389634257
v -19.390780293028364 21.689192531349537 1.1688018639607751
v -19.35291442131721 21.633558899313037 2.698435986116765
f 3481 3482 3483
v -20.303384288208726 21.043731905495136 1.1326009389634257
v -19.35291442131721 21.633558899313037 2.698435986116765
v -20.263537508211257 20.98949944862795 2.662235061119415
f 3484 3485 3486
v -20.263537508211257 20.98949944862795 2.662235061119415
v -19.35291442131721 21.633558899313037 2.698435986116765
v -19.24302338153388 21.472103810729582 4.078338862808517
f 3487 3488 3489
v -20.263537508211257 20.98949944862795 2.662235061119415
v -19.24302338153388 21.472103810729582 4.078338862808517
v -20.147897648673847 20.832110728764288 4.042137937811168
f 3490 3491 3492
v -20.147897648673847 20.832110728764288 4.042137937811168
v -19.24302338153388 21.472103810729582 4.078338862808517
v -19.07186407430826 21.220631614593465 5.173435986116766
f 3493 3494 3495
v -20.147897648673847 20.832110728764288 4.042137937811168
v -19.07186407430826 21.220631614593465 5.173435986116766
v -19.9677843447583 20.586972050396103 5.137235061119416
f 3496 3497 3498
v -19.9677843447583 20.586972050396103 5.137235061119416
v -19.07186407430826 21.220631614593465 5.173435986116766
v -18.85619076516861 20.903758161572313 5.876531619621785
f 3499 3500 3501
v -19.9677843447583 20.586972050396103 5.137235061119416
v -18.85619076516861 20.903758161572313 5.876531619621785
v -19.740828341575043 20.278079295343677 5.840330694624436
f 3502 3503 3504
v -19.740828341575043 20.278079295343677 5.840330694624436
v -18.85619076516861 20.903758161572313 5.876531619621785
v -18.617115060297824 20.552501233034995 6.118801863960775
f 3505 3506 3507
v -19.740828341575043 20.278079295343677 5.840330694624436
v -18.617115060297824 20.552501233034995 6.118801863960775
v -19.48924567401111 19.935669038653916 6.0826009389634255
f 3508 3509 3510
v -19.48924567401111 19.935669038653916 6.0826009389634255
v -18.617115060297824 20.552501233034995 6.118801863960775
v -18.37803935542704 20.201244304497678 5.876531619621786
f 3511 3512 3513
v -19.48924567401111 19.935669038653916 6.0826009389634255
v -18.37803935542704 20.201244304497678 5.876531619621786
v -19.23766300644718 19.593258781964153 5.840330694624436
f 3514 3515 3516
v -19.23766300644718 19.593258781964153 5.840330694624436
v -18.37803935542704 20.201244304497678 5.876531619621786
v -18.16236604628739 19.884370851476525 5.173435986116766
f 3517 3518 3519
v -19.23766300644718 19.593258781964153 5.840330694624436
v -18.16236604628739 19.884370851476525 5.173435986116766
v -19.01070700326392 19.284366026911727 5.137235061119416
f 3520 3521 3522
v -19.01070700326392 19.284366026911727 5.137235061119416
v -18.16236604628739 19.884370851476525 5.173435986116766
v -17.991206739061766 19.63289865534041 4.078338862808518
f 3523 3524 3525
v -19.01070700326392 19.284366026911727 5.137235061119416
v -17.991206739061766 19.63289865534041 4.078338862808518
v -18.83059369934837 19.03922734854354 4.042137937811169
f 3526 3527 3528
v -18.83059369934837 19.03922734854354 4.042137937811169
v -17.991206739061766 19.63289865534041 4.078338862808518
v -17.88131569927844 19.471443566756953 2.698435986116765
f 3529 3530 3531
v -18.83059369934837 19.03922734854354 4.042137937811169
v -17.88131569927844 19.471443566756953 2.698435986116765
v -18.714953839810963 18.88183862867988 2.662235061119416
f 3532 3533 3534
v -18.714953839810963 18.88183862867988 2.662235061119416
v -17.88131569927844 19.471443566756953 2.698435986116765
v -17.843449827567284 19.415809934720453 1.1688018639607758
f 3535 3536 3537
v -18.714953839810963 18.88183862867988 2.662235061119416
v -17.843449827567284 19.415809934720453 1.1688018639607758
v -18.675107059813495 18.827606171812693 1.1326009389634264
f 3538 3539 3540
v -18.675107059813495 18.827606171812693 1.1326009389634264
v -17.843449827567284 19.415809934720453 1.1688018639607758
v -17.88131569927844 19.471443566756953 -0.3608322581952119
f 3541 3542 3543
v -18.675107059813495 18.827606171812693 1.1326009389634264
v -17.88131569927844 19.471443566756953 -0.3608322581952119
v -18.714953839810963 18.88183862867988 -0.3970331831925613
f 3544 3545 3546
v -18.714953839810963 18.88183862867988 -0.3970331831925613
v -17.88131569927844 19.471443566756953 -0.3608322581952119
v -17.991206739061766 19.63289865534041 -1.7407351348869664
f 3547 3548 3549
v -18.714953839810963 18.88183862867988 -0.3970331831925613
v -17.991206739061766 19.63289865534041 -1.7407351348869664
v -18.83059369934837 19.03922734854354 -1.7769360598843158
f 3550 3551 3552
v -18.83059369934837 19.03922734854354 -1.7769360598843158
v -17.991206739061766 19.63289865534041 -1.7407351348869664
v -18.16236604628739 19.884370851476522 -2.8358322581952145
f 3553 3554 3555
v -18.83059369934837 19.03922734854354 -1.7769360598843158
v -18.16236604628739 19.884370851476522 -2.8358322581952145
v -19.01070700326392 19.284366026911727 -2.872033183192564
f 3556 3557 3558
v -19.01070700326392 19.284366026911727 -2.872033183192564
v -18.16236604628739 19.884370851476522 -2.8358322581952145
v -18.37803935542704 20.201244304497678 -3.5389278917002347
f 3559 3560 3561
v -19.01070700326392 19.284366026911727 -2.872033183192564
v -18.37803935542704 20.201244304497678 -3.5389278917002347
v -19.23766300644718 19.593258781964153 -3.575128816697584
f 3562 3563 3564
v -19.23766300644718 19.593258781964153 -3.575128816697584
v -18.37803935542704 20.201244304497678 -3.5389278917002347
v -18.617115060297824 20.552501233034995 -3.781198136039225
f 3565 3566 3567
v -19.23766300644718 19.593258781964153 -3.575128816697584
v -18.617115060297824 20.552501233034995 -3.781198136039225
v -19.48924567401111 19.935669038653916 -3.8173990610365744
f 3568 3569 3570
v -19.48924567401111 19.935669038653916 -3.8173990610365744
v -18.617115060297824 20.552501233034995 -3.781198136039225
v -18.85619076516861 20.903758161572313 -3.5389278917002356
f 3571 3572 3573
v -19.48924567401111 19.935669038653916 -3.8173990610365744
v -18.85619076516861 20.903758161572313 -3.5389278917002356
v -19.740828341575043 20.278079295343677 -3.575128816697585
f 3574 3575 3576
v -19.740828341575043 20.278079295343677 -3.575128816697585
v -18.85619076516861 20.903758161572313 -3.5389278917002356
v -19.07186407430826 21.220631614593465 -2.8358322581952153
f 3577 3578 3579
v -19.740828341575043 20.278079295343677 -3.575128816697585
v -19.07186407430826 21.220631614593465 -2.8358322581952153
v -19.9677843447583 20.586972050396103 -2.8720331831925647
f 3580 3581 3582
v -19.9677843447583 20.586972050396103 -2.8720331831925647
v -19.07186407430826 21.220631614593465 -2.8358322581952153
v -19.24302338153388 21.472103810729582 -1.7407351348869682
f 3583 3584 3585
v -19.9677843447583 20.586972050396103 -2.8720331831925647
v -19.24302338153388 21.472103810729582 -1.7407351348869682
v -20.147897648673847 20.832110728764288 -1.7769360598843176
f 3586 3587 3588
v -20.147897648673847 20.832110728764288 -1.7769360598843176
v -19.24302338153388 21.472103810729582 -1.7407351348869682
v -19.35291442131721 21.633558899313037 -0.3608322581952157
f 3589 3590 3591
v -20.147897648673847 20.832110728764288 -1.7769360598843176
v -19.35291442131721 21.633558899313037 -0.3608322581952157
v -20.263537508211257 20.98949944862795 -0.3970331831925651
f 3592 3593 3594
v -20.263537508211257 20.98949944862795 -0.3970331831925651
v -19.35291442131721 21.633558899313037 -0.3608322581952157
v -19.390780293028364 21.689192531349537 1.168801863960774
f 3595 3596 3597
v -20.263537508211257 20.98949944862795 -0.3970331831925651
v -19.390780293028364 21.689192531349537 1.168801863960774
v -20.303384288208726 21.043731905495136 1.1326009389634246
f 3598 3599 3600
v -19.390780293028364 21.689192531349537 1.1688018639607751
v -18.453036175117166 22.303233172461887 1.2033476189906374
v -18.417176451537713 22.246285780258003 2.7329817411466273
f 3601 3602 3603
v -19.390780293028364 21.689192531349537 1.1688018639607751
v -18.417176451537713 22.246285780258003 2.7329817411466273
v -19.35291442131721 21.633558899313037 2.698435986116765
f 3604 3605 3606
v -19.35291442131721 21.633558899313037 2.698435986116765
v -18.417176451537713 22.246285780258003 2.7329817411466273
v -18.3131074803927 22.08101801117107 4.112884617838379
f 3607 3608 3609
v -19.35291442131721 21.633558899313037 2.698435986116765
v -18.3131074803927 22.08101801117107 4.112884617838379
v -19.24302338153388 21.472103810729582 4.078338862808517
f 3610 3611 3612
v -19.24302338153388 21.472103810729582 4.078338862808517
v -18.3131074803927 22.08101801117107 4.112884617838379
v -18.151016257668953 21.82360742592758 5.207981741146628
f 3613 3614 3615
v -19.24302338153388 21.472103810729582 4.078338862808517
v -18.151016257668953 21.82360742592758 5.207981741146628
v -19.07186407430826 21.220631614593465 5.173435986116766
f 3616 3617 3618
v -19.07186407430826 21.220631614593465 5.173435986116766
v -18.151016257668953 21.82360742592758 5.207981741146628
v -17.946769401602634 21.49925116609617 5.911077374651647
f 3619 3620 3621
v -19.07186407430826 21.220631614593465 5.173435986116766
v -17.946769401602634 21.49925116609617 5.911077374651647
v -18.85619076516861 20.903758161572313 5.876531619621785
f 3622 3623 3624
v -18.85619076516861 20.903758161572313 5.876531619621785
v -17.946769401602634 21.49925116609617 5.911077374651647
v -17.720360017537036 21.139699482312086 6.1533476189906375
f 3625 3626 3627
v -18.85619076516861 20.903758161572313 5.876531619621785
v -17.720360017537036 21.139699482312086 6.1533476189906375
v -18.617115060297824 20.552501233034995 6.118801863960775
f 3628 3629 3630
v -18.617115060297824 20.552501233034995 6.118801863960775
v -17.720360017537036 21.139699482312086 6.1533476189906375
v -17.49395063347144 20.780147798528002 5.911077374651648
f 3631 3632 3633
v -18.617115060297824 20.552501233034995 6.118801863960775
v -17.49395063347144 20.780147798528002 5.911077374651648
v -18.37803935542704 20.201244304497678 5.876531619621786
f 3634 3635 3636
v -18.37803935542704 20.201244304497678 5.876531619621786
v -17.49395063347144 20.780147798528002 5.911077374651648
v -17.28970377740512 20.455791538696595 5.207981741146628
f 3637 3638 3639
v -18.37803935542704 20.201244304497678 5.876531619621786
v -17.28970377740512 20.455791538696595 5.207981741146628
v -18.16236604628739 19.884370851476525 5.173435986116766
f 3640 3641 3642
v -18.16236604628739 19.884370851476525 5.173435986116766
v -17.28970377740512 20.455791538696595 5.207981741146628
v -17.127612554681374 20.198380953453103 4.112884617838381
f 3643 3644 3645
v -18.16236604628739 19.884370851476525 5.173435986116766
v -17.127612554681374 20.198380953453103 4.112884617838381
v -17.991206739061766 19.63289865534041 4.078338862808518
f 3646 3647 3648
v -17.991206739061766 19.63289865534041 4.078338862808518
v -17.127612554681374 20.198380953453103 4.112884617838381
v -17.02354358353636 20.033113184366172 2.7329817411466273
f 3649 3650 3651
v -17.991206739061766 19.63289865534041 4.078338862808518
v -17.02354358353636 20.033113184366172 2.7329817411466273
v -17.88131569927844 19.471443566756953 2.698435986116765
f 3652 3653 3654
v -17.88131569927844 19.471443566756953 2.698435986116765
v -17.02354358353636 20.033113184366172 2.7329817411466273
v -16.987683859956906 19.976165792162284 1.203347618990638
f 3655 3656 3657
v -17.88131569927844 19.471443566756953 2.698435986116765
v -16.987683859956906 19.976165792162284 1.203347618990638
v -17.843449827567284 19.415809934720453 1.1688018639607758
f 3658 3659 3660
v -17.843449827567284 19.415809934720453 1.1688018639607758
v -16.987683859956906 19.976165792162284 1.203347618990638
v -17.02354358353636 20.033113184366172 -0.3262865031653497
f 3661 3662 3663
v -17.843449827567284 19.415809934720453 1.1688018639607758
v -17.02354358353636 20.033113184366172 -0.3262865031653497
v -17.88131569927844 19.471443566756953 -0.3608322581952119
f 3664 3665 3666
v -17.88131569927844 19.471443566756953 -0.3608322581952119
v -17.02354358353636 20.033113184366172 -0.3262865031653497
v -17.127612554681374 20.198380953453103 -1.7061893798571042
f 3667 3668 3669
v -17.88131569927844 19.471443566756953 -0.3608322581952119
v -17.127612554681374 20.198380953453103 -1.7061893798571042
v -17.991206739061766 19.63289865534041 -1.7407351348869664
f 3670 3671 3672
v -17.991206739061766 19.63289865534041 -1.7407351348869664
v -17.127612554681374 20.198380953453103 -1.7061893798571042
v -17.28970377740512 20.455791538696595 -2.801286503165352
f 3673 3674 3675
v -17.991206739061766 19.63289865534041 -1.7407351348869664
v -17.28970377740512 20.455791538696595 -2.801286503165352
v -18.16236604628739 19.884370851476522 -2.8358322581952145
f 3676 3677 3678
v -18.16236604628739 19.884370851476522 -2.8358322581952145
v -17.28970377740512 20.455791538696595 -2.801286503165352
v -17.49395063347144 20.780147798528002 -3.5043821366703725
f 3679 3680 3681
v -18.16236604628739 19.884370851476522 -2.8358322581952145
v -17.49395063347144 20.780147798528002 -3.5043821366703725
v -18.37803935542704 20.201244304497678 -3.5389278917002347
f 3682 3683 3684
v -18.37803935542704 20.201244304497678 -3.5389278917002347
v -17.49395063347144 20.780147798528002 -3.5043821366703725
v -17.720360017537036 21.139699482312086 -3.746652381009363
f 3685 3686 3687
v -18.37803935542704 20.201244304497678 -3.5389278917002347
v -17.720360017537036 21.139699482312086 -3.746652381009363
v -18.617115060297824 20.552501233034995 -3.781198136039225
f 3688 3689 3690
v -18.617115060297824 20.552501233034995 -3.781198136039225
v -17.720360017537036 21.139699482312086 -3.746652381009363
v -17.946769401602634 21.49925116609617 -3.5043821366703733
f 3691 3692 3693
v -18.617115060297824 20.552501233034995 -3.781198136039225
v -17.946769401602634 21.49925116609617 -3.5043821366703733
v -18.85619076516861 20.903758161572313 -3.5389278917002356
f 3694 3695 3696
v -18.85619076516861 20.903758161572313 -3.5389278917002356
v -17.946769401602634 21.49925116609617 -3.5043821366703733
v -18.151016257668953 21.82360742592758 -2.801286503165353
f 3697 3698 3699
v -18.85619076516861 20.903758161572313 -3.5389278917002356
v -18.151016257668953 21.82360742592758 -2.801286503165353
v -19.07186407430826 21.220631614593465 -2.8358322581952153
f 3700 3701 3702
v -19.07186407430826 21.220631614593465 -2.8358322581952153
v -18.151016257668953 21.82360742592758 -2.801286503165353
v -18.3131074803927 22.08101801117107 -1.706189379857106
f 3703 3704 3705
v -19.07186407430826 21.220631614593465 -2.8358322581952153
v -18.3131074803927 22.08101801117107 -1.706189379857106
v -19.24302338153388 21.472103810729582 -1.7407351348869682
f 3706 3707 3708
v -19.24302338153388 21.472103810729582 -1.7407351348869682
v -18.3131074803927 22.08101801117107 -1.706189379857106
v -18.417176451537713 22.246285780258003 -0.32628650316535346
f 3709 3710 3711
v -19.24302338153388 21.472103810729582 -1.7407351348869682
v -18.417176451537713 22.246285780258003 -0.32628650316535346
v -19.35291442131721 21.633558899313037 -0.3608322581952157
f 3712 3713 3714
v -19.35291442131721 21.633558899313037 -0.3608322581952157
v -18.417176451537713 22.246285780258003 -0.32628650316535346
v -18.453036175117166 22.303233172461887 1.2033476189906362
f 3715 3716 3717
v -19.35291442131721 21.633558899313037 -0.3608322581952157
v -18.453036175117166 22.303233172461887 1.2033476189906362
v -19.390780293028364 21.689192531349537 1.168801863960774
f 3718 3719 3720
v -18.453036175117166 22.303233172461887 1.2033476189906374
v -17.49150793941957 22.88525559933205 1.2361892829330237
v -17.45767641974518 22.827080402464837 2.765823405089013
f 3721 3722 3723
v -18.453036175117166 22.303233172461887 1.2033476189906374
v -17.45767641974518 22.827080402464837 2.765823405089013
v -18.417176451537713 22.246285780258003 2.7329817411466273
f 3724 3725 3726
v -18.417176451537713 22.246285780258003 2.7329817411466273
v -17.45767641974518 22.827080402464837 2.765823405089013
v -17.359493525585787 22.658249405462985 4.145726281780766
f 3727 3728 3729
v -18.417176451537713 22.246285780258003 2.7329817411466273
v -17.359493525585787 22.658249405462985 4.145726281780766
v -18.3131074803927 22.08101801117107 4.112884617838379
f 3730 3731 3732
v -18.3131074803927 22.08101801117107 4.112884617838379
v -17.359493525585787 22.658249405462985 4.145726281780766
v -17.206570082702168 22.395288962627763 5.240823405089014
f 3733 3734 3735
v -18.3131074803927 22.08101801117107 4.112884617838379
v -17.206570082702168 22.395288962627763 5.240823405089014
v -18.151016257668953 21.82360742592758 5.207981741146628
f 3736 3737 3738
v -18.151016257668953 21.82360742592758 5.207981741146628
v -17.206570082702168 22.395288962627763 5.240823405089014
v -17.01387530316405 22.063939474257023 5.943919038594034
f 3739 3740 3741
v -18.151016257668953 21.82360742592758 5.207981741146628
v -17.01387530316405 22.063939474257023 5.943919038594034
v -17.946769401602634 21.49925116609617 5.911077374651647
f 3742 3743 3744
v -17.946769401602634 21.49925116609617 5.911077374651647
v -17.01387530316405 22.063939474257023 5.943919038594034
v -16.80027149457609 21.696635736920125 6.186189282933023
f 3745 3746 3747
v -17.946769401602634 21.49925116609617 5.911077374651647
v -16.80027149457609 21.696635736920125 6.186189282933023
v -17.720360017537036 21.139699482312086 6.1533476189906375
f 3748 3749 3750
v -17.720360017537036 21.139699482312086 6.1533476189906375
v -16.80027149457609 21.696635736920125 6.186189282933023
v -16.586667685988136 21.32933199958323 5.943919038594034
f 3751 3752 3753
v -17.720360017537036 21.139699482312086 6.1533476189906375
v -16.586667685988136 21.32933199958323 5.943919038594034
v -17.49395063347144 20.780147798528002 5.911077374651648
f 3754 3755 3756
v -17.49395063347144 20.780147798528002 5.911077374651648
v -16.586667685988136 21.32933199958323 5.943919038594034
v -16.393972906450013 20.997982511212488 5.240823405089014
f 3757 3758 3759
v -17.49395063347144 20.780147798528002 5.911077374651648
v -16.393972906450013 20.997982511212488 5.240823405089014
v -17.28970377740512 20.455791538696595 5.207981741146628
f 3760 3761 3762
v -17.28970377740512 20.455791538696595 5.207981741146628
v -16.393972906450013 20.997982511212488 5.240823405089014
v -16.241049463566394 20.735022068377265 4.1457262817807665
f 3763 3764 3765
v -17.28970377740512 20.455791538696595 5.207981741146628
v -16.241049463566394 20.735022068377265 4.1457262817807665
v -17.127612554681374 20.198380953453103 4.112884617838381
f 3766 3767 3768
v -17.127612554681374 20.198380953453103 4.112884617838381
v -16.241049463566394 20.735022068377265 4.1457262817807665
v -16.142866569407005 20.566191071375414 2.765823405089014
f 3769 3770 3771
v -17.127612554681374 20.198380953453103 4.112884617838381
v -16.142866569407005 20.566191071375414 2.765823405089014
v -17.02354358353636 20.033113184366172 2.7329817411466273
f 3772 3773 3774
v -17.02354358353636 20.033113184366172 2.7329817411466273
v -16.142866569407005 20.566191071375414 2.765823405089014
v -16.10903504973261 20.5080158745082 1.2361892829330243
f 3775 3776 3777
v -17.02354358353636 20.033113184366172 2.7329817411466273
v -16.10903504973261 20.5080158745082 1.2361892829330243
v -16.987683859956906 19.976165792162284 1.203347618990638
f 3778 3779 3780
v -16.987683859956906 19.976165792162284 1.203347618990638
v -16.10903504973261 20.5080158745082 1.2361892829330243
v -16.142866569407005 20.566191071375414 -0.2934448392229634
f 3781 3782 3783
v -16.987683859956906 19.976165792162284 1.203347618990638
v -16.142866569407005 20.566191071375414 -0.2934448392229634
v -17.02354358353636 20.033113184366172 -0.3262865031653497
f 3784 3785 3786
v -17.02354358353636 20.033113184366172 -0.3262865031653497
v -16.142866569407005 20.566191071375414 -0.2934448392229634
v -16.241049463566394 20.735022068377265 -1.6733477159147179
f 3787 3788 3789
v -17.02354358353636 20.033113184366172 -0.3262865031653497
v -16.241049463566394 20.735022068377265 -1.6733477159147179
v -17.127612554681374 20.198380953453103 -1.7061893798571042
f 3790 3791 3792
v -17.127612554681374 20.198380953453103 -1.7061893798571042
v -16.241049463566394 20.735022068377265 -1.6733477159147179
v -16.393972906450013 20.997982511212488 -2.768444839222966
f 3793 3794 3795
v -17.127612554681374 20.198380953453103 -1.7061893798571042
v -16.393972906450013 20.997982511212488 -2.768444839222966
v -17.28970377740512 20.455791538696595 -2.801286503165352
f 3796 3797 3798
v -17.28970377740512 20.455791538696595 -2.801286503165352
v -16.393972906450013 20.997982511212488 -2.768444839222966
v -16.586667685988136 21.32933199958323 -3.471540472727986
f 3799 3800 3801
v -17.28970377740512 20.455791538696595 -2.801286503165352
v -16.586667685988136 21.32933199958323 -3.471540472727986
v -17.49395063347144 20.780147798528002 -3.5043821366703725
f 3802 3803 3804
v -17.49395063347144 20.780147798528002 -3.5043821366703725
v -16.586667685988136 21.32933199958323 -3.471540472727986
v -16.80027149457609 21.696635736920125 -3.7138107170669765
f 3805 3806 3807
v -17.49395063347144 20.780147798528002 -3.5043821366703725
v -16.80027149457609 21.696635736920125 -3.7138107170669765
v -17.720360017537036 21.139699482312086 -3.746652381009363
f 3808 3809 3810
v -17.720360017537036 21.139699482312086 -3.746652381009363
v -16.80027149457609 21.696635736920125 -3.7138107170669765
v -17.01387530316405 22.063939474257023 -3.471540472727987
f 3811 3812 3813
v -17.720360017537036 21.139699482312086 -3.746652381009363
v -17.01387530316405 22.063939474257023 -3.471540472727987
v -17.946769401602634 21.49925116609617 -3.5043821366703733
f 3814 3815 3816
v -17.946769401602634 21.49925116609617 -3.5043821366703733
v -17.01387530316405 22.063939474257023 -3.471540472727987
v -17.206570082702168 22.395288962627763 -2.768444839222967
f 3817 3818 3819
v -17.946769401602634 21.49925116609617 -3.5043821366703733
v -17.206570082702168 22.395288962627763 -2.768444839222967
v -18.151016257668953 21.82360742592758 -2.801286503165353
f 3820 3821 3822
v -18.151016257668953 21.82360742592758 -2.801286503165353
v -17.206570082702168 22.395288962627763 -2.768444839222967
v -17.359493525585787 22.658249405462985 -1.6733477159147196
f 3823 3824 3825
v -18.151016257668953 21.82360742592758 -2.801286503165353
v -17.359493525585787 22.658249405462985 -1.6733477159147196
v -18.3131074803927 22.08101801117107 -1.706189379857106
f 3826 3827 3828
v -18.3131074803927 22.08101801117107 -1.706189379857106
v -17.359493525585787 22.658249405462985 -1.6733477159147196
v -17.45767641974518 22.827080402464837 -0.29344483922296716
f 3829 3830 3831
v -18.3131074803927 22.08101801117107 -1.706189379857106
v -17.45767641974518 22.827080402464837 -0.29344483922296716
v -18.417176451537713 22.246285780258003 -0.32628650316535346
f 3832 3833 3834
v -18.417176451537713 22.246285780258003 -0.32628650316535346
v -17.45767641974518 22.827080402464837 -0.29344483922296716
v -17.49150793941957 22.88525559933205 1.2361892829330225
f 3835 3836 3837
v -18.417176451537713 22.246285780258003 -0.32628650316535346
v -17.49150793941957 22.88525559933205 1.2361892829330225
v -18.453036175117166 22.303233172461887 1.2033476189906362
f 3838 3839 3840
v -17.49150793941957 22.88525559933205 1.2361892829330237
v -16.507557907473355 23.434702880498488 1.2672803478745607
v -16.475773767002536 23.375384302729383 2.7969144700305506
f 3841 3842 3843
v -17.49150793941957 22.88525559933205 1.2361892829330237
v -16.475773767002536 23.375384302729383 2.7969144700305506
v -17.45767641974518 22.827080402464837 2.765823405089013
f 3844 3845 3846
v -17.45767641974518 22.827080402464837 2.765823405089013
v -16.475773767002536 23.375384302729383 2.7969144700305506
v -16.383532598712506 23.203235085110936 4.176817346722302
f 3847 3848 3849
v -17.45767641974518 22.827080402464837 2.765823405089013
v -16.383532598712506 23.203235085110936 4.176817346722302
v -17.359493525585787 22.658249405462985 4.145726281780766
f 3850 3851 3852
v -17.359493525585787 22.658249405462985 4.145726281780766
v -16.383532598712506 23.203235085110936 4.176817346722302
v -16.23986361083749 22.935106392497772 5.271914470030551
f 3853 3854 3855
v -17.359493525585787 22.658249405462985 4.145726281780766
v -16.23986361083749 22.935106392497772 5.271914470030551
v -17.206570082702168 22.395288962627763 5.240823405089014
f 3856 3857 3858
v -17.206570082702168 22.395288962627763 5.240823405089014
v -16.23986361083749 22.935106392497772 5.271914470030551
v -16.058830124911402 22.59724452948532 5.9750101035355705
f 3859 3860 3861
v -17.206570082702168 22.395288962627763 5.240823405089014
v -16.058830124911402 22.59724452948532 5.9750101035355705
v -17.01387530316405 22.063939474257023 5.943919038594034
f 3862 3863 3864
v -17.01387530316405 22.063939474257023 5.943919038594034
v -16.058830124911402 22.59724452948532 5.9750101035355705
v -15.858152959871147 22.222721769247258 6.217280347874561
f 3865 3866 3867
v -17.01387530316405 22.063939474257023 5.943919038594034
v -15.858152959871147 22.222721769247258 6.217280347874561
v -16.80027149457609 21.696635736920125 6.186189282933023
f 3868 3869 3870
v -16.80027149457609 21.696635736920125 6.186189282933023
v -15.858152959871147 22.222721769247258 6.217280347874561
v -15.65747579483089 21.848199009009193 5.975010103535571
f 3871 3872 3873
v -16.80027149457609 21.696635736920125 6.186189282933023
v -15.65747579483089 21.848199009009193 5.975010103535571
v -16.586667685988136 21.32933199958323 5.943919038594034
f 3874 3875 3876
v -16.586667685988136 21.32933199958323 5.943919038594034
v -15.65747579483089 21.848199009009193 5.975010103535571
v -15.476442308904803 21.510337145996736 5.271914470030551
f 3877 3878 3879
v -16.586667685988136 21.32933199958323 5.943919038594034
v -15.476442308904803 21.510337145996736 5.271914470030551
v -16.393972906450013 20.997982511212488 5.240823405089014
f 3880 3881 3882
v -16.393972906450013 20.997982511212488 5.240823405089014
v -15.476442308904803 21.510337145996736 5.271914470030551
v -15.332773321029787 21.242208453383576 4.176817346722304
f 3883 3884 3885
v -16.393972906450013 20.997982511212488 5.240823405089014
v -15.332773321029787 21.242208453383576 4.176817346722304
v -16.241049463566394 20.735022068377265 4.1457262817807665
f 3886 3887 3888
v -16.241049463566394 20.735022068377265 4.1457262817807665
v -15.332773321029787 21.242208453383576 4.176817346722304
v -15.240532152739753 21.07005923576513 2.7969144700305506
f 3889 3890 3891
v -16.241049463566394 20.735022068377265 4.1457262817807665
v -15.240532152739753 21.07005923576513 2.7969144700305506
v -16.142866569407005 20.566191071375414 2.765823405089014
f 3892 3893 3894
v -16.142866569407005 20.566191071375414 2.765823405089014
v -15.240532152739753 21.07005923576513 2.7969144700305506
v -15.208748012268938 21.010740657996024 1.2672803478745613
f 3895 3896 3897
v -16.142866569407005 20.566191071375414 2.765823405089014
v -15.208748012268938 21.010740657996024 1.2672803478745613
v -16.10903504973261 20.5080158745082 1.2361892829330243
f 3898 3899 3900
v -16.10903504973261 20.5080158745082 1.2361892829330243
v -15.208748012268938 21.010740657996024 1.2672803478745613
v -15.240532152739753 21.07005923576513 -0.26235377428142637
f 3901 3902 3903
v -16.10903504973261 20.5080158745082 1.2361892829330243
v -15.240532152739753 21.07005923576513 -0.26235377428142637
v -16.142866569407005 20.566191071375414 -0.2934448392229634
f 3904 3905 3906
v -16.142866569407005 20.566191071375414 -0.2934448392229634
v -15.240532152739753 21.07005923576513 -0.26235377428142637
v -15.332773321029787 21.242208453383576 -1.6422566509731809
f 3907 3908 3909
v -16.142866569407005 20.566191071375414 -0.2934448392229634
v -15.332773321029787 21.242208453383576 -1.6422566509731809
v -16.241049463566394 20.735022068377265 -1.6733477159147179
f 3910 3911 3912
v -16.241049463566394 20.735022068377265 -1.6733477159147179
v -15.332773321029787 21.242208453383576 -1.6422566509731809
v -15.476442308904803 21.510337145996736 -2.737353774281429
f 3913 3914 3915
v -16.241049463566394 20.735022068377265 -1.6733477159147179
v -15.476442308904803 21.510337145996736 -2.737353774281429
v -16.393972906450013 20.997982511212488 -2.768444839222966
f 3916 3917 3918
v -16.393972906450013 20.997982511212488 -2.768444839222966
v -15.476442308904803 21.510337145996736 -2.737353774281429
v -15.65747579483089 21.848199009009193 -3.440449407786449
f 3919 3920 3921
v -16.393972906450013 20.997982511212488 -2.768444839222966
v -15.65747579483089 21.848199009009193 -3.440449407786449
v -16.586667685988136 21.32933199958323 -3.471540472727986
f 3922 3923 3924
v -16.586667685988136 21.32933199958323 -3.471540472727986
v -15.65747579483089 21.848199009009193 -3.440449407786449
v -15.858152959871147 22.222721769247258 -3.6827196521254395
f 3925 3926 3927
v -16.586667685988136 21.32933199958323 -3.471540472727986
v -15.858152959871147 22.222721769247258 -3.6827196521254395
v -16.80027149457609 21.696635736920125 -3.7138107170669765
f 3928 3929 3930
v -16.80027149457609 21.696635736920125 -3.7138107170669765
v -15.858152959871147 22.222721769247258 -3.6827196521254395
v -16.058830124911402 22.59724452948532 -3.44044940778645
f 3931 3932 3933
v -16.80027149457609 21.696635736920125 -3.7138107170669765
v -16.058830124911402 22.59724452948532 -3.44044940778645
v -17.01387530316405 22.063939474257023 -3.471540472727987
f 3934 3935 3936
v -17.01387530316405 22.063939474257023 -3.471540472727987
v -16.058830124911402 22.59724452948532 -3.44044940778645
v -16.23986361083749 22.935106392497772 -2.73735377428143
f 3937 3938 3939
v -17.01387530316405 22.063939474257023 -3.471540472727987
v -16.23986361083749 22.935106392497772 -2.73735377428143
v -17.206570082702168 22.395288962627763 -2.768444839222967
f 3940 3941 3942
v -17.206570082702168 22.395288962627763 -2.768444839222967
v -16.23986361083749 22.935106392497772 -2.73735377428143
v -16.383532598712506 23.203235085110936 -1.6422566509731826
f 3943 3944 3945
v -17.206570082702168 22.395288962627763 -2.768444839222967
v -16.383532598712506 23.203235085110936 -1.6422566509731826
v -17.359493525585787 22.658249405462985 -1.6733477159147196
f 3946 3947 3948
v -17.359493525585787 22.658249405462985 -1.6733477159147196
v -16.383532598712506 23.203235085110936 -1.6422566509731826
v -16.475773767002536 23.375384302729383 -0.26235377428143014
f 3949 3950 3951
v -17.359493525585787 22.658249405462985 -1.6733477159147196
v -16.475773767002536 23.375384302729383 -0.26235377428143014
v -17.45767641974518 22.827080402464837 -0.29344483922296716
f 3952 3953 3954
v -17.45767641974518 22.827080402464837 -0.29344483922296716
v -16.475773767002536 23.375384302729383 -0.26235377428143014
v -16.507557907473355 23.434702880498488 1.2672803478745596
f 3955 3956 3957
v -17.45767641974518 22.827080402464837 -0.29344483922296716
v -16.507557907473355 23.434702880498488 1.2672803478745596
v -17.49150793941957 22.88525559933205 1.2361892829330225
f 3958 3959 3960
v -16.507557907473355 23.434702880498488 1.2672803478745607
v -15.502554291323932 23.951057580258748 1.2965767849695262
v -15.472834114164538 23.890678475233646 2.8262109071255157
f 3961 3962 3963
v -16.507557907473355 23.434702880498488 1.2672803478745607
v -15.472834114164538 23.890678475233646 2.8262109071255157
v -16.475773767002536 23.375384302729383 2.7969144700305506
f 3964 3965 3966
v -16.475773767002536 23.375384302729383 2.7969144700305506
v -15.472834114164538 23.890678475233646 2.8262109071255157
v -15.386582800699365 23.71545148764416 4.206113783817268
f 3967 3968 3969
v -16.475773767002536 23.375384302729383 2.7969144700305506
v -15.386582800699365 23.71545148764416 4.206113783817268
v -16.383532598712506 23.203235085110936 4.176817346722302
f 3970 3971 3972
v -16.383532598712506 23.203235085110936 4.176817346722302
v -15.386582800699365 23.71545148764416 4.206113783817268
v -15.252243230438625 23.44252905591376 5.301210907125517
f 3973 3974 3975
v -16.383532598712506 23.203235085110936 4.176817346722302
v -15.252243230438625 23.44252905591376 5.301210907125517
v -16.23986361083749 22.935106392497772 5.271914470030551
f 3976 3977 3978
v -16.23986361083749 22.935106392497772 5.271914470030551
v -15.252243230438625 23.44252905591376 5.301210907125517
v -15.082965496518261 23.098626729222612 6.004306540630536
f 3979 3980 3981
v -16.23986361083749 22.935106392497772 5.271914470030551
v -15.082965496518261 23.098626729222612 6.004306540630536
v -16.058830124911402 22.59724452948532 5.9750101035355705
f 3982 3983 3984
v -16.058830124911402 22.59724452948532 5.9750101035355705
v -15.082965496518261 23.098626729222612 6.004306540630536
v -14.895319682961722 22.717408063415654 6.246576784969527
f 3985 3986 3987
v -16.058830124911402 22.59724452948532 5.9750101035355705
v -14.895319682961722 22.717408063415654 6.246576784969527
v -15.858152959871147 22.222721769247258 6.217280347874561
f 3988 3989 3990
v -15.858152959871147 22.222721769247258 6.217280347874561
v -14.895319682961722 22.717408063415654 6.246576784969527
v -14.707673869405184 22.3361893976087 6.004306540630537
f 3991 3992 3993
v -15.858152959871147 22.222721769247258 6.217280347874561
v -14.707673869405184 22.3361893976087 6.004306540630537
v -15.65747579483089 21.848199009009193 5.975010103535571
f 3994 3995 3996
v -15.65747579483089 21.848199009009193 5.975010103535571
v -14.707673869405184 22.3361893976087 6.004306540630537
v -14.538396135484819 21.992287070917552 5.301210907125517
f 3997 3998 3999
v -15.65747579483089 21.848199009009193 5.975010103535571
v -14.538396135484819 21.992287070917552 5.301210907125517
v -15.476442308904803 21.510337145996736 5.271914470030551
f 4000 4001 4002
v -15.476442308904803 21.510337145996736 5.271914470030551
v -14.538396135484819 21.992287070917552 5.301210907125517
v -14.404056565224078 21.71936463918715 4.206113783817269
f 4003 4004 4005
v -15.476442308904803 21.510337145996736 5.271914470030551
v -14.404056565224078 21.71936463918715 4.206113783817269
v -15.332773321029787 21.242208453383576 4.176817346722304
f 4006 4007 4008
v -15.332773321029787 21.242208453383576 4.176817346722304
v -14.404056565224078 21.71936463918715 4.206113783817269
v -14.317805251758905 21.544137651597666 2.8262109071255166
f 4009 4010 4011
v -15.332773321029787 21.242208453383576 4.176817346722304
v -14.317805251758905 21.544137651597666 2.8262109071255166
v -15.240532152739753 21.07005923576513 2.7969144700305506
f 4012 4013 4014
v -15.240532152739753 21.07005923576513 2.7969144700305506
v -14.317805251758905 21.544137651597666 2.8262109071255166
v -14.288085074599511 21.483758546572563 1.2965767849695269
f 4015 4016 4017
v -15.240532152739753 21.07005923576513 2.7969144700305506
v -14.288085074599511 21.483758546572563 1.2965767849695269
v -15.208748012268938 21.010740657996024 1.2672803478745613
f 4018 4019 4020
v -15.208748012268938 21.010740657996024 1.2672803478745613
v -14.288085074599511 21.483758546572563 1.2965767849695269
v -14.317805251758905 21.544137651597666 -0.23305733718646082
f 4021 4022 4023
v -15.208748012268938 21.010740657996024 1.2672803478745613
v -14.317805251758905 21.544137651597666 -0.23305733718646082
v -15.240532152739753 21.07005923576513 -0.26235377428142637
f 4024 4025 4026
v -15.240532152739753 21.07005923576513 -0.26235377428142637
v -14.317805251758905 21.544137651597666 -0.23305733718646082
v -14.404056565224078 21.71936463918715 -1.6129602138782153
f 4027 4028 4029
v -15.240532152739753 21.07005923576513 -0.26235377428142637
v -14.404056565224078 21.71936463918715 -1.6129602138782153
v -15.332773321029787 21.242208453383576 -1.6422566509731809
f 4030 4031 4032
v -15.332773321029787 21.242208453383576 -1.6422566509731809
v -14.404056565224078 21.71936463918715 -1.6129602138782153
v -14.538396135484819 21.992287070917552 -2.7080573371864634
f 4033 4034 4035
v -15.332773321029787 21.242208453383576 -1.6422566509731809
v -14.538396135484819 21.992287070917552 -2.7080573371864634
v -15.476442308904803 21.510337145996736 -2.737353774281429
f 4036 4037 4038
v -15.476442308904803 21.510337145996736 -2.737353774281429
v -14.538396135484819 21.992287070917552 -2.7080573371864634
v -14.707673869405184 22.3361893976087 -3.4111529706914836
f 4039 4040 4041
v -15.476442308904803 21.510337145996736 -2.737353774281429
v -14.707673869405184 22.3361893976087 -3.4111529706914836
v -15.65747579483089 21.848199009009193 -3.440449407786449
f 4042 4043 4044
v -15.65747579483089 21.848199009009193 -3.440449407786449
v -14.707673869405184 22.3361893976087 -3.4111529706914836
v -14.895319682961722 22.717408063415654 -3.653423215030474
f 4045 4046 4047
v -15.65747579483089 21.848199009009193 -3.440449407786449
v -14.895319682961722 22.717408063415654 -3.653423215030474
v -15.858152959871147 22.222721769247258 -3.6827196521254395
f 4048 4049 4050
v -15.858152959871147 22.222721769247258 -3.6827196521254395
v -14.895319682961722 22.717408063415654 -3.653423215030474
v -15.082965496518261 23.098626729222612 -3.4111529706914845
f 4051 4052 4053
v -15.858152959871147 22.222721769247258 -3.6827196521254395
v -15.082965496518261 23.098626729222612 -3.4111529706914845
v -16.058830124911402 22.59724452948532 -3.44044940778645
f 4054 4055 4056
v -16.058830124911402 22.59724452948532 -3.44044940778645
v -15.082965496518261 23.098626729222612 -3.4111529706914845
v -15.252243230438625 23.44252905591376 -2.7080573371864642
f 4057 4058 4059
v -16.058830124911402 22.59724452948532 -3.44044940778645
v -15.252243230438625 23.44252905591376 -2.7080573371864642
v -16.23986361083749 22.935106392497772 -2.73735377428143
f 4060 4061 4062
v -16.23986361083749 22.935106392497772 -2.73735377428143
v -15.252243230438625 23.44252905591376 -2.7080573371864642
v -15.386582800699365 23.71545148764416 -1.612960213878217
f 4063 4064 4065
v -16.23986361083749 22.935106392497772 -2.73735377428143
v -15.386582800699365 23.71545148764416 -1.612960213878217
v -16.383532598712506 23.203235085110936 -1.6422566509731826
f 4066 4067 4068
v -16.383532598712506 23.203235085110936 -1.6422566509731826
v -15.386582800699365 23.71545148764416 -1.612960213878217
v -15.472834114164538 23.890678475233646 -0.2330573371864646
f 4069 4070 4071
v -16.383532598712506 23.203235085110936 -1.6422566509731826
v -15.472834114164538 23.890678475233646 -0.2330573371864646
v -16.475773767002536 23.375384302729383 -0.26235377428143014
f 4072 4073 4074
v -16.475773767002536 23.375384302729383 -0.26235377428143014
v -15.472834114164538 23.890678475233646 -0.2330573371864646
v -15.502554291323932 23.951057580258748 1.296576784969525
f 4075 4076 4077
v -16.475773767002536 23.375384302729383 -0.26235377428143014
v -15.502554291323932 23.951057580258748 1.296576784969525
v -16.507557907473355 23.434702880498488 1.2672803478745596
f 4078 4079 4080
v -15.502554291323932 23.951057580258748 1.2965767849695262
v -14.477870886039199 24.433840208113995 1.3240371067902137
v -14.450228938116627 24.372481851152095 2.8536712289462036
f 4081 4082 4083
v -15.502554291323932 23.951057580258748 1.2965767849695262
v -14.450228938116627 24.372481851152095 2.8536712289462036
v -15.472834114164538 23.890678475233646 2.8262109071255157
f 4084 4085 4086
v -15.472834114164538 23.890678475233646 2.8262109071255157
v -14.450228938116627 24.372481851152095 2.8536712289462036
v -14.370008880804352 24.194412963754637 4.233574105637956
f 4087 4088 4089
v -15.472834114164538 23.890678475233646 2.8262109071255157
v -14.370008880804352 24.194412963754637 4.233574105637956
v -15.386582800699365 23.71545148764416 4.206113783817268
f 4090 4091 4092
v -15.386582800699365 23.71545148764416 4.206113783817268
v -14.370008880804352 24.194412963754637 4.233574105637956
v -14.245063212238101 23.91706416929898 5.328671228946204
f 4093 4094 4095
v -15.386582800699365 23.71545148764416 4.206113783817268
v -14.245063212238101 23.91706416929898 5.328671228946204
v -15.252243230438625 23.44252905591376 5.301210907125517
f 4096 4097 4098
v -15.252243230438625 23.44252905591376 5.301210907125517
v -14.245063212238101 23.91706416929898 5.328671228946204
v -14.087622485004804 23.567584300189115 6.0317668624512235
f 4099 4100 4101
v -15.252243230438625 23.44252905591376 5.301210907125517
v -14.087622485004804 23.567584300189115 6.0317668624512235
v -15.082965496518261 23.098626729222612 6.004306540630536
f 4102 4103 4104
v -15.082965496518261 23.098626729222612 6.004306540630536
v -14.087622485004804 23.567584300189115 6.0317668624512235
v -13.913098094440102 23.180182880982947 6.274037106790214
f 4105 4106 4107
v -15.082965496518261 23.098626729222612 6.004306540630536
v -13.913098094440102 23.180182880982947 6.274037106790214
v -14.895319682961722 22.717408063415654 6.246576784969527
f 4108 4109 4110
v -14.895319682961722 22.717408063415654 6.246576784969527
v -13.913098094440102 23.180182880982947 6.274037106790214
v -13.738573703875401 22.79278146177678 6.031766862451224
f 4111 4112 4113
v -14.895319682961722 22.717408063415654 6.246576784969527
v -13.738573703875401 22.79278146177678 6.031766862451224
v -14.707673869405184 22.3361893976087 6.004306540630537
f 4114 4115 4116
v -14.707673869405184 22.3361893976087 6.004306540630537
v -13.738573703875401 22.79278146177678 6.031766862451224
v -13.581132976642103 22.443301592666916 5.328671228946204
f 4117 4118 4119
v -14.707673869405184 22.3361893976087 6.004306540630537
v -13.581132976642103 22.443301592666916 5.328671228946204
v -14.538396135484819 21.992287070917552 5.301210907125517
f 4120 4121 4122
v -14.538396135484819 21.992287070917552 5.301210907125517
v -13.581132976642103 22.443301592666916 5.328671228946204
v -13.456187308075853 22.165952798211258 4.233574105637956
f 4123 4124 4125
v -14.538396135484819 21.992287070917552 5.301210907125517
v -13.456187308075853 22.165952798211258 4.233574105637956
v -14.404056565224078 21.71936463918715 4.206113783817269
f 4126 4127 4128
v -14.404056565224078 21.71936463918715 4.206113783817269
v -13.456187308075853 22.165952798211258 4.233574105637956
v -13.375967250763576 21.9878839108138 2.8536712289462036
f 4129 4130 4131
v -14.404056565224078 21.71936463918715 4.206113783817269
v -13.375967250763576 21.9878839108138 2.8536712289462036
v -14.317805251758905 21.544137651597666 2.8262109071255166
f 4132 4133 4134
v -14.317805251758905 21.544137651597666 2.8262109071255166
v -13.375967250763576 21.9878839108138 2.8536712289462036
v -13.348325302841005 21.9265255538519 1.3240371067902144
f 4135 4136 4137
v -14.317805251758905 21.544137651597666 2.8262109071255166
v -13.348325302841005 21.9265255538519 1.3240371067902144
v -14.288085074599511 21.483758546572563 1.2965767849695269
f 4138 4139 4140
v -14.288085074599511 21.483758546572563 1.2965767849695269
v -13.348325302841005 21.9265255538519 1.3240371067902144
v -13.375967250763576 21.9878839108138 -0.20559701536577335
f 4141 4142 4143
v -14.288085074599511 21.483758546572563 1.2965767849695269
v -13.375967250763576 21.9878839108138 -0.20559701536577335
v -14.317805251758905 21.544137651597666 -0.23305733718646082
f 4144 4145 4146
v -14.317805251758905 21.544137651597666 -0.23305733718646082
v -13.375967250763576 21.9878839108138 -0.20559701536577335
v -13.456187308075853 22.165952798211258 -1.5854998920575278
f 4147 4148 4149
v -14.317805251758905 21.544137651597666 -0.23305733718646082
v -13.456187308075853 22.165952798211258 -1.5854998920575278
v -14.404056565224078 21.71936463918715 -1.6129602138782153
f 4150 4151 4152
v -14.404056565224078 21.71936463918715 -1.6129602138782153
v -13.456187308075853 22.165952798211258 -1.5854998920575278
v -13.581132976642103 22.443301592666916 -2.680597015365776
f 4153 4154 4155
v -14.404056565224078 21.71936463918715 -1.6129602138782153
v -13.581132976642103 22.443301592666916 -2.680597015365776
v -14.538396135484819 21.992287070917552 -2.7080573371864634
f 4156 4157 4158
v -14.538396135484819 21.992287070917552 -2.7080573371864634
v -13.581132976642103 22.443301592666916 -2.680597015365776
v -13.738573703875401 22.79278146177678 -3.383692648870796
f 4159 4160 4161
v -14.538396135484819 21.992287070917552 -2.7080573371864634
v -13.738573703875401 22.79278146177678 -3.383692648870796
v -14.707673869405184 22.3361893976087 -3.4111529706914836
f 4162 4163 4164
v -14.707673869405184 22.3361893976087 -3.4111529706914836
v -13.738573703875401 22.79278146177678 -3.383692648870796
v -13.913098094440102 23.180182880982947 -3.6259628932097865
f 4165 4166 4167
v -14.707673869405184 22.3361893976087 -3.4111529706914836
v -13.913098094440102 23.180182880982947 -3.6259628932097865
v -14.895319682961722 22.717408063415654 -3.653423215030474
f 4168 4169 4170
v -14.895319682961722 22.717408063415654 -3.653423215030474
v -13.913098094440102 23.180182880982947 -3.6259628932097865
v -14.087622485004804 23.567584300189115 -3.383692648870797
f 4171 4172 4173
v -14.895319682961722 22.717408063415654 -3.653423215030474
v -14.087622485004804 23.567584300189115 -3.383692648870797
v -15.082965496518261 23.098626729222612 -3.4111529706914845
f 4174 4175 4176
v -15.082965496518261 23.098626729222612 -3.4111529706914845
v -14.087622485004804 23.567584300189115 -3.383692648870797
v -14.245063212238101 23.91706416929898 -2.6805970153657768
f 4177 4178 4179
v -15.082965496518261 23.098626729222612 -3.4111529706914845
v -14.245063212238101 23.91706416929898 -2.6805970153657768
v -15.252243230438625 23.44252905591376 -2.7080573371864642
f 4180 4181 4182
v -15.252243230438625 23.44252905591376 -2.7080573371864642
v -14.245063212238101 23.91706416929898 -2.6805970153657768
v -14.370008880804352 24.194412963754637 -1.5854998920575296
f 4183 4184 4185
v -15.252243230438625 23.44252905591376 -2.7080573371864642
v -14.370008880804352 24.194412963754637 -1.5854998920575296
v -15.386582800699365 23.71545148764416 -1.612960213878217
f 4186 4187 4188
v -15.386582800699365 23.71545148764416 -1.612960213878217
v -14.370008880804352 24.194412963754637 -1.5854998920575296
v -14.450228938116627 24.372481851152095 -0.20559701536577712
f 4189 4190 4191
v -15.386582800699365 23.71545148764416 -1.612960213878217
v -14.450228938116627 24.372481851152095 -0.20559701536577712
v -15.472834114164538 23.890678475233646 -0.2330573371864646
f 4192 4193 4194
v -15.472834114164538 23.890678475233646 -0.2330573371864646
v -14.450228938116627 24.372481851152095 -0.20559701536577712
v -14.477870886039199 24.433840208113995 1.3240371067902126
f 4195 4196 4197
v -15.472834114164538 23.890678475233646 -0.2330573371864646
v -14.477870886039199 24.433840208113995 1.3240371067902126
v -15.502554291323932 23.951057580258748 1.296576784969525
f 4198 4199 4200
v -14.477870886039199 24.433840208113995 1.3240371067902137
v -13.434886837839315 24.882607905449397 1.3496224260783323
v -13.409335322220265 24.82035001194514 2.8792565482343218
f 4201 4202 4203
v -14.477870886039199 24.433840208113995 1.3240371067902137
v -13.409335322220265 24.82035001194514 2.8792565482343218
v -14.450228938116627 24.372481851152095 2.8536712289462036
f 4204 4205 4206
v -14.450228938116627 24.372481851152095 2.8536712289462036
v -13.409335322220265 24.82035001194514 2.8792565482343218
v -13.335181935739785 24.639670567824815 4.259159424926074
f 4207 4208 4209
v -14.450228938116627 24.372481851152095 2.8536712289462036
v -13.335181935739785 24.639670567824815 4.259159424926074
v -14.370008880804352 24.194412963754637 4.233574105637956
f 4210 4211 4212
v -14.370008880804352 24.194412963754637 4.233574105637956
v -13.335181935739785 24.639670567824815 4.259159424926074
v -13.219685328523607 24.35825573594663 5.354256548234323
f 4213 4214 4215
v -14.370008880804352 24.194412963754637 4.233574105637956
v -13.219685328523607 24.35825573594663 5.354256548234323
v -14.245063212238101 23.91706416929898 5.328671228946204
f 4216 4217 4218
v -14.245063212238101 23.91706416929898 5.328671228946204
v -13.219685328523607 24.35825573594663 5.354256548234323
v -13.074151113198232 24.00365236078725 6.057352181739342
f 4219 4220 4221
v -14.245063212238101 23.91706416929898 5.328671228946204
v -13.074151113198232 24.00365236078725 6.057352181739342
v -14.087622485004804 23.567584300189115 6.0317668624512235
f 4222 4223 4224
v -14.087622485004804 23.567584300189115 6.0317668624512235
v -13.074151113198232 24.00365236078725 6.057352181739342
v -12.912825192756209 23.610571491374266 6.299622426078333
f 4225 4226 4227
v -14.087622485004804 23.567584300189115 6.0317668624512235
v -12.912825192756209 23.610571491374266 6.299622426078333
v -13.913098094440102 23.180182880982947 6.274037106790214
f 4228 4229 4230
v -13.913098094440102 23.180182880982947 6.274037106790214
v -12.912825192756209 23.610571491374266 6.299622426078333
v -12.751499272314188 23.217490621961282 6.057352181739343
f 4231 4232 4233
v -13.913098094440102 23.180182880982947 6.274037106790214
v -12.751499272314188 23.217490621961282 6.057352181739343
v -13.738573703875401 22.79278146177678 6.031766862451224
f 4234 4235 4236
v -13.738573703875401 22.79278146177678 6.031766862451224
v -12.751499272314188 23.217490621961282 6.057352181739343
v -12.605965056988813 22.862887246801904 5.354256548234323
f 4237 4238 4239
v -13.738573703875401 22.79278146177678 6.031766862451224
v -12.605965056988813 22.862887246801904 5.354256548234323
v -13.581132976642103 22.443301592666916 5.328671228946204
f 4240 4241 4242
v -13.581132976642103 22.443301592666916 5.328671228946204
v -12.605965056988813 22.862887246801904 5.354256548234323
v -12.490468449772635 22.581472414923716 4.259159424926075
f 4243 4244 4245
v -13.581132976642103 22.443301592666916 5.328671228946204
v -12.490468449772635 22.581472414923716 4.259159424926075
v -13.456187308075853 22.165952798211258 4.233574105637956
f 4246 4247 4248
v -13.456187308075853 22.165952798211258 4.233574105637956
v -12.490468449772635 22.581472414923716 4.259159424926075
v -12.416315063292153 22.400792970803394 2.8792565482343226
f 4249 4250 4251
v -13.456187308075853 22.165952798211258 4.233574105637956
v -12.416315063292153 22.400792970803394 2.8792565482343226
v -13.375967250763576 21.9878839108138 2.8536712289462036
f 4252 4253 4254
v -13.375967250763576 21.9878839108138 2.8536712289462036
v -12.416315063292153 22.400792970803394 2.8792565482343226
v -12.390763547673103 22.338535077299134 1.349622426078333
f 4255 4256 4257
v -13.375967250763576 21.9878839108138 2.8536712289462036
v -12.390763547673103 22.338535077299134 1.349622426078333
v -13.348325302841005 21.9265255538519 1.3240371067902144
f 4258 4259 4260
v -13.348325302841005 21.9265255538519 1.3240371067902144
v -12.390763547673103 22.338535077299134 1.349622426078333
v -12.416315063292153 22.400792970803394 -0.18001169607765477
f 4261 4262 4263
v -13.348325302841005 21.9265255538519 1.3240371067902144
v -12.416315063292153 22.400792970803394 -0.18001169607765477
v -13.375967250763576 21.9878839108138 -0.20559701536577335
f 4264 4265 4266
v -13.375967250763576 21.9878839108138 -0.20559701536577335
v -12.416315063292153 22.400792970803394 -0.18001169607765477
v -12.490468449772635 22.581472414923716 -1.5599145727694093
f 4267 4268 4269
v -13.375967250763576 21.9878839108138 -0.20559701536577335
v -12.490468449772635 22.581472414923716 -1.5599145727694093
v -13.456187308075853 22.165952798211258 -1.5854998920575278
f 4270 4271 4272
v -13.456187308075853 22.165952798211258 -1.5854998920575278
v -12.490468449772635 22.581472414923716 -1.5599145727694093
v -12.605965056988813 22.862887246801904 -2.6550116960776573
f 4273 4274 4275
v -13.456187308075853 22.165952798211258 -1.5854998920575278
v -12.605965056988813 22.862887246801904 -2.6550116960776573
v -13.581132976642103 22.443301592666916 -2.680597015365776
f 4276 4277 4278
v -13.581132976642103 22.443301592666916 -2.680597015365776
v -12.605965056988813 22.862887246801904 -2.6550116960776573
v -12.751499272314188 23.217490621961282 -3.3581073295826775
f 4279 4280 4281
v -13.581132976642103 22.443301592666916 -2.680597015365776
v -12.751499272314188 23.217490621961282 -3.3581073295826775
v -13.738573703875401 22.79278146177678 -3.383692648870796
f 4282 4283 4284
v -13.738573703875401 22.79278146177678 -3.383692648870796
v -12.751499272314188 23.217490621961282 -3.3581073295826775
v -12.912825192756209 23.610571491374266 -3.600377573921668
f 4285 4286 4287
v -13.738573703875401 22.79278146177678 -3.383692648870796
v -12.912825192756209 23.610571491374266 -3.600377573921668
v -13.913098094440102 23.180182880982947 -3.6259628932097865
f 4288 4289 4290
v -13.913098094440102 23.180182880982947 -3.6259628932097865
v -12.912825192756209 23.610571491374266 -3.600377573921668
v -13.074151113198232 24.00365236078725 -3.3581073295826784
f 4291 4292 4293
v -13.913098094440102 23.180182880982947 -3.6259628932097865
v -13.074151113198232 24.00365236078725 -3.3581073295826784
v -14.087622485004804 23.567584300189115 -3.383692648870797
f 4294 4295 4296
v -14.087622485004804 23.567584300189115 -3.383692648870797
v -13.074151113198232 24.00365236078725 -3.3581073295826784
v -13.219685328523607 24.35825573594663 -2.655011696077658
f 4297 4298 4299
v -14.087622485004804 23.567584300189115 -3.383692648870797
v -13.219685328523607 24.35825573594663 -2.655011696077658
v -14.245063212238101 23.91706416929898 -2.6805970153657768
f 4300 4301 4302
v -14.245063212238101 23.91706416929898 -2.6805970153657768
v -13.219685328523607 24.35825573594663 -2.655011696077658
v -13.335181935739785 24.639670567824815 -1.559914572769411
f 4303 4304 4305
v -14.245063212238101 23.91706416929898 -2.6805970153657768
v -13.335181935739785 24.639670567824815 -1.559914572769411
v -14.370008880804352 24.194412963754637 -1.5854998920575296
f 4306 4307 4308
v -14.370008880804352 24.194412963754637 -1.5854998920575296
v -13.335181935739785 24.639670567824815 -1.559914572769411
v -13.409335322220265 24.82035001194514 -0.18001169607765855
f 4309 4310 4311
v -14.370008880804352 24.194412963754637 -1.5854998920575296
v -13.409335322220265 24.82035001194514 -0.18001169607765855
v -14.450228938116627 24.372481851152095 -0.20559701536577712
f 4312 4313 4314
v -14.450228938116627 24.372481851152095 -0.20559701536577712
v -13.409335322220265 24.82035001194514 -0.18001169607765855
v -13.434886837839315 24.882607905449397 1.3496224260783312
f 4315 4316 4317
v -14.450228938116627 24.372481851152095 -0.20559701536577712
v -13.434886837839315 24.882607905449397 1.3496224260783312
v -14.477870886039199 24.433840208113995 1.3240371067902126
f 4318 4319 4320
v -13.434886837839315 24.882607905449397 1.3496224260783323
v -12.37498645206776 25.29695335078575 1.3732965108142383
v -12.35153574565767 25.233874117888657 2.902930632970228
f 4321 4322 4323
v -13.434886837839315 24.882607905449397 1.3496224260783323
v -12.35153574565767 25.233874117888657 2.902930632970228
v -13.409335322220265 24.82035001194514 2.8792565482343218
f 4324 4325 4326
v -13.409335322220265 24.82035001194514 2.8792565482343218
v -12.35153574565767 25.233874117888657 2.902930632970228
v -12.2834791449615 25.0508110540122 4.28283350966198
f 4327 4328 4329
v -13.409335322220265 24.82035001194514 2.8792565482343218
v -12.2834791449615 25.0508110540122 4.28283350966198
v -13.335181935739785 24.639670567824815 4.259159424926074
f 4330 4331 4332
v -13.335181935739785 24.639670567824815 4.259159424926074
v -12.2834791449615 25.0508110540122 4.28283350966198
v -12.177478504233608 24.76568364732398 5.377930632970228
f 4333 4334 4335
v -13.335181935739785 24.639670567824815 4.259159424926074
v -12.177478504233608 24.76568364732398 5.377930632970228
v -13.219685328523607 24.35825573594663 5.354256548234323
f 4336 4337 4338
v -13.219685328523607 24.35825573594663 5.354256548234323
v -12.177478504233608 24.76568364732398 5.377930632970228
v -12.043909904738332 24.406402154990086 6.081026266475249
f 4339 4340 4341
v -13.219685328523607 24.35825573594663 5.354256548234323
v -12.043909904738332 24.406402154990086 6.081026266475249
v -13.074151113198232 24.00365236078725 6.057352181739342
f 4342 4343 4344
v -13.074151113198232 24.00365236078725 6.057352181739342
v -12.043909904738332 24.406402154990086 6.081026266475249
v -11.895847971621427 24.00813555274152 6.323296510814238
f 4345 4346 4347
v -13.074151113198232 24.00365236078725 6.057352181739342
v -11.895847971621427 24.00813555274152 6.323296510814238
v -12.912825192756209 23.610571491374266 6.299622426078333
f 4348 4349 4350
v -12.912825192756209 23.610571491374266 6.299622426078333
v -11.895847971621427 24.00813555274152 6.323296510814238
v -11.74778603850452 23.609868950492952 6.081026266475249
f 4351 4352 4353
v -12.912825192756209 23.610571491374266 6.299622426078333
v -11.74778603850452 23.609868950492952 6.081026266475249
v -12.751499272314188 23.217490621961282 6.057352181739343
f 4354 4355 4356
v -12.751499272314188 23.217490621961282 6.057352181739343
v -11.74778603850452 23.609868950492952 6.081026266475249
v -11.614217439009245 23.250587458159064 5.377930632970228
f 4357 4358 4359
v -12.751499272314188 23.217490621961282 6.057352181739343
v -11.614217439009245 23.250587458159064 5.377930632970228
v -12.605965056988813 22.862887246801904 5.354256548234323
f 4360 4361 4362
v -12.605965056988813 22.862887246801904 5.354256548234323
v -11.614217439009245 23.250587458159064 5.377930632970228
v -11.508216798281353 22.96546005147084 4.282833509661981
f 4363 4364 4365
v -12.605965056988813 22.862887246801904 5.354256548234323
v -11.508216798281353 22.96546005147084 4.282833509661981
v -12.490468449772635 22.581472414923716 4.259159424926075
f 4366 4367 4368
v -12.490468449772635 22.581472414923716 4.259159424926075
v -11.508216798281353 22.96546005147084 4.282833509661981
v -11.440160197585183 22.782396987594385 2.9029306329702287
f 4369 4370 4371
v -12.490468449772635 22.581472414923716 4.259159424926075
v -11.440160197585183 22.782396987594385 2.9029306329702287
v -12.416315063292153 22.400792970803394 2.8792565482343226
f 4372 4373 4374
v -12.416315063292153 22.400792970803394 2.8792565482343226
v -11.440160197585183 22.782396987594385 2.9029306329702287
v -11.416709491175093 22.71931775469729 1.373296510814239
f 4375 4376 4377
v -12.416315063292153 22.400792970803394 2.8792565482343226
v -11.416709491175093 22.71931775469729 1.373296510814239
v -12.390763547673103 22.338535077299134 1.349622426078333
f 4378 4379 4380
v -12.390763547673103 22.338535077299134 1.349622426078333
v -11.416709491175093 22.71931775469729 1.373296510814239
v -11.440160197585183 22.782396987594385 -0.15633761134174873
f 4381 4382 4383
v -12.390763547673103 22.338535077299134 1.349622426078333
v -11.440160197585183 22.782396987594385 -0.15633761134174873
v -12.416315063292153 22.400792970803394 -0.18001169607765477
f 4384 4385 4386
v -12.416315063292153 22.400792970803394 -0.18001169607765477
v -11.440160197585183 22.782396987594385 -0.15633761134174873
v -11.508216798281353 22.96546005147084 -1.5362404880335032
f 4387 4388 4389
v -12.416315063292153 22.400792970803394 -0.18001169607765477
v -11.508216798281353 22.96546005147084 -1.5362404880335032
v -12.490468449772635 22.581472414923716 -1.5599145727694093
f 4390 4391 4392
v -12.490468449772635 22.581472414923716 -1.5599145727694093
v -11.508216798281353 22.96546005147084 -1.5362404880335032
v -11.614217439009245 23.250587458159064 -2.6313376113417513
f 4393 4394 4395
v -12.490468449772635 22.581472414923716 -1.5599145727694093
v -11.614217439009245 23.250587458159064 -2.6313376113417513
v -12.605965056988813 22.862887246801904 -2.6550116960776573
f 4396 4397 4398
v -12.605965056988813 22.862887246801904 -2.6550116960776573
v -11.614217439009245 23.250587458159064 -2.6313376113417513
v -11.74778603850452 23.609868950492952 -3.3344332448467715
f 4399 4400 4401
v -12.605965056988813 22.862887246801904 -2.6550116960776573
v -11.74778603850452 23.609868950492952 -3.3344332448467715
v -12.751499272314188 23.217490621961282 -3.3581073295826775
f 4402 4403 4404
v -12.751499272314188 23.217490621961282 -3.3581073295826775
v -11.74778603850452 23.609868950492952 -3.3344332448467715
v -11.895847971621427 24.00813555274152 -3.576703489185762
f 4405 4406 4407
v -12.751499272314188 23.217490621961282 -3.3581073295826775
v -11.895847971621427 24.00813555274152 -3.576703489185762
v -12.912825192756209 23.610571491374266 -3.600377573921668
f 4408 4409 4410
v -12.912825192756209 23.610571491374266 -3.600377573921668
v -11.895847971621427 24.00813555274152 -3.576703489185762
v -12.043909904738332 24.406402154990086 -3.3344332448467724
f 4411 4412 4413
v -12.912825192756209 23.610571491374266 -3.600377573921668
v -12.043909904738332 24.406402154990086 -3.3344332448467724
v -13.074151113198232 24.00365236078725 -3.3581073295826784
f 4414 4415 4416
v -13.074151113198232 24.00365236078725 -3.3581073295826784
v -12.043909904738332 24.406402154990086 -3.3344332448467724
v -12.177478504233608 24.76568364732398 -2.631337611341752
f 4417 4418 4419
v -13.074151113198232 24.00365236078725 -3.3581073295826784
v -12.177478504233608 24.76568364732398 -2.631337611341752
v -13.219685328523607 24.35825573594663 -2.655011696077658
f 4420 4421 4422
v -13.219685328523607 24.35825573594663 -2.655011696077658
v -12.177478504233608 24.76568364732398 -2.631337611341752
v -12.2834791449615 25.0508110540122 -1.536240488033505
f 4423 4424 4425
v -13.219685328523607 24.35825573594663 -2.655011696077658
v -12.2834791449615 25.0508110540122 -1.536240488033505
v -13.335181935739785 24.639670567824815 -1.559914572769411
f 4426 4427 4428
v -13.335181935739785 24.639670567824815 -1.559914572769411
v -12.2834791449615 25.0508110540122 -1.536240488033505
v -12.35153574565767 25.233874117888657 -0.1563376113417525
f 4429 4430 4431
v -13.335181935739785 24.639670567824815 -1.559914572769411
v -12.35153574565767 25.233874117888657 -0.1563376113417525
v -13.409335322220265 24.82035001194514 -0.18001169607765855
f 4432 4433 4434
v -13.409335322220265 24.82035001194514 -0.18001169607765855
v -12.35153574565767 25.233874117888657 -0.1563376113417525
v -12.37498645206776 25.29695335078575 1.3732965108142372
f 4435 4436 4437
v -13.409335322220265 24.82035001194514 -0.18001169607765855
v -12.37498645206776 25.29695335078575 1.3732965108142372
v -13.434886837839315 24.882607905449397 1.3496224260783312
f 4438 4439 4440
v -12.37498645206776 25.29695335078575 1.3732965108142383
v -11.299559012108467 25.676503862299143 1.3950258355260183
v -11.27821788316416 25.612680030783004 2.924659957682008
f 4441 4442 4443
v -12.37498645206776 25.29695335078575 1.3732965108142383
v -11.27821788316416 25.612680030783004 2.924659957682008
v -12.35153574565767 25.233874117888657 2.902930632970228
f 4444 4445 4446
v -12.35153574565767 25.233874117888657 2.902930632970228
v -11.27821788316416 25.612680030783004 2.924659957682008
v -11.216283514724694 25.427456057550167 4.30456283437376
f 4447 4448 4449
v -12.35153574565767 25.233874117888657 2.902930632970228
v -11.216283514724694 25.427456057550167 4.30456283437376
v -12.2834791449615 25.0508110540122 4.28283350966198
f 4450 4451 4452
v -12.2834791449615 25.0508110540122 4.28283350966198
v -11.216283514724694 25.427456057550167 4.30456283437376
v -11.119818474295045 25.138962955631975 5.399659957682009
f 4453 4454 4455
v -12.2834791449615 25.0508110540122 4.28283350966198
v -11.119818474295045 25.138962955631975 5.399659957682009
v -12.177478504233608 24.76568364732398 5.377930632970228
f 4456 4457 4458
v -12.177478504233608 24.76568364732398 5.377930632970228
v -11.119818474295045 25.138962955631975 5.399659957682009
v -10.998265432143922 24.77544043989381 6.102755591187028
f 4459 4460 4461
v -12.177478504233608 24.76568364732398 5.377930632970228
v -10.998265432143922 24.77544043989381 6.102755591187028
v -12.043909904738332 24.406402154990086 6.081026266475249
f 4462 4463 4464
v -12.043909904738332 24.406402154990086 6.081026266475249
v -10.998265432143922 24.77544043989381 6.102755591187028
v -10.863522846946923 24.372472626986422 6.345025835526019
f 4465 4466 4467
v -12.043909904738332 24.406402154990086 6.081026266475249
v -10.863522846946923 24.372472626986422 6.345025835526019
v -11.895847971621427 24.00813555274152 6.323296510814238
f 4468 4469 4470
v -11.895847971621427 24.00813555274152 6.323296510814238
v -10.863522846946923 24.372472626986422 6.345025835526019
v -10.728780261749925 23.969504814079038 6.102755591187029
f 4471 4472 4473
v -11.895847971621427 24.00813555274152 6.323296510814238
v -10.728780261749925 23.969504814079038 6.102755591187029
v -11.74778603850452 23.609868950492952 6.081026266475249
f 4474 4475 4476
v -11.74778603850452 23.609868950492952 6.081026266475249
v -10.728780261749925 23.969504814079038 6.102755591187029
v -10.607227219598801 23.605982298340873 5.399659957682009
f 4477 4478 4479
v -11.74778603850452 23.609868950492952 6.081026266475249
v -10.607227219598801 23.605982298340873 5.399659957682009
v -11.614217439009245 23.250587458159064 5.377930632970228
f 4480 4481 4482
v -11.614217439009245 23.250587458159064 5.377930632970228
v -10.607227219598801 23.605982298340873 5.399659957682009
v -10.510762179169152 23.317489196422677 4.304562834373761
f 4483 4484 4485
v -11.614217439009245 23.250587458159064 5.377930632970228
v -10.510762179169152 23.317489196422677 4.304562834373761
v -11.508216798281353 22.96546005147084 4.282833509661981
f 4486 4487 4488
v -11.508216798281353 22.96546005147084 4.282833509661981
v -10.510762179169152 23.317489196422677 4.304562834373761
v -10.448827810729686 23.132265223189844 2.9246599576820085
f 4489 4490 4491
v -11.508216798281353 22.96546005147084 4.282833509661981
v -10.448827810729686 23.132265223189844 2.9246599576820085
v -11.440160197585183 22.782396987594385 2.9029306329702287
f 4492 4493 4494
v -11.440160197585183 22.782396987594385 2.9029306329702287
v -10.448827810729686 23.132265223189844 2.9246599576820085
v -10.427486681785378 23.068441391673705 1.395025835526019
f 4495 4496 4497
v -11.440160197585183 22.782396987594385 2.9029306329702287
v -10.427486681785378 23.068441391673705 1.395025835526019
v -11.416709491175093 22.71931775469729 1.373296510814239
f 4498 4499 4500
v -11.416709491175093 22.71931775469729 1.373296510814239
v -10.427486681785378 23.068441391673705 1.395025835526019
v -10.448827810729686 23.132265223189844 -0.1346082866299687
f 4501 4502 4503
v -11.416709491175093 22.71931775469729 1.373296510814239
v -10.448827810729686 23.132265223189844 -0.1346082866299687
v -11.440160197585183 22.782396987594385 -0.15633761134174873
f 4504 4505 4506
v -11.440160197585183 22.782396987594385 -0.15633761134174873
v -10.448827810729686 23.132265223189844 -0.1346082866299687
v -10.510762179169152 23.317489196422677 -1.5145111633217232
f 4507 4508 4509
v -11.440160197585183 22.782396987594385 -0.15633761134174873
v -10.510762179169152 23.317489196422677 -1.5145111633217232
v -11.508216798281353 22.96546005147084 -1.5362404880335032
f 4510 4511 4512
v -11.508216798281353 22.96546005147084 -1.5362404880335032
v -10.510762179169152 23.317489196422677 -1.5145111633217232
v -10.607227219598801 23.60598229834087 -2.609608286629971
f 4513 4514 4515
v -11.508216798281353 22.96546005147084 -1.5362404880335032
v -10.607227219598801 23.60598229834087 -2.609608286629971
v -11.614217439009245 23.250587458159064 -2.6313376113417513
f 4516 4517 4518
v -11.614217439009245 23.250587458159064 -2.6313376113417513
v -10.607227219598801 23.60598229834087 -2.609608286629971
v -10.728780261749925 23.969504814079038 -3.3127039201349913
f 4519 4520 4521
v -11.614217439009245 23.250587458159064 -2.6313376113417513
v -10.728780261749925 23.969504814079038 -3.3127039201349913
v -11.74778603850452 23.609868950492952 -3.3344332448467715
f 4522 4523 4524
v -11.74778603850452 23.609868950492952 -3.3344332448467715
v -10.728780261749925 23.969504814079038 -3.3127039201349913
v -10.863522846946923 24.372472626986422 -3.5549741644739816
f 4525 4526 4527
v -11.74778603850452 23.609868950492952 -3.3344332448467715
v -10.863522846946923 24.372472626986422 -3.5549741644739816
v -11.895847971621427 24.00813555274152 -3.576703489185762
f 4528 4529 4530
v -11.895847971621427 24.00813555274152 -3.576703489185762
v -10.863522846946923 24.372472626986422 -3.5549741644739816
v -10.998265432143922 24.77544043989381 -3.312703920134992
f 4531 4532 4533
v -11.895847971621427 24.00813555274152 -3.576703489185762
v -10.998265432143922 24.77544043989381 -3.312703920134992
v -12.043909904738332 24.406402154990086 -3.3344332448467724
f 4534 4535 4536
v -12.043909904738332 24.406402154990086 -3.3344332448467724
v -10.998265432143922 24.77544043989381 -3.312703920134992
v -11.119818474295045 25.138962955631975 -2.609608286629972
f 4537 4538 4539
v -12.043909904738332 24.406402154990086 -3.3344332448467724
v -11.119818474295045 25.138962955631975 -2.609608286629972
v -12.177478504233608 24.76568364732398 -2.631337611341752
f 4540 4541 4542
v -12.177478504233608 24.76568364732398 -2.631337611341752
v -11.119818474295045 25.138962955631975 -2.609608286629972
v -11.216283514724694 25.427456057550167 -1.514511163321725
f 4543 4544 4545
v -12.177478504233608 24.76568364732398 -2.631337611341752
v -11.216283514724694 25.427456057550167 -1.514511163321725
v -12.2834791449615 25.0508110540122 -1.536240488033505
f 4546 4547 4548
v -12.2834791449615 25.0508110540122 -1.536240488033505
v -11.216283514724694 25.427456057550167 -1.514511163321725
v -11.27821788316416 25.612680030783004 -0.13460828662997248
f 4549 4550 4551
v -12.2834791449615 25.0508110540122 -1.536240488033505
v -11.27821788316416 25.612680030783004 -0.13460828662997248
v -12.35153574565767 25.233874117888657 -0.1563376113417525
f 4552 4553 4554
v -12.35153574565767 25.233874117888657 -0.1563376113417525
v -11.27821788316416 25.612680030783004 -0.13460828662997248
v -11.299559012108467 25.676503862299143 1.3950258355260172
f 4555 4556 4557
v -12.35153574565767 25.233874117888657 -0.1563376113417525
v -11.299559012108467 25.676503862299143 1.3950258355260172
v -12.37498645206776 25.29695335078575 1.3732965108142372
f 4558 4559 4560
v -11.299559012108467 25.676503862299143 1.3950258355260183
v -10.209998586733242 26.0209206749458 1.41477962876576
v -10.190774392938035 25.956427608442937 2.9444137509217496
f 4561 4562 4563
v -11.299559012108467 25.676503862299143 1.3950258355260183
v -10.190774392938035 25.956427608442937 2.9444137509217496
v -11.27821788316416 25.612680030783004 2.924659957682008
f 4564 4565 4566
v -11.27821788316416 25.612680030783004 2.924659957682008
v -10.190774392938035 25.956427608442937 2.9444137509217496
v -10.134983609583925 25.769261439633272 4.324316627613502
f 4567 4568 4569
v -11.27821788316416 25.612680030783004 2.924659957682008
v -10.134983609583925 25.769261439633272 4.324316627613502
v -11.216283514724694 25.427456057550167 4.30456283437376
f 4570 4571 4572
v -11.216283514724694 25.427456057550167 4.30456283437376
v -10.134983609583925 25.769261439633272 4.324316627613502
v -10.048087427262855 25.477743297183274 5.41941375092175
f 4573 4574 4575
v -11.216283514724694 25.427456057550167 4.30456283437376
v -10.048087427262855 25.477743297183274 5.41941375092175
v -11.119818474295045 25.138962955631975 5.399659957682009
f 4576 4577 4578
v -11.119818474295045 25.138962955631975 5.399659957682009
v -10.048087427262855 25.477743297183274 5.41941375092175
v -9.938591849741714 25.110409008002275 6.1225093844267695
f 4579 4580 4581
v -11.119818474295045 25.138962955631975 5.399659957682009
v -9.938591849741714 25.110409008002275 6.1225093844267695
v -10.998265432143922 24.77544043989381 6.102755591187028
f 4582 4583 4584
v -10.998265432143922 24.77544043989381 6.102755591187028
v -9.938591849741714 25.110409008002275 6.1225093844267695
v -9.81721506704882 24.7032158116838 6.36477962876576
f 4585 4586 4587
v -10.998265432143922 24.77544043989381 6.102755591187028
v -9.81721506704882 24.7032158116838 6.36477962876576
v -10.863522846946923 24.372472626986422 6.345025835526019
f 4588 4589 4590
v -10.863522846946923 24.372472626986422 6.345025835526019
v -9.81721506704882 24.7032158116838 6.36477962876576
v -9.69583828435593 24.296022615365327 6.12250938442677
f 4591 4592 4593
v -10.863522846946923 24.372472626986422 6.345025835526019
v -9.69583828435593 24.296022615365327 6.12250938442677
v -10.728780261749925 23.969504814079038 6.102755591187029
f 4594 4595 4596
v -10.728780261749925 23.969504814079038 6.102755591187029
v -9.69583828435593 24.296022615365327 6.12250938442677
v -9.586342706834788 23.92868832618433 5.41941375092175
f 4597 4598 4599
v -10.728780261749925 23.969504814079038 6.102755591187029
v -9.586342706834788 23.92868832618433 5.41941375092175
v -10.607227219598801 23.605982298340873 5.399659957682009
f 4600 4601 4602
v -10.607227219598801 23.605982298340873 5.399659957682009
v -9.586342706834788 23.92868832618433 5.41941375092175
v -9.499446524513717 23.63717018373433 4.324316627613503
f 4603 4604 4605
v -10.607227219598801 23.605982298340873 5.399659957682009
v -9.499446524513717 23.63717018373433 4.324316627613503
v -10.510762179169152 23.317489196422677 4.304562834373761
f 4606 4607 4608
v -10.510762179169152 23.317489196422677 4.304562834373761
v -9.499446524513717 23.63717018373433 4.324316627613503
v -9.443655741159606 23.450004014924666 2.94441375092175
f 4609 4610 4611
v -10.510762179169152 23.317489196422677 4.304562834373761
v -9.443655741159606 23.450004014924666 2.94441375092175
v -10.448827810729686 23.132265223189844 2.9246599576820085
f 4612 4613 4614
v -10.448827810729686 23.132265223189844 2.9246599576820085
v -9.443655741159606 23.450004014924666 2.94441375092175
v -9.4244315473644 23.385510948421803 1.4147796287657606
f 4615 4616 4617
v -10.448827810729686 23.132265223189844 2.9246599576820085
v -9.4244315473644 23.385510948421803 1.4147796287657606
v -10.427486681785378 23.068441391673705 1.395025835526019
f 4618 4619 4620
v -10.427486681785378 23.068441391673705 1.395025835526019
v -9.4244315473644 23.385510948421803 1.4147796287657606
v -9.443655741159606 23.450004014924666 -0.11485449339022713
f 4621 4622 4623
v -10.427486681785378 23.068441391673705 1.395025835526019
v -9.443655741159606 23.450004014924666 -0.11485449339022713
v -10.448827810729686 23.132265223189844 -0.1346082866299687
f 4624 4625 4626
v -10.448827810729686 23.132265223189844 -0.1346082866299687
v -9.443655741159606 23.450004014924666 -0.11485449339022713
v -9.499446524513717 23.63717018373433 -1.4947573700819816
f 4627 4628 4629
v -10.448827810729686 23.132265223189844 -0.1346082866299687
v -9.499446524513717 23.63717018373433 -1.4947573700819816
v -10.510762179169152 23.317489196422677 -1.5145111633217232
f 4630 4631 4632
v -10.510762179169152 23.317489196422677 -1.5145111633217232
v -9.499446524513717 23.63717018373433 -1.4947573700819816
v -9.586342706834788 23.92868832618433 -2.58985449339023
f 4633 4634 4635
v -10.510762179169152 23.317489196422677 -1.5145111633217232
v -9.586342706834788 23.92868832618433 -2.58985449339023
v -10.607227219598801 23.60598229834087 -2.609608286629971
f 4636 4637 4638
v -10.607227219598801 23.60598229834087 -2.609608286629971
v -9.586342706834788 23.92868832618433 -2.58985449339023
v -9.69583828435593 24.296022615365327 -3.29295012689525
f 4639 4640 4641
v -10.607227219598801 23.60598229834087 -2.609608286629971
v -9.69583828435593 24.296022615365327 -3.29295012689525
v -10.728780261749925 23.969504814079038 -3.3127039201349913
f 4642 4643 4644
v -10.728780261749925 23.969504814079038 -3.3127039201349913
v -9.69583828435593 24.296022615365327 -3.29295012689525
v -9.81721506704882 24.7032158116838 -3.5352203712342405
f 4645 4646 4647
v -10.728780261749925 23.969504814079038 -3.3127039201349913
v -9.81721506704882 24.7032158116838 -3.5352203712342405
v -10.863522846946923 24.372472626986422 -3.5549741644739816
f 4648 4649 4650
v -10.863522846946923 24.372472626986422 -3.5549741644739816
v -9.81721506704882 24.7032158116838 -3.5352203712342405
v -9.938591849741714 25.110409008002275 -3.292950126895251
f 4651 4652 4653
v -10.863522846946923 24.372472626986422 -3.5549741644739816
v -9.938591849741714 25.110409008002275 -3.292950126895251
v -10.998265432143922 24.77544043989381 -3.312703920134992
f 4654 4655 4656
v -10.998265432143922 24.77544043989381 -3.312703920134992
v -9.938591849741714 25.110409008002275 -3.292950126895251
v -10.048087427262855 25.477743297183274 -2.5898544933902308
f 4657 4658 4659
v -10.998265432143922 24.77544043989381 -3.312703920134992
v -10.048087427262855 25.477743297183274 -2.5898544933902308
v -11.119818474295045 25.138962955631975 -2.609608286629972
f 4660 4661 4662
v -11.119818474295045 25.138962955631975 -2.609608286629972
v -10.048087427262855 25.477743297183274 -2.5898544933902308
v -10.134983609583925 25.769261439633272 -1.4947573700819834
f 4663 4664 4665
v -11.119818474295045 25.138962955631975 -2.609608286629972
v -10.134983609583925 25.769261439633272 -1.4947573700819834
v -11.216283514724694 25.427456057550167 -1.514511163321725
f 4666 4667 4668
v -11.216283514724694 25.427456057550167 -1.514511163321725
v -10.134983609583925 25.769261439633272 -1.4947573700819834
v -10.190774392938035 25.956427608442937 -0.1148544933902309
f 4669 4670 4671
v -11.216283514724694 25.427456057550167 -1.514511163321725
v -10.190774392938035 25.956427608442937 -0.1148544933902309
v -11.27821788316416 25.612680030783004 -0.13460828662997248
f 4672 4673 4674
v -11.27821788316416 25.612680030783004 -0.13460828662997248
v -10.190774392938035 25.956427608442937 -0.1148544933902309
v -10.209998586733242 26.0209206749458 1.4147796287657588
f 4675 4676 4677
v -11.27821788316416 25.612680030783004 -0.13460828662997248
v -10.209998586733242 26.0209206749458 1.4147796287657588
v -11.299559012108467 25.676503862299143 1.3950258355260172
f 4678 4679 4680
v -10.209998586733242 26.0209206749458 1.41477962876576
v -9.107703809144597 26.32989836920278 1.43252991668578
v -9.09060267622881 26.264810148248337 2.9621640388417694
f 4681 4682 4683
v -10.209998586733242 26.0209206749458 1.41477962876576
v -9.09060267622881 26.264810148248337 2.9621640388417694
v -10.190774392938035 25.956427608442937 2.9444137509217496
f 4684 4685 4686
v -10.190774392938035 25.956427608442937 2.9444137509217496
v -9.09060267622881 26.264810148248337 2.9621640388417694
v -9.040973255521843 26.07591677394832 4.342066915533522
f 4687 4688 4689
v -10.190774392938035 25.956427608442937 2.9444137509217496
v -9.040973255521843 26.07591677394832 4.342066915533522
v -10.134983609583925 25.769261439633272 4.324316627613502
f 4690 4691 4692
v -10.134983609583925 25.769261439633272 4.324316627613502
v -9.040973255521843 26.07591677394832 4.342066915533522
v -8.963673620511 25.78170844587676 5.43716403884177
f 4693 4694 4695
v -10.134983609583925 25.769261439633272 4.324316627613502
v -8.963673620511 25.78170844587676 5.43716403884177
v -10.048087427262855 25.477743297183274 5.41941375092175
f 4696 4697 4698
v -10.048087427262855 25.477743297183274 5.41941375092175
v -8.963673620511 25.78170844587676 5.43716403884177
v -8.866270398049373 25.41098432505524 6.14025967234679
f 4699 4700 4701
v -10.048087427262855 25.477743297183274 5.41941375092175
v -8.866270398049373 25.41098432505524 6.14025967234679
v -9.938591849741714 25.110409008002275 6.1225093844267695
f 4702 4703 4704
v -9.938591849741714 25.110409008002275 6.1225093844267695
v -8.866270398049373 25.41098432505524 6.14025967234679
v -8.75829809419966 25.00003347141661 6.38252991668578
f 4705 4706 4707
v -9.938591849741714 25.110409008002275 6.1225093844267695
v -8.75829809419966 25.00003347141661 6.38252991668578
v -9.81721506704882 24.7032158116838 6.36477962876576
f 4708 4709 4710
v -9.81721506704882 24.7032158116838 6.36477962876576
v -8.75829809419966 25.00003347141661 6.38252991668578
v -8.650325790349944 24.589082617777983 6.14025967234679
f 4711 4712 4713
v -9.81721506704882 24.7032158116838 6.36477962876576
v -8.650325790349944 24.589082617777983 6.14025967234679
v -9.69583828435593 24.296022615365327 6.12250938442677
f 4714 4715 4716
v -9.69583828435593 24.296022615365327 6.12250938442677
v -8.650325790349944 24.589082617777983 6.14025967234679
v -8.552922567888317 24.218358496956466 5.43716403884177
f 4717 4718 4719
v -9.69583828435593 24.296022615365327 6.12250938442677
v -8.552922567888317 24.218358496956466 5.43716403884177
v -9.586342706834788 23.92868832618433 5.41941375092175
f 4720 4721 4722
v -9.586342706834788 23.92868832618433 5.41941375092175
v -8.552922567888317 24.218358496956466 5.43716403884177
v -8.475622932877474 23.9241501688849 4.342066915533523
f 4723 4724 4725
v -9.586342706834788 23.92868832618433 5.41941375092175
v -8.475622932877474 23.9241501688849 4.342066915533523
v -9.499446524513717 23.63717018373433 4.324316627613503
f 4726 4727 4728
v -9.499446524513717 23.63717018373433 4.324316627613503
v -8.475622932877474 23.9241501688849 4.342066915533523
v -8.425993512170507 23.73525679458489 2.9621640388417703
f 4729 4730 4731
v -9.499446524513717 23.63717018373433 4.324316627613503
v -8.425993512170507 23.73525679458489 2.9621640388417703
v -9.443655741159606 23.450004014924666 2.94441375092175
f 4732 4733 4734
v -9.443655741159606 23.450004014924666 2.94441375092175
v -8.425993512170507 23.73525679458489 2.9621640388417703
v -8.40889237925472 23.67016857363044 1.4325299166857806
f 4735 4736 4737
v -9.443655741159606 23.450004014924666 2.94441375092175
v -8.40889237925472 23.67016857363044 1.4325299166857806
v -9.4244315473644 23.385510948421803 1.4147796287657606
f 4738 4739 4740
v -9.4244315473644 23.385510948421803 1.4147796287657606
v -8.40889237925472 23.67016857363044 1.4325299166857806
v -8.425993512170507 23.73525679458489 -0.09710420547020715
f 4741 4742 4743
v -9.4244315473644 23.385510948421803 1.4147796287657606
v -8.425993512170507 23.73525679458489 -0.09710420547020715
v -9.443655741159606 23.450004014924666 -0.11485449339022713
f 4744 4745 4746
v -9.443655741159606 23.450004014924666 -0.11485449339022713
v -8.425993512170507 23.73525679458489 -0.09710420547020715
v -8.475622932877474 23.9241501688849 -1.4770070821619616
f 4747 4748 4749
v -9.443655741159606 23.450004014924666 -0.11485449339022713
v -8.475622932877474 23.9241501688849 -1.4770070821619616
v -9.499446524513717 23.63717018373433 -1.4947573700819816
f 4750 4751 4752
v -9.499446524513717 23.63717018373433 -1.4947573700819816
v -8.475622932877474 23.9241501688849 -1.4770070821619616
v -8.552922567888317 24.218358496956462 -2.5721042054702097
f 4753 4754 4755
v -9.499446524513717 23.63717018373433 -1.4947573700819816
v -8.552922567888317 24.218358496956462 -2.5721042054702097
v -9.586342706834788 23.92868832618433 -2.58985449339023
f 4756 4757 4758
v -9.586342706834788 23.92868832618433 -2.58985449339023
v -8.552922567888317 24.218358496956462 -2.5721042054702097
v -8.650325790349944 24.589082617777983 -3.27519983897523
f 4759 4760 4761
v -9.586342706834788 23.92868832618433 -2.58985449339023
v -8.650325790349944 24.589082617777983 -3.27519983897523
v -9.69583828435593 24.296022615365327 -3.29295012689525
f 4762 4763 4764
v -9.69583828435593 24.296022615365327 -3.29295012689525
v -8.650325790349944 24.589082617777983 -3.27519983897523
v -8.75829809419966 25.00003347141661 -3.5174700833142203
f 4765 4766 4767
v -9.69583828435593 24.296022615365327 -3.29295012689525
v -8.75829809419966 25.00003347141661 -3.5174700833142203
v -9.81721506704882 24.7032158116838 -3.5352203712342405
f 4768 4769 4770
v -9.81721506704882 24.7032158116838 -3.5352203712342405
v -8.75829809419966 25.00003347141661 -3.5174700833142203
v -8.866270398049373 25.41098432505524 -3.275199838975231
f 4771 4772 4773
v -9.81721506704882 24.7032158116838 -3.5352203712342405
v -8.866270398049373 25.41098432505524 -3.275199838975231
v -9.938591849741714 25.110409008002275 -3.292950126895251
f 4774 4775 4776
v -9.938591849741714 25.110409008002275 -3.292950126895251
v -8.866270398049373 25.41098432505524 -3.275199838975231
v -8.963673620511 25.78170844587676 -2.5721042054702106
f 4777 4778 4779
v -9.938591849741714 25.110409008002275 -3.292950126895251
v -8.963673620511 25.78170844587676 -2.5721042054702106
v -10.048087427262855 25.477743297183274 -2.5898544933902308
f 4780 4781 4782
v -10.048087427262855 25.477743297183274 -2.5898544933902308
v -8.963673620511 25.78170844587676 -2.5721042054702106
v -9.040973255521843 26.07591677394832 -1.4770070821619634
f 4783 4784 4785
v -10.048087427262855 25.477743297183274 -2.5898544933902308
v -9.040973255521843 26.07591677394832 -1.4770070821619634
v -10.134983609583925 25.769261439633272 -1.4947573700819834
f 4786 4787 4788
v -10.134983609583925 25.769261439633272 -1.4947573700819834
v -9.040973255521843 26.07591677394832 -1.4770070821619634
v -9.09060267622881 26.264810148248337 -0.09710420547021092
f 4789 4790 4791
v -10.134983609583925 25.769261439633272 -1.4947573700819834
v -9.09060267622881 26.264810148248337 -0.09710420547021092
v -10.190774392938035 25.956427608442937 -0.1148544933902309
f 4792 4793 4794
v -10.190774392938035 25.956427608442937 -0.1148544933902309
v -9.09060267622881 26.264810148248337 -0.09710420547021092
v -9.107703809144597 26.32989836920278 1.4325299166857788
f 4795 4796 4797
v -10.190774392938035 25.956427608442937 -0.1148544933902309
v -9.107703809144597 26.32989836920278 1.4325299166857788
v -10.209998586733242 26.0209206749458 1.4147796287657588
f 4798 4799 4800
v -9.107703809144597 26.32989836920278 1.43252991668578
v -7.994077616114187 26.60316442892406 1.4482515626530994
v -7.979104597177251 26.53755395751947 2.977885684809089
f 4801 4802 4803
v -9.107703809144597 26.32989836920278 1.43252991668578
v -7.979104597177251 26.53755395751947 2.977885684809089
v -9.09060267622881 26.264810148248337 2.9621640388417694
f 4804 4805 4806
v -9.09060267622881 26.264810148248337 2.9621640388417694
v -7.979104597177251 26.53755395751947 2.977885684809089
v -7.935651203783146 26.347144953381825 4.357788561500842
f 4807 4808 4809
v -9.09060267622881 26.264810148248337 2.9621640388417694
v -7.935651203783146 26.347144953381825 4.357788561500842
v -9.040973255521843 26.07591677394832 4.342066915533522
f 4810 4811 4812
v -9.040973255521843 26.07591677394832 4.342066915533522
v -7.935651203783146 26.347144953381825 4.357788561500842
v -7.867970956834882 26.050575976493654 5.45288568480909
f 4813 4814 4815
v -9.040973255521843 26.07591677394832 4.342066915533522
v -7.867970956834882 26.050575976493654 5.45288568480909
v -8.963673620511 25.78170844587676 5.43716403884177
f 4816 4817 4818
v -8.963673620511 25.78170844587676 5.43716403884177
v -7.867970956834882 26.050575976493654 5.45288568480909
v -7.782688870459764 25.676877264630335 6.155981318314109
f 4819 4820 4821
v -8.963673620511 25.78170844587676 5.43716403884177
v -7.782688870459764 25.676877264630335 6.155981318314109
v -8.866270398049373 25.41098432505524 6.14025967234679
f 4822 4823 4824
v -8.866270398049373 25.41098432505524 6.14025967234679
v -7.782688870459764 25.676877264630335 6.155981318314109
v -7.6881529494674234 25.262629051421076 6.398251562653099
f 4825 4826 4827
v -8.866270398049373 25.41098432505524 6.14025967234679
v -7.6881529494674234 25.262629051421076 6.398251562653099
v -8.75829809419966 25.00003347141661 6.38252991668578
f 4828 4829 4830
v -8.75829809419966 25.00003347141661 6.38252991668578
v -7.6881529494674234 25.262629051421076 6.398251562653099
v -7.593617028475082 24.848380838211817 6.15598131831411
f 4831 4832 4833
v -8.75829809419966 25.00003347141661 6.38252991668578
v -7.593617028475082 24.848380838211817 6.15598131831411
v -8.650325790349944 24.589082617777983 6.14025967234679
f 4834 4835 4836
v -8.650325790349944 24.589082617777983 6.14025967234679
v -7.593617028475082 24.848380838211817 6.15598131831411
v -7.508334942099964 24.4746821263485 5.45288568480909
f 4837 4838 4839
v -8.650325790349944 24.589082617777983 6.14025967234679
v -7.508334942099964 24.4746821263485 5.45288568480909
v -8.552922567888317 24.218358496956466 5.43716403884177
f 4840 4841 4842
v -8.552922567888317 24.218358496956466 5.43716403884177
v -7.508334942099964 24.4746821263485 5.45288568480909
v -7.4406546951517 24.178113149460327 4.3577885615008425
f 4843 4844 4845
v -8.552922567888317 24.218358496956466 5.43716403884177
v -7.4406546951517 24.178113149460327 4.3577885615008425
v -8.475622932877474 23.9241501688849 4.342066915533523
f 4846 4847 4848
v -8.475622932877474 23.9241501688849 4.342066915533523
v -7.4406546951517 24.178113149460327 4.3577885615008425
v -7.397201301757596 23.98770414532268 2.9778856848090896
f 4849 4850 4851
v -8.475622932877474 23.9241501688849 4.342066915533523
v -7.397201301757596 23.98770414532268 2.9778856848090896
v -8.425993512170507 23.73525679458489 2.9621640388417703
f 4852 4853 4854
v -8.425993512170507 23.73525679458489 2.9621640388417703
v -7.397201301757596 23.98770414532268 2.9778856848090896
v -7.382228282820659 23.92209367391809 1.4482515626531
f 4855 4856 4857
v -8.425993512170507 23.73525679458489 2.9621640388417703
v -7.382228282820659 23.92209367391809 1.4482515626531
v -8.40889237925472 23.67016857363044 1.4325299166857806
f 4858 4859 4860
v -8.40889237925472 23.67016857363044 1.4325299166857806
v -7.382228282820659 23.92209367391809 1.4482515626531
v -7.397201301757596 23.98770414532268 -0.08138255950288764
f 4861 4862 4863
v -8.40889237925472 23.67016857363044 1.4325299166857806
v -7.397201301757596 23.98770414532268 -0.08138255950288764
v -8.425993512170507 23.73525679458489 -0.09710420547020715
f 4864 4865 4866
v -8.425993512170507 23.73525679458489 -0.09710420547020715
v -7.397201301757596 23.98770414532268 -0.08138255950288764
v -7.4406546951517 24.178113149460327 -1.4612854361946421
f 4867 4868 4869
v -8.425993512170507 23.73525679458489 -0.09710420547020715
v -7.4406546951517 24.178113149460327 -1.4612854361946421
v -8.475622932877474 23.9241501688849 -1.4770070821619616
f 4870 4871 4872
v -8.475622932877474 23.9241501688849 -1.4770070821619616
v -7.4406546951517 24.178113149460327 -1.4612854361946421
v -7.508334942099964 24.474682126348497 -2.5563825595028904
f 4873 4874 4875
v -8.475622932877474 23.9241501688849 -1.4770070821619616
v -7.508334942099964 24.474682126348497 -2.5563825595028904
v -8.552922567888317 24.218358496956462 -2.5721042054702097
f 4876 4877 4878
v -8.552922567888317 24.218358496956462 -2.5721042054702097
v -7.508334942099964 24.474682126348497 -2.5563825595028904
v -7.593617028475082 24.848380838211817 -3.2594781930079106
f 4879 4880 4881
v -8.552922567888317 24.218358496956462 -2.5721042054702097
v -7.593617028475082 24.848380838211817 -3.2594781930079106
v -8.650325790349944 24.589082617777983 -3.27519983897523
f 4882 4883 4884
v -8.650325790349944 24.589082617777983 -3.27519983897523
v -7.593617028475082 24.848380838211817 -3.2594781930079106
v -7.6881529494674234 25.262629051421076 -3.501748437346901
f 4885 4886 4887
v -8.650325790349944 24.589082617777983 -3.27519983897523
v -7.6881529494674234 25.262629051421076 -3.501748437346901
v -8.75829809419966 25.00003347141661 -3.5174700833142203
f 4888 4889 4890
v -8.75829809419966 25.00003347141661 -3.5174700833142203
v -7.6881529494674234 25.262629051421076 -3.501748437346901
v -7.782688870459764 25.676877264630335 -3.2594781930079115
f 4891 4892 4893
v -8.75829809419966 25.00003347141661 -3.5174700833142203
v -7.782688870459764 25.676877264630335 -3.2594781930079115
v -8.866270398049373 25.41098432505524 -3.275199838975231
f 4894 4895 4896
v -8.866270398049373 25.41098432505524 -3.275199838975231
v -7.782688870459764 25.676877264630335 -3.2594781930079115
v -7.867970956834882 26.050575976493654 -2.5563825595028913
f 4897 4898 4899
v -8.866270398049373 25.41098432505524 -3.275199838975231
v -7.867970956834882 26.050575976493654 -2.5563825595028913
v -8.963673620511 25.78170844587676 -2.5721042054702106
f 4900 4901 4902
v -8.963673620511 25.78170844587676 -2.5721042054702106
v -7.867970956834882 26.050575976493654 -2.5563825595028913
v -7.935651203783146 26.347144953381825 -1.461285436194644
f 4903 4904 4905
v -8.963673620511 25.78170844587676 -2.5721042054702106
v -7.935651203783146 26.347144953381825 -1.461285436194644
v -9.040973255521843 26.07591677394832 -1.4770070821619634
f 4906 4907 4908
v -9.040973255521843 26.07591677394832 -1.4770070821619634
v -7.935651203783146 26.347144953381825 -1.461285436194644
v -7.979104597177251 26.53755395751947 -0.08138255950289142
f 4909 4910 4911
v -9.040973255521843 26.07591677394832 -1.4770070821619634
v -7.979104597177251 26.53755395751947 -0.08138255950289142
v -9.09060267622881 26.264810148248337 -0.09710420547021092
f 4912 4913 4914
v -9.09060267622881 26.264810148248337 -0.09710420547021092
v -7.979104597177251 26.53755395751947 -0.08138255950289142
v -7.994077616114187 26.60316442892406 1.4482515626530983
f 4915 4916 4917
v -9.09060267622881 26.264810148248337 -0.09710420547021092
v -7.994077616114187 26.60316442892406 1.4482515626530983
v -9.107703809144597 26.32989836920278 1.4325299166857788
f 4918 4919 4920
v -7.994077616114187 26.60316442892406 1.4482515626530994
v -6.870526940098007 26.840478906923416 1.4619223028460675
v -6.857686155907379 26.774418029579955 2.991556425002057
f 4921 4922 4923
v -7.994077616114187 26.60316442892406 1.4482515626530994
v -6.857686155907379 26.774418029579955 2.991556425002057
v -7.979104597177251 26.53755395751947 2.977885684809089
f 4924 4925 4926
v -7.979104597177251 26.53755395751947 2.977885684809089
v -6.857686155907379 26.774418029579955 2.991556425002057
v -6.820420748759075 26.58270189649715 4.371459301693809
f 4927 4928 4929
v -7.979104597177251 26.53755395751947 2.977885684809089
v -6.820420748759075 26.58270189649715 4.371459301693809
v -7.935651203783146 26.347144953381825 4.357788561500842
f 4930 4931 4932
v -7.935651203783146 26.347144953381825 4.357788561500842
v -6.820420748759075 26.58270189649715 4.371459301693809
v -6.762378516348131 26.284097018545985 5.466556425002058
f 4933 4934 4935
v -7.935651203783146 26.347144953381825 4.357788561500842
v -6.762378516348131 26.284097018545985 5.466556425002058
v -7.867970956834882 26.050575976493654 5.45288568480909
f 4936 4937 4938
v -7.867970956834882 26.050575976493654 5.45288568480909
v -6.762378516348131 26.284097018545985 5.466556425002058
v -6.689241036786943 25.907832921682846 6.1696520585070775
f 4939 4940 4941
v -7.867970956834882 26.050575976493654 5.45288568480909
v -6.689241036786943 25.907832921682846 6.1696520585070775
v -7.782688870459764 25.676877264630335 6.155981318314109
f 4942 4943 4944
v -7.782688870459764 25.676877264630335 6.155981318314109
v -6.689241036786943 25.907832921682846 6.1696520585070775
v -6.6081675161537445 25.49074095729481 6.411922302846068
f 4945 4946 4947
v -7.782688870459764 25.676877264630335 6.155981318314109
v -6.6081675161537445 25.49074095729481 6.411922302846068
v -7.6881529494674234 25.262629051421076 6.398251562653099
f 4948 4949 4950
v -7.6881529494674234 25.262629051421076 6.398251562653099
v -6.6081675161537445 25.49074095729481 6.411922302846068
v -6.527093995520547 25.073648992906772 6.169652058507078
f 4951 4952 4953
v -7.6881529494674234 25.262629051421076 6.398251562653099
v -6.527093995520547 25.073648992906772 6.169652058507078
v -7.593617028475082 24.848380838211817 6.15598131831411
f 4954 4955 4956
v -7.593617028475082 24.848380838211817 6.15598131831411
v -6.527093995520547 25.073648992906772 6.169652058507078
v -6.453956515959359 24.697384896043634 5.466556425002058
f 4957 4958 4959
v -7.593617028475082 24.848380838211817 6.15598131831411
v -6.453956515959359 24.697384896043634 5.466556425002058
v -7.508334942099964 24.4746821263485 5.45288568480909
f 4960 4961 4962
v -7.508334942099964 24.4746821263485 5.45288568480909
v -6.453956515959359 24.697384896043634 5.466556425002058
v -6.395914283548414 24.39878001809247 4.37145930169381
f 4963 4964 4965
v -7.508334942099964 24.4746821263485 5.45288568480909
v -6.395914283548414 24.39878001809247 4.37145930169381
v -7.4406546951517 24.178113149460327 4.3577885615008425
f 4966 4967 4968
v -7.4406546951517 24.178113149460327 4.3577885615008425
v -6.395914283548414 24.39878001809247 4.37145930169381
v -6.358648876400111 24.207063885009664 2.9915564250020577
f 4969 4970 4971
v -7.4406546951517 24.178113149460327 4.3577885615008425
v -6.358648876400111 24.207063885009664 2.9915564250020577
v -7.397201301757596 23.98770414532268 2.9778856848090896
f 4972 4973 4974
v -7.397201301757596 23.98770414532268 2.9778856848090896
v -6.358648876400111 24.207063885009664 2.9915564250020577
v -6.345808092209483 24.141003007666203 1.4619223028460682
f 4975 4976 4977
v -7.397201301757596 23.98770414532268 2.9778856848090896
v -6.345808092209483 24.141003007666203 1.4619223028460682
v -7.382228282820659 23.92209367391809 1.4482515626531
f 4978 4979 4980
v -7.382228282820659 23.92209367391809 1.4482515626531
v -6.345808092209483 24.141003007666203 1.4619223028460682
v -6.358648876400111 24.207063885009664 -0.06771181930991954
f 4981 4982 4983
v -7.382228282820659 23.92209367391809 1.4482515626531
v -6.358648876400111 24.207063885009664 -0.06771181930991954
v -7.397201301757596 23.98770414532268 -0.08138255950288764
f 4984 4985 4986
v -7.397201301757596 23.98770414532268 -0.08138255950288764
v -6.358648876400111 24.207063885009664 -0.06771181930991954
v -6.395914283548414 24.39878001809247 -1.447614696001674
f 4987 4988 4989
v -7.397201301757596 23.98770414532268 -0.08138255950288764
v -6.395914283548414 24.39878001809247 -1.447614696001674
v -7.4406546951517 24.178113149460327 -1.4612854361946421
f 4990 4991 4992
v -7.4406546951517 24.178113149460327 -1.4612854361946421
v -6.395914283548414 24.39878001809247 -1.447614696001674
v -6.453956515959359 24.697384896043634 -2.542711819309922
f 4993 4994 4995
v -7.4406546951517 24.178113149460327 -1.4612854361946421
v -6.453956515959359 24.697384896043634 -2.542711819309922
v -7.508334942099964 24.474682126348497 -2.5563825595028904
f 4996 4997 4998
v -7.508334942099964 24.474682126348497 -2.5563825595028904
v -6.453956515959359 24.697384896043634 -2.542711819309922
v -6.527093995520547 25.073648992906772 -3.245807452814942
f 4999 5000 5001
v -7.508334942099964 24.474682126348497 -2.5563825595028904
v -6.527093995520547 25.073648992906772 -3.245807452814942
v -7.593617028475082 24.848380838211817 -3.2594781930079106
f 5002 5003 5004
v -7.593617028475082 24.848380838211817 -3.2594781930079106
v -6.527093995520547 25.073648992906772 -3.245807452814942
v -6.6081675161537445 25.49074095729481 -3.4880776971539325
f 5005 5006 5007
v -7.593617028475082 24.848380838211817 -3.2594781930079106
v -6.6081675161537445 25.49074095729481 -3.4880776971539325
v -7.6881529494674234 25.262629051421076 -3.501748437346901
f 5008 5009 5010
v -7.6881529494674234 25.262629051421076 -3.501748437346901
v -6.6081675161537445 25.49074095729481 -3.4880776971539325
v -6.689241036786943 25.907832921682846 -3.245807452814943
f 5011 5012 5013
v -7.6881529494674234 25.262629051421076 -3.501748437346901
v -6.689241036786943 25.907832921682846 -3.245807452814943
v -7.782688870459764 25.676877264630335 -3.2594781930079115
f 5014 5015 5016
v -7.782688870459764 25.676877264630335 -3.2594781930079115
v -6.689241036786943 25.907832921682846 -3.245807452814943
v -6.762378516348131 26.284097018545985 -2.5427118193099227
f 5017 5018 5019
v -7.782688870459764 25.676877264630335 -3.2594781930079115
v -6.762378516348131 26.284097018545985 -2.5427118193099227
v -7.867970956834882 26.050575976493654 -2.5563825595028913
f 5020 5021 5022
v -7.867970956834882 26.050575976493654 -2.5563825595028913
v -6.762378516348131 26.284097018545985 -2.5427118193099227
v -6.820420748759075 26.58270189649715 -1.4476146960016758
f 5023 5024 5025
v -7.867970956834882 26.050575976493654 -2.5563825595028913
v -6.820420748759075 26.58270189649715 -1.4476146960016758
v -7.935651203783146 26.347144953381825 -1.461285436194644
f 5026 5027 5028
v -7.935651203783146 26.347144953381825 -1.461285436194644
v -6.820420748759075 26.58270189649715 -1.4476146960016758
v -6.857686155907379 26.774418029579955 -0.06771181930992332
f 5029 5030 5031
v -7.935651203783146 26.347144953381825 -1.461285436194644
v -6.857686155907379 26.774418029579955 -0.06771181930992332
v -7.979104597177251 26.53755395751947 -0.08138255950289142
f 5032 5033 5034
v -7.979104597177251 26.53755395751947 -0.08138255950289142
v -6.857686155907379 26.774418029579955 -0.06771181930992332
v -6.870526940098007 26.840478906923416 1.4619223028460664
f 5035 5036 5037
v -7.979104597177251 26.53755395751947 -0.08138255950289142
v -6.870526940098007 26.840478906923416 1.4619223028460664
v -7.994077616114187 26.60316442892406 1.4482515626530983
f 5038 5039 5040
v -6.870526940098007 26.840478906923416 1.4619223028460675
v -5.738462351055102 27.041634178470975 1.4735227777827236
v -5.727757111669468 26.97519380592751 3.0031568999387135
f 5041 5042 5043
v -6.870526940098007 26.840478906923416 1.4619223028460675
v -5.727757111669468 26.97519380592751 3.0031568999387135
v -6.857686155907379 26.774418029579955 2.991556425002057
f 5044 5045 5046
v -6.857686155907379 26.774418029579955 2.991556425002057
v -5.727757111669468 26.97519380592751 3.0031568999387135
v -5.696689296931421 26.78237633487897 4.383059776630466
f 5047 5048 5049
v -6.857686155907379 26.774418029579955 2.991556425002057
v -5.696689296931421 26.78237633487897 4.383059776630466
v -6.820420748759075 26.58270189649715 4.371459301693809
f 5050 5051 5052
v -6.820420748759075 26.58270189649715 4.371459301693809
v -5.696689296931421 26.78237633487897 4.383059776630466
v -5.6483000410097155 26.482056082829892 5.478156899938714
f 5053 5054 5055
v -6.820420748759075 26.58270189649715 4.371459301693809
v -5.6483000410097155 26.482056082829892 5.478156899938714
v -6.762378516348131 26.284097018545985 5.466556425002058
f 5056 5057 5058
v -6.762378516348131 26.284097018545985 5.466556425002058
v -5.6483000410097155 26.482056082829892 5.478156899938714
v -5.587326021421737 26.10363048850509 6.181252533443733
f 5059 5060 5061
v -6.762378516348131 26.284097018545985 5.466556425002058
v -5.587326021421737 26.10363048850509 6.181252533443733
v -6.689241036786943 25.907832921682846 6.1696520585070775
f 5062 5063 5064
v -6.689241036786943 25.907832921682846 6.1696520585070775
v -5.587326021421737 26.10363048850509 6.181252533443733
v -5.5197358000357335 25.684142485723218 6.423522777782724
f 5065 5066 5067
v -6.689241036786943 25.907832921682846 6.1696520585070775
v -5.5197358000357335 25.684142485723218 6.423522777782724
v -6.6081675161537445 25.49074095729481 6.411922302846068
f 5068 5069 5070
v -6.6081675161537445 25.49074095729481 6.411922302846068
v -5.5197358000357335 25.684142485723218 6.423522777782724
v -5.45214557864973 25.264654482941346 6.181252533443734
f 5071 5072 5073
v -6.6081675161537445 25.49074095729481 6.411922302846068
v -5.45214557864973 25.264654482941346 6.181252533443734
v -6.527093995520547 25.073648992906772 6.169652058507078
f 5074 5075 5076
v -6.527093995520547 25.073648992906772 6.169652058507078
v -5.45214557864973 25.264654482941346 6.181252533443734
v -5.3911715590617515 24.88622888861654 5.478156899938714
f 5077 5078 5079
v -6.527093995520547 25.073648992906772 6.169652058507078
v -5.3911715590617515 24.88622888861654 5.478156899938714
v -6.453956515959359 24.697384896043634 5.466556425002058
f 5080 5081 5082
v -6.453956515959359 24.697384896043634 5.466556425002058
v -5.3911715590617515 24.88622888861654 5.478156899938714
v -5.342782303140046 24.585908636567467 4.383059776630466
f 5083 5084 5085
v -6.453956515959359 24.697384896043634 5.466556425002058
v -5.342782303140046 24.585908636567467 4.383059776630466
v -6.395914283548414 24.39878001809247 4.37145930169381
f 5086 5087 5088
v -6.395914283548414 24.39878001809247 4.37145930169381
v -5.342782303140046 24.585908636567467 4.383059776630466
v -5.311714488401999 24.393091165518925 3.0031568999387135
f 5089 5090 5091
v -6.395914283548414 24.39878001809247 4.37145930169381
v -5.311714488401999 24.393091165518925 3.0031568999387135
v -6.358648876400111 24.207063885009664 2.9915564250020577
f 5092 5093 5094
v -6.358648876400111 24.207063885009664 2.9915564250020577
v -5.311714488401999 24.393091165518925 3.0031568999387135
v -5.301009249016365 24.32665079297546 1.4735227777827242
f 5095 5096 5097
v -6.358648876400111 24.207063885009664 2.9915564250020577
v -5.301009249016365 24.32665079297546 1.4735227777827242
v -6.345808092209483 24.141003007666203 1.4619223028460682
f 5098 5099 5100
v -6.345808092209483 24.141003007666203 1.4619223028460682
v -5.301009249016365 24.32665079297546 1.4735227777827242
v -5.311714488401999 24.393091165518925 -0.05611134437326348
f 5101 5102 5103
v -6.345808092209483 24.141003007666203 1.4619223028460682
v -5.311714488401999 24.393091165518925 -0.05611134437326348
v -6.358648876400111 24.207063885009664 -0.06771181930991954
f 5104 5105 5106
v -6.358648876400111 24.207063885009664 -0.06771181930991954
v -5.311714488401999 24.393091165518925 -0.05611134437326348
v -5.342782303140046 24.585908636567467 -1.436014221065018
f 5107 5108 5109
v -6.358648876400111 24.207063885009664 -0.06771181930991954
v -5.342782303140046 24.585908636567467 -1.436014221065018
v -6.395914283548414 24.39878001809247 -1.447614696001674
f 5110 5111 5112
v -6.395914283548414 24.39878001809247 -1.447614696001674
v -5.342782303140046 24.585908636567467 -1.436014221065018
v -5.3911715590617515 24.88622888861654 -2.531111344373266
f 5113 5114 5115
v -6.395914283548414 24.39878001809247 -1.447614696001674
v -5.3911715590617515 24.88622888861654 -2.531111344373266
v -6.453956515959359 24.697384896043634 -2.542711819309922
f 5116 5117 5118
v -6.453956515959359 24.697384896043634 -2.542711819309922
v -5.3911715590617515 24.88622888861654 -2.531111344373266
v -5.45214557864973 25.264654482941346 -3.2342069778782863
f 5119 5120 5121
v -6.453956515959359 24.697384896043634 -2.542711819309922
v -5.45214557864973 25.264654482941346 -3.2342069778782863
v -6.527093995520547 25.073648992906772 -3.245807452814942
f 5122 5123 5124
v -6.527093995520547 25.073648992906772 -3.245807452814942
v -5.45214557864973 25.264654482941346 -3.2342069778782863
v -5.5197358000357335 25.684142485723218 -3.4764772222172766
f 5125 5126 5127
v -6.527093995520547 25.073648992906772 -3.245807452814942
v -5.5197358000357335 25.684142485723218 -3.4764772222172766
v -6.6081675161537445 25.49074095729481 -3.4880776971539325
f 5128 5129 5130
v -6.6081675161537445 25.49074095729481 -3.4880776971539325
v -5.5197358000357335 25.684142485723218 -3.4764772222172766
v -5.587326021421737 26.10363048850509 -3.234206977878287
f 5131 5132 5133
v -6.6081675161537445 25.49074095729481 -3.4880776971539325
v -5.587326021421737 26.10363048850509 -3.234206977878287
v -6.689241036786943 25.907832921682846 -3.245807452814943
f 5134 5135 5136
v -6.689241036786943 25.907832921682846 -3.245807452814943
v -5.587326021421737 26.10363048850509 -3.234206977878287
v -5.6483000410097155 26.482056082829892 -2.531111344373267
f 5137 5138 5139
v -6.689241036786943 25.907832921682846 -3.245807452814943
v -5.6483000410097155 26.482056082829892 -2.531111344373267
v -6.762378516348131 26.284097018545985 -2.5427118193099227
f 5140 5141 5142
v -6.762378516348131 26.284097018545985 -2.5427118193099227
v -5.6483000410097155 26.482056082829892 -2.531111344373267
v -5.696689296931421 26.78237633487897 -1.4360142210650197
f 5143 5144 5145
v -6.762378516348131 26.284097018545985 -2.5427118193099227
v -5.696689296931421 26.78237633487897 -1.4360142210650197
v -6.820420748759075 26.58270189649715 -1.4476146960016758
f 5146 5147 5148
v -6.820420748759075 26.58270189649715 -1.4476146960016758
v -5.696689296931421 26.78237633487897 -1.4360142210650197
v -5.727757111669468 26.97519380592751 -0.05611134437326726
f 5149 5150 5151
v -6.820420748759075 26.58270189649715 -1.4476146960016758
v -5.727757111669468 26.97519380592751 -0.05611134437326726
v -6.857686155907379 26.774418029579955 -0.06771181930992332
f 5152 5153 5154
v -6.857686155907379 26.774418029579955 -0.06771181930992332
v -5.727757111669468 26.97519380592751 -0.05611134437326726
v -5.738462351055102 27.041634178470975 1.4735227777827224
f 5155 5156 5157
v -6.857686155907379 26.774418029579955 -0.06771181930992332
v -5.738462351055102 27.041634178470975 1.4735227777827224
v -6.870526940098007 26.840478906923416 1.4619223028460664
f 5158 5159 5160
v -5.738462351055102 27.041634178470975 1.4735227777827236
v -4.599297647943475 27.206454764798348 1.4830365597362511
v -4.590730556040742 27.13970500681865 3.012670681892241
f 5161 5162 5163
v -5.738462351055102 27.041634178470975 1.4735227777827236
v -4.590730556040742 27.13970500681865 3.012670681892241
v -5.727757111669468 26.97519380592751 3.0031568999387135
f 5164 5165 5166
v -5.727757111669468 26.97519380592751 3.0031568999387135
v -4.590730556040742 27.13970500681865 3.012670681892241
v -4.565867886978424 26.94598966426352 4.392573558583993
f 5167 5168 5169
v -5.727757111669468 26.97519380592751 3.0031568999387135
v -4.565867886978424 26.94598966426352 4.392573558583993
v -5.696689296931421 26.78237633487897 4.383059776630466
f 5170 5171 5172
v -5.696689296931421 26.78237633487897 4.383059776630466
v -4.565867886978424 26.94598966426352 4.392573558583993
v -4.527143372032739 26.64427094455641 5.487670681892242
f 5173 5174 5175
v -5.696689296931421 26.78237633487897 4.383059776630466
v -4.527143372032739 26.64427094455641 5.487670681892242
v -5.6483000410097155 26.482056082829892 5.478156899938714
f 5176 5177 5178
v -5.6483000410097155 26.482056082829892 5.478156899938714
v -4.527143372032739 26.64427094455641 5.487670681892242
v -4.478347636536135 26.264083178180186 6.190766315397261
f 5179 5180 5181
v -5.6483000410097155 26.482056082829892 5.478156899938714
v -4.478347636536135 26.264083178180186 6.190766315397261
v -5.587326021421737 26.10363048850509 6.181252533443733
f 5182 5183 5184
v -5.587326021421737 26.10363048850509 6.181252533443733
v -4.478347636536135 26.264083178180186 6.190766315397261
v -4.424257147058898 25.84264179263168 6.4330365597362515
f 5185 5186 5187
v -5.587326021421737 26.10363048850509 6.181252533443733
v -4.424257147058898 25.84264179263168 6.4330365597362515
v -5.5197358000357335 25.684142485723218 6.423522777782724
f 5188 5189 5190
v -5.5197358000357335 25.684142485723218 6.423522777782724
v -4.424257147058898 25.84264179263168 6.4330365597362515
v -4.370166657581661 25.421200407083173 6.190766315397262
f 5191 5192 5193
v -5.5197358000357335 25.684142485723218 6.423522777782724
v -4.370166657581661 25.421200407083173 6.190766315397262
v -5.45214557864973 25.264654482941346 6.181252533443734
f 5194 5195 5196
v -5.45214557864973 25.264654482941346 6.181252533443734
v -4.370166657581661 25.421200407083173 6.190766315397262
v -4.321370922085056 25.04101264070695 5.487670681892242
f 5197 5198 5199
v -5.45214557864973 25.264654482941346 6.181252533443734
v -4.321370922085056 25.04101264070695 5.487670681892242
v -5.3911715590617515 24.88622888861654 5.478156899938714
f 5200 5201 5202
v -5.3911715590617515 24.88622888861654 5.478156899938714
v -4.321370922085056 25.04101264070695 5.487670681892242
v -4.282646407139373 24.73929392099984 4.392573558583994
f 5203 5204 5205
v -5.3911715590617515 24.88622888861654 5.478156899938714
v -4.282646407139373 24.73929392099984 4.392573558583994
v -5.342782303140046 24.585908636567467 4.383059776630466
f 5206 5207 5208
v -5.342782303140046 24.585908636567467 4.383059776630466
v -4.282646407139373 24.73929392099984 4.392573558583994
v -4.2577837380770545 24.54557857844471 3.0126706818922413
f 5209 5210 5211
v -5.342782303140046 24.585908636567467 4.383059776630466
v -4.2577837380770545 24.54557857844471 3.0126706818922413
v -5.311714488401999 24.393091165518925 3.0031568999387135
f 5212 5213 5214
v -5.311714488401999 24.393091165518925 3.0031568999387135
v -4.2577837380770545 24.54557857844471 3.0126706818922413
v -4.249216646174322 24.478828820465015 1.4830365597362518
f 5215 5216 5217
v -5.311714488401999 24.393091165518925 3.0031568999387135
v -4.249216646174322 24.478828820465015 1.4830365597362518
v -5.301009249016365 24.32665079297546 1.4735227777827242
f 5218 5219 5220
v -5.301009249016365 24.32665079297546 1.4735227777827242
v -4.249216646174322 24.478828820465015 1.4830365597362518
v -4.2577837380770545 24.54557857844471 -0.046597562419735894
f 5221 5222 5223
v -5.301009249016365 24.32665079297546 1.4735227777827242
v -4.2577837380770545 24.54557857844471 -0.046597562419735894
v -5.311714488401999 24.393091165518925 -0.05611134437326348
f 5224 5225 5226
v -5.311714488401999 24.393091165518925 -0.05611134437326348
v -4.2577837380770545 24.54557857844471 -0.046597562419735894
v -4.282646407139373 24.73929392099984 -1.4265004391114904
f 5227 5228 5229
v -5.311714488401999 24.393091165518925 -0.05611134437326348
v -4.282646407139373 24.73929392099984 -1.4265004391114904
v -5.342782303140046 24.585908636567467 -1.436014221065018
f 5230 5231 5232
v -5.342782303140046 24.585908636567467 -1.436014221065018
v -4.282646407139373 24.73929392099984 -1.4265004391114904
v -4.321370922085056 25.04101264070695 -2.521597562419738
f 5233 5234 5235
v -5.342782303140046 24.585908636567467 -1.436014221065018
v -4.321370922085056 25.04101264070695 -2.521597562419738
v -5.3911715590617515 24.88622888861654 -2.531111344373266
f 5236 5237 5238
v -5.3911715590617515 24.88622888861654 -2.531111344373266
v -4.321370922085056 25.04101264070695 -2.521597562419738
v -4.370166657581661 25.421200407083173 -3.2246931959247584
f 5239 5240 5241
v -5.3911715590617515 24.88622888861654 -2.531111344373266
v -4.370166657581661 25.421200407083173 -3.2246931959247584
v -5.45214557864973 25.264654482941346 -3.2342069778782863
f 5242 5243 5244
v -5.45214557864973 25.264654482941346 -3.2342069778782863
v -4.370166657581661 25.421200407083173 -3.2246931959247584
v -4.424257147058898 25.84264179263168 -3.466963440263749
f 5245 5246 5247
v -5.45214557864973 25.264654482941346 -3.2342069778782863
v -4.424257147058898 25.84264179263168 -3.466963440263749
v -5.5197358000357335 25.684142485723218 -3.4764772222172766
f 5248 5249 5250
v -5.5197358000357335 25.684142485723218 -3.4764772222172766
v -4.424257147058898 25.84264179263168 -3.466963440263749
v -4.478347636536135 26.264083178180186 -3.2246931959247593
f 5251 5252 5253
v -5.5197358000357335 25.684142485723218 -3.4764772222172766
v -4.478347636536135 26.264083178180186 -3.2246931959247593
v -5.587326021421737 26.10363048850509 -3.234206977878287
f 5254 5255 5256
v -5.587326021421737 26.10363048850509 -3.234206977878287
v -4.478347636536135 26.264083178180186 -3.2246931959247593
v -4.527143372032739 26.64427094455641 -2.521597562419739
f 5257 5258 5259
v -5.587326021421737 26.10363048850509 -3.234206977878287
v -4.527143372032739 26.64427094455641 -2.521597562419739
v -5.6483000410097155 26.482056082829892 -2.531111344373267
f 5260 5261 5262
v -5.6483000410097155 26.482056082829892 -2.531111344373267
v -4.527143372032739 26.64427094455641 -2.521597562419739
v -4.565867886978424 26.94598966426352 -1.4265004391114922
f 5263 5264 5265
v -5.6483000410097155 26.482056082829892 -2.531111344373267
v -4.565867886978424 26.94598966426352 -1.4265004391114922
v -5.696689296931421 26.78237633487897 -1.4360142210650197
f 5266 5267 5268
v -5.696689296931421 26.78237633487897 -1.4360142210650197
v -4.565867886978424 26.94598966426352 -1.4265004391114922
v -4.590730556040742 27.13970500681865 -0.04659756241973967
f 5269 5270 5271
v -5.696689296931421 26.78237633487897 -1.4360142210650197
v -4.590730556040742 27.13970500681865 -0.04659756241973967
v -5.727757111669468 26.97519380592751 -0.05611134437326726
f 5272 5273 5274
v -5.727757111669468 26.97519380592751 -0.05611134437326726
v -4.590730556040742 27.13970500681865 -0.04659756241973967
v -4.599297647943475 27.206454764798348 1.48303655973625
f 5275 5276 5277
v -5.727757111669468 26.97519380592751 -0.05611134437326726
v -4.599297647943475 27.206454764798348 1.48303655973625
v -5.738462351055102 27.041634178470975 1.4735227777827224
f 5278 5279 5280
v -4.599297647943475 27.206454764798348 1.4830365597362511
v -3.454449402561638 27.33479721084497 1.4904501759986983
v -3.4480224388525142 27.26780751468579 3.0200842981546883
f 5281 5282 5283
v -4.599297647943475 27.206454764798348 1.4830365597362511
v -3.4480224388525142 27.26780751468579 3.0200842981546883
v -4.590730556040742 27.13970500681865 3.012670681892241
f 5284 5285 5286
v -4.590730556040742 27.13970500681865 3.012670681892241
v -3.4480224388525142 27.26780751468579 3.0200842981546883
v -3.429370663712281 27.07339584441296 4.399987174846441
f 5287 5288 5289
v -4.590730556040742 27.13970500681865 3.012670681892241
v -3.429370663712281 27.07339584441296 4.399987174846441
v -4.565867886978424 26.94598966426352 4.392573558583993
f 5290 5291 5292
v -4.565867886978424 26.94598966426352 4.392573558583993
v -3.429370663712281 27.07339584441296 4.399987174846441
v -3.400319842846223 26.770592568858543 5.495084298154689
f 5293 5294 5295
v -4.565867886978424 26.94598966426352 4.392573558583993
v -3.400319842846223 26.770592568858543 5.495084298154689
v -4.527143372032739 26.64427094455641 5.487670681892242
f 5296 5297 5298
v -4.527143372032739 26.64427094455641 5.487670681892242
v -3.400319842846223 26.770592568858543 5.495084298154689
v -3.3637136730096815 26.389038182388283 6.198179931659708
f 5299 5300 5301
v -4.527143372032739 26.64427094455641 5.487670681892242
v -3.3637136730096815 26.389038182388283 6.198179931659708
v -4.478347636536135 26.264083178180186 6.190766315397261
f 5302 5303 5304
v -4.478347636536135 26.264083178180186 6.190766315397261
v -3.3637136730096815 26.389038182388283 6.198179931659708
v -3.3231354211564392 25.966081886795624 6.4404501759986985
f 5305 5306 5307
v -4.478347636536135 26.264083178180186 6.190766315397261
v -3.3231354211564392 25.966081886795624 6.4404501759986985
v -4.424257147058898 25.84264179263168 6.4330365597362515
f 5308 5309 5310
v -4.424257147058898 25.84264179263168 6.4330365597362515
v -3.3231354211564392 25.966081886795624 6.4404501759986985
v -3.282557169303197 25.543125591202962 6.198179931659709
f 5311 5312 5313
v -4.424257147058898 25.84264179263168 6.4330365597362515
v -3.282557169303197 25.543125591202962 6.198179931659709
v -4.370166657581661 25.421200407083173 6.190766315397262
f 5314 5315 5316
v -4.370166657581661 25.421200407083173 6.190766315397262
v -3.282557169303197 25.543125591202962 6.198179931659709
v -3.2459509994666553 25.161571204732702 5.495084298154689
f 5317 5318 5319
v -4.370166657581661 25.421200407083173 6.190766315397262
v -3.2459509994666553 25.161571204732702 5.495084298154689
v -4.321370922085056 25.04101264070695 5.487670681892242
f 5320 5321 5322
v -4.321370922085056 25.04101264070695 5.487670681892242
v -3.2459509994666553 25.161571204732702 5.495084298154689
v -3.2169001786005973 24.858767929178285 4.399987174846441
f 5323 5324 5325
v -4.321370922085056 25.04101264070695 5.487670681892242
v -3.2169001786005973 24.858767929178285 4.399987174846441
v -4.282646407139373 24.73929392099984 4.392573558583994
f 5326 5327 5328
v -4.282646407139373 24.73929392099984 4.392573558583994
v -3.2169001786005973 24.858767929178285 4.399987174846441
v -3.198248403460364 24.664356258905457 3.0200842981546883
f 5329 5330 5331
v -4.282646407139373 24.73929392099984 4.392573558583994
v -3.198248403460364 24.664356258905457 3.0200842981546883
v -4.2577837380770545 24.54557857844471 3.0126706818922413
f 5332 5333 5334
v -4.2577837380770545 24.54557857844471 3.0126706818922413
v -3.198248403460364 24.664356258905457 3.0200842981546883
v -3.1918214397512403 24.597366562746274 1.490450175998699
f 5335 5336 5337
v -4.2577837380770545 24.54557857844471 3.0126706818922413
v -3.1918214397512403 24.597366562746274 1.490450175998699
v -4.249216646174322 24.478828820465015 1.4830365597362518
f 5338 5339 5340
v -4.249216646174322 24.478828820465015 1.4830365597362518
v -3.1918214397512403 24.597366562746274 1.490450175998699
v -3.198248403460364 24.664356258905457 -0.03918394615728871
f 5341 5342 5343
v -4.249216646174322 24.478828820465015 1.4830365597362518
v -3.198248403460364 24.664356258905457 -0.03918394615728871
v -4.2577837380770545 24.54557857844471 -0.046597562419735894
f 5344 5345 5346
v -4.2577837380770545 24.54557857844471 -0.046597562419735894
v -3.198248403460364 24.664356258905457 -0.03918394615728871
v -3.2169001786005973 24.858767929178285 -1.4190868228490432
f 5347 5348 5349
v -4.2577837380770545 24.54557857844471 -0.046597562419735894
v -3.2169001786005973 24.858767929178285 -1.4190868228490432
v -4.282646407139373 24.73929392099984 -1.4265004391114904
f 5350 5351 5352
v -4.282646407139373 24.73929392099984 -1.4265004391114904
v -3.2169001786005973 24.858767929178285 -1.4190868228490432
v -3.2459509994666553 25.161571204732702 -2.5141839461572912
f 5353 5354 5355
v -4.282646407139373 24.73929392099984 -1.4265004391114904
v -3.2459509994666553 25.161571204732702 -2.5141839461572912
v -4.321370922085056 25.04101264070695 -2.521597562419738
f 5356 5357 5358
v -4.321370922085056 25.04101264070695 -2.521597562419738
v -3.2459509994666553 25.161571204732702 -2.5141839461572912
v -3.282557169303197 25.543125591202962 -3.2172795796623115
f 5359 5360 5361
v -4.321370922085056 25.04101264070695 -2.521597562419738
v -3.282557169303197 25.543125591202962 -3.2172795796623115
v -4.370166657581661 25.421200407083173 -3.2246931959247584
f 5362 5363 5364
v -4.370166657581661 25.421200407083173 -3.2246931959247584
v -3.282557169303197 25.543125591202962 -3.2172795796623115
v -3.3231354211564392 25.966081886795624 -3.459549824001302
f 5365 5366 5367
v -4.370166657581661 25.421200407083173 -3.2246931959247584
v -3.3231354211564392 25.966081886795624 -3.459549824001302
v -4.424257147058898 25.84264179263168 -3.466963440263749
f 5368 5369 5370
v -4.424257147058898 25.84264179263168 -3.466963440263749
v -3.3231354211564392 25.966081886795624 -3.459549824001302
v -3.3637136730096815 26.389038182388283 -3.2172795796623124
f 5371 5372 5373
v -4.424257147058898 25.84264179263168 -3.466963440263749
v -3.3637136730096815 26.389038182388283 -3.2172795796623124
v -4.478347636536135 26.264083178180186 -3.2246931959247593
f 5374 5375 5376
v -4.478347636536135 26.264083178180186 -3.2246931959247593
v -3.3637136730096815 26.389038182388283 -3.2172795796623124
v -3.400319842846223 26.770592568858543 -2.514183946157292
f 5377 5378 5379
v -4.478347636536135 26.264083178180186 -3.2246931959247593
v -3.400319842846223 26.770592568858543 -2.514183946157292
v -4.527143372032739 26.64427094455641 -2.521597562419739
f 5380 5381 5382
v -4.527143372032739 26.64427094455641 -2.521597562419739
v -3.400319842846223 26.770592568858543 -2.514183946157292
v -3.429370663712281 27.07339584441296 -1.419086822849045
f 5383 5384 5385
v -4.527143372032739 26.64427094455641 -2.521597562419739
v -3.429370663712281 27.07339584441296 -1.419086822849045
v -4.565867886978424 26.94598966426352 -1.4265004391114922
f 5386 5387 5388
v -4.565867886978424 26.94598966426352 -1.4265004391114922
v -3.429370663712281 27.07339584441296 -1.419086822849045
v -3.4480224388525142 27.26780751468579 -0.03918394615729248
f 5389 5390 5391
v -4.565867886978424 26.94598966426352 -1.4265004391114922
v -3.4480224388525142 27.26780751468579 -0.03918394615729248
v -4.590730556040742 27.13970500681865 -0.04659756241973967
f 5392 5393 5394
v -4.590730556040742 27.13970500681865 -0.04659756241973967
v -3.4480224388525142 27.26780751468579 -0.03918394615729248
v -3.454449402561638 27.33479721084497 1.4904501759986972
f 5395 5396 5397
v -4.590730556040742 27.13970500681865 -0.04659756241973967
v -3.454449402561638 27.33479721084497 1.4904501759986972
v -4.599297647943475 27.206454764798348 1.48303655973625
f 5398 5399 5400
v -3.454449402561638 27.33479721084497 1.4904501759986983
v -2.305336460597064 27.426550003766952 1.4957531279600214
v -2.301051051678844 27.359389297067114 3.025387250116011
f 5401 5402 5403
v -3.454449402561638 27.33479721084497 1.4904501759986983
v -2.301051051678844 27.359389297067114 3.025387250116011
v -3.4480224388525142 27.26780751468579 3.0200842981546883
f 5404 5405 5406
v -3.4480224388525142 27.26780751468579 3.0200842981546883
v -2.301051051678844 27.359389297067114 3.025387250116011
v -2.288614310607299 27.16448133487554 4.405290126807763
f 5407 5408 5409
v -3.4480224388525142 27.26780751468579 3.0200842981546883
v -2.288614310607299 27.16448133487554 4.405290126807763
v -3.429370663712281 27.07339584441296 4.399987174846441
f 5410 5411 5412
v -3.429370663712281 27.07339584441296 4.399987174846441
v -2.288614310607299 27.16448133487554 4.405290126807763
v -2.269243632250382 26.86090506653516 5.500387250116011
f 5413 5414 5415
v -3.429370663712281 27.07339584441296 4.399987174846441
v -2.269243632250382 26.86090506653516 5.500387250116011
v -3.400319842846223 26.770592568858543 5.495084298154689
f 5416 5417 5418
v -3.400319842846223 26.770592568858543 5.495084298154689
v -2.269243632250382 26.86090506653516 5.500387250116011
v -2.2448351535691207 26.478376652331377 6.203482883621032
f 5419 5420 5421
v -3.400319842846223 26.770592568858543 5.495084298154689
v -2.2448351535691207 26.478376652331377 6.203482883621032
v -3.3637136730096815 26.389038182388283 6.198179931659708
f 5422 5423 5424
v -3.3637136730096815 26.389038182388283 6.198179931659708
v -2.2448351535691207 26.478376652331377 6.203482883621032
v -2.217778146520707 26.054340638678624 6.445753127960021
f 5425 5426 5427
v -3.3637136730096815 26.389038182388283 6.198179931659708
v -2.217778146520707 26.054340638678624 6.445753127960021
v -3.3231354211564392 25.966081886795624 6.4404501759986985
f 5428 5429 5430
v -3.3231354211564392 25.966081886795624 6.4404501759986985
v -2.217778146520707 26.054340638678624 6.445753127960021
v -2.1907211394722936 25.63030462502588 6.203482883621032
f 5431 5432 5433
v -3.3231354211564392 25.966081886795624 6.4404501759986985
v -2.1907211394722936 25.63030462502588 6.203482883621032
v -3.282557169303197 25.543125591202962 6.198179931659709
f 5434 5435 5436
v -3.282557169303197 25.543125591202962 6.198179931659709
v -2.1907211394722936 25.63030462502588 6.203482883621032
v -2.166312660791032 25.247776210822092 5.500387250116011
f 5437 5438 5439
v -3.282557169303197 25.543125591202962 6.198179931659709
v -2.166312660791032 25.247776210822092 5.500387250116011
v -3.2459509994666553 25.161571204732702 5.495084298154689
f 5440 5441 5442
v -3.2459509994666553 25.161571204732702 5.495084298154689
v -2.166312660791032 25.247776210822092 5.500387250116011
v -2.1469419824341154 24.944199942481713 4.405290126807764
f 5443 5444 5445
v -3.2459509994666553 25.161571204732702 5.495084298154689
v -2.1469419824341154 24.944199942481713 4.405290126807764
v -3.2169001786005973 24.858767929178285 4.399987174846441
f 5446 5447 5448
v -3.2169001786005973 24.858767929178285 4.399987174846441
v -2.1469419824341154 24.944199942481713 4.405290126807764
v -2.1345052413625702 24.74929198029014 3.0253872501160117
f 5449 5450 5451
v -3.2169001786005973 24.858767929178285 4.399987174846441
v -2.1345052413625702 24.74929198029014 3.0253872501160117
v -3.198248403460364 24.664356258905457 3.0200842981546883
f 5452 5453 5454
v -3.198248403460364 24.664356258905457 3.0200842981546883
v -2.1345052413625702 24.74929198029014 3.0253872501160117
v -2.13021983244435 24.6821312735903 1.495753127960022
f 5455 5456 5457
v -3.198248403460364 24.664356258905457 3.0200842981546883
v -2.13021983244435 24.6821312735903 1.495753127960022
v -3.1918214397512403 24.597366562746274 1.490450175998699
f 5458 5459 5460
v -3.1918214397512403 24.597366562746274 1.490450175998699
v -2.13021983244435 24.6821312735903 1.495753127960022
v -2.1345052413625702 24.74929198029014 -0.033880994195965686
f 5461 5462 5463
v -3.1918214397512403 24.597366562746274 1.490450175998699
v -2.1345052413625702 24.74929198029014 -0.033880994195965686
v -3.198248403460364 24.664356258905457 -0.03918394615728871
f 5464 5465 5466
v -3.198248403460364 24.664356258905457 -0.03918394615728871
v -2.1345052413625702 24.74929198029014 -0.033880994195965686
v -2.1469419824341154 24.944199942481713 -1.4137838708877202
f 5467 5468 5469
v -3.198248403460364 24.664356258905457 -0.03918394615728871
v -2.1469419824341154 24.944199942481713 -1.4137838708877202
v -3.2169001786005973 24.858767929178285 -1.4190868228490432
f 5470 5471 5472
v -3.2169001786005973 24.858767929178285 -1.4190868228490432
v -2.1469419824341154 24.944199942481713 -1.4137838708877202
v -2.166312660791032 25.24777621082209 -2.508880994195968
f 5473 5474 5475
v -3.2169001786005973 24.858767929178285 -1.4190868228490432
v -2.166312660791032 25.24777621082209 -2.508880994195968
v -3.2459509994666553 25.161571204732702 -2.5141839461572912
f 5476 5477 5478
v -3.2459509994666553 25.161571204732702 -2.5141839461572912
v -2.166312660791032 25.24777621082209 -2.508880994195968
v -2.1907211394722936 25.63030462502588 -3.2119766277009885
f 5479 5480 5481
v -3.2459509994666553 25.161571204732702 -2.5141839461572912
v -2.1907211394722936 25.63030462502588 -3.2119766277009885
v -3.282557169303197 25.543125591202962 -3.2172795796623115
f 5482 5483 5484
v -3.282557169303197 25.543125591202962 -3.2172795796623115
v -2.1907211394722936 25.63030462502588 -3.2119766277009885
v -2.217778146520707 26.054340638678624 -3.454246872039979
f 5485 5486 5487
v -3.282557169303197 25.543125591202962 -3.2172795796623115
v -2.217778146520707 26.054340638678624 -3.454246872039979
v -3.3231354211564392 25.966081886795624 -3.459549824001302
f 5488 5489 5490
v -3.3231354211564392 25.966081886795624 -3.459549824001302
v -2.217778146520707 26.054340638678624 -3.454246872039979
v -2.2448351535691207 26.478376652331377 -3.2119766277009894
f 5491 5492 5493
v -3.3231354211564392 25.966081886795624 -3.459549824001302
v -2.2448351535691207 26.478376652331377 -3.2119766277009894
v -3.3637136730096815 26.389038182388283 -3.2172795796623124
f 5494 5495 5496
v -3.3637136730096815 26.389038182388283 -3.2172795796623124
v -2.2448351535691207 26.478376652331377 -3.2119766277009894
v -2.269243632250382 26.86090506653516 -2.508880994195969
f 5497 5498 5499
v -3.3637136730096815 26.389038182388283 -3.2172795796623124
v -2.269243632250382 26.86090506653516 -2.508880994195969
v -3.400319842846223 26.770592568858543 -2.514183946157292
f 5500 5501 5502
v -3.400319842846223 26.770592568858543 -2.514183946157292
v -2.269243632250382 26.86090506653516 -2.508880994195969
v -2.288614310607299 27.16448133487554 -1.413783870887722
f 5503 5504 5505
v -3.400319842846223 26.770592568858543 -2.514183946157292
v -2.288614310607299 27.16448133487554 -1.413783870887722
v -3.429370663712281 27.07339584441296 -1.419086822849045
f 5506 5507 5508
v -3.429370663712281 27.07339584441296 -1.419086822849045
v -2.288614310607299 27.16448133487554 -1.413783870887722
v -2.301051051678844 27.359389297067114 -0.03388099419596946
f 5509 5510 5511
v -3.429370663712281 27.07339584441296 -1.419086822849045
v -2.301051051678844 27.359389297067114 -0.03388099419596946
v -3.4480224388525142 27.26780751468579 -0.03918394615729248
f 5512 5513 5514
v -3.4480224388525142 27.26780751468579 -0.03918394615729248
v -2.301051051678844 27.359389297067114 -0.03388099419596946
v -2.305336460597064 27.426550003766952 1.4957531279600202
f 5515 5516 5517
v -3.4480224388525142 27.26780751468579 -0.03918394615729248
v -2.305336460597064 27.426550003766952 1.4957531279600202
v -3.454449402561638 27.33479721084497 1.4904501759986972
f 5518 5519 5520
v -2.305336460597064 27.426550003766952 1.4957531279600214
v -1.153379406483218 27.48163352111201 1.498937905975433
v -1.151236475441119 27.414370358083744 3.028572028131423
f 5521 5522 5523
v -2.305336460597064 27.426550003766952 1.4957531279600214
v -1.151236475441119 27.414370358083744 3.028572028131423
v -2.301051051678844 27.359389297067114 3.025387250116011
f 5524 5525 5526
v -2.301051051678844 27.359389297067114 3.025387250116011
v -1.151236475441119 27.414370358083744 3.028572028131423
v -1.1450174473359012 27.219165056046172 4.408474904823175
f 5527 5528 5529
v -2.301051051678844 27.359389297067114 3.025387250116011
v -1.1450174473359012 27.219165056046172 4.408474904823175
v -2.288614310607299 27.16448133487554 4.405290126807763
f 5530 5531 5532
v -2.288614310607299 27.16448133487554 4.405290126807763
v -1.1450174473359012 27.219165056046172 4.408474904823175
v -1.13533108396902 26.915125670038044 5.5035720281314235
f 5533 5534 5535
v -2.288614310607299 27.16448133487554 4.405290126807763
v -1.13533108396902 26.915125670038044 5.5035720281314235
v -2.269243632250382 26.86090506653516 5.500387250116011
f 5536 5537 5538
v -2.269243632250382 26.86090506653516 5.500387250116011
v -1.13533108396902 26.915125670038044 5.5035720281314235
v -1.123125554075688 26.5320136935288 6.206667661636443
f 5539 5540 5541
v -2.269243632250382 26.86090506653516 5.500387250116011
v -1.123125554075688 26.5320136935288 6.206667661636443
v -2.2448351535691207 26.478376652331377 6.203482883621032
f 5542 5543 5544
v -2.2448351535691207 26.478376652331377 6.203482883621032
v -1.123125554075688 26.5320136935288 6.206667661636443
v -1.1095956199627914 26.10733079607726 6.448937905975433
f 5545 5546 5547
v -2.2448351535691207 26.478376652331377 6.203482883621032
v -1.1095956199627914 26.10733079607726 6.448937905975433
v -2.217778146520707 26.054340638678624 6.445753127960021
f 5548 5549 5550
v -2.217778146520707 26.054340638678624 6.445753127960021
v -1.1095956199627914 26.10733079607726 6.448937905975433
v -1.0960656858498947 25.682647898625724 6.206667661636444
f 5551 5552 5553
v -2.217778146520707 26.054340638678624 6.445753127960021
v -1.0960656858498947 25.682647898625724 6.206667661636444
v -2.1907211394722936 25.63030462502588 6.203482883621032
f 5554 5555 5556
v -2.1907211394722936 25.63030462502588 6.203482883621032
v -1.0960656858498947 25.682647898625724 6.206667661636444
v -1.0838601559565626 25.29953592211648 5.5035720281314235
f 5557 5558 5559
v -2.1907211394722936 25.63030462502588 6.203482883621032
v -1.0838601559565626 25.29953592211648 5.5035720281314235
v -2.166312660791032 25.247776210822092 5.500387250116011
f 5560 5561 5562
v -2.166312660791032 25.247776210822092 5.500387250116011
v -1.0838601559565626 25.29953592211648 5.5035720281314235
v -1.0741737925896815 24.995496536108348 4.408474904823176
f 5563 5564 5565
v -2.166312660791032 25.247776210822092 5.500387250116011
v -1.0741737925896815 24.995496536108348 4.408474904823176
v -2.1469419824341154 24.944199942481713 4.405290126807764
f 5566 5567 5568
v -2.1469419824341154 24.944199942481713 4.405290126807764
v -1.0741737925896815 24.995496536108348 4.408474904823176
v -1.0679547644844636 24.800291234070777 3.028572028131423
f 5569 5570 5571
v -2.1469419824341154 24.944199942481713 4.405290126807764
v -1.0679547644844636 24.800291234070777 3.028572028131423
v -2.1345052413625702 24.74929198029014 3.0253872501160117
f 5572 5573 5574
v -2.1345052413625702 24.74929198029014 3.0253872501160117
v -1.0679547644844636 24.800291234070777 3.028572028131423
v -1.0658118334423645 24.73302807104251 1.4989379059754337
f 5575 5576 5577
v -2.1345052413625702 24.74929198029014 3.0253872501160117
v -1.0658118334423645 24.73302807104251 1.4989379059754337
v -2.13021983244435 24.6821312735903 1.495753127960022
f 5578 5579 5580
v -2.13021983244435 24.6821312735903 1.495753127960022
v -1.0658118334423645 24.73302807104251 1.4989379059754337
v -1.0679547644844636 24.800291234070777 -0.03069621618055396
f 5581 5582 5583
v -2.13021983244435 24.6821312735903 1.495753127960022
v -1.0679547644844636 24.800291234070777 -0.03069621618055396
v -2.1345052413625702 24.74929198029014 -0.033880994195965686
f 5584 5585 5586
v -2.1345052413625702 24.74929198029014 -0.033880994195965686
v -1.0679547644844636 24.800291234070777 -0.03069621618055396
v -1.0741737925896815 24.995496536108348 -1.4105990928723084
f 5587 5588 5589
v -2.1345052413625702 24.74929198029014 -0.033880994195965686
v -1.0741737925896815 24.995496536108348 -1.4105990928723084
v -2.1469419824341154 24.944199942481713 -1.4137838708877202
f 5590 5591 5592
v -2.1469419824341154 24.944199942481713 -1.4137838708877202
v -1.0741737925896815 24.995496536108348 -1.4105990928723084
v -1.0838601559565626 25.299535922116476 -2.5056962161805565
f 5593 5594 5595
v -2.1469419824341154 24.944199942481713 -1.4137838708877202
v -1.0838601559565626 25.299535922116476 -2.5056962161805565
v -2.166312660791032 25.24777621082209 -2.508880994195968
f 5596 5597 5598
v -2.166312660791032 25.24777621082209 -2.508880994195968
v -1.0838601559565626 25.299535922116476 -2.5056962161805565
v -1.0960656858498947 25.682647898625724 -3.2087918496855767
f 5599 5600 5601
v -2.166312660791032 25.24777621082209 -2.508880994195968
v -1.0960656858498947 25.682647898625724 -3.2087918496855767
v -2.1907211394722936 25.63030462502588 -3.2119766277009885
f 5602 5603 5604
v -2.1907211394722936 25.63030462502588 -3.2119766277009885
v -1.0960656858498947 25.682647898625724 -3.2087918496855767
v -1.1095956199627914 26.10733079607726 -3.451062094024567
f 5605 5606 5607
v -2.1907211394722936 25.63030462502588 -3.2119766277009885
v -1.1095956199627914 26.10733079607726 -3.451062094024567
v -2.217778146520707 26.054340638678624 -3.454246872039979
f 5608 5609 5610
v -2.217778146520707 26.054340638678624 -3.454246872039979
v -1.1095956199627914 26.10733079607726 -3.451062094024567
v -1.123125554075688 26.5320136935288 -3.2087918496855776
f 5611 5612 5613
v -2.217778146520707 26.054340638678624 -3.454246872039979
v -1.123125554075688 26.5320136935288 -3.2087918496855776
v -2.2448351535691207 26.478376652331377 -3.2119766277009894
f 5614 5615 5616
v -2.2448351535691207 26.478376652331377 -3.2119766277009894
v -1.123125554075688 26.5320136935288 -3.2087918496855776
v -1.13533108396902 26.915125670038044 -2.5056962161805574
f 5617 5618 5619
v -2.2448351535691207 26.478376652331377 -3.2119766277009894
v -1.13533108396902 26.915125670038044 -2.5056962161805574
v -2.269243632250382 26.86090506653516 -2.508880994195969
f 5620 5621 5622
v -2.269243632250382 26.86090506653516 -2.508880994195969
v -1.13533108396902 26.915125670038044 -2.5056962161805574
v -1.1450174473359012 27.219165056046172 -1.4105990928723102
f 5623 5624 5625
v -2.269243632250382 26.86090506653516 -2.508880994195969
v -1.1450174473359012 27.219165056046172 -1.4105990928723102
v -2.288614310607299 27.16448133487554 -1.413783870887722
f 5626 5627 5628
v -2.288614310607299 27.16448133487554 -1.413783870887722
v -1.1450174473359012 27.219165056046172 -1.4105990928723102
v -1.151236475441119 27.414370358083744 -0.030696216180557734
f 5629 5630 5631
v -2.288614310607299 27.16448133487554 -1.413783870887722
v -1.151236475441119 27.414370358083744 -0.030696216180557734
v -2.301051051678844 27.359389297067114 -0.03388099419596946
f 5632 5633 5634
v -2.301051051678844 27.359389297067114 -0.03388099419596946
v -1.151236475441119 27.414370358083744 -0.030696216180557734
v -1.153379406483218 27.48163352111201 1.498937905975432
f 5635 5636 5637
v -2.301051051678844 27.359389297067114 -0.03388099419596946
v -1.153379406483218 27.48163352111201 1.498937905975432
v -2.305336460597064 27.426550003766952 1.4957531279600202
f 5638 5639 5640
v -1.153379406483218 27.48163352111201 1.498937905975433
v 0 27.5 1.5
v 0 27.432702709905836 3.02963412215599
f 5641 5642 5643
v -1.153379406483218 27.48163352111201 1.498937905975433
v 0 27.432702709905836 3.02963412215599
v -1.151236475441119 27.414370358083744 3.028572028131423
f 5644 5645 5646
v -1.151236475441119 27.414370358083744 3.028572028131423
v 0 27.432702709905836 3.02963412215599
v 0 27.237398367265552 4.4095369988477415
f 5647 5648 5649
v -1.151236475441119 27.414370358083744 3.028572028131423
v 0 27.237398367265552 4.4095369988477415
v -1.1450174473359012 27.219165056046172 4.408474904823175
f 5650 5651 5652
v -1.1450174473359012 27.219165056046172 4.408474904823175
v 0 27.237398367265552 4.4095369988477415
v 0 26.93320472190215 5.5046341221559905
f 5653 5654 5655
v -1.1450174473359012 27.219165056046172 4.408474904823175
v 0 26.93320472190215 5.5046341221559905
v -1.13533108396902 26.915125670038044 5.5035720281314235
f 5656 5657 5658
v -1.13533108396902 26.915125670038044 5.5035720281314235
v 0 26.93320472190215 5.5046341221559905
v 0 26.549898367265552 6.20772975566101
f 5659 5660 5661
v -1.13533108396902 26.915125670038044 5.5035720281314235
v 0 26.549898367265552 6.20772975566101
v -1.123125554075688 26.5320136935288 6.206667661636443
f 5662 5663 5664
v -1.123125554075688 26.5320136935288 6.206667661636443
v 0 26.549898367265552 6.20772975566101
v 0 26.125 6.45
f 5665 5666 5667
v -1.123125554075688 26.5320136935288 6.206667661636443
v 0 26.125 6.45
v -1.1095956199627914 26.10733079607726 6.448937905975433
f 5668 5669 5670
v -1.1095956199627914 26.10733079607726 6.448937905975433
v 0 26.125 6.45
v 0 25.700101632734448 6.207729755661011
f 5671 5672 5673
v -1.1095956199627914 26.10733079607726 6.448937905975433
v 0 25.700101632734448 6.207729755661011
v -1.0960656858498947 25.682647898625724 6.206667661636444
f 5674 5675 5676
v -1.0960656858498947 25.682647898625724 6.206667661636444
v 0 25.700101632734448 6.207729755661011
v 0 25.31679527809785 5.5046341221559905
f 5677 5678 5679
v -1.0960656858498947 25.682647898625724 6.206667661636444
v 0 25.31679527809785 5.5046341221559905
v -1.0838601559565626 25.29953592211648 5.5035720281314235
f 5680 5681 5682
v -1.0838601559565626 25.29953592211648 5.5035720281314235
v 0 25.31679527809785 5.5046341221559905
v 0 25.012601632734448 4.409536998847743
f 5683 5684 5685
v -1.0838601559565626 25.29953592211648 5.5035720281314235
v 0 25.012601632734448 4.409536998847743
v -1.0741737925896815 24.995496536108348 4.408474904823176
f 5686 5687 5688
v -1.0741737925896815 24.995496536108348 4.408474904823176
v 0 25.012601632734448 4.409536998847743
v 0 24.817297290094164 3.02963412215599
f 5689 5690 5691
v -1.0741737925896815 24.995496536108348 4.408474904823176
v 0 24.817297290094164 3.02963412215599
v -1.0679547644844636 24.800291234070777 3.028572028131423
f 5692 5693 5694
v -1.0679547644844636 24.800291234070777 3.028572028131423
v 0 24.817297290094164 3.02963412215599
v 0 24.75 1.5000000000000007
f 5695 5696 5697
v -1.0679547644844636 24.800291234070777 3.028572028131423
v 0 24.75 1.5000000000000007
v -1.0658118334423645 24.73302807104251 1.4989379059754337
f 5698 5699 5700
v -1.0658118334423645 24.73302807104251 1.4989379059754337
v 0 24.75 1.5000000000000007
v 0 24.817297290094164 -0.02963412215598704
f 5701 5702 5703
v -1.0658118334423645 24.73302807104251 1.4989379059754337
v 0 24.817297290094164 -0.02963412215598704
v -1.0679547644844636 24.800291234070777 -0.03069621618055396
f 5704 5705 5706
v -1.0679547644844636 24.800291234070777 -0.03069621618055396
v 0 24.817297290094164 -0.02963412215598704
v 0 25.012601632734448 -1.4095369988477415
f 5707 5708 5709
v -1.0679547644844636 24.800291234070777 -0.03069621618055396
v 0 25.012601632734448 -1.4095369988477415
v -1.0741737925896815 24.995496536108348 -1.4105990928723084
f 5710 5711 5712
v -1.0741737925896815 24.995496536108348 -1.4105990928723084
v 0 25.012601632734448 -1.4095369988477415
v 0 25.31679527809785 -2.5046341221559896
f 5713 5714 5715
v -1.0741737925896815 24.995496536108348 -1.4105990928723084
v 0 25.31679527809785 -2.5046341221559896
v -1.0838601559565626 25.299535922116476 -2.5056962161805565
f 5716 5717 5718
v -1.0838601559565626 25.299535922116476 -2.5056962161805565
v 0 25.31679527809785 -2.5046341221559896
v 0 25.700101632734448 -3.20772975566101
f 5719 5720 5721
v -1.0838601559565626 25.299535922116476 -2.5056962161805565
v 0 25.700101632734448 -3.20772975566101
v -1.0960656858498947 25.682647898625724 -3.2087918496855767
f 5722 5723 5724
v -1.0960656858498947 25.682647898625724 -3.2087918496855767
v 0 25.700101632734448 -3.20772975566101
v 0 26.125 -3.45
f 5725 5726 5727
v -1.0960656858498947 25.682647898625724 -3.2087918496855767
v 0 26.125 -3.45
v -1.1095956199627914 26.10733079607726 -3.451062094024567
f 5728 5729 5730
v -1.1095956199627914 26.10733079607726 -3.451062094024567
v 0 26.125 -3.45
v 0 26.549898367265552 -3.2077297556610107
f 5731 5732 5733
v -1.1095956199627914 26.10733079607726 -3.451062094024567
v 0 26.549898367265552 -3.2077297556610107
v -1.123125554075688 26.5320136935288 -3.2087918496855776
f 5734 5735 5736
v -1.123125554075688 26.5320136935288 -3.2087918496855776
v 0 26.549898367265552 -3.2077297556610107
v 0 26.93320472190215 -2.5046341221559905
f 5737 5738 5739
v -1.123125554075688 26.5320136935288 -3.2087918496855776
v 0 26.93320472190215 -2.5046341221559905
v -1.13533108396902 26.915125670038044 -2.5056962161805574
f 5740 5741 5742
v -1.13533108396902 26.915125670038044 -2.5056962161805574
v 0 26.93320472190215 -2.5046341221559905
v 0 27.237398367265552 -1.4095369988477433
f 5743 5744 5745
v -1.13533108396902 26.915125670038044 -2.5056962161805574
v 0 27.237398367265552 -1.4095369988477433
v -1.1450174473359012 27.219165056046172 -1.4105990928723102
f 5746 5747 5748
v -1.1450174473359012 27.219165056046172 -1.4105990928723102
v 0 27.237398367265552 -1.4095369988477433
v 0 27.432702709905836 -0.029634122155990816
f 5749 5750 5751
v -1.1450174473359012 27.219165056046172 -1.4105990928723102
v 0 27.432702709905836 -0.029634122155990816
v -1.151236475441119 27.414370358083744 -0.030696216180557734
f 5752 5753 5754
v -1.151236475441119 27.414370358083744 -0.030696216180557734
v 0 27.432702709905836 -0.029634122155990816
v 0 27.5 1.499999999999999
f 5755 5756 5757
v -1.151236475441119 27.414370358083744 -0.030696216180557734
v 0 27.5 1.499999999999999
v -1.153379406483218 27.48163352111201 1.498937905975432
f 5758 5759 5760
o arcade_inferieure
v 0 27.5 1.5
v 1.153379406483218 27.48163352111201 1.498937905975433
v 1.151236475441119 27.414370358083744 3.028572028131423
f 5761 5762 5763
v 0 27.5 1.5
v 1.151236475441119 27.414370358083744 3.028572028131423
v 0 27.432702709905836 3.02963412215599
f 5764 5765 5766
v 0 27.432702709905836 3.02963412215599
v 1.151236475441119 27.414370358083744 3.028572028131423
v 1.1450174473359012 27.219165056046172 4.408474904823175
f 5767 5768 5769
v 0 27.432702709905836 3.02963412215599
v 1.1450174473359012 27.219165056046172 4.408474904823175
v 0 27.237398367265552 4.4095369988477415
f 5770 5771 5772
v 0 27.237398367265552 4.4095369988477415
v 1.1450174473359012 27.219165056046172 4.408474904823175
v 1.13533108396902 26.915125670038044 5.5035720281314235
f 5773 5774 5775
v 0 27.237398367265552 4.4095369988477415
v 1.13533108396902 26.915125670038044 5.5035720281314235
v 0 26.93320472190215 5.5046341221559905
f 5776 5777 5778
v 0 26.93320472190215 5.5046341221559905
v 1.13533108396902 26.915125670038044 5.5035720281314235
v 1.123125554075688 26.5320136935288 6.206667661636443
f 5779 5780 5781
v 0 26.93320472190215 5.5046341221559905
v 1.123125554075688 26.5320136935288 6.206667661636443
v 0 26.549898367265552 6.20772975566101
f 5782 5783 5784
v 0 26.549898367265552 6.20772975566101
v 1.123125554075688 26.5320136935288 6.206667661636443
v 1.1095956199627914 26.10733079607726 6.448937905975433
f 5785 5786 5787
v 0 26.549898367265552 6.20772975566101
v 1.1095956199627914 26.10733079607726 6.448937905975433
v 0 26.125 6.45
f 5788 5789 5790
v 0 26.125 6.45
v 1.1095956199627914 26.10733079607726 6.448937905975433
v 1.0960656858498947 25.682647898625724 6.206667661636444
f 5791 5792 5793
v 0 26.125 6.45
v 1.0960656858498947 25.682647898625724 6.206667661636444
v 0 25.700101632734448 6.207729755661011
f 5794 5795 5796
v 0 25.700101632734448 6.207729755661011
v 1.0960656858498947 25.682647898625724 6.206667661636444
v 1.0838601559565626 25.29953592211648 5.5035720281314235
f 5797 5798 5799
v 0 25.700101632734448 6.207729755661011
v 1.0838601559565626 25.29953592211648 5.5035720281314235
v 0 25.31679527809785 5.5046341221559905
f 5800 5801 5802
v 0 25.31679527809785 5.5046341221559905
v 1.0838601559565626 25.29953592211648 5.5035720281314235
v 1.0741737925896815 24.995496536108348 4.408474904823176
f 5803 5804 5805
v 0 25.31679527809785 5.5046341221559905
v 1.0741737925896815 24.995496536108348 4.408474904823176
v 0 25.012601632734448 4.409536998847743
f 5806 5807 5808
v 0 25.012601632734448 4.409536998847743
v 1.0741737925896815 24.995496536108348 4.408474904823176
v 1.0679547644844636 24.800291234070777 3.028572028131423
f 5809 5810 5811
v 0 25.012601632734448 4.409536998847743
v 1.0679547644844636 24.800291234070777 3.028572028131423
v 0 24.817297290094164 3.02963412215599
f 5812 5813 5814
v 0 24.817297290094164 3.02963412215599
v 1.0679547644844636 24.800291234070777 3.028572028131423
v 1.0658118334423645 24.73302807104251 1.4989379059754337
f 5815 5816 5817
v 0 24.817297290094164 3.02963412215599
v 1.0658118334423645 24.73302807104251 1.4989379059754337
v 0 24.75 1.5000000000000007
f 5818 5819 5820
v 0 24.75 1.5000000000000007
v 1.0658118334423645 24.73302807104251 1.4989379059754337
v 1.0679547644844636 24.800291234070777 -0.03069621618055396
f 5821 5822 5823
v 0 24.75 1.5000000000000007
v 1.0679547644844636 24.800291234070777 -0.03069621618055396
v 0 24.817297290094164 -0.02963412215598704
f 5824 5825 5826
v 0 24.817297290094164 -0.02963412215598704
v 1.0679547644844636 24.800291234070777 -0.03069621618055396
v 1.0741737925896815 24.995496536108348 -1.4105990928723084
f 5827 5828 5829
v 0 24.817297290094164 -0.02963412215598704
v 1.0741737925896815 24.995496536108348 -1.4105990928723084
v 0 25.012601632734448 -1.4095369988477415
f 5830 5831 5832
v 0 25.012601632734448 -1.4095369988477415
v 1.0741737925896815 24.995496536108348 -1.4105990928723084
v 1.0838601559565626 25.299535922116476 -2.5056962161805565
f 5833 5834 5835
v 0 25.012601632734448 -1.4095369988477415
v 1.0838601559565626 25.299535922116476 -2.5056962161805565
v 0 25.31679527809785 -2.5046341221559896
f 5836 5837 5838
v 0 25.31679527809785 -2.5046341221559896
v 1.0838601559565626 25.299535922116476 -2.5056962161805565
v 1.0960656858498947 25.682647898625724 -3.2087918496855767
f 5839 5840 5841
v 0 25.31679527809785 -2.5046341221559896
v 1.0960656858498947 25.682647898625724 -3.2087918496855767
v 0 25.700101632734448 -3.20772975566101
f 5842 5843 5844
v 0 25.700101632734448 -3.20772975566101
v 1.0960656858498947 25.682647898625724 -3.2087918496855767
v 1.1095956199627914 26.10733079607726 -3.451062094024567
f 5845 5846 5847
v 0 25.700101632734448 -3.20772975566101
v 1.1095956199627914 26.10733079607726 -3.451062094024567
v 0 26.125 -3.45
f 5848 5849 5850
v 0 26.125 -3.45
v 1.1095956199627914 26.10733079607726 -3.451062094024567
v 1.123125554075688 26.5320136935288 -3.2087918496855776
f 5851 5852 5853
v 0 26.125 -3.45
v 1.123125554075688 26.5320136935288 -3.2087918496855776
v 0 26.549898367265552 -3.2077297556610107
f 5854 5855 5856
v 0 26.549898367265552 -3.2077297556610107
v 1.123125554075688 26.5320136935288 -3.2087918496855776
v 1.13533108396902 26.915125670038044 -2.5056962161805574
f 5857 5858 5859
v 0 26.549898367265552 -3.2077297556610107
v 1.13533108396902 26.915125670038044 -2.5056962161805574
v 0 26.93320472190215 -2.5046341221559905
f 5860 5861 5862
v 0 26.93320472190215 -2.5046341221559905
v 1.13533108396902 26.915125670038044 -2.5056962161805574
v 1.1450174473359012 27.219165056046172 -1.4105990928723102
f 5863 5864 5865
v 0 26.93320472190215 -2.5046341221559905
v 1.1450174473359012 27.219165056046172 -1.4105990928723102
v 0 27.237398367265552 -1.4095369988477433
f 5866 5867 5868
v 0 27.237398367265552 -1.4095369988477433
v 1.1450174473359012 27.219165056046172 -1.4105990928723102
v 1.151236475441119 27.414370358083744 -0.030696216180557734
f 5869 5870 5871
v 0 27.237398367265552 -1.4095369988477433
v 1.151236475441119 27.414370358083744 -0.030696216180557734
v 0 27.432702709905836 -0.029634122155990816
f 5872 5873 5874
v 0 27.432702709905836 -0.029634122155990816
v 1.151236475441119 27.414370358083744 -0.030696216180557734
v 1.153379406483218 27.48163352111201 1.498937905975432
f 5875 5876 5877
v 0 27.432702709905836 -0.029634122155990816
v 1.153379406483218 27.48163352111201 1.498937905975432
v 0 27.5 1.499999999999999
f 5878 5879 5880
v 1.153379406483218 27.48163352111201 1.498937905975433
v 2.305336460597064 27.426550003766952 1.4957531279600214
v 2.301051051678844 27.359389297067114 3.025387250116011
f 5881 5882 5883
v 1.153379406483218 27.48163352111201 1.498937905975433
v 2.301051051678844 27.359389297067114 3.025387250116011
v 1.151236475441119 27.414370358083744 3.028572028131423
f 5884 5885 5886
v 1.151236475441119 27.414370358083744 3.028572028131423
v 2.301051051678844 27.359389297067114 3.025387250116011
v 2.288614310607299 27.16448133487554 4.405290126807763
f 5887 5888 5889
v 1.151236475441119 27.414370358083744 3.028572028131423
v 2.288614310607299 27.16448133487554 4.405290126807763
v 1.1450174473359012 27.219165056046172 4.408474904823175
f 5890 5891 5892
v 1.1450174473359012 27.219165056046172 4.408474904823175
v 2.288614310607299 27.16448133487554 4.405290126807763
v 2.269243632250382 26.86090506653516 5.500387250116011
f 5893 5894 5895
v 1.1450174473359012 27.219165056046172 4.408474904823175
v 2.269243632250382 26.86090506653516 5.500387250116011
v 1.13533108396902 26.915125670038044 5.5035720281314235
f 5896 5897 5898
v 1.13533108396902 26.915125670038044 5.5035720281314235
v 2.269243632250382 26.86090506653516 5.500387250116011
v 2.2448351535691207 26.478376652331377 6.203482883621032
f 5899 5900 5901
v 1.13533108396902 26.915125670038044 5.5035720281314235
v 2.2448351535691207 26.478376652331377 6.203482883621032
v 1.123125554075688 26.5320136935288 6.206667661636443
f 5902 5903 5904
v 1.123125554075688 26.5320136935288 6.206667661636443
v 2.2448351535691207 26.478376652331377 6.203482883621032
v 2.217778146520707 26.054340638678624 6.445753127960021
f 5905 5906 5907
v 1.123125554075688 26.5320136935288 6.206667661636443
v 2.217778146520707 26.054340638678624 6.445753127960021
v 1.1095956199627914 26.10733079607726 6.448937905975433
f 5908 5909 5910
v 1.1095956199627914 26.10733079607726 6.448937905975433
v 2.217778146520707 26.054340638678624 6.445753127960021
v 2.1907211394722936 25.63030462502588 6.203482883621032
f 5911 5912 5913
v 1.1095956199627914 26.10733079607726 6.448937905975433
v 2.1907211394722936 25.63030462502588 6.203482883621032
v 1.0960656858498947 25.682647898625724 6.206667661636444
f 5914 5915 5916
v 1.0960656858498947 25.682647898625724 6.206667661636444
v 2.1907211394722936 25.63030462502588 6.203482883621032
v 2.166312660791032 25.247776210822092 5.500387250116011
f 5917 5918 5919
v 1.0960656858498947 25.682647898625724 6.206667661636444
v 2.166312660791032 25.247776210822092 5.500387250116011
v 1.0838601559565626 25.29953592211648 5.5035720281314235
f 5920 5921 5922
v 1.0838601559565626 25.29953592211648 5.5035720281314235
v 2.166312660791032 25.247776210822092 5.500387250116011
v 2.1469419824341154 24.944199942481713 4.405290126807764
f 5923 5924 5925
v 1.0838601559565626 25.29953592211648 5.5035720281314235
v 2.1469419824341154 24.944199942481713 4.405290126807764
v 1.0741737925896815 24.995496536108348 4.408474904823176
f 5926 5927 5928
v 1.0741737925896815 24.995496536108348 4.408474904823176
v 2.1469419824341154 24.944199942481713 4.405290126807764
v 2.1345052413625702 24.74929198029014 3.0253872501160117
f 5929 5930 5931
v 1.0741737925896815 24.995496536108348 4.408474904823176
v 2.1345052413625702 24.74929198029014 3.0253872501160117
v 1.0679547644844636 24.800291234070777 3.028572028131423
f 5932 5933 5934
v 1.0679547644844636 24.800291234070777 3.028572028131423
v 2.1345052413625702 24.74929198029014 3.0253872501160117
v 2.13021983244435 24.6821312735903 1.495753127960022
f 5935 5936 5937
v 1.0679547644844636 24.800291234070777 3.028572028131423
v 2.13021983244435 24.6821312735903 1.495753127960022
v 1.0658118334423645 24.73302807104251 1.4989379059754337
f 5938 5939 5940
v 1.0658118334423645 24.73302807104251 1.4989379059754337
v 2.13021983244435 24.6821312735903 1.495753127960022
v 2.1345052413625702 24.74929198029014 -0.033880994195965686
f 5941 5942 5943
v 1.0658118334423645 24.73302807104251 1.4989379059754337
v 2.1345052413625702 24.74929198029014 -0.033880994195965686
v 1.0679547644844636 24.800291234070777 -0.03069621618055396
f 5944 5945 5946
v 1.0679547644844636 24.800291234070777 -0.03069621618055396
v 2.1345052413625702 24.74929198029014 -0.033880994195965686
v 2.1469419824341154 24.944199942481713 -1.4137838708877202
f 5947 5948 5949
v 1.0679547644844636 24.800291234070777 -0.03069621618055396
v 2.1469419824341154 24.944199942481713 -1.4137838708877202
v 1.0741737925896815 24.995496536108348 -1.4105990928723084
f 5950 5951 5952
v 1.0741737925896815 24.995496536108348 -1.4105990928723084
v 2.1469419824341154 24.944199942481713 -1.4137838708877202
v 2.166312660791032 25.24777621082209 -2.508880994195968
f 5953 5954 5955
v 1.0741737925896815 24.995496536108348 -1.4105990928723084
v 2.166312660791032 25.24777621082209 -2.508880994195968
v 1.0838601559565626 25.299535922116476 -2.5056962161805565
f 5956 5957 5958
v 1.0838601559565626 25.299535922116476 -2.5056962161805565
v 2.166312660791032 25.24777621082209 -2.508880994195968
v 2.1907211394722936 25.63030462502588 -3.2119766277009885
f 5959 5960 5961
v 1.0838601559565626 25.299535922116476 -2.5056962161805565
v 2.1907211394722936 25.63030462502588 -3.2119766277009885
v 1.0960656858498947 25.682647898625724 -3.2087918496855767
f 5962 5963 5964
v 1.0960656858498947 25.682647898625724 -3.2087918496855767
v 2.1907211394722936 25.63030462502588 -3.2119766277009885
v 2.217778146520707 26.054340638678624 -3.454246872039979
f 5965 5966 5967
v 1.0960656858498947 25.682647898625724 -3.2087918496855767
v 2.217778146520707 26.054340638678624 -3.454246872039979
v 1.1095956199627914 26.10733079607726 -3.451062094024567
f 5968 5969 5970
v 1.1095956199627914 26.10733079607726 -3.451062094024567
v 2.217778146520707 26.054340638678624 -3.454246872039979
v 2.2448351535691207 26.478376652331377 -3.2119766277009894
f 5971 5972 5973
v 1.1095956199627914 26.10733079607726 -3.451062094024567
v 2.2448351535691207 26.478376652331377 -3.2119766277009894
v 1.123125554075688 26.5320136935288 -3.2087918496855776
f 5974 5975 5976
v 1.123125554075688 26.5320136935288 -3.2087918496855776
v 2.2448351535691207 26.478376652331377 -3.2119766277009894
v 2.269243632250382 26.86090506653516 -2.508880994195969
f 5977 5978 5979
v 1.123125554075688 26.5320136935288 -3.2087918496855776
v 2.269243632250382 26.86090506653516 -2.508880994195969
v 1.13533108396902 26.915125670038044 -2.5056962161805574
f 5980 5981 5982
v 1.13533108396902 26.915125670038044 -2.5056962161805574
v 2.269243632250382 26.86090506653516 -2.508880994195969
v 2.288614310607299 27.16448133487554 -1.413783870887722
f 5983 5984 5985
v 1.13533108396902 26.915125670038044 -2.5056962161805574
v 2.288614310607299 27.16448133487554 -1.413783870887722
v 1.1450174473359012 27.219165056046172 -1.4105990928723102
f 5986 5987 5988
v 1.1450174473359012 27.219165056046172 -1.4105990928723102
v 2.288614310607299 27.16448133487554 -1.413783870887722
v 2.301051051678844 27.359389297067114 -0.03388099419596946
f 5989 5990 5991
v 1.1450174473359012 27.219165056046172 -1.4105990928723102
v 2.301051051678844 27.359389297067114 -0.03388099419596946
v 1.151236475441119 27.414370358083744 -0.030696216180557734
f 5992 5993 5994
v 1.151236475441119 27.414370358083744 -0.030696216180557734
v 2.301051051678844 27.359389297067114 -0.03388099419596946
v 2.305336460597064 27.426550003766952 1.4957531279600202
f 5995 5996 5997
v 1.151236475441119 27.414370358083744 -0.030696216180557734
v 2.305336460597064 27.426550003766952 1.4957531279600202
v 1.153379406483218 27.48163352111201 1.498937905975432
f 5998 5999 6000
v 2.305336460597064 27.426550003766952 1.4957531279600214
v 3.454449402561638 27.33479721084497 1.4904501759986983
v 3.4480224388525142 27.26780751468579 3.0200842981546883
f 6001 6002 6003
v 2.305336460597064 27.426550003766952 1.4957531279600214
v 3.4480224388525142 27.26780751468579 3.0200842981546883
v 2.301051051678844 27.359389297067114 3.025387250116011
f 6004 6005 6006
v 2.301051051678844 27.359389297067114 3.025387250116011
v 3.4480224388525142 27.26780751468579 3.0200842981546883
v 3.429370663712281 27.07339584441296 4.399987174846441
f 6007 6008 6009
v 2.301051051678844 27.359389297067114 3.025387250116011
v 3.429370663712281 27.07339584441296 4.399987174846441
v 2.288614310607299 27.16448133487554 4.405290126807763
f 6010 6011 6012
v 2.288614310607299 27.16448133487554 4.405290126807763
v 3.429370663712281 27.07339584441296 4.399987174846441
v 3.400319842846223 26.770592568858543 5.495084298154689
f 6013 6014 6015
v 2.288614310607299 27.16448133487554 4.405290126807763
v 3.400319842846223 26.770592568858543 5.495084298154689
v 2.269243632250382 26.86090506653516 5.500387250116011
f 6016 6017 6018
v 2.269243632250382 26.86090506653516 5.500387250116011
v 3.400319842846223 26.770592568858543 5.495084298154689
v 3.3637136730096815 26.389038182388283 6.198179931659708
f 6019 6020 6021
v 2.269243632250382 26.86090506653516 5.500387250116011
v 3.3637136730096815 26.389038182388283 6.198179931659708
v 2.2448351535691207 26.478376652331377 6.203482883621032
f 6022 6023 6024
v 2.2448351535691207 26.478376652331377 6.203482883621032
v 3.3637136730096815 26.389038182388283 6.198179931659708
v 3.3231354211564392 25.966081886795624 6.4404501759986985
f 6025 6026 6027
v 2.2448351535691207 26.478376652331377 6.203482883621032
v 3.3231354211564392 25.966081886795624 6.4404501759986985
v 2.217778146520707 26.054340638678624 6.445753127960021
f 6028 6029 6030
v 2.217778146520707 26.054340638678624 6.445753127960021
v 3.3231354211564392 25.966081886795624 6.4404501759986985
v 3.282557169303197 25.543125591202962 6.198179931659709
f 6031 6032 6033
v 2.217778146520707 26.054340638678624 6.445753127960021
v 3.282557169303197 25.543125591202962 6.198179931659709
v 2.1907211394722936 25.63030462502588 6.203482883621032
f 6034 6035 6036
v 2.1907211394722936 25.63030462502588 6.203482883621032
v 3.282557169303197 25.543125591202962 6.198179931659709
v 3.2459509994666553 25.161571204732702 5.495084298154689
f 6037 6038 6039
v 2.1907211394722936 25.63030462502588 6.203482883621032
v 3.2459509994666553 25.161571204732702 5.495084298154689
v 2.166312660791032 25.247776210822092 5.500387250116011
f 6040 6041 6042
v 2.166312660791032 25.247776210822092 5.500387250116011
v 3.2459509994666553 25.161571204732702 5.495084298154689
v 3.2169001786005973 24.858767929178285 4.399987174846441
f 6043 6044 6045
v 2.166312660791032 25.247776210822092 5.500387250116011
v 3.2169001786005973 24.858767929178285 4.399987174846441
v 2.1469419824341154 24.944199942481713 4.405290126807764
f 6046 6047 6048
v 2.1469419824341154 24.944199942481713 4.405290126807764
v 3.2169001786005973 24.858767929178285 4.399987174846441
v 3.198248403460364 24.664356258905457 3.0200842981546883
f 6049 6050 6051
v 2.1469419824341154 24.944199942481713 4.405290126807764
v 3.198248403460364 24.664356258905457 3.0200842981546883
v 2.1345052413625702 24.74929198029014 3.0253872501160117
f 6052 6053 6054
v 2.1345052413625702 24.74929198029014 3.0253872501160117
v 3.198248403460364 24.664356258905457 3.0200842981546883
v 3.1918214397512403 24.597366562746274 1.490450175998699
f 6055 6056 6057
v 2.1345052413625702 24.74929198029014 3.0253872501160117
v 3.1918214397512403 24.597366562746274 1.490450175998699
v 2.13021983244435 24.6821312735903 1.495753127960022
f 6058 6059 6060
v 2.13021983244435 24.6821312735903 1.495753127960022
v 3.1918214397512403 24.597366562746274 1.490450175998699
v 3.198248403460364 24.664356258905457 -0.03918394615728871
f 6061 6062 6063
v 2.13021983244435 24.6821312735903 1.495753127960022
v 3.198248403460364 24.664356258905457 -0.03918394615728871
v 2.1345052413625702 24.74929198029014 -0.033880994195965686
f 6064 6065 6066
v 2.1345052413625702 24.74929198029014 -0.033880994195965686
v 3.198248403460364 24.664356258905457 -0.03918394615728871
v 3.2169001786005973 24.858767929178285 -1.4190868228490432
f 6067 6068 6069
v 2.1345052413625702 24.74929198029014 -0.033880994195965686
v 3.2169001786005973 24.858767929178285 -1.4190868228490432
v 2.1469419824341154 24.944199942481713 -1.4137838708877202
f 6070 6071 6072
v 2.1469419824341154 24.944199942481713 -1.4137838708877202
v 3.2169001786005973 24.858767929178285 -1.4190868228490432
v 3.2459509994666553 25.161571204732702 -2.5141839461572912
f 6073 6074 6075
v 2.1469419824341154 24.944199942481713 -1.4137838708877202
v 3.2459509994666553 25.161571204732702 -2.5141839461572912
v 2.166312660791032 25.24777621082209 -2.508880994195968
f 6076 6077 6078
v 2.166312660791032 25.24777621082209 -2.508880994195968
v 3.2459509994666553 25.161571204732702 -2.5141839461572912
v 3.282557169303197 25.543125591202962 -3.2172795796623115
f 6079 6080 6081
v 2.166312660791032 25.24777621082209 -2.508880994195968
v 3.282557169303197 25.543125591202962 -3.2172795796623115
v 2.1907211394722936 25.63030462502588 -3.2119766277009885
f 6082 6083 6084
v 2.1907211394722936 25.63030462502588 -3.2119766277009885
v 3.282557169303197 25.543125591202962 -3.2172795796623115
v 3.3231354211564392 25.966081886795624 -3.459549824001302
f 6085 6086 6087
v 2.1907211394722936 25.63030462502588 -3.2119766277009885
v 3.3231354211564392 25.966081886795624 -3.459549824001302
v 2.217778146520707 26.054340638678624 -3.454246872039979
f 6088 6089 6090
v 2.217778146520707 26.054340638678624 -3.454246872039979
v 3.3231354211564392 25.966081886795624 -3.459549824001302
v 3.3637136730096815 26.389038182388283 -3.2172795796623124
f 6091 6092 6093
v 2.217778146520707 26.054340638678624 -3.454246872039979
v 3.3637136730096815 26.389038182388283 -3.2172795796623124
v 2.2448351535691207 26.478376652331377 -3.2119766277009894
f 6094 6095 6096
v 2.2448351535691207 26.478376652331377 -3.2119766277009894
v 3.3637136730096815 26.389038182388283 -3.2172795796623124
v 3.400319842846223 26.770592568858543 -2.514183946157292
f 6097 6098 6099
v 2.2448351535691207 26.478376652331377 -3.2119766277009894
v 3.400319842846223 26.770592568858543 -2.514183946157292
v 2.269243632250382 26.86090506653516 -2.508880994195969
f 6100 6101 6102
v 2.269243632250382 26.86090506653516 -2.508880994195969
v 3.400319842846223 26.770592568858543 -2.514183946157292
v 3.429370663712281 27.07339584441296 -1.419086822849045
f 6103 6104 6105
v 2.269243632250382 26.86090506653516 -2.508880994195969
v 3.429370663712281 27.07339584441296 -1.419086822849045
v 2.288614310607299 27.16448133487554 -1.413783870887722
f 6106 6107 6108
v 2.288614310607299 27.16448133487554 -1.413783870887722
v 3.429370663712281 27.07339584441296 -1.419086822849045
v 3.4480224388525142 27.26780751468579 -0.03918394615729248
f 6109 6110 6111
v 2.288614310607299 27.16448133487554 -1.413783870887722
v 3.4480224388525142 27.26780751468579 -0.03918394615729248
v 2.301051051678844 27.359389297067114 -0.03388099419596946
f 6112 6113 6114
v 2.301051051678844 27.359389297067114 -0.03388099419596946
v 3.4480224388525142 27.26780751468579 -0.03918394615729248
v 3.454449402561638 27.33479721084497 1.4904501759986972
f 6115 6116 6117
v 2.301051051678844 27.359389297067114 -0.03388099419596946
v 3.454449402561638 27.33479721084497 1.4904501759986972
v 2.305336460597064 27.426550003766952 1.4957531279600202
f 6118 6119 6120
v 3.454449402561638 27.33479721084497 1.4904501759986983
v 4.599297647943475 27.206454764798348 1.4830365597362511
v 4.590730556040742 27.13970500681865 3.012670681892241
f 6121 6122 6123
v 3.454449402561638 27.33479721084497 1.4904501759986983
v 4.590730556040742 27.13970500681865 3.012670681892241
v 3.4480224388525142 27.26780751468579 3.0200842981546883
f 6124 6125 6126
v 3.4480224388525142 27.26780751468579 3.0200842981546883
v 4.590730556040742 27.13970500681865 3.012670681892241
v 4.565867886978424 26.94598966426352 4.392573558583993
f 6127 6128 6129
v 3.4480224388525142 27.26780751468579 3.0200842981546883
v 4.565867886978424 26.94598966426352 4.392573558583993
v 3.429370663712281 27.07339584441296 4.399987174846441
f 6130 6131 6132
v 3.429370663712281 27.07339584441296 4.399987174846441
v 4.565867886978424 26.94598966426352 4.392573558583993
v 4.527143372032739 26.64427094455641 5.487670681892242
f 6133 6134 6135
v 3.429370663712281 27.07339584441296 4.399987174846441
v 4.527143372032739 26.64427094455641 5.487670681892242
v 3.400319842846223 26.770592568858543 5.495084298154689
f 6136 6137 6138
v 3.400319842846223 26.770592568858543 5.495084298154689
v 4.527143372032739 26.64427094455641 5.487670681892242
v 4.478347636536135 26.264083178180186 6.190766315397261
f 6139 6140 6141
v 3.400319842846223 26.770592568858543 5.495084298154689
v 4.478347636536135 26.264083178180186 6.190766315397261
v 3.3637136730096815 26.389038182388283 6.198179931659708
f 6142 6143 6144
v 3.3637136730096815 26.389038182388283 6.198179931659708
v 4.478347636536135 26.264083178180186 6.190766315397261
v 4.424257147058898 25.84264179263168 6.4330365597362515
f 6145 6146 6147
v 3.3637136730096815 26.389038182388283 6.198179931659708
v 4.424257147058898 25.84264179263168 6.4330365597362515
v 3.3231354211564392 25.966081886795624 6.4404501759986985
f 6148 6149 6150
v 3.3231354211564392 25.966081886795624 6.4404501759986985
v 4.424257147058898 25.84264179263168 6.4330365597362515
v 4.370166657581661 25.421200407083173 6.190766315397262
f 6151 6152 6153
v 3.3231354211564392 25.966081886795624 6.4404501759986985
v 4.370166657581661 25.421200407083173 6.190766315397262
v 3.282557169303197 25.543125591202962 6.198179931659709
f 6154 6155 6156
v 3.282557169303197 25.543125591202962 6.198179931659709
v 4.370166657581661 25.421200407083173 6.190766315397262
v 4.321370922085056 25.04101264070695 5.487670681892242
f 6157 6158 6159
v 3.282557169303197 25.543125591202962 6.198179931659709
v 4.321370922085056 25.04101264070695 5.487670681892242
v 3.2459509994666553 25.161571204732702 5.495084298154689
f 6160 6161 6162
v 3.2459509994666553 25.161571204732702 5.495084298154689
v 4.321370922085056 25.04101264070695 5.487670681892242
v 4.282646407139373 24.73929392099984 4.392573558583994
f 6163 6164 6165
v 3.2459509994666553 25.161571204732702 5.495084298154689
v 4.282646407139373 24.73929392099984 4.392573558583994
v 3.2169001786005973 24.858767929178285 4.399987174846441
f 6166 6167 6168
v 3.2169001786005973 24.858767929178285 4.399987174846441
v 4.282646407139373 24.73929392099984 4.392573558583994
v 4.2577837380770545 24.54557857844471 3.0126706818922413
f 6169 6170 6171
v 3.2169001786005973 24.858767929178285 4.399987174846441
v 4.2577837380770545 24.54557857844471 3.0126706818922413
v 3.198248403460364 24.664356258905457 3.0200842981546883
f 6172 6173 6174
v 3.198248403460364 24.664356258905457 3.0200842981546883
v 4.2577837380770545 24.54557857844471 3.0126706818922413
v 4.249216646174322 24.478828820465015 1.4830365597362518
f 6175 6176 6177
v 3.198248403460364 24.664356258905457 3.0200842981546883
v 4.249216646174322 24.478828820465015 1.4830365597362518
v 3.1918214397512403 24.597366562746274 1.490450175998699
f 6178 6179 6180
v 3.1918214397512403 24.597366562746274 1.490450175998699
v 4.249216646174322 24.478828820465015 1.4830365597362518
v 4.2577837380770545 24.54557857844471 -0.046597562419735894
f 6181 6182 6183
v 3.1918214397512403 24.597366562746274 1.490450175998699
v 4.2577837380770545 24.54557857844471 -0.046597562419735894
v 3.198248403460364 24.664356258905457 -0.03918394615728871
f 6184 6185 6186
v 3.198248403460364 24.664356258905457 -0.03918394615728871
v 4.2577837380770545 24.54557857844471 -0.046597562419735894
v 4.282646407139373 24.73929392099984 -1.4265004391114904
f 6187 6188 6189
v 3.198248403460364 24.664356258905457 -0.03918394615728871
v 4.282646407139373 24.73929392099984 -1.4265004391114904
v 3.2169001786005973 24.858767929178285 -1.4190868228490432
f 6190 6191 6192
v 3.2169001786005973 24.858767929178285 -1.4190868228490432
v 4.282646407139373 24.73929392099984 -1.4265004391114904
v 4.321370922085056 25.04101264070695 -2.521597562419738
f 6193 6194 6195
v 3.2169001786005973 24.858767929178285 -1.4190868228490432
v 4.321370922085056 25.04101264070695 -2.521597562419738
v 3.2459509994666553 25.161571204732702 -2.5141839461572912
f 6196 6197 6198
v 3.2459509994666553 25.161571204732702 -2.5141839461572912
v 4.321370922085056 25.04101264070695 -2.521597562419738
v 4.370166657581661 25.421200407083173 -3.2246931959247584
f 6199 6200 6201
v 3.2459509994666553 25.161571204732702 -2.5141839461572912
v 4.370166657581661 25.421200407083173 -3.2246931959247584
v 3.282557169303197 25.543125591202962 -3.2172795796623115
f 6202 6203 6204
v 3.282557169303197 25.543125591202962 -3.2172795796623115
v 4.370166657581661 25.421200407083173 -3.2246931959247584
v 4.424257147058898 25.84264179263168 -3.466963440263749
f 6205 6206 6207
v 3.282557169303197 25.543125591202962 -3.2172795796623115
v 4.424257147058898 25.84264179263168 -3.466963440263749
v 3.3231354211564392 25.966081886795624 -3.459549824001302
f 6208 6209 6210
v 3.3231354211564392 25.966081886795624 -3.459549824001302
v 4.424257147058898 25.84264179263168 -3.466963440263749
v 4.478347636536135 26.264083178180186 -3.2246931959247593
f 6211 6212 6213
v 3.3231354211564392 25.966081886795624 -3.459549824001302
v 4.478347636536135 26.264083178180186 -3.2246931959247593
v 3.3637136730096815 26.389038182388283 -3.2172795796623124
f 6214 6215 6216
v 3.3637136730096815 26.389038182388283 -3.2172795796623124
v 4.478347636536135 26.264083178180186 -3.2246931959247593
v 4.527143372032739 26.64427094455641 -2.521597562419739
f 6217 6218 6219
v 3.3637136730096815 26.389038182388283 -3.2172795796623124
v 4.527143372032739 26.64427094455641 -2.521597562419739
v 3.400319842846223 26.770592568858543 -2.514183946157292
f 6220 6221 6222
v 3.400319842846223 26.770592568858543 -2.514183946157292
v 4.527143372032739 26.64427094455641 -2.521597562419739
v 4.565867886978424 26.94598966426352 -1.4265004391114922
f 6223 6224 6225
v 3.400319842846223 26.770592568858543 -2.514183946157292
v 4.565867886978424 26.94598966426352 -1.4265004391114922
v 3.429370663712281 27.07339584441296 -1.419086822849045
f 6226 6227 6228
v 3.429370663712281 27.07339584441296 -1.419086822849045
v 4.565867886978424 26.94598966426352 -1.4265004391114922
v 4.590730556040742 27.13970500681865 -0.04659756241973967
f 6229 6230 6231
v 3.429370663712281 27.07339584441296 -1.419086822849045
v 4.590730556040742 27.13970500681865 -0.04659756241973967
v 3.4480224388525142 27.26780751468579 -0.03918394615729248
f 6232 6233 6234
v 3.4480224388525142 27.26780751468579 -0.03918394615729248
v 4.590730556040742 27.13970500681865 -0.04659756241973967
v 4.599297647943475 27.206454764798348 1.48303655973625
f 6235 6236 6237
v 3.4480224388525142 27.26780751468579 -0.03918394615729248
v 4.599297647943475 27.206454764798348 1.48303655973625
v 3.454449402561638 27.33479721084497 1.4904501759986972
f 6238 6239 6240
v 4.599297647943475 27.206454764798348 1.4830365597362511
v 5.738462351055102 27.041634178470975 1.4735227777827236
v 5.727757111669468 26.97519380592751 3.0031568999387135
f 6241 6242 6243
v 4.599297647943475 27.206454764798348 1.4830365597362511
v 5.727757111669468 26.97519380592751 3.0031568999387135
v 4.590730556040742 27.13970500681865 3.012670681892241
f 6244 6245 6246
v 4.590730556040742 27.13970500681865 3.012670681892241
v 5.727757111669468 26.97519380592751 3.0031568999387135
v 5.696689296931421 26.78237633487897 4.383059776630466
f 6247 6248 6249
v 4.590730556040742 27.13970500681865 3.012670681892241
v 5.696689296931421 26.78237633487897 4.383059776630466
v 4.565867886978424 26.94598966426352 4.392573558583993
f 6250 6251 6252
v 4.565867886978424 26.94598966426352 4.392573558583993
v 5.696689296931421 26.78237633487897 4.383059776630466
v 5.6483000410097155 26.482056082829892 5.478156899938714
f 6253 6254 6255
v 4.565867886978424 26.94598966426352 4.392573558583993
v 5.6483000410097155 26.482056082829892 5.478156899938714
v 4.527143372032739 26.64427094455641 5.487670681892242
f 6256 6257 6258
v 4.527143372032739 26.64427094455641 5.487670681892242
v 5.6483000410097155 26.482056082829892 5.478156899938714
v 5.587326021421737 26.10363048850509 6.181252533443733
f 6259 6260 6261
v 4.527143372032739 26.64427094455641 5.487670681892242
v 5.587326021421737 26.10363048850509 6.181252533443733
v 4.478347636536135 26.264083178180186 6.190766315397261
f 6262 6263 6264
v 4.478347636536135 26.264083178180186 6.190766315397261
v 5.587326021421737 26.10363048850509 6.181252533443733
v 5.5197358000357335 25.684142485723218 6.423522777782724
f 6265 6266 6267
v 4.478347636536135 26.264083178180186 6.190766315397261
v 5.5197358000357335 25.684142485723218 6.423522777782724
v 4.424257147058898 25.84264179263168 6.4330365597362515
f 6268 6269 6270
v 4.424257147058898 25.84264179263168 6.4330365597362515
v 5.5197358000357335 25.684142485723218 6.423522777782724
v 5.45214557864973 25.264654482941346 6.181252533443734
f 6271 6272 6273
v 4.424257147058898 25.84264179263168 6.4330365597362515
v 5.45214557864973 25.264654482941346 6.181252533443734
v 4.370166657581661 25.421200407083173 6.190766315397262
f 6274 6275 6276
v 4.370166657581661 25.421200407083173 6.190766315397262
v 5.45214557864973 25.264654482941346 6.181252533443734
v 5.3911715590617515 24.88622888861654 5.478156899938714
f 6277 6278 6279
v 4.370166657581661 25.421200407083173 6.190766315397262
v 5.3911715590617515 24.88622888861654 5.478156899938714
v 4.321370922085056 25.04101264070695 5.487670681892242
f 6280 6281 6282
v 4.321370922085056 25.04101264070695 5.487670681892242
v 5.3911715590617515 24.88622888861654 5.478156899938714
v 5.342782303140046 24.585908636567467 4.383059776630466
f 6283 6284 6285
v 4.321370922085056 25.04101264070695 5.487670681892242
v 5.342782303140046 24.585908636567467 4.383059776630466
v 4.282646407139373 24.73929392099984 4.392573558583994
f 6286 6287 6288
v 4.282646407139373 24.73929392099984 4.392573558583994
v 5.342782303140046 24.585908636567467 4.383059776630466
v 5.311714488401999 24.393091165518925 3.0031568999387135
f 6289 6290 6291
v 4.282646407139373 24.73929392099984 4.392573558583994
v 5.311714488401999 24.393091165518925 3.0031568999387135
v 4.2577837380770545 24.54557857844471 3.0126706818922413
f 6292 6293 6294
v 4.2577837380770545 24.54557857844471 3.0126706818922413
v 5.311714488401999 24.393091165518925 3.0031568999387135
v 5.301009249016365 24.32665079297546 1.4735227777827242
f 6295 6296 6297
v 4.2577837380770545 24.54557857844471 3.0126706818922413
v 5.301009249016365 24.32665079297546 1.4735227777827242
v 4.249216646174322 24.478828820465015 1.4830365597362518
f 6298 6299 6300
v 4.249216646174322 24.478828820465015 1.4830365597362518
v 5.301009249016365 24.32665079297546 1.4735227777827242
v 5.311714488401999 24.393091165518925 -0.05611134437326348
f 6301 6302 6303
v 4.249216646174322 24.478828820465015 1.4830365597362518
v 5.311714488401999 24.393091165518925 -0.05611134437326348
v 4.2577837380770545 24.54557857844471 -0.046597562419735894
f 6304 6305 6306
v 4.2577837380770545 24.54557857844471 -0.046597562419735894
v 5.311714488401999 24.393091165518925 -0.05611134437326348
v 5.342782303140046 24.585908636567467 -1.436014221065018
f 6307 6308 6309
v 4.2577837380770545 24.54557857844471 -0.046597562419735894
v 5.342782303140046 24.585908636567467 -1.436014221065018
v 4.282646407139373 24.73929392099984 -1.4265004391114904
f 6310 6311 6312
v 4.282646407139373 24.73929392099984 -1.4265004391114904
v 5.342782303140046 24.585908636567467 -1.436014221065018
v 5.3911715590617515 24.88622888861654 -2.531111344373266
f 6313 6314 6315
v 4.282646407139373 24.73929392099984 -1.4265004391114904
v 5.3911715590617515 24.88622888861654 -2.531111344373266
v 4.321370922085056 25.04101264070695 -2.521597562419738
f 6316 6317 6318
v 4.321370922085056 25.04101264070695 -2.521597562419738
v 5.3911715590617515 24.88622888861654 -2.531111344373266
v 5.45214557864973 25.264654482941346 -3.2342069778782863
f 6319 6320 6321
v 4.321370922085056 25.04101264070695 -2.521597562419738
v 5.45214557864973 25.264654482941346 -3.2342069778782863
v 4.370166657581661 25.421200407083173 -3.2246931959247584
f 6322 6323 6324
v 4.370166657581661 25.421200407083173 -3.2246931959247584
v 5.45214557864973 25.264654482941346 -3.2342069778782863
v 5.5197358000357335 25.684142485723218 -3.4764772222172766
f 6325 6326 6327
v 4.370166657581661 25.421200407083173 -3.2246931959247584
v 5.5197358000357335 25.684142485723218 -3.4764772222172766
v 4.424257147058898 25.84264179263168 -3.466963440263749
f 6328 6329 6330
v 4.424257147058898 25.84264179263168 -3.466963440263749
v 5.5197358000357335 25.684142485723218 -3.4764772222172766
v 5.587326021421737 26.10363048850509 -3.234206977878287
f 6331 6332 6333
v 4.424257147058898 25.84264179263168 -3.466963440263749
v 5.587326021421737 26.10363048850509 -3.234206977878287
v 4.478347636536135 26.264083178180186 -3.2246931959247593
f 6334 6335 6336
v 4.478347636536135 26.264083178180186 -3.2246931959247593
v 5.587326021421737 26.10363048850509 -3.234206977878287
v 5.6483000410097155 26.482056082829892 -2.531111344373267
f 6337 6338 6339
v 4.478347636536135 26.264083178180186 -3.2246931959247593
v 5.6483000410097155 26.482056082829892 -2.531111344373267
v 4.527143372032739 26.64427094455641 -2.521597562419739
f 6340 6341 6342
v 4.527143372032739 26.64427094455641 -2.521597562419739
v 5.6483000410097155 26.482056082829892 -2.531111344373267
v 5.696689296931421 26.78237633487897 -1.4360142210650197
f 6343 6344 6345
v 4.527143372032739 26.64427094455641 -2.521597562419739
v 5.696689296931421 26.78237633487897 -1.4360142210650197
v 4.565867886978424 26.94598966426352 -1.4265004391114922
f 6346 6347 6348
v 4.565867886978424 26.94598966426352 -1.4265004391114922
v 5.696689296931421 26.78237633487897 -1.4360142210650197
v 5.727757111669468 26.97519380592751 -0.05611134437326726
f 6349 6350 6351
v 4.565867886978424 26.94598966426352 -1.4265004391114922
v 5.727757111669468 26.97519380592751 -0.05611134437326726
v 4.590730556040742 27.13970500681865 -0.04659756241973967
f 6352 6353 6354
v 4.590730556040742 27.13970500681865 -0.04659756241973967
v 5.727757111669468 26.97519380592751 -0.05611134437326726
v 5.738462351055102 27.041634178470975 1.4735227777827224
f 6355 6356 6357
v 4.590730556040742 27.13970500681865 -0.04659756241973967
v 5.738462351055102 27.041634178470975 1.4735227777827224
v 4.599297647943475 27.206454764798348 1.48303655973625
f 6358 6359 6360
v 5.738462351055102 27.041634178470975 1.4735227777827236
v 6.870526940098014 26.840478906923416 1.4619223028460675
v 6.857686155907385 26.774418029579955 2.991556425002057
f 6361 6362 6363
v 5.738462351055102 27.041634178470975 1.4735227777827236
v 6.857686155907385 26.774418029579955 2.991556425002057
v 5.727757111669468 26.97519380592751 3.0031568999387135
f 6364 6365 6366
v 5.727757111669468 26.97519380592751 3.0031568999387135
v 6.857686155907385 26.774418029579955 2.991556425002057
v 6.820420748759081 26.58270189649715 4.371459301693809
f 6367 6368 6369
v 5.727757111669468 26.97519380592751 3.0031568999387135
v 6.820420748759081 26.58270189649715 4.371459301693809
v 5.696689296931421 26.78237633487897 4.383059776630466
f 6370 6371 6372
v 5.696689296931421 26.78237633487897 4.383059776630466
v 6.820420748759081 26.58270189649715 4.371459301693809
v 6.762378516348138 26.284097018545985 5.466556425002058
f 6373 6374 6375
v 5.696689296931421 26.78237633487897 4.383059776630466
v 6.762378516348138 26.284097018545985 5.466556425002058
v 5.6483000410097155 26.482056082829892 5.478156899938714
f 6376 6377 6378
v 5.6483000410097155 26.482056082829892 5.478156899938714
v 6.762378516348138 26.284097018545985 5.466556425002058
v 6.6892410367869495 25.907832921682846 6.1696520585070775
f 6379 6380 6381
v 5.6483000410097155 26.482056082829892 5.478156899938714
v 6.6892410367869495 25.907832921682846 6.1696520585070775
v 5.587326021421737 26.10363048850509 6.181252533443733
f 6382 6383 6384
v 5.587326021421737 26.10363048850509 6.181252533443733
v 6.6892410367869495 25.907832921682846 6.1696520585070775
v 6.608167516153751 25.49074095729481 6.411922302846068
f 6385 6386 6387
v 5.587326021421737 26.10363048850509 6.181252533443733
v 6.608167516153751 25.49074095729481 6.411922302846068
v 5.5197358000357335 25.684142485723218 6.423522777782724
f 6388 6389 6390
v 5.5197358000357335 25.684142485723218 6.423522777782724
v 6.608167516153751 25.49074095729481 6.411922302846068
v 6.527093995520552 25.073648992906772 6.169652058507078
f 6391 6392 6393
v 5.5197358000357335 25.684142485723218 6.423522777782724
v 6.527093995520552 25.073648992906772 6.169652058507078
v 5.45214557864973 25.264654482941346 6.181252533443734
f 6394 6395 6396
v 5.45214557864973 25.264654482941346 6.181252533443734
v 6.527093995520552 25.073648992906772 6.169652058507078
v 6.453956515959365 24.697384896043634 5.466556425002058
f 6397 6398 6399
v 5.45214557864973 25.264654482941346 6.181252533443734
v 6.453956515959365 24.697384896043634 5.466556425002058
v 5.3911715590617515 24.88622888861654 5.478156899938714
f 6400 6401 6402
v 5.3911715590617515 24.88622888861654 5.478156899938714
v 6.453956515959365 24.697384896043634 5.466556425002058
v 6.395914283548421 24.39878001809247 4.37145930169381
f 6403 6404 6405
v 5.3911715590617515 24.88622888861654 5.478156899938714
v 6.395914283548421 24.39878001809247 4.37145930169381
v 5.342782303140046 24.585908636567467 4.383059776630466
f 6406 6407 6408
v 5.342782303140046 24.585908636567467 4.383059776630466
v 6.395914283548421 24.39878001809247 4.37145930169381
v 6.3586488764001174 24.207063885009664 2.9915564250020577
f 6409 6410 6411
v 5.342782303140046 24.585908636567467 4.383059776630466
v 6.3586488764001174 24.207063885009664 2.9915564250020577
v 5.311714488401999 24.393091165518925 3.0031568999387135
f 6412 6413 6414
v 5.311714488401999 24.393091165518925 3.0031568999387135
v 6.3586488764001174 24.207063885009664 2.9915564250020577
v 6.345808092209488 24.141003007666203 1.4619223028460682
f 6415 6416 6417
v 5.311714488401999 24.393091165518925 3.0031568999387135
v 6.345808092209488 24.141003007666203 1.4619223028460682
v 5.301009249016365 24.32665079297546 1.4735227777827242
f 6418 6419 6420
v 5.301009249016365 24.32665079297546 1.4735227777827242
v 6.345808092209488 24.141003007666203 1.4619223028460682
v 6.3586488764001174 24.207063885009664 -0.06771181930991954
f 6421 6422 6423
v 5.301009249016365 24.32665079297546 1.4735227777827242
v 6.3586488764001174 24.207063885009664 -0.06771181930991954
v 5.311714488401999 24.393091165518925 -0.05611134437326348
f 6424 6425 6426
v 5.311714488401999 24.393091165518925 -0.05611134437326348
v 6.3586488764001174 24.207063885009664 -0.06771181930991954
v 6.395914283548421 24.39878001809247 -1.447614696001674
f 6427 6428 6429
v 5.311714488401999 24.393091165518925 -0.05611134437326348
v 6.395914283548421 24.39878001809247 -1.447614696001674
v 5.342782303140046 24.585908636567467 -1.436014221065018
f 6430 6431 6432
v 5.342782303140046 24.585908636567467 -1.436014221065018
v 6.395914283548421 24.39878001809247 -1.447614696001674
v 6.453956515959365 24.697384896043634 -2.542711819309922
f 6433 6434 6435
v 5.342782303140046 24.585908636567467 -1.436014221065018
v 6.453956515959365 24.697384896043634 -2.542711819309922
v 5.3911715590617515 24.88622888861654 -2.531111344373266
f 6436 6437 6438
v 5.3911715590617515 24.88622888861654 -2.531111344373266
v 6.453956515959365 24.697384896043634 -2.542711819309922
v 6.527093995520552 25.073648992906772 -3.245807452814942
f 6439 6440 6441
v 5.3911715590617515 24.88622888861654 -2.531111344373266
v 6.527093995520552 25.073648992906772 -3.245807452814942
v 5.45214557864973 25.264654482941346 -3.2342069778782863
f 6442 6443 6444
v 5.45214557864973 25.264654482941346 -3.2342069778782863
v 6.527093995520552 25.073648992906772 -3.245807452814942
v 6.608167516153751 25.49074095729481 -3.4880776971539325
f 6445 6446 6447
v 5.45214557864973 25.264654482941346 -3.2342069778782863
v 6.608167516153751 25.49074095729481 -3.4880776971539325
v 5.5197358000357335 25.684142485723218 -3.4764772222172766
f 6448 6449 6450
v 5.5197358000357335 25.684142485723218 -3.4764772222172766
v 6.608167516153751 25.49074095729481 -3.4880776971539325
v 6.6892410367869495 25.907832921682846 -3.245807452814943
f 6451 6452 6453
v 5.5197358000357335 25.684142485723218 -3.4764772222172766
v 6.6892410367869495 25.907832921682846 -3.245807452814943
v 5.587326021421737 26.10363048850509 -3.234206977878287
f 6454 6455 6456
v 5.587326021421737 26.10363048850509 -3.234206977878287
v 6.6892410367869495 25.907832921682846 -3.245807452814943
v 6.762378516348138 26.284097018545985 -2.5427118193099227
f 6457 6458 6459
v 5.587326021421737 26.10363048850509 -3.234206977878287
v 6.762378516348138 26.284097018545985 -2.5427118193099227
v 5.6483000410097155 26.482056082829892 -2.531111344373267
f 6460 6461 6462
v 5.6483000410097155 26.482056082829892 -2.531111344373267
v 6.762378516348138 26.284097018545985 -2.5427118193099227
v 6.820420748759081 26.58270189649715 -1.4476146960016758
f 6463 6464 6465
v 5.6483000410097155 26.482056082829892 -2.531111344373267
v 6.820420748759081 26.58270189649715 -1.4476146960016758
v 5.696689296931421 26.78237633487897 -1.4360142210650197
f 6466 6467 6468
v 5.696689296931421 26.78237633487897 -1.4360142210650197
v 6.820420748759081 26.58270189649715 -1.4476146960016758
v 6.857686155907385 26.774418029579955 -0.06771181930992332
f 6469 6470 6471
v 5.696689296931421 26.78237633487897 -1.4360142210650197
v 6.857686155907385 26.774418029579955 -0.06771181930992332
v 5.727757111669468 26.97519380592751 -0.05611134437326726
f 6472 6473 6474
v 5.727757111669468 26.97519380592751 -0.05611134437326726
v 6.857686155907385 26.774418029579955 -0.06771181930992332
v 6.870526940098014 26.840478906923416 1.4619223028460664
f 6475 6476 6477
v 5.727757111669468 26.97519380592751 -0.05611134437326726
v 6.870526940098014 26.840478906923416 1.4619223028460664
v 5.738462351055102 27.041634178470975 1.4735227777827224
f 6478 6479 6480
v 6.870526940098014 26.840478906923416 1.4619223028460675
v 7.994077616114194 26.60316442892406 1.4482515626530994
v 7.979104597177258 26.53755395751947 2.977885684809089
f 6481 6482 6483
v 6.870526940098014 26.840478906923416 1.4619223028460675
v 7.979104597177258 26.53755395751947 2.977885684809089
v 6.857686155907385 26.774418029579955 2.991556425002057
f 6484 6485 6486
v 6.857686155907385 26.774418029579955 2.991556425002057
v 7.979104597177258 26.53755395751947 2.977885684809089
v 7.935651203783153 26.347144953381825 4.357788561500842
f 6487 6488 6489
v 6.857686155907385 26.774418029579955 2.991556425002057
v 7.935651203783153 26.347144953381825 4.357788561500842
v 6.820420748759081 26.58270189649715 4.371459301693809
f 6490 6491 6492
v 6.820420748759081 26.58270189649715 4.371459301693809
v 7.935651203783153 26.347144953381825 4.357788561500842
v 7.867970956834889 26.050575976493654 5.45288568480909
f 6493 6494 6495
v 6.820420748759081 26.58270189649715 4.371459301693809
v 7.867970956834889 26.050575976493654 5.45288568480909
v 6.762378516348138 26.284097018545985 5.466556425002058
f 6496 6497 6498
v 6.762378516348138 26.284097018545985 5.466556425002058
v 7.867970956834889 26.050575976493654 5.45288568480909
v 7.782688870459771 25.676877264630335 6.155981318314109
f 6499 6500 6501
v 6.762378516348138 26.284097018545985 5.466556425002058
v 7.782688870459771 25.676877264630335 6.155981318314109
v 6.6892410367869495 25.907832921682846 6.1696520585070775
f 6502 6503 6504
v 6.6892410367869495 25.907832921682846 6.1696520585070775
v 7.782688870459771 25.676877264630335 6.155981318314109
v 7.68815294946743 25.262629051421076 6.398251562653099
f 6505 6506 6507
v 6.6892410367869495 25.907832921682846 6.1696520585070775
v 7.68815294946743 25.262629051421076 6.398251562653099
v 6.608167516153751 25.49074095729481 6.411922302846068
f 6508 6509 6510
v 6.608167516153751 25.49074095729481 6.411922302846068
v 7.68815294946743 25.262629051421076 6.398251562653099
v 7.593617028475089 24.848380838211817 6.15598131831411
f 6511 6512 6513
v 6.608167516153751 25.49074095729481 6.411922302846068
v 7.593617028475089 24.848380838211817 6.15598131831411
v 6.527093995520552 25.073648992906772 6.169652058507078
f 6514 6515 6516
v 6.527093995520552 25.073648992906772 6.169652058507078
v 7.593617028475089 24.848380838211817 6.15598131831411
v 7.508334942099971 24.4746821263485 5.45288568480909
f 6517 6518 6519
v 6.527093995520552 25.073648992906772 6.169652058507078
v 7.508334942099971 24.4746821263485 5.45288568480909
v 6.453956515959365 24.697384896043634 5.466556425002058
f 6520 6521 6522
v 6.453956515959365 24.697384896043634 5.466556425002058
v 7.508334942099971 24.4746821263485 5.45288568480909
v 7.440654695151707 24.178113149460327 4.3577885615008425
f 6523 6524 6525
v 6.453956515959365 24.697384896043634 5.466556425002058
v 7.440654695151707 24.178113149460327 4.3577885615008425
v 6.395914283548421 24.39878001809247 4.37145930169381
f 6526 6527 6528
v 6.395914283548421 24.39878001809247 4.37145930169381
v 7.440654695151707 24.178113149460327 4.3577885615008425
v 7.397201301757602 23.98770414532268 2.9778856848090896
f 6529 6530 6531
v 6.395914283548421 24.39878001809247 4.37145930169381
v 7.397201301757602 23.98770414532268 2.9778856848090896
v 6.3586488764001174 24.207063885009664 2.9915564250020577
f 6532 6533 6534
v 6.3586488764001174 24.207063885009664 2.9915564250020577
v 7.397201301757602 23.98770414532268 2.9778856848090896
v 7.382228282820666 23.92209367391809 1.4482515626531
f 6535 6536 6537
v 6.3586488764001174 24.207063885009664 2.9915564250020577
v 7.382228282820666 23.92209367391809 1.4482515626531
v 6.345808092209488 24.141003007666203 1.4619223028460682
f 6538 6539 6540
v 6.345808092209488 24.141003007666203 1.4619223028460682
v 7.382228282820666 23.92209367391809 1.4482515626531
v 7.397201301757602 23.98770414532268 -0.08138255950288764
f 6541 6542 6543
v 6.345808092209488 24.141003007666203 1.4619223028460682
v 7.397201301757602 23.98770414532268 -0.08138255950288764
v 6.3586488764001174 24.207063885009664 -0.06771181930991954
f 6544 6545 6546
v 6.3586488764001174 24.207063885009664 -0.06771181930991954
v 7.397201301757602 23.98770414532268 -0.08138255950288764
v 7.440654695151707 24.178113149460327 -1.4612854361946421
f 6547 6548 6549
v 6.3586488764001174 24.207063885009664 -0.06771181930991954
v 7.440654695151707 24.178113149460327 -1.4612854361946421
v 6.395914283548421 24.39878001809247 -1.447614696001674
f 6550 6551 6552
v 6.395914283548421 24.39878001809247 -1.447614696001674
v 7.440654695151707 24.178113149460327 -1.4612854361946421
v 7.508334942099971 24.474682126348497 -2.5563825595028904
f 6553 6554 6555
v 6.395914283548421 24.39878001809247 -1.447614696001674
v 7.508334942099971 24.474682126348497 -2.5563825595028904
v 6.453956515959365 24.697384896043634 -2.542711819309922
f 6556 6557 6558
v 6.453956515959365 24.697384896043634 -2.542711819309922
v 7.508334942099971 24.474682126348497 -2.5563825595028904
v 7.593617028475089 24.848380838211817 -3.2594781930079106
f 6559 6560 6561
v 6.453956515959365 24.697384896043634 -2.542711819309922
v 7.593617028475089 24.848380838211817 -3.2594781930079106
v 6.527093995520552 25.073648992906772 -3.245807452814942
f 6562 6563 6564
v 6.527093995520552 25.073648992906772 -3.245807452814942
v 7.593617028475089 24.848380838211817 -3.2594781930079106
v 7.68815294946743 25.262629051421076 -3.501748437346901
f 6565 6566 6567
v 6.527093995520552 25.073648992906772 -3.245807452814942
v 7.68815294946743 25.262629051421076 -3.501748437346901
v 6.608167516153751 25.49074095729481 -3.4880776971539325
f 6568 6569 6570
v 6.608167516153751 25.49074095729481 -3.4880776971539325
v 7.68815294946743 25.262629051421076 -3.501748437346901
v 7.782688870459771 25.676877264630335 -3.2594781930079115
f 6571 6572 6573
v 6.608167516153751 25.49074095729481 -3.4880776971539325
v 7.782688870459771 25.676877264630335 -3.2594781930079115
v 6.6892410367869495 25.907832921682846 -3.245807452814943
f 6574 6575 6576
v 6.6892410367869495 25.907832921682846 -3.245807452814943
v 7.782688870459771 25.676877264630335 -3.2594781930079115
v 7.867970956834889 26.050575976493654 -2.5563825595028913
f 6577 6578 6579
v 6.6892410367869495 25.907832921682846 -3.245807452814943
v 7.867970956834889 26.050575976493654 -2.5563825595028913
v 6.762378516348138 26.284097018545985 -2.5427118193099227
f 6580 6581 6582
v 6.762378516348138 26.284097018545985 -2.5427118193099227
v 7.867970956834889 26.050575976493654 -2.5563825595028913
v 7.935651203783153 26.347144953381825 -1.461285436194644
f 6583 6584 6585
v 6.762378516348138 26.284097018545985 -2.5427118193099227
v 7.935651203783153 26.347144953381825 -1.461285436194644
v 6.820420748759081 26.58270189649715 -1.4476146960016758
f 6586 6587 6588
v 6.820420748759081 26.58270189649715 -1.4476146960016758
v 7.935651203783153 26.347144953381825 -1.461285436194644
v 7.979104597177258 26.53755395751947 -0.08138255950289142
f 6589 6590 6591
v 6.820420748759081 26.58270189649715 -1.4476146960016758
v 7.979104597177258 26.53755395751947 -0.08138255950289142
v 6.857686155907385 26.774418029579955 -0.06771181930992332
f 6592 6593 6594
v 6.857686155907385 26.774418029579955 -0.06771181930992332
v 7.979104597177258 26.53755395751947 -0.08138255950289142
v 7.994077616114194 26.60316442892406 1.4482515626530983
f 6595 6596 6597
v 6.857686155907385 26.774418029579955 -0.06771181930992332
v 7.994077616114194 26.60316442892406 1.4482515626530983
v 6.870526940098014 26.840478906923416 1.4619223028460664
f 6598 6599 6600
v 7.994077616114194 26.60316442892406 1.4482515626530994
v 9.107703809144605 26.32989836920278 1.43252991668578
v 9.090602676228817 26.264810148248337 2.9621640388417694
f 6601 6602 6603
v 7.994077616114194 26.60316442892406 1.4482515626530994
v 9.090602676228817 26.264810148248337 2.9621640388417694
v 7.979104597177258 26.53755395751947 2.977885684809089
f 6604 6605 6606
v 7.979104597177258 26.53755395751947 2.977885684809089
v 9.090602676228817 26.264810148248337 2.9621640388417694
v 9.04097325552185 26.07591677394832 4.342066915533522
f 6607 6608 6609
v 7.979104597177258 26.53755395751947 2.977885684809089
v 9.04097325552185 26.07591677394832 4.342066915533522
v 7.935651203783153 26.347144953381825 4.357788561500842
f 6610 6611 6612
v 7.935651203783153 26.347144953381825 4.357788561500842
v 9.04097325552185 26.07591677394832 4.342066915533522
v 8.963673620511008 25.78170844587676 5.43716403884177
f 6613 6614 6615
v 7.935651203783153 26.347144953381825 4.357788561500842
v 8.963673620511008 25.78170844587676 5.43716403884177
v 7.867970956834889 26.050575976493654 5.45288568480909
f 6616 6617 6618
v 7.867970956834889 26.050575976493654 5.45288568480909
v 8.963673620511008 25.78170844587676 5.43716403884177
v 8.86627039804938 25.41098432505524 6.14025967234679
f 6619 6620 6621
v 7.867970956834889 26.050575976493654 5.45288568480909
v 8.86627039804938 25.41098432505524 6.14025967234679
v 7.782688870459771 25.676877264630335 6.155981318314109
f 6622 6623 6624
v 7.782688870459771 25.676877264630335 6.155981318314109
v 8.86627039804938 25.41098432505524 6.14025967234679
v 8.758298094199665 25.00003347141661 6.38252991668578
f 6625 6626 6627
v 7.782688870459771 25.676877264630335 6.155981318314109
v 8.758298094199665 25.00003347141661 6.38252991668578
v 7.68815294946743 25.262629051421076 6.398251562653099
f 6628 6629 6630
v 7.68815294946743 25.262629051421076 6.398251562653099
v 8.758298094199665 25.00003347141661 6.38252991668578
v 8.650325790349951 24.589082617777983 6.14025967234679
f 6631 6632 6633
v 7.68815294946743 25.262629051421076 6.398251562653099
v 8.650325790349951 24.589082617777983 6.14025967234679
v 7.593617028475089 24.848380838211817 6.15598131831411
f 6634 6635 6636
v 7.593617028475089 24.848380838211817 6.15598131831411
v 8.650325790349951 24.589082617777983 6.14025967234679
v 8.552922567888324 24.218358496956466 5.43716403884177
f 6637 6638 6639
v 7.593617028475089 24.848380838211817 6.15598131831411
v 8.552922567888324 24.218358496956466 5.43716403884177
v 7.508334942099971 24.4746821263485 5.45288568480909
f 6640 6641 6642
v 7.508334942099971 24.4746821263485 5.45288568480909
v 8.552922567888324 24.218358496956466 5.43716403884177
v 8.475622932877481 23.9241501688849 4.342066915533523
f 6643 6644 6645
v 7.508334942099971 24.4746821263485 5.45288568480909
v 8.475622932877481 23.9241501688849 4.342066915533523
v 7.440654695151707 24.178113149460327 4.3577885615008425
f 6646 6647 6648
v 7.440654695151707 24.178113149460327 4.3577885615008425
v 8.475622932877481 23.9241501688849 4.342066915533523
v 8.425993512170514 23.73525679458489 2.9621640388417703
f 6649 6650 6651
v 7.440654695151707 24.178113149460327 4.3577885615008425
v 8.425993512170514 23.73525679458489 2.9621640388417703
v 7.397201301757602 23.98770414532268 2.9778856848090896
f 6652 6653 6654
v 7.397201301757602 23.98770414532268 2.9778856848090896
v 8.425993512170514 23.73525679458489 2.9621640388417703
v 8.408892379254727 23.67016857363044 1.4325299166857806
f 6655 6656 6657
v 7.397201301757602 23.98770414532268 2.9778856848090896
v 8.408892379254727 23.67016857363044 1.4325299166857806
v 7.382228282820666 23.92209367391809 1.4482515626531
f 6658 6659 6660
v 7.382228282820666 23.92209367391809 1.4482515626531
v 8.408892379254727 23.67016857363044 1.4325299166857806
v 8.425993512170514 23.73525679458489 -0.09710420547020715
f 6661 6662 6663
v 7.382228282820666 23.92209367391809 1.4482515626531
v 8.425993512170514 23.73525679458489 -0.09710420547020715
v 7.397201301757602 23.98770414532268 -0.08138255950288764
f 6664 6665 6666
v 7.397201301757602 23.98770414532268 -0.08138255950288764
v 8.425993512170514 23.73525679458489 -0.09710420547020715
v 8.475622932877481 23.9241501688849 -1.4770070821619616
f 6667 6668 6669
v 7.397201301757602 23.98770414532268 -0.08138255950288764
v 8.475622932877481 23.9241501688849 -1.4770070821619616
v 7.440654695151707 24.178113149460327 -1.4612854361946421
f 6670 6671 6672
v 7.440654695151707 24.178113149460327 -1.4612854361946421
v 8.475622932877481 23.9241501688849 -1.4770070821619616
v 8.552922567888322 24.218358496956462 -2.5721042054702097
f 6673 6674 6675
v 7.440654695151707 24.178113149460327 -1.4612854361946421
v 8.552922567888322 24.218358496956462 -2.5721042054702097
v 7.508334942099971 24.474682126348497 -2.5563825595028904
f 6676 6677 6678
v 7.508334942099971 24.474682126348497 -2.5563825595028904
v 8.552922567888322 24.218358496956462 -2.5721042054702097
v 8.650325790349951 24.589082617777983 -3.27519983897523
f 6679 6680 6681
v 7.508334942099971 24.474682126348497 -2.5563825595028904
v 8.650325790349951 24.589082617777983 -3.27519983897523
v 7.593617028475089 24.848380838211817 -3.2594781930079106
f 6682 6683 6684
v 7.593617028475089 24.848380838211817 -3.2594781930079106
v 8.650325790349951 24.589082617777983 -3.27519983897523
v 8.758298094199665 25.00003347141661 -3.5174700833142203
f 6685 6686 6687
v 7.593617028475089 24.848380838211817 -3.2594781930079106
v 8.758298094199665 25.00003347141661 -3.5174700833142203
v 7.68815294946743 25.262629051421076 -3.501748437346901
f 6688 6689 6690
v 7.68815294946743 25.262629051421076 -3.501748437346901
v 8.758298094199665 25.00003347141661 -3.5174700833142203
v 8.86627039804938 25.41098432505524 -3.275199838975231
f 6691 6692 6693
v 7.68815294946743 25.262629051421076 -3.501748437346901
v 8.86627039804938 25.41098432505524 -3.275199838975231
v 7.782688870459771 25.676877264630335 -3.2594781930079115
f 6694 6695 6696
v 7.782688870459771 25.676877264630335 -3.2594781930079115
v 8.86627039804938 25.41098432505524 -3.275199838975231
v 8.963673620511008 25.78170844587676 -2.5721042054702106
f 6697 6698 6699
v 7.782688870459771 25.676877264630335 -3.2594781930079115
v 8.963673620511008 25.78170844587676 -2.5721042054702106
v 7.867970956834889 26.050575976493654 -2.5563825595028913
f 6700 6701 6702
v 7.867970956834889 26.050575976493654 -2.5563825595028913
v 8.963673620511008 25.78170844587676 -2.5721042054702106
v 9.04097325552185 26.07591677394832 -1.4770070821619634
f 6703 6704 6705
v 7.867970956834889 26.050575976493654 -2.5563825595028913
v 9.04097325552185 26.07591677394832 -1.4770070821619634
v 7.935651203783153 26.347144953381825 -1.461285436194644
f 6706 6707 6708
v 7.935651203783153 26.347144953381825 -1.461285436194644
v 9.04097325552185 26.07591677394832 -1.4770070821619634
v 9.090602676228817 26.264810148248337 -0.09710420547021092
f 6709 6710 6711
v 7.935651203783153 26.347144953381825 -1.461285436194644
v 9.090602676228817 26.264810148248337 -0.09710420547021092
v 7.979104597177258 26.53755395751947 -0.08138255950289142
f 6712 6713 6714
v 7.979104597177258 26.53755395751947 -0.08138255950289142
v 9.090602676228817 26.264810148248337 -0.09710420547021092
v 9.107703809144605 26.32989836920278 1.4325299166857788
f 6715 6716 6717
v 7.979104597177258 26.53755395751947 -0.08138255950289142
v 9.107703809144605 26.32989836920278 1.4325299166857788
v 7.994077616114194 26.60316442892406 1.4482515626530983
f 6718 6719 6720
v 9.107703809144605 26.32989836920278 1.43252991668578
v 10.209998586733251 26.0209206749458 1.4147796287657597
v 10.190774392938044 25.956427608442937 2.9444137509217496
f 6721 6722 6723
v 9.107703809144605 26.32989836920278 1.43252991668578
v 10.190774392938044 25.956427608442937 2.9444137509217496
v 9.090602676228817 26.264810148248337 2.9621640388417694
f 6724 6725 6726
v 9.090602676228817 26.264810148248337 2.9621640388417694
v 10.190774392938044 25.956427608442937 2.9444137509217496
v 10.134983609583934 25.769261439633272 4.324316627613502
f 6727 6728 6729
v 9.090602676228817 26.264810148248337 2.9621640388417694
v 10.134983609583934 25.769261439633272 4.324316627613502
v 9.04097325552185 26.07591677394832 4.342066915533522
f 6730 6731 6732
v 9.04097325552185 26.07591677394832 4.342066915533522
v 10.134983609583934 25.769261439633272 4.324316627613502
v 10.048087427262862 25.477743297183274 5.41941375092175
f 6733 6734 6735
v 9.04097325552185 26.07591677394832 4.342066915533522
v 10.048087427262862 25.477743297183274 5.41941375092175
v 8.963673620511008 25.78170844587676 5.43716403884177
f 6736 6737 6738
v 8.963673620511008 25.78170844587676 5.43716403884177
v 10.048087427262862 25.477743297183274 5.41941375092175
v 9.938591849741723 25.110409008002275 6.1225093844267695
f 6739 6740 6741
v 8.963673620511008 25.78170844587676 5.43716403884177
v 9.938591849741723 25.110409008002275 6.1225093844267695
v 8.86627039804938 25.41098432505524 6.14025967234679
f 6742 6743 6744
v 8.86627039804938 25.41098432505524 6.14025967234679
v 9.938591849741723 25.110409008002275 6.1225093844267695
v 9.81721506704883 24.7032158116838 6.36477962876576
f 6745 6746 6747
v 8.86627039804938 25.41098432505524 6.14025967234679
v 9.81721506704883 24.7032158116838 6.36477962876576
v 8.758298094199665 25.00003347141661 6.38252991668578
f 6748 6749 6750
v 8.758298094199665 25.00003347141661 6.38252991668578
v 9.81721506704883 24.7032158116838 6.36477962876576
v 9.695838284355936 24.296022615365327 6.12250938442677
f 6751 6752 6753
v 8.758298094199665 25.00003347141661 6.38252991668578
v 9.695838284355936 24.296022615365327 6.12250938442677
v 8.650325790349951 24.589082617777983 6.14025967234679
f 6754 6755 6756
v 8.650325790349951 24.589082617777983 6.14025967234679
v 9.695838284355936 24.296022615365327 6.12250938442677
v 9.586342706834795 23.92868832618433 5.41941375092175
f 6757 6758 6759
v 8.650325790349951 24.589082617777983 6.14025967234679
v 9.586342706834795 23.92868832618433 5.41941375092175
v 8.552922567888324 24.218358496956466 5.43716403884177
f 6760 6761 6762
v 8.552922567888324 24.218358496956466 5.43716403884177
v 9.586342706834795 23.92868832618433 5.41941375092175
v 9.499446524513726 23.63717018373433 4.324316627613502
f 6763 6764 6765
v 8.552922567888324 24.218358496956466 5.43716403884177
v 9.499446524513726 23.63717018373433 4.324316627613502
v 8.475622932877481 23.9241501688849 4.342066915533523
f 6766 6767 6768
v 8.475622932877481 23.9241501688849 4.342066915533523
v 9.499446524513726 23.63717018373433 4.324316627613502
v 9.443655741159613 23.450004014924666 2.9444137509217496
f 6769 6770 6771
v 8.475622932877481 23.9241501688849 4.342066915533523
v 9.443655741159613 23.450004014924666 2.9444137509217496
v 8.425993512170514 23.73525679458489 2.9621640388417703
f 6772 6773 6774
v 8.425993512170514 23.73525679458489 2.9621640388417703
v 9.443655741159613 23.450004014924666 2.9444137509217496
v 9.424431547364406 23.385510948421803 1.4147796287657604
f 6775 6776 6777
v 8.425993512170514 23.73525679458489 2.9621640388417703
v 9.424431547364406 23.385510948421803 1.4147796287657604
v 8.408892379254727 23.67016857363044 1.4325299166857806
f 6778 6779 6780
v 8.408892379254727 23.67016857363044 1.4325299166857806
v 9.424431547364406 23.385510948421803 1.4147796287657604
v 9.443655741159613 23.450004014924666 -0.11485449339022735
f 6781 6782 6783
v 8.408892379254727 23.67016857363044 1.4325299166857806
v 9.443655741159613 23.450004014924666 -0.11485449339022735
v 8.425993512170514 23.73525679458489 -0.09710420547020715
f 6784 6785 6786
v 8.425993512170514 23.73525679458489 -0.09710420547020715
v 9.443655741159613 23.450004014924666 -0.11485449339022735
v 9.499446524513726 23.63717018373433 -1.4947573700819818
f 6787 6788 6789
v 8.425993512170514 23.73525679458489 -0.09710420547020715
v 9.499446524513726 23.63717018373433 -1.4947573700819818
v 8.475622932877481 23.9241501688849 -1.4770070821619616
f 6790 6791 6792
v 8.475622932877481 23.9241501688849 -1.4770070821619616
v 9.499446524513726 23.63717018373433 -1.4947573700819818
v 9.586342706834795 23.92868832618433 -2.58985449339023
f 6793 6794 6795
v 8.475622932877481 23.9241501688849 -1.4770070821619616
v 9.586342706834795 23.92868832618433 -2.58985449339023
v 8.552922567888322 24.218358496956462 -2.5721042054702097
f 6796 6797 6798
v 8.552922567888322 24.218358496956462 -2.5721042054702097
v 9.586342706834795 23.92868832618433 -2.58985449339023
v 9.695838284355936 24.296022615365327 -3.29295012689525
f 6799 6800 6801
v 8.552922567888322 24.218358496956462 -2.5721042054702097
v 9.695838284355936 24.296022615365327 -3.29295012689525
v 8.650325790349951 24.589082617777983 -3.27519983897523
f 6802 6803 6804
v 8.650325790349951 24.589082617777983 -3.27519983897523
v 9.695838284355936 24.296022615365327 -3.29295012689525
v 9.81721506704883 24.7032158116838 -3.5352203712342405
f 6805 6806 6807
v 8.650325790349951 24.589082617777983 -3.27519983897523
v 9.81721506704883 24.7032158116838 -3.5352203712342405
v 8.758298094199665 25.00003347141661 -3.5174700833142203
f 6808 6809 6810
v 8.758298094199665 25.00003347141661 -3.5174700833142203
v 9.81721506704883 24.7032158116838 -3.5352203712342405
v 9.938591849741723 25.110409008002275 -3.292950126895251
f 6811 6812 6813
v 8.758298094199665 25.00003347141661 -3.5174700833142203
v 9.938591849741723 25.110409008002275 -3.292950126895251
v 8.86627039804938 25.41098432505524 -3.275199838975231
f 6814 6815 6816
v 8.86627039804938 25.41098432505524 -3.275199838975231
v 9.938591849741723 25.110409008002275 -3.292950126895251
v 10.048087427262862 25.477743297183274 -2.5898544933902308
f 6817 6818 6819
v 8.86627039804938 25.41098432505524 -3.275199838975231
v 10.048087427262862 25.477743297183274 -2.5898544933902308
v 8.963673620511008 25.78170844587676 -2.5721042054702106
f 6820 6821 6822
v 8.963673620511008 25.78170844587676 -2.5721042054702106
v 10.048087427262862 25.477743297183274 -2.5898544933902308
v 10.134983609583934 25.769261439633272 -1.4947573700819836
f 6823 6824 6825
v 8.963673620511008 25.78170844587676 -2.5721042054702106
v 10.134983609583934 25.769261439633272 -1.4947573700819836
v 9.04097325552185 26.07591677394832 -1.4770070821619634
f 6826 6827 6828
v 9.04097325552185 26.07591677394832 -1.4770070821619634
v 10.134983609583934 25.769261439633272 -1.4947573700819836
v 10.190774392938044 25.956427608442937 -0.11485449339023113
f 6829 6830 6831
v 9.04097325552185 26.07591677394832 -1.4770070821619634
v 10.190774392938044 25.956427608442937 -0.11485449339023113
v 9.090602676228817 26.264810148248337 -0.09710420547021092
f 6832 6833 6834
v 9.090602676228817 26.264810148248337 -0.09710420547021092
v 10.190774392938044 25.956427608442937 -0.11485449339023113
v 10.209998586733251 26.0209206749458 1.4147796287657586
f 6835 6836 6837
v 9.090602676228817 26.264810148248337 -0.09710420547021092
v 10.209998586733251 26.0209206749458 1.4147796287657586
v 9.107703809144605 26.32989836920278 1.4325299166857788
f 6838 6839 6840
v 10.209998586733251 26.0209206749458 1.4147796287657597
v 11.299559012108475 25.67650386229914 1.395025835526018
v 11.278217883164166 25.612680030783 2.9246599576820076
f 6841 6842 6843
v 10.209998586733251 26.0209206749458 1.4147796287657597
v 11.278217883164166 25.612680030783 2.9246599576820076
v 10.190774392938044 25.956427608442937 2.9444137509217496
f 6844 6845 6846
v 10.190774392938044 25.956427608442937 2.9444137509217496
v 11.278217883164166 25.612680030783 2.9246599576820076
v 11.2162835147247 25.427456057550167 4.30456283437376
f 6847 6848 6849
v 10.190774392938044 25.956427608442937 2.9444137509217496
v 11.2162835147247 25.427456057550167 4.30456283437376
v 10.134983609583934 25.769261439633272 4.324316627613502
f 6850 6851 6852
v 10.134983609583934 25.769261439633272 4.324316627613502
v 11.2162835147247 25.427456057550167 4.30456283437376
v 11.11981847429505 25.138962955631975 5.399659957682008
f 6853 6854 6855
v 10.134983609583934 25.769261439633272 4.324316627613502
v 11.11981847429505 25.138962955631975 5.399659957682008
v 10.048087427262862 25.477743297183274 5.41941375092175
f 6856 6857 6858
v 10.048087427262862 25.477743297183274 5.41941375092175
v 11.11981847429505 25.138962955631975 5.399659957682008
v 10.998265432143928 24.775440439893806 6.102755591187028
f 6859 6860 6861
v 10.048087427262862 25.477743297183274 5.41941375092175
v 10.998265432143928 24.775440439893806 6.102755591187028
v 9.938591849741723 25.110409008002275 6.1225093844267695
f 6862 6863 6864
v 9.938591849741723 25.110409008002275 6.1225093844267695
v 10.998265432143928 24.775440439893806 6.102755591187028
v 10.863522846946928 24.372472626986422 6.345025835526018
f 6865 6866 6867
v 9.938591849741723 25.110409008002275 6.1225093844267695
v 10.863522846946928 24.372472626986422 6.345025835526018
v 9.81721506704883 24.7032158116838 6.36477962876576
f 6868 6869 6870
v 9.81721506704883 24.7032158116838 6.36477962876576
v 10.863522846946928 24.372472626986422 6.345025835526018
v 10.72878026174993 23.969504814079034 6.102755591187028
f 6871 6872 6873
v 9.81721506704883 24.7032158116838 6.36477962876576
v 10.72878026174993 23.969504814079034 6.102755591187028
v 9.695838284355936 24.296022615365327 6.12250938442677
f 6874 6875 6876
v 9.695838284355936 24.296022615365327 6.12250938442677
v 10.72878026174993 23.969504814079034 6.102755591187028
v 10.607227219598808 23.60598229834087 5.399659957682008
f 6877 6878 6879
v 9.695838284355936 24.296022615365327 6.12250938442677
v 10.607227219598808 23.60598229834087 5.399659957682008
v 9.586342706834795 23.92868832618433 5.41941375092175
f 6880 6881 6882
v 9.586342706834795 23.92868832618433 5.41941375092175
v 10.607227219598808 23.60598229834087 5.399659957682008
v 10.510762179169157 23.317489196422677 4.304562834373761
f 6883 6884 6885
v 9.586342706834795 23.92868832618433 5.41941375092175
v 10.510762179169157 23.317489196422677 4.304562834373761
v 9.499446524513726 23.63717018373433 4.324316627613502
f 6886 6887 6888
v 9.499446524513726 23.63717018373433 4.324316627613502
v 10.510762179169157 23.317489196422677 4.304562834373761
v 10.448827810729693 23.132265223189844 2.9246599576820085
f 6889 6890 6891
v 9.499446524513726 23.63717018373433 4.324316627613502
v 10.448827810729693 23.132265223189844 2.9246599576820085
v 9.443655741159613 23.450004014924666 2.9444137509217496
f 6892 6893 6894
v 9.443655741159613 23.450004014924666 2.9444137509217496
v 10.448827810729693 23.132265223189844 2.9246599576820085
v 10.427486681785384 23.068441391673705 1.3950258355260188
f 6895 6896 6897
v 9.443655741159613 23.450004014924666 2.9444137509217496
v 10.427486681785384 23.068441391673705 1.3950258355260188
v 9.424431547364406 23.385510948421803 1.4147796287657604
f 6898 6899 6900
v 9.424431547364406 23.385510948421803 1.4147796287657604
v 10.427486681785384 23.068441391673705 1.3950258355260188
v 10.448827810729693 23.132265223189844 -0.13460828662996893
f 6901 6902 6903
v 9.424431547364406 23.385510948421803 1.4147796287657604
v 10.448827810729693 23.132265223189844 -0.13460828662996893
v 9.443655741159613 23.450004014924666 -0.11485449339022735
f 6904 6905 6906
v 9.443655741159613 23.450004014924666 -0.11485449339022735
v 10.448827810729693 23.132265223189844 -0.13460828662996893
v 10.510762179169157 23.317489196422677 -1.5145111633217234
f 6907 6908 6909
v 9.443655741159613 23.450004014924666 -0.11485449339022735
v 10.510762179169157 23.317489196422677 -1.5145111633217234
v 9.499446524513726 23.63717018373433 -1.4947573700819818
f 6910 6911 6912
v 9.499446524513726 23.63717018373433 -1.4947573700819818
v 10.510762179169157 23.317489196422677 -1.5145111633217234
v 10.607227219598808 23.60598229834087 -2.6096082866299715
f 6913 6914 6915
v 9.499446524513726 23.63717018373433 -1.4947573700819818
v 10.607227219598808 23.60598229834087 -2.6096082866299715
v 9.586342706834795 23.92868832618433 -2.58985449339023
f 6916 6917 6918
v 9.586342706834795 23.92868832618433 -2.58985449339023
v 10.607227219598808 23.60598229834087 -2.6096082866299715
v 10.72878026174993 23.969504814079034 -3.3127039201349917
f 6919 6920 6921
v 9.586342706834795 23.92868832618433 -2.58985449339023
v 10.72878026174993 23.969504814079034 -3.3127039201349917
v 9.695838284355936 24.296022615365327 -3.29295012689525
f 6922 6923 6924
v 9.695838284355936 24.296022615365327 -3.29295012689525
v 10.72878026174993 23.969504814079034 -3.3127039201349917
v 10.863522846946928 24.372472626986422 -3.554974164473982
f 6925 6926 6927
v 9.695838284355936 24.296022615365327 -3.29295012689525
v 10.863522846946928 24.372472626986422 -3.554974164473982
v 9.81721506704883 24.7032158116838 -3.5352203712342405
f 6928 6929 6930
v 9.81721506704883 24.7032158116838 -3.5352203712342405
v 10.863522846946928 24.372472626986422 -3.554974164473982
v 10.998265432143928 24.775440439893806 -3.3127039201349926
f 6931 6932 6933
v 9.81721506704883 24.7032158116838 -3.5352203712342405
v 10.998265432143928 24.775440439893806 -3.3127039201349926
v 9.938591849741723 25.110409008002275 -3.292950126895251
f 6934 6935 6936
v 9.938591849741723 25.110409008002275 -3.292950126895251
v 10.998265432143928 24.775440439893806 -3.3127039201349926
v 11.11981847429505 25.138962955631975 -2.6096082866299724
f 6937 6938 6939
v 9.938591849741723 25.110409008002275 -3.292950126895251
v 11.11981847429505 25.138962955631975 -2.6096082866299724
v 10.048087427262862 25.477743297183274 -2.5898544933902308
f 6940 6941 6942
v 10.048087427262862 25.477743297183274 -2.5898544933902308
v 11.11981847429505 25.138962955631975 -2.6096082866299724
v 11.2162835147247 25.427456057550167 -1.5145111633217252
f 6943 6944 6945
v 10.048087427262862 25.477743297183274 -2.5898544933902308
v 11.2162835147247 25.427456057550167 -1.5145111633217252
v 10.134983609583934 25.769261439633272 -1.4947573700819836
f 6946 6947 6948
v 10.134983609583934 25.769261439633272 -1.4947573700819836
v 11.2162835147247 25.427456057550167 -1.5145111633217252
v 11.278217883164166 25.612680030783 -0.1346082866299727
f 6949 6950 6951
v 10.134983609583934 25.769261439633272 -1.4947573700819836
v 11.278217883164166 25.612680030783 -0.1346082866299727
v 10.190774392938044 25.956427608442937 -0.11485449339023113
f 6952 6953 6954
v 10.190774392938044 25.956427608442937 -0.11485449339023113
v 11.278217883164166 25.612680030783 -0.1346082866299727
v 11.299559012108475 25.67650386229914 1.395025835526017
f 6955 6956 6957
v 10.190774392938044 25.956427608442937 -0.11485449339023113
v 11.299559012108475 25.67650386229914 1.395025835526017
v 10.209998586733251 26.0209206749458 1.4147796287657586
f 6958 6959 6960
v 11.299559012108475 25.67650386229914 1.395025835526018
v 12.37498645206777 25.296953350785746 1.373296510814238
v 12.351535745657678 25.233874117888654 2.902930632970228
f 6961 6962 6963
v 11.299559012108475 25.67650386229914 1.395025835526018
v 12.351535745657678 25.233874117888654 2.902930632970228
v 11.278217883164166 25.612680030783 2.9246599576820076
f 6964 6965 6966
v 11.278217883164166 25.612680030783 2.9246599576820076
v 12.351535745657678 25.233874117888654 2.902930632970228
v 12.283479144961508 25.050811054012197 4.28283350966198
f 6967 6968 6969
v 11.278217883164166 25.612680030783 2.9246599576820076
v 12.283479144961508 25.050811054012197 4.28283350966198
v 11.2162835147247 25.427456057550167 4.30456283437376
f 6970 6971 6972
v 11.2162835147247 25.427456057550167 4.30456283437376
v 12.283479144961508 25.050811054012197 4.28283350966198
v 12.177478504233616 24.765683647323975 5.377930632970228
f 6973 6974 6975
v 11.2162835147247 25.427456057550167 4.30456283437376
v 12.177478504233616 24.765683647323975 5.377930632970228
v 11.11981847429505 25.138962955631975 5.399659957682008
f 6976 6977 6978
v 11.11981847429505 25.138962955631975 5.399659957682008
v 12.177478504233616 24.765683647323975 5.377930632970228
v 12.04390990473834 24.406402154990083 6.081026266475248
f 6979 6980 6981
v 11.11981847429505 25.138962955631975 5.399659957682008
v 12.04390990473834 24.406402154990083 6.081026266475248
v 10.998265432143928 24.775440439893806 6.102755591187028
f 6982 6983 6984
v 10.998265432143928 24.775440439893806 6.102755591187028
v 12.04390990473834 24.406402154990083 6.081026266475248
v 11.895847971621434 24.008135552741514 6.323296510814238
f 6985 6986 6987
v 10.998265432143928 24.775440439893806 6.102755591187028
v 11.895847971621434 24.008135552741514 6.323296510814238
v 10.863522846946928 24.372472626986422 6.345025835526018
f 6988 6989 6990
v 10.863522846946928 24.372472626986422 6.345025835526018
v 11.895847971621434 24.008135552741514 6.323296510814238
v 11.747786038504529 23.60986895049295 6.081026266475249
f 6991 6992 6993
v 10.863522846946928 24.372472626986422 6.345025835526018
v 11.747786038504529 23.60986895049295 6.081026266475249
v 10.72878026174993 23.969504814079034 6.102755591187028
f 6994 6995 6996
v 10.72878026174993 23.969504814079034 6.102755591187028
v 11.747786038504529 23.60986895049295 6.081026266475249
v 11.614217439009252 23.25058745815906 5.377930632970228
f 6997 6998 6999
v 10.72878026174993 23.969504814079034 6.102755591187028
v 11.614217439009252 23.25058745815906 5.377930632970228
v 10.607227219598808 23.60598229834087 5.399659957682008
f 7000 7001 7002
v 10.607227219598808 23.60598229834087 5.399659957682008
v 11.614217439009252 23.25058745815906 5.377930632970228
v 11.50821679828136 22.965460051470835 4.282833509661981
f 7003 7004 7005
v 10.607227219598808 23.60598229834087 5.399659957682008
v 11.50821679828136 22.965460051470835 4.282833509661981
v 10.510762179169157 23.317489196422677 4.304562834373761
f 7006 7007 7008
v 10.510762179169157 23.317489196422677 4.304562834373761
v 11.50821679828136 22.965460051470835 4.282833509661981
v 11.44016019758519 22.78239698759438 2.9029306329702282
f 7009 7010 7011
v 10.510762179169157 23.317489196422677 4.304562834373761
v 11.44016019758519 22.78239698759438 2.9029306329702282
v 10.448827810729693 23.132265223189844 2.9246599576820085
f 7012 7013 7014
v 10.448827810729693 23.132265223189844 2.9246599576820085
v 11.44016019758519 22.78239698759438 2.9029306329702282
v 11.4167094911751 22.719317754697286 1.3732965108142388
f 7015 7016 7017
v 10.448827810729693 23.132265223189844 2.9246599576820085
v 11.4167094911751 22.719317754697286 1.3732965108142388
v 10.427486681785384 23.068441391673705 1.3950258355260188
f 7018 7019 7020
v 10.427486681785384 23.068441391673705 1.3950258355260188
v 11.4167094911751 22.719317754697286 1.3732965108142388
v 11.44016019758519 22.78239698759438 -0.15633761134174895
f 7021 7022 7023
v 10.427486681785384 23.068441391673705 1.3950258355260188
v 11.44016019758519 22.78239698759438 -0.15633761134174895
v 10.448827810729693 23.132265223189844 -0.13460828662996893
f 7024 7025 7026
v 10.448827810729693 23.132265223189844 -0.13460828662996893
v 11.44016019758519 22.78239698759438 -0.15633761134174895
v 11.50821679828136 22.965460051470835 -1.5362404880335034
f 7027 7028 7029
v 10.448827810729693 23.132265223189844 -0.13460828662996893
v 11.50821679828136 22.965460051470835 -1.5362404880335034
v 10.510762179169157 23.317489196422677 -1.5145111633217234
f 7030 7031 7032
v 10.510762179169157 23.317489196422677 -1.5145111633217234
v 11.50821679828136 22.965460051470835 -1.5362404880335034
v 11.614217439009252 23.25058745815906 -2.6313376113417517
f 7033 7034 7035
v 10.510762179169157 23.317489196422677 -1.5145111633217234
v 11.614217439009252 23.25058745815906 -2.6313376113417517
v 10.607227219598808 23.60598229834087 -2.6096082866299715
f 7036 7037 7038
v 10.607227219598808 23.60598229834087 -2.6096082866299715
v 11.614217439009252 23.25058745815906 -2.6313376113417517
v 11.747786038504529 23.60986895049295 -3.334433244846772
f 7039 7040 7041
v 10.607227219598808 23.60598229834087 -2.6096082866299715
v 11.747786038504529 23.60986895049295 -3.334433244846772
v 10.72878026174993 23.969504814079034 -3.3127039201349917
f 7042 7043 7044
v 10.72878026174993 23.969504814079034 -3.3127039201349917
v 11.747786038504529 23.60986895049295 -3.334433244846772
v 11.895847971621434 24.008135552741514 -3.5767034891857623
f 7045 7046 7047
v 10.72878026174993 23.969504814079034 -3.3127039201349917
v 11.895847971621434 24.008135552741514 -3.5767034891857623
v 10.863522846946928 24.372472626986422 -3.554974164473982
f 7048 7049 7050
v 10.863522846946928 24.372472626986422 -3.554974164473982
v 11.895847971621434 24.008135552741514 -3.5767034891857623
v 12.04390990473834 24.406402154990083 -3.334433244846773
f 7051 7052 7053
v 10.863522846946928 24.372472626986422 -3.554974164473982
v 12.04390990473834 24.406402154990083 -3.334433244846773
v 10.998265432143928 24.775440439893806 -3.3127039201349926
f 7054 7055 7056
v 10.998265432143928 24.775440439893806 -3.3127039201349926
v 12.04390990473834 24.406402154990083 -3.334433244846773
v 12.177478504233616 24.765683647323975 -2.6313376113417526
f 7057 7058 7059
v 10.998265432143928 24.775440439893806 -3.3127039201349926
v 12.177478504233616 24.765683647323975 -2.6313376113417526
v 11.11981847429505 25.138962955631975 -2.6096082866299724
f 7060 7061 7062
v 11.11981847429505 25.138962955631975 -2.6096082866299724
v 12.177478504233616 24.765683647323975 -2.6313376113417526
v 12.283479144961508 25.050811054012197 -1.5362404880335052
f 7063 7064 7065
v 11.11981847429505 25.138962955631975 -2.6096082866299724
v 12.283479144961508 25.050811054012197 -1.5362404880335052
v 11.2162835147247 25.427456057550167 -1.5145111633217252
f 7066 7067 7068
v 11.2162835147247 25.427456057550167 -1.5145111633217252
v 12.283479144961508 25.050811054012197 -1.5362404880335052
v 12.351535745657678 25.233874117888654 -0.15633761134175272
f 7069 7070 7071
v 11.2162835147247 25.427456057550167 -1.5145111633217252
v 12.351535745657678 25.233874117888654 -0.15633761134175272
v 11.278217883164166 25.612680030783 -0.1346082866299727
f 7072 7073 7074
v 11.278217883164166 25.612680030783 -0.1346082866299727
v 12.351535745657678 25.233874117888654 -0.15633761134175272
v 12.37498645206777 25.296953350785746 1.373296510814237
f 7075 7076 7077
v 11.278217883164166 25.612680030783 -0.1346082866299727
v 12.37498645206777 25.296953350785746 1.373296510814237
v 11.299559012108475 25.67650386229914 1.395025835526017
f 7078 7079 7080
v 12.37498645206777 25.296953350785746 1.373296510814238
v 13.43488683783932 24.882607905449397 1.349622426078332
v 13.40933532222027 24.82035001194514 2.8792565482343218
f 7081 7082 7083
v 12.37498645206777 25.296953350785746 1.373296510814238
v 13.40933532222027 24.82035001194514 2.8792565482343218
v 12.351535745657678 25.233874117888654 2.902930632970228
f 7084 7085 7086
v 12.351535745657678 25.233874117888654 2.902930632970228
v 13.40933532222027 24.82035001194514 2.8792565482343218
v 13.33518193573979 24.639670567824815 4.259159424926074
f 7087 7088 7089
v 12.351535745657678 25.233874117888654 2.902930632970228
v 13.33518193573979 24.639670567824815 4.259159424926074
v 12.283479144961508 25.050811054012197 4.28283350966198
f 7090 7091 7092
v 12.283479144961508 25.050811054012197 4.28283350966198
v 13.33518193573979 24.639670567824815 4.259159424926074
v 13.21968532852361 24.35825573594663 5.354256548234322
f 7093 7094 7095
v 12.283479144961508 25.050811054012197 4.28283350966198
v 13.21968532852361 24.35825573594663 5.354256548234322
v 12.177478504233616 24.765683647323975 5.377930632970228
f 7096 7097 7098
v 12.177478504233616 24.765683647323975 5.377930632970228
v 13.21968532852361 24.35825573594663 5.354256548234322
v 13.074151113198237 24.00365236078725 6.057352181739342
f 7099 7100 7101
v 12.177478504233616 24.765683647323975 5.377930632970228
v 13.074151113198237 24.00365236078725 6.057352181739342
v 12.04390990473834 24.406402154990083 6.081026266475248
f 7102 7103 7104
v 12.04390990473834 24.406402154990083 6.081026266475248
v 13.074151113198237 24.00365236078725 6.057352181739342
v 12.912825192756214 23.610571491374266 6.299622426078332
f 7105 7106 7107
v 12.04390990473834 24.406402154990083 6.081026266475248
v 12.912825192756214 23.610571491374266 6.299622426078332
v 11.895847971621434 24.008135552741514 6.323296510814238
f 7108 7109 7110
v 11.895847971621434 24.008135552741514 6.323296510814238
v 12.912825192756214 23.610571491374266 6.299622426078332
v 12.751499272314192 23.217490621961282 6.0573521817393425
f 7111 7112 7113
v 11.895847971621434 24.008135552741514 6.323296510814238
v 12.751499272314192 23.217490621961282 6.0573521817393425
v 11.747786038504529 23.60986895049295 6.081026266475249
f 7114 7115 7116
v 11.747786038504529 23.60986895049295 6.081026266475249
v 12.751499272314192 23.217490621961282 6.0573521817393425
v 12.605965056988817 22.862887246801904 5.354256548234322
f 7117 7118 7119
v 11.747786038504529 23.60986895049295 6.081026266475249
v 12.605965056988817 22.862887246801904 5.354256548234322
v 11.614217439009252 23.25058745815906 5.377930632970228
f 7120 7121 7122
v 11.614217439009252 23.25058745815906 5.377930632970228
v 12.605965056988817 22.862887246801904 5.354256548234322
v 12.490468449772639 22.581472414923716 4.259159424926075
f 7123 7124 7125
v 11.614217439009252 23.25058745815906 5.377930632970228
v 12.490468449772639 22.581472414923716 4.259159424926075
v 11.50821679828136 22.965460051470835 4.282833509661981
f 7126 7127 7128
v 11.50821679828136 22.965460051470835 4.282833509661981
v 12.490468449772639 22.581472414923716 4.259159424926075
v 12.416315063292158 22.400792970803394 2.879256548234322
f 7129 7130 7131
v 11.50821679828136 22.965460051470835 4.282833509661981
v 12.416315063292158 22.400792970803394 2.879256548234322
v 11.44016019758519 22.78239698759438 2.9029306329702282
f 7132 7133 7134
v 11.44016019758519 22.78239698759438 2.9029306329702282
v 12.416315063292158 22.400792970803394 2.879256548234322
v 12.390763547673107 22.338535077299134 1.3496224260783327
f 7135 7136 7137
v 11.44016019758519 22.78239698759438 2.9029306329702282
v 12.390763547673107 22.338535077299134 1.3496224260783327
v 11.4167094911751 22.719317754697286 1.3732965108142388
f 7138 7139 7140
v 11.4167094911751 22.719317754697286 1.3732965108142388
v 12.390763547673107 22.338535077299134 1.3496224260783327
v 12.416315063292158 22.400792970803394 -0.180011696077655
f 7141 7142 7143
v 11.4167094911751 22.719317754697286 1.3732965108142388
v 12.416315063292158 22.400792970803394 -0.180011696077655
v 11.44016019758519 22.78239698759438 -0.15633761134174895
f 7144 7145 7146
v 11.44016019758519 22.78239698759438 -0.15633761134174895
v 12.416315063292158 22.400792970803394 -0.180011696077655
v 12.490468449772639 22.581472414923716 -1.5599145727694095
f 7147 7148 7149
v 11.44016019758519 22.78239698759438 -0.15633761134174895
v 12.490468449772639 22.581472414923716 -1.5599145727694095
v 11.50821679828136 22.965460051470835 -1.5362404880335034
f 7150 7151 7152
v 11.50821679828136 22.965460051470835 -1.5362404880335034
v 12.490468449772639 22.581472414923716 -1.5599145727694095
v 12.605965056988817 22.862887246801904 -2.6550116960776577
f 7153 7154 7155
v 11.50821679828136 22.965460051470835 -1.5362404880335034
v 12.605965056988817 22.862887246801904 -2.6550116960776577
v 11.614217439009252 23.25058745815906 -2.6313376113417517
f 7156 7157 7158
v 11.614217439009252 23.25058745815906 -2.6313376113417517
v 12.605965056988817 22.862887246801904 -2.6550116960776577
v 12.751499272314192 23.217490621961282 -3.358107329582678
f 7159 7160 7161
v 11.614217439009252 23.25058745815906 -2.6313376113417517
v 12.751499272314192 23.217490621961282 -3.358107329582678
v 11.747786038504529 23.60986895049295 -3.334433244846772
f 7162 7163 7164
v 11.747786038504529 23.60986895049295 -3.334433244846772
v 12.751499272314192 23.217490621961282 -3.358107329582678
v 12.912825192756214 23.610571491374266 -3.6003775739216684
f 7165 7166 7167
v 11.747786038504529 23.60986895049295 -3.334433244846772
v 12.912825192756214 23.610571491374266 -3.6003775739216684
v 11.895847971621434 24.008135552741514 -3.5767034891857623
f 7168 7169 7170
v 11.895847971621434 24.008135552741514 -3.5767034891857623
v 12.912825192756214 23.610571491374266 -3.6003775739216684
v 13.074151113198237 24.00365236078725 -3.358107329582679
f 7171 7172 7173
v 11.895847971621434 24.008135552741514 -3.5767034891857623
v 13.074151113198237 24.00365236078725 -3.358107329582679
v 12.04390990473834 24.406402154990083 -3.334433244846773
f 7174 7175 7176
v 12.04390990473834 24.406402154990083 -3.334433244846773
v 13.074151113198237 24.00365236078725 -3.358107329582679
v 13.21968532852361 24.35825573594663 -2.6550116960776586
f 7177 7178 7179
v 12.04390990473834 24.406402154990083 -3.334433244846773
v 13.21968532852361 24.35825573594663 -2.6550116960776586
v 12.177478504233616 24.765683647323975 -2.6313376113417526
f 7180 7181 7182
v 12.177478504233616 24.765683647323975 -2.6313376113417526
v 13.21968532852361 24.35825573594663 -2.6550116960776586
v 13.33518193573979 24.639670567824815 -1.5599145727694113
f 7183 7184 7185
v 12.177478504233616 24.765683647323975 -2.6313376113417526
v 13.33518193573979 24.639670567824815 -1.5599145727694113
v 12.283479144961508 25.050811054012197 -1.5362404880335052
f 7186 7187 7188
v 12.283479144961508 25.050811054012197 -1.5362404880335052
v 13.33518193573979 24.639670567824815 -1.5599145727694113
v 13.40933532222027 24.82035001194514 -0.18001169607765877
f 7189 7190 7191
v 12.283479144961508 25.050811054012197 -1.5362404880335052
v 13.40933532222027 24.82035001194514 -0.18001169607765877
v 12.351535745657678 25.233874117888654 -0.15633761134175272
f 7192 7193 7194
v 12.351535745657678 25.233874117888654 -0.15633761134175272
v 13.40933532222027 24.82035001194514 -0.18001169607765877
v 13.43488683783932 24.882607905449397 1.349622426078331
f 7195 7196 7197
v 12.351535745657678 25.233874117888654 -0.15633761134175272
v 13.43488683783932 24.882607905449397 1.349622426078331
v 12.37498645206777 25.296953350785746 1.373296510814237
f 7198 7199 7200
v 13.43488683783932 24.882607905449397 1.349622426078332
v 14.477870886039206 24.433840208113992 1.3240371067902137
v 14.450228938116634 24.37248185115209 2.8536712289462036
f 7201 7202 7203
v 13.43488683783932 24.882607905449397 1.349622426078332
v 14.450228938116634 24.37248185115209 2.8536712289462036
v 13.40933532222027 24.82035001194514 2.8792565482343218
f 7204 7205 7206
v 13.40933532222027 24.82035001194514 2.8792565482343218
v 14.450228938116634 24.37248185115209 2.8536712289462036
v 14.370008880804358 24.194412963754633 4.233574105637956
f 7207 7208 7209
v 13.40933532222027 24.82035001194514 2.8792565482343218
v 14.370008880804358 24.194412963754633 4.233574105637956
v 13.33518193573979 24.639670567824815 4.259159424926074
f 7210 7211 7212
v 13.33518193573979 24.639670567824815 4.259159424926074
v 14.370008880804358 24.194412963754633 4.233574105637956
v 14.245063212238108 23.917064169298975 5.328671228946204
f 7213 7214 7215
v 13.33518193573979 24.639670567824815 4.259159424926074
v 14.245063212238108 23.917064169298975 5.328671228946204
v 13.21968532852361 24.35825573594663 5.354256548234322
f 7216 7217 7218
v 13.21968532852361 24.35825573594663 5.354256548234322
v 14.245063212238108 23.917064169298975 5.328671228946204
v 14.08762248500481 23.56758430018911 6.0317668624512235
f 7219 7220 7221
v 13.21968532852361 24.35825573594663 5.354256548234322
v 14.08762248500481 23.56758430018911 6.0317668624512235
v 13.074151113198237 24.00365236078725 6.057352181739342
f 7222 7223 7224
v 13.074151113198237 24.00365236078725 6.057352181739342
v 14.08762248500481 23.56758430018911 6.0317668624512235
v 13.913098094440109 23.180182880982944 6.274037106790214
f 7225 7226 7227
v 13.074151113198237 24.00365236078725 6.057352181739342
v 13.913098094440109 23.180182880982944 6.274037106790214
v 12.912825192756214 23.610571491374266 6.299622426078332
f 7228 7229 7230
v 12.912825192756214 23.610571491374266 6.299622426078332
v 13.913098094440109 23.180182880982944 6.274037106790214
v 13.738573703875407 22.792781461776777 6.031766862451224
f 7231 7232 7233
v 12.912825192756214 23.610571491374266 6.299622426078332
v 13.738573703875407 22.792781461776777 6.031766862451224
v 12.751499272314192 23.217490621961282 6.0573521817393425
f 7234 7235 7236
v 12.751499272314192 23.217490621961282 6.0573521817393425
v 13.738573703875407 22.792781461776777 6.031766862451224
v 13.58113297664211 22.443301592666913 5.328671228946204
f 7237 7238 7239
v 12.751499272314192 23.217490621961282 6.0573521817393425
v 13.58113297664211 22.443301592666913 5.328671228946204
v 12.605965056988817 22.862887246801904 5.354256548234322
f 7240 7241 7242
v 12.605965056988817 22.862887246801904 5.354256548234322
v 13.58113297664211 22.443301592666913 5.328671228946204
v 13.456187308075858 22.16595279821125 4.233574105637956
f 7243 7244 7245
v 12.605965056988817 22.862887246801904 5.354256548234322
v 13.456187308075858 22.16595279821125 4.233574105637956
v 12.490468449772639 22.581472414923716 4.259159424926075
f 7246 7247 7248
v 12.490468449772639 22.581472414923716 4.259159424926075
v 13.456187308075858 22.16595279821125 4.233574105637956
v 13.375967250763583 21.987883910813796 2.8536712289462036
f 7249 7250 7251
v 12.490468449772639 22.581472414923716 4.259159424926075
v 13.375967250763583 21.987883910813796 2.8536712289462036
v 12.416315063292158 22.400792970803394 2.879256548234322
f 7252 7253 7254
v 12.416315063292158 22.400792970803394 2.879256548234322
v 13.375967250763583 21.987883910813796 2.8536712289462036
v 13.348325302841012 21.926525553851896 1.3240371067902144
f 7255 7256 7257
v 12.416315063292158 22.400792970803394 2.879256548234322
v 13.348325302841012 21.926525553851896 1.3240371067902144
v 12.390763547673107 22.338535077299134 1.3496224260783327
f 7258 7259 7260
v 12.390763547673107 22.338535077299134 1.3496224260783327
v 13.348325302841012 21.926525553851896 1.3240371067902144
v 13.375967250763583 21.987883910813796 -0.20559701536577335
f 7261 7262 7263
v 12.390763547673107 22.338535077299134 1.3496224260783327
v 13.375967250763583 21.987883910813796 -0.20559701536577335
v 12.416315063292158 22.400792970803394 -0.180011696077655
f 7264 7265 7266
v 12.416315063292158 22.400792970803394 -0.180011696077655
v 13.375967250763583 21.987883910813796 -0.20559701536577335
v 13.456187308075858 22.16595279821125 -1.5854998920575278
f 7267 7268 7269
v 12.416315063292158 22.400792970803394 -0.180011696077655
v 13.456187308075858 22.16595279821125 -1.5854998920575278
v 12.490468449772639 22.581472414923716 -1.5599145727694095
f 7270 7271 7272
v 12.490468449772639 22.581472414923716 -1.5599145727694095
v 13.456187308075858 22.16595279821125 -1.5854998920575278
v 13.58113297664211 22.443301592666913 -2.680597015365776
f 7273 7274 7275
v 12.490468449772639 22.581472414923716 -1.5599145727694095
v 13.58113297664211 22.443301592666913 -2.680597015365776
v 12.605965056988817 22.862887246801904 -2.6550116960776577
f 7276 7277 7278
v 12.605965056988817 22.862887246801904 -2.6550116960776577
v 13.58113297664211 22.443301592666913 -2.680597015365776
v 13.738573703875407 22.792781461776777 -3.383692648870796
f 7279 7280 7281
v 12.605965056988817 22.862887246801904 -2.6550116960776577
v 13.738573703875407 22.792781461776777 -3.383692648870796
v 12.751499272314192 23.217490621961282 -3.358107329582678
f 7282 7283 7284
v 12.751499272314192 23.217490621961282 -3.358107329582678
v 13.738573703875407 22.792781461776777 -3.383692648870796
v 13.913098094440109 23.180182880982944 -3.6259628932097865
f 7285 7286 7287
v 12.751499272314192 23.217490621961282 -3.358107329582678
v 13.913098094440109 23.180182880982944 -3.6259628932097865
v 12.912825192756214 23.610571491374266 -3.6003775739216684
f 7288 7289 7290
v 12.912825192756214 23.610571491374266 -3.6003775739216684
v 13.913098094440109 23.180182880982944 -3.6259628932097865
v 14.08762248500481 23.56758430018911 -3.383692648870797
f 7291 7292 7293
v 12.912825192756214 23.610571491374266 -3.6003775739216684
v 14.08762248500481 23.56758430018911 -3.383692648870797
v 13.074151113198237 24.00365236078725 -3.358107329582679
f 7294 7295 7296
v 13.074151113198237 24.00365236078725 -3.358107329582679
v 14.08762248500481 23.56758430018911 -3.383692648870797
v 14.245063212238108 23.917064169298975 -2.6805970153657768
f 7297 7298 7299
v 13.074151113198237 24.00365236078725 -3.358107329582679
v 14.245063212238108 23.917064169298975 -2.6805970153657768
v 13.21968532852361 24.35825573594663 -2.6550116960776586
f 7300 7301 7302
v 13.21968532852361 24.35825573594663 -2.6550116960776586
v 14.245063212238108 23.917064169298975 -2.6805970153657768
v 14.370008880804358 24.194412963754633 -1.5854998920575296
f 7303 7304 7305
v 13.21968532852361 24.35825573594663 -2.6550116960776586
v 14.370008880804358 24.194412963754633 -1.5854998920575296
v 13.33518193573979 24.639670567824815 -1.5599145727694113
f 7306 7307 7308
v 13.33518193573979 24.639670567824815 -1.5599145727694113
v 14.370008880804358 24.194412963754633 -1.5854998920575296
v 14.450228938116634 24.37248185115209 -0.20559701536577712
f 7309 7310 7311
v 13.33518193573979 24.639670567824815 -1.5599145727694113
v 14.450228938116634 24.37248185115209 -0.20559701536577712
v 13.40933532222027 24.82035001194514 -0.18001169607765877
f 7312 7313 7314
v 13.40933532222027 24.82035001194514 -0.18001169607765877
v 14.450228938116634 24.37248185115209 -0.20559701536577712
v 14.477870886039206 24.433840208113992 1.3240371067902126
f 7315 7316 7317
v 13.40933532222027 24.82035001194514 -0.18001169607765877
v 14.477870886039206 24.433840208113992 1.3240371067902126
v 13.43488683783932 24.882607905449397 1.349622426078331
f 7318 7319 7320
v 14.477870886039206 24.433840208113992 1.3240371067902137
v 15.50255429132394 23.951057580258748 1.2965767849695262
v 15.472834114164545 23.890678475233646 2.8262109071255157
f 7321 7322 7323
v 14.477870886039206 24.433840208113992 1.3240371067902137
v 15.472834114164545 23.890678475233646 2.8262109071255157
v 14.450228938116634 24.37248185115209 2.8536712289462036
f 7324 7325 7326
v 14.450228938116634 24.37248185115209 2.8536712289462036
v 15.472834114164545 23.890678475233646 2.8262109071255157
v 15.386582800699372 23.71545148764416 4.206113783817268
f 7327 7328 7329
v 14.450228938116634 24.37248185115209 2.8536712289462036
v 15.386582800699372 23.71545148764416 4.206113783817268
v 14.370008880804358 24.194412963754633 4.233574105637956
f 7330 7331 7332
v 14.370008880804358 24.194412963754633 4.233574105637956
v 15.386582800699372 23.71545148764416 4.206113783817268
v 15.252243230438634 23.44252905591376 5.301210907125517
f 7333 7334 7335
v 14.370008880804358 24.194412963754633 4.233574105637956
v 15.252243230438634 23.44252905591376 5.301210907125517
v 14.245063212238108 23.917064169298975 5.328671228946204
f 7336 7337 7338
v 14.245063212238108 23.917064169298975 5.328671228946204
v 15.252243230438634 23.44252905591376 5.301210907125517
v 15.082965496518268 23.098626729222612 6.004306540630536
f 7339 7340 7341
v 14.245063212238108 23.917064169298975 5.328671228946204
v 15.082965496518268 23.098626729222612 6.004306540630536
v 14.08762248500481 23.56758430018911 6.0317668624512235
f 7342 7343 7344
v 14.08762248500481 23.56758430018911 6.0317668624512235
v 15.082965496518268 23.098626729222612 6.004306540630536
v 14.895319682961729 22.717408063415654 6.246576784969527
f 7345 7346 7347
v 14.08762248500481 23.56758430018911 6.0317668624512235
v 14.895319682961729 22.717408063415654 6.246576784969527
v 13.913098094440109 23.180182880982944 6.274037106790214
f 7348 7349 7350
v 13.913098094440109 23.180182880982944 6.274037106790214
v 14.895319682961729 22.717408063415654 6.246576784969527
v 14.707673869405191 22.3361893976087 6.004306540630537
f 7351 7352 7353
v 13.913098094440109 23.180182880982944 6.274037106790214
v 14.707673869405191 22.3361893976087 6.004306540630537
v 13.738573703875407 22.792781461776777 6.031766862451224
f 7354 7355 7356
v 13.738573703875407 22.792781461776777 6.031766862451224
v 14.707673869405191 22.3361893976087 6.004306540630537
v 14.538396135484826 21.992287070917552 5.301210907125517
f 7357 7358 7359
v 13.738573703875407 22.792781461776777 6.031766862451224
v 14.538396135484826 21.992287070917552 5.301210907125517
v 13.58113297664211 22.443301592666913 5.328671228946204
f 7360 7361 7362
v 13.58113297664211 22.443301592666913 5.328671228946204
v 14.538396135484826 21.992287070917552 5.301210907125517
v 14.404056565224085 21.71936463918715 4.206113783817269
f 7363 7364 7365
v 13.58113297664211 22.443301592666913 5.328671228946204
v 14.404056565224085 21.71936463918715 4.206113783817269
v 13.456187308075858 22.16595279821125 4.233574105637956
f 7366 7367 7368
v 13.456187308075858 22.16595279821125 4.233574105637956
v 14.404056565224085 21.71936463918715 4.206113783817269
v 14.317805251758914 21.544137651597666 2.8262109071255166
f 7369 7370 7371
v 13.456187308075858 22.16595279821125 4.233574105637956
v 14.317805251758914 21.544137651597666 2.8262109071255166
v 13.375967250763583 21.987883910813796 2.8536712289462036
f 7372 7373 7374
v 13.375967250763583 21.987883910813796 2.8536712289462036
v 14.317805251758914 21.544137651597666 2.8262109071255166
v 14.288085074599518 21.483758546572563 1.2965767849695269
f 7375 7376 7377
v 13.375967250763583 21.987883910813796 2.8536712289462036
v 14.288085074599518 21.483758546572563 1.2965767849695269
v 13.348325302841012 21.926525553851896 1.3240371067902144
f 7378 7379 7380
v 13.348325302841012 21.926525553851896 1.3240371067902144
v 14.288085074599518 21.483758546572563 1.2965767849695269
v 14.317805251758914 21.544137651597666 -0.23305733718646082
f 7381 7382 7383
v 13.348325302841012 21.926525553851896 1.3240371067902144
v 14.317805251758914 21.544137651597666 -0.23305733718646082
v 13.375967250763583 21.987883910813796 -0.20559701536577335
f 7384 7385 7386
v 13.375967250763583 21.987883910813796 -0.20559701536577335
v 14.317805251758914 21.544137651597666 -0.23305733718646082
v 14.404056565224085 21.71936463918715 -1.6129602138782153
f 7387 7388 7389
v 13.375967250763583 21.987883910813796 -0.20559701536577335
v 14.404056565224085 21.71936463918715 -1.6129602138782153
v 13.456187308075858 22.16595279821125 -1.5854998920575278
f 7390 7391 7392
v 13.456187308075858 22.16595279821125 -1.5854998920575278
v 14.404056565224085 21.71936463918715 -1.6129602138782153
v 14.538396135484826 21.992287070917552 -2.7080573371864634
f 7393 7394 7395
v 13.456187308075858 22.16595279821125 -1.5854998920575278
v 14.538396135484826 21.992287070917552 -2.7080573371864634
v 13.58113297664211 22.443301592666913 -2.680597015365776
f 7396 7397 7398
v 13.58113297664211 22.443301592666913 -2.680597015365776
v 14.538396135484826 21.992287070917552 -2.7080573371864634
v 14.707673869405191 22.3361893976087 -3.4111529706914836
f 7399 7400 7401
v 13.58113297664211 22.443301592666913 -2.680597015365776
v 14.707673869405191 22.3361893976087 -3.4111529706914836
v 13.738573703875407 22.792781461776777 -3.383692648870796
f 7402 7403 7404
v 13.738573703875407 22.792781461776777 -3.383692648870796
v 14.707673869405191 22.3361893976087 -3.4111529706914836
v 14.895319682961729 22.717408063415654 -3.653423215030474
f 7405 7406 7407
v 13.738573703875407 22.792781461776777 -3.383692648870796
v 14.895319682961729 22.717408063415654 -3.653423215030474
v 13.913098094440109 23.180182880982944 -3.6259628932097865
f 7408 7409 7410
v 13.913098094440109 23.180182880982944 -3.6259628932097865
v 14.895319682961729 22.717408063415654 -3.653423215030474
v 15.082965496518268 23.098626729222612 -3.4111529706914845
f 7411 7412 7413
v 13.913098094440109 23.180182880982944 -3.6259628932097865
v 15.082965496518268 23.098626729222612 -3.4111529706914845
v 14.08762248500481 23.56758430018911 -3.383692648870797
f 7414 7415 7416
v 14.08762248500481 23.56758430018911 -3.383692648870797
v 15.082965496518268 23.098626729222612 -3.4111529706914845
v 15.252243230438634 23.44252905591376 -2.7080573371864642
f 7417 7418 7419
v 14.08762248500481 23.56758430018911 -3.383692648870797
v 15.252243230438634 23.44252905591376 -2.7080573371864642
v 14.245063212238108 23.917064169298975 -2.6805970153657768
f 7420 7421 7422
v 14.245063212238108 23.917064169298975 -2.6805970153657768
v 15.252243230438634 23.44252905591376 -2.7080573371864642
v 15.386582800699372 23.71545148764416 -1.612960213878217
f 7423 7424 7425
v 14.245063212238108 23.917064169298975 -2.6805970153657768
v 15.386582800699372 23.71545148764416 -1.612960213878217
v 14.370008880804358 24.194412963754633 -1.5854998920575296
f 7426 7427 7428
v 14.370008880804358 24.194412963754633 -1.5854998920575296
v 15.386582800699372 23.71545148764416 -1.612960213878217
v 15.472834114164545 23.890678475233646 -0.2330573371864646
f 7429 7430 7431
v 14.370008880804358 24.194412963754633 -1.5854998920575296
v 15.472834114164545 23.890678475233646 -0.2330573371864646
v 14.450228938116634 24.37248185115209 -0.20559701536577712
f 7432 7433 7434
v 14.450228938116634 24.37248185115209 -0.20559701536577712
v 15.472834114164545 23.890678475233646 -0.2330573371864646
v 15.50255429132394 23.951057580258748 1.296576784969525
f 7435 7436 7437
v 14.450228938116634 24.37248185115209 -0.20559701536577712
v 15.50255429132394 23.951057580258748 1.296576784969525
v 14.477870886039206 24.433840208113992 1.3240371067902126
f 7438 7439 7440
v 15.50255429132394 23.951057580258748 1.2965767849695262
v 16.50755790747336 23.434702880498484 1.2672803478745605
v 16.475773767002543 23.37538430272938 2.79691447003055
f 7441 7442 7443
v 15.50255429132394 23.951057580258748 1.2965767849695262
v 16.475773767002543 23.37538430272938 2.79691447003055
v 15.472834114164545 23.890678475233646 2.8262109071255157
f 7444 7445 7446
v 15.472834114164545 23.890678475233646 2.8262109071255157
v 16.475773767002543 23.37538430272938 2.79691447003055
v 16.38353259871251 23.203235085110933 4.176817346722302
f 7447 7448 7449
v 15.472834114164545 23.890678475233646 2.8262109071255157
v 16.38353259871251 23.203235085110933 4.176817346722302
v 15.386582800699372 23.71545148764416 4.206113783817268
f 7450 7451 7452
v 15.386582800699372 23.71545148764416 4.206113783817268
v 16.38353259871251 23.203235085110933 4.176817346722302
v 16.239863610837496 22.93510639249777 5.271914470030551
f 7453 7454 7455
v 15.386582800699372 23.71545148764416 4.206113783817268
v 16.239863610837496 22.93510639249777 5.271914470030551
v 15.252243230438634 23.44252905591376 5.301210907125517
f 7456 7457 7458
v 15.252243230438634 23.44252905591376 5.301210907125517
v 16.239863610837496 22.93510639249777 5.271914470030551
v 16.058830124911406 22.597244529485316 5.9750101035355705
f 7459 7460 7461
v 15.252243230438634 23.44252905591376 5.301210907125517
v 16.058830124911406 22.597244529485316 5.9750101035355705
v 15.082965496518268 23.098626729222612 6.004306540630536
f 7462 7463 7464
v 15.082965496518268 23.098626729222612 6.004306540630536
v 16.058830124911406 22.597244529485316 5.9750101035355705
v 15.858152959871152 22.22272176924725 6.217280347874561
f 7465 7466 7467
v 15.082965496518268 23.098626729222612 6.004306540630536
v 15.858152959871152 22.22272176924725 6.217280347874561
v 14.895319682961729 22.717408063415654 6.246576784969527
f 7468 7469 7470
v 14.895319682961729 22.717408063415654 6.246576784969527
v 15.858152959871152 22.22272176924725 6.217280347874561
v 15.657475794830898 21.848199009009186 5.975010103535571
f 7471 7472 7473
v 14.895319682961729 22.717408063415654 6.246576784969527
v 15.657475794830898 21.848199009009186 5.975010103535571
v 14.707673869405191 22.3361893976087 6.004306540630537
f 7474 7475 7476
v 14.707673869405191 22.3361893976087 6.004306540630537
v 15.657475794830898 21.848199009009186 5.975010103535571
v 15.476442308904808 21.510337145996733 5.271914470030551
f 7477 7478 7479
v 14.707673869405191 22.3361893976087 6.004306540630537
v 15.476442308904808 21.510337145996733 5.271914470030551
v 14.538396135484826 21.992287070917552 5.301210907125517
f 7480 7481 7482
v 14.538396135484826 21.992287070917552 5.301210907125517
v 15.476442308904808 21.510337145996733 5.271914470030551
v 15.332773321029794 21.24220845338357 4.176817346722303
f 7483 7484 7485
v 14.538396135484826 21.992287070917552 5.301210907125517
v 15.332773321029794 21.24220845338357 4.176817346722303
v 14.404056565224085 21.71936463918715 4.206113783817269
f 7486 7487 7488
v 14.404056565224085 21.71936463918715 4.206113783817269
v 15.332773321029794 21.24220845338357 4.176817346722303
v 15.24053215273976 21.070059235765125 2.7969144700305506
f 7489 7490 7491
v 14.404056565224085 21.71936463918715 4.206113783817269
v 15.24053215273976 21.070059235765125 2.7969144700305506
v 14.317805251758914 21.544137651597666 2.8262109071255166
f 7492 7493 7494
v 14.317805251758914 21.544137651597666 2.8262109071255166
v 15.24053215273976 21.070059235765125 2.7969144700305506
v 15.208748012268945 21.010740657996017 1.2672803478745611
f 7495 7496 7497
v 14.317805251758914 21.544137651597666 2.8262109071255166
v 15.208748012268945 21.010740657996017 1.2672803478745611
v 14.288085074599518 21.483758546572563 1.2965767849695269
f 7498 7499 7500
v 14.288085074599518 21.483758546572563 1.2965767849695269
v 15.208748012268945 21.010740657996017 1.2672803478745611
v 15.24053215273976 21.070059235765125 -0.2623537742814266
f 7501 7502 7503
v 14.288085074599518 21.483758546572563 1.2965767849695269
v 15.24053215273976 21.070059235765125 -0.2623537742814266
v 14.317805251758914 21.544137651597666 -0.23305733718646082
f 7504 7505 7506
v 14.317805251758914 21.544137651597666 -0.23305733718646082
v 15.24053215273976 21.070059235765125 -0.2623537742814266
v 15.332773321029794 21.24220845338357 -1.642256650973181
f 7507 7508 7509
v 14.317805251758914 21.544137651597666 -0.23305733718646082
v 15.332773321029794 21.24220845338357 -1.642256650973181
v 14.404056565224085 21.71936463918715 -1.6129602138782153
f 7510 7511 7512
v 14.404056565224085 21.71936463918715 -1.6129602138782153
v 15.332773321029794 21.24220845338357 -1.642256650973181
v 15.476442308904808 21.510337145996733 -2.737353774281429
f 7513 7514 7515
v 14.404056565224085 21.71936463918715 -1.6129602138782153
v 15.476442308904808 21.510337145996733 -2.737353774281429
v 14.538396135484826 21.992287070917552 -2.7080573371864634
f 7516 7517 7518
v 14.538396135484826 21.992287070917552 -2.7080573371864634
v 15.476442308904808 21.510337145996733 -2.737353774281429
v 15.657475794830898 21.848199009009186 -3.440449407786449
f 7519 7520 7521
v 14.538396135484826 21.992287070917552 -2.7080573371864634
v 15.657475794830898 21.848199009009186 -3.440449407786449
v 14.707673869405191 22.3361893976087 -3.4111529706914836
f 7522 7523 7524
v 14.707673869405191 22.3361893976087 -3.4111529706914836
v 15.657475794830898 21.848199009009186 -3.440449407786449
v 15.858152959871152 22.22272176924725 -3.6827196521254395
f 7525 7526 7527
v 14.707673869405191 22.3361893976087 -3.4111529706914836
v 15.858152959871152 22.22272176924725 -3.6827196521254395
v 14.895319682961729 22.717408063415654 -3.653423215030474
f 7528 7529 7530
v 14.895319682961729 22.717408063415654 -3.653423215030474
v 15.858152959871152 22.22272176924725 -3.6827196521254395
v 16.058830124911406 22.597244529485316 -3.44044940778645
f 7531 7532 7533
v 14.895319682961729 22.717408063415654 -3.653423215030474
v 16.058830124911406 22.597244529485316 -3.44044940778645
v 15.082965496518268 23.098626729222612 -3.4111529706914845
f 7534 7535 7536
v 15.082965496518268 23.098626729222612 -3.4111529706914845
v 16.058830124911406 22.597244529485316 -3.44044940778645
v 16.239863610837496 22.93510639249777 -2.73735377428143
f 7537 7538 7539
v 15.082965496518268 23.098626729222612 -3.4111529706914845
v 16.239863610837496 22.93510639249777 -2.73735377428143
v 15.252243230438634 23.44252905591376 -2.7080573371864642
f 7540 7541 7542
v 15.252243230438634 23.44252905591376 -2.7080573371864642
v 16.239863610837496 22.93510639249777 -2.73735377428143
v 16.38353259871251 23.203235085110933 -1.6422566509731829
f 7543 7544 7545
v 15.252243230438634 23.44252905591376 -2.7080573371864642
v 16.38353259871251 23.203235085110933 -1.6422566509731829
v 15.386582800699372 23.71545148764416 -1.612960213878217
f 7546 7547 7548
v 15.386582800699372 23.71545148764416 -1.612960213878217
v 16.38353259871251 23.203235085110933 -1.6422566509731829
v 16.475773767002543 23.37538430272938 -0.26235377428143036
f 7549 7550 7551
v 15.386582800699372 23.71545148764416 -1.612960213878217
v 16.475773767002543 23.37538430272938 -0.26235377428143036
v 15.472834114164545 23.890678475233646 -0.2330573371864646
f 7552 7553 7554
v 15.472834114164545 23.890678475233646 -0.2330573371864646
v 16.475773767002543 23.37538430272938 -0.26235377428143036
v 16.50755790747336 23.434702880498484 1.2672803478745593
f 7555 7556 7557
v 15.472834114164545 23.890678475233646 -0.2330573371864646
v 16.50755790747336 23.434702880498484 1.2672803478745593
v 15.50255429132394 23.951057580258748 1.296576784969525
f 7558 7559 7560
v 16.50755790747336 23.434702880498484 1.2672803478745605
v 17.491507939419577 22.885255599332048 1.2361892829330234
v 17.457676419745184 22.827080402464833 2.765823405089013
f 7561 7562 7563
v 16.50755790747336 23.434702880498484 1.2672803478745605
v 17.457676419745184 22.827080402464833 2.765823405089013
v 16.475773767002543 23.37538430272938 2.79691447003055
f 7564 7565 7566
v 16.475773767002543 23.37538430272938 2.79691447003055
v 17.457676419745184 22.827080402464833 2.765823405089013
v 17.35949352558579 22.658249405462982 4.145726281780766
f 7567 7568 7569
v 16.475773767002543 23.37538430272938 2.79691447003055
v 17.35949352558579 22.658249405462982 4.145726281780766
v 16.38353259871251 23.203235085110933 4.176817346722302
f 7570 7571 7572
v 16.38353259871251 23.203235085110933 4.176817346722302
v 17.35949352558579 22.658249405462982 4.145726281780766
v 17.20657008270217 22.39528896262776 5.240823405089014
f 7573 7574 7575
v 16.38353259871251 23.203235085110933 4.176817346722302
v 17.20657008270217 22.39528896262776 5.240823405089014
v 16.239863610837496 22.93510639249777 5.271914470030551
f 7576 7577 7578
v 16.239863610837496 22.93510639249777 5.271914470030551
v 17.20657008270217 22.39528896262776 5.240823405089014
v 17.013875303164053 22.06393947425702 5.943919038594033
f 7579 7580 7581
v 16.239863610837496 22.93510639249777 5.271914470030551
v 17.013875303164053 22.06393947425702 5.943919038594033
v 16.058830124911406 22.597244529485316 5.9750101035355705
f 7582 7583 7584
v 16.058830124911406 22.597244529485316 5.9750101035355705
v 17.013875303164053 22.06393947425702 5.943919038594033
v 16.800271494576094 21.696635736920122 6.186189282933023
f 7585 7586 7587
v 16.058830124911406 22.597244529485316 5.9750101035355705
v 16.800271494576094 21.696635736920122 6.186189282933023
v 15.858152959871152 22.22272176924725 6.217280347874561
f 7588 7589 7590
v 15.858152959871152 22.22272176924725 6.217280347874561
v 16.800271494576094 21.696635736920122 6.186189282933023
v 16.58666768598814 21.329331999583225 5.943919038594034
f 7591 7592 7593
v 15.858152959871152 22.22272176924725 6.217280347874561
v 16.58666768598814 21.329331999583225 5.943919038594034
v 15.657475794830898 21.848199009009186 5.975010103535571
f 7594 7595 7596
v 15.657475794830898 21.848199009009186 5.975010103535571
v 16.58666768598814 21.329331999583225 5.943919038594034
v 16.393972906450017 20.997982511212484 5.240823405089014
f 7597 7598 7599
v 15.657475794830898 21.848199009009186 5.975010103535571
v 16.393972906450017 20.997982511212484 5.240823405089014
v 15.476442308904808 21.510337145996733 5.271914470030551
f 7600 7601 7602
v 15.476442308904808 21.510337145996733 5.271914470030551
v 16.393972906450017 20.997982511212484 5.240823405089014
v 16.241049463566398 20.735022068377262 4.1457262817807665
f 7603 7604 7605
v 15.476442308904808 21.510337145996733 5.271914470030551
v 16.241049463566398 20.735022068377262 4.1457262817807665
v 15.332773321029794 21.24220845338357 4.176817346722303
f 7606 7607 7608
v 15.332773321029794 21.24220845338357 4.176817346722303
v 16.241049463566398 20.735022068377262 4.1457262817807665
v 16.14286656940701 20.56619107137541 2.7658234050890136
f 7609 7610 7611
v 15.332773321029794 21.24220845338357 4.176817346722303
v 16.14286656940701 20.56619107137541 2.7658234050890136
v 15.24053215273976 21.070059235765125 2.7969144700305506
f 7612 7613 7614
v 15.24053215273976 21.070059235765125 2.7969144700305506
v 16.14286656940701 20.56619107137541 2.7658234050890136
v 16.109035049732615 20.508015874508196 1.236189282933024
f 7615 7616 7617
v 15.24053215273976 21.070059235765125 2.7969144700305506
v 16.109035049732615 20.508015874508196 1.236189282933024
v 15.208748012268945 21.010740657996017 1.2672803478745611
f 7618 7619 7620
v 15.208748012268945 21.010740657996017 1.2672803478745611
v 16.109035049732615 20.508015874508196 1.236189282933024
v 16.14286656940701 20.56619107137541 -0.2934448392229636
f 7621 7622 7623
v 15.208748012268945 21.010740657996017 1.2672803478745611
v 16.14286656940701 20.56619107137541 -0.2934448392229636
v 15.24053215273976 21.070059235765125 -0.2623537742814266
f 7624 7625 7626
v 15.24053215273976 21.070059235765125 -0.2623537742814266
v 16.14286656940701 20.56619107137541 -0.2934448392229636
v 16.241049463566398 20.735022068377262 -1.673347715914718
f 7627 7628 7629
v 15.24053215273976 21.070059235765125 -0.2623537742814266
v 16.241049463566398 20.735022068377262 -1.673347715914718
v 15.332773321029794 21.24220845338357 -1.642256650973181
f 7630 7631 7632
v 15.332773321029794 21.24220845338357 -1.642256650973181
v 16.241049463566398 20.735022068377262 -1.673347715914718
v 16.393972906450017 20.997982511212484 -2.7684448392229664
f 7633 7634 7635
v 15.332773321029794 21.24220845338357 -1.642256650973181
v 16.393972906450017 20.997982511212484 -2.7684448392229664
v 15.476442308904808 21.510337145996733 -2.737353774281429
f 7636 7637 7638
v 15.476442308904808 21.510337145996733 -2.737353774281429
v 16.393972906450017 20.997982511212484 -2.7684448392229664
v 16.58666768598814 21.329331999583225 -3.4715404727279866
f 7639 7640 7641
v 15.476442308904808 21.510337145996733 -2.737353774281429
v 16.58666768598814 21.329331999583225 -3.4715404727279866
v 15.657475794830898 21.848199009009186 -3.440449407786449
f 7642 7643 7644
v 15.657475794830898 21.848199009009186 -3.440449407786449
v 16.58666768598814 21.329331999583225 -3.4715404727279866
v 16.800271494576094 21.696635736920122 -3.713810717066977
f 7645 7646 7647
v 15.657475794830898 21.848199009009186 -3.440449407786449
v 16.800271494576094 21.696635736920122 -3.713810717066977
v 15.858152959871152 22.22272176924725 -3.6827196521254395
f 7648 7649 7650
v 15.858152959871152 22.22272176924725 -3.6827196521254395
v 16.800271494576094 21.696635736920122 -3.713810717066977
v 17.013875303164053 22.06393947425702 -3.4715404727279875
f 7651 7652 7653
v 15.858152959871152 22.22272176924725 -3.6827196521254395
v 17.013875303164053 22.06393947425702 -3.4715404727279875
v 16.058830124911406 22.597244529485316 -3.44044940778645
f 7654 7655 7656
v 16.058830124911406 22.597244529485316 -3.44044940778645
v 17.013875303164053 22.06393947425702 -3.4715404727279875
v 17.20657008270217 22.39528896262776 -2.7684448392229672
f 7657 7658 7659
v 16.058830124911406 22.597244529485316 -3.44044940778645
v 17.20657008270217 22.39528896262776 -2.7684448392229672
v 16.239863610837496 22.93510639249777 -2.73735377428143
f 7660 7661 7662
v 16.239863610837496 22.93510639249777 -2.73735377428143
v 17.20657008270217 22.39528896262776 -2.7684448392229672
v 17.35949352558579 22.658249405462982 -1.6733477159147199
f 7663 7664 7665
v 16.239863610837496 22.93510639249777 -2.73735377428143
v 17.35949352558579 22.658249405462982 -1.6733477159147199
v 16.38353259871251 23.203235085110933 -1.6422566509731829
f 7666 7667 7668
v 16.38353259871251 23.203235085110933 -1.6422566509731829
v 17.35949352558579 22.658249405462982 -1.6733477159147199
v 17.457676419745184 22.827080402464833 -0.2934448392229674
f 7669 7670 7671
v 16.38353259871251 23.203235085110933 -1.6422566509731829
v 17.457676419745184 22.827080402464833 -0.2934448392229674
v 16.475773767002543 23.37538430272938 -0.26235377428143036
f 7672 7673 7674
v 16.475773767002543 23.37538430272938 -0.26235377428143036
v 17.457676419745184 22.827080402464833 -0.2934448392229674
v 17.491507939419577 22.885255599332048 1.2361892829330223
f 7675 7676 7677
v 16.475773767002543 23.37538430272938 -0.26235377428143036
v 17.491507939419577 22.885255599332048 1.2361892829330223
v 16.50755790747336 23.434702880498484 1.2672803478745593
f 7678 7679 7680
v 17.491507939419577 22.885255599332048 1.2361892829330234
v 18.45303617511717 22.303233172461887 1.2033476189906371
v 18.41717645153772 22.246285780258 2.732981741146627
f 7681 7682 7683
v 17.491507939419577 22.885255599332048 1.2361892829330234
v 18.41717645153772 22.246285780258 2.732981741146627
v 17.457676419745184 22.827080402464833 2.765823405089013
f 7684 7685 7686
v 17.457676419745184 22.827080402464833 2.765823405089013
v 18.41717645153772 22.246285780258 2.732981741146627
v 18.313107480392702 22.081018011171068 4.112884617838379
f 7687 7688 7689
v 17.457676419745184 22.827080402464833 2.765823405089013
v 18.313107480392702 22.081018011171068 4.112884617838379
v 17.35949352558579 22.658249405462982 4.145726281780766
f 7690 7691 7692
v 17.35949352558579 22.658249405462982 4.145726281780766
v 18.313107480392702 22.081018011171068 4.112884617838379
v 18.151016257668957 21.823607425927577 5.207981741146628
f 7693 7694 7695
v 17.35949352558579 22.658249405462982 4.145726281780766
v 18.151016257668957 21.823607425927577 5.207981741146628
v 17.20657008270217 22.39528896262776 5.240823405089014
f 7696 7697 7698
v 17.20657008270217 22.39528896262776 5.240823405089014
v 18.151016257668957 21.823607425927577 5.207981741146628
v 17.946769401602637 21.499251166096165 5.911077374651647
f 7699 7700 7701
v 17.20657008270217 22.39528896262776 5.240823405089014
v 17.946769401602637 21.499251166096165 5.911077374651647
v 17.013875303164053 22.06393947425702 5.943919038594033
f 7702 7703 7704
v 17.013875303164053 22.06393947425702 5.943919038594033
v 17.946769401602637 21.499251166096165 5.911077374651647
v 17.72036001753704 21.139699482312082 6.1533476189906375
f 7705 7706 7707
v 17.013875303164053 22.06393947425702 5.943919038594033
v 17.72036001753704 21.139699482312082 6.1533476189906375
v 16.800271494576094 21.696635736920122 6.186189282933023
f 7708 7709 7710
v 16.800271494576094 21.696635736920122 6.186189282933023
v 17.72036001753704 21.139699482312082 6.1533476189906375
v 17.493950633471442 20.780147798528 5.911077374651648
f 7711 7712 7713
v 16.800271494576094 21.696635736920122 6.186189282933023
v 17.493950633471442 20.780147798528 5.911077374651648
v 16.58666768598814 21.329331999583225 5.943919038594034
f 7714 7715 7716
v 16.58666768598814 21.329331999583225 5.943919038594034
v 17.493950633471442 20.780147798528 5.911077374651648
v 17.289703777405123 20.45579153869659 5.207981741146628
f 7717 7718 7719
v 16.58666768598814 21.329331999583225 5.943919038594034
v 17.289703777405123 20.45579153869659 5.207981741146628
v 16.393972906450017 20.997982511212484 5.240823405089014
f 7720 7721 7722
v 16.393972906450017 20.997982511212484 5.240823405089014
v 17.289703777405123 20.45579153869659 5.207981741146628
v 17.127612554681377 20.1983809534531 4.11288461783838
f 7723 7724 7725
v 16.393972906450017 20.997982511212484 5.240823405089014
v 17.127612554681377 20.1983809534531 4.11288461783838
v 16.241049463566398 20.735022068377262 4.1457262817807665
f 7726 7727 7728
v 16.241049463566398 20.735022068377262 4.1457262817807665
v 17.127612554681377 20.1983809534531 4.11288461783838
v 17.023543583536362 20.03311318436617 2.7329817411466273
f 7729 7730 7731
v 16.241049463566398 20.735022068377262 4.1457262817807665
v 17.023543583536362 20.03311318436617 2.7329817411466273
v 16.14286656940701 20.56619107137541 2.7658234050890136
f 7732 7733 7734
v 16.14286656940701 20.56619107137541 2.7658234050890136
v 17.023543583536362 20.03311318436617 2.7329817411466273
v 16.98768385995691 19.97616579216228 1.2033476189906378
f 7735 7736 7737
v 16.14286656940701 20.56619107137541 2.7658234050890136
v 16.98768385995691 19.97616579216228 1.2033476189906378
v 16.109035049732615 20.508015874508196 1.236189282933024
f 7738 7739 7740
v 16.109035049732615 20.508015874508196 1.236189282933024
v 16.98768385995691 19.97616579216228 1.2033476189906378
v 17.023543583536362 20.03311318436617 -0.3262865031653499
f 7741 7742 7743
v 16.109035049732615 20.508015874508196 1.236189282933024
v 17.023543583536362 20.03311318436617 -0.3262865031653499
v 16.14286656940701 20.56619107137541 -0.2934448392229636
f 7744 7745 7746
v 16.14286656940701 20.56619107137541 -0.2934448392229636
v 17.023543583536362 20.03311318436617 -0.3262865031653499
v 17.127612554681377 20.1983809534531 -1.7061893798571044
f 7747 7748 7749
v 16.14286656940701 20.56619107137541 -0.2934448392229636
v 17.127612554681377 20.1983809534531 -1.7061893798571044
v 16.241049463566398 20.735022068377262 -1.673347715914718
f 7750 7751 7752
v 16.241049463566398 20.735022068377262 -1.673347715914718
v 17.127612554681377 20.1983809534531 -1.7061893798571044
v 17.289703777405123 20.45579153869659 -2.801286503165352
f 7753 7754 7755
v 16.241049463566398 20.735022068377262 -1.673347715914718
v 17.289703777405123 20.45579153869659 -2.801286503165352
v 16.393972906450017 20.997982511212484 -2.7684448392229664
f 7756 7757 7758
v 16.393972906450017 20.997982511212484 -2.7684448392229664
v 17.289703777405123 20.45579153869659 -2.801286503165352
v 17.493950633471442 20.780147798528 -3.5043821366703725
f 7759 7760 7761
v 16.393972906450017 20.997982511212484 -2.7684448392229664
v 17.493950633471442 20.780147798528 -3.5043821366703725
v 16.58666768598814 21.329331999583225 -3.4715404727279866
f 7762 7763 7764
v 16.58666768598814 21.329331999583225 -3.4715404727279866
v 17.493950633471442 20.780147798528 -3.5043821366703725
v 17.72036001753704 21.139699482312082 -3.746652381009363
f 7765 7766 7767
v 16.58666768598814 21.329331999583225 -3.4715404727279866
v 17.72036001753704 21.139699482312082 -3.746652381009363
v 16.800271494576094 21.696635736920122 -3.713810717066977
f 7768 7769 7770
v 16.800271494576094 21.696635736920122 -3.713810717066977
v 17.72036001753704 21.139699482312082 -3.746652381009363
v 17.946769401602637 21.499251166096165 -3.5043821366703733
f 7771 7772 7773
v 16.800271494576094 21.696635736920122 -3.713810717066977
v 17.946769401602637 21.499251166096165 -3.5043821366703733
v 17.013875303164053 22.06393947425702 -3.4715404727279875
f 7774 7775 7776
v 17.013875303164053 22.06393947425702 -3.4715404727279875
v 17.946769401602637 21.499251166096165 -3.5043821366703733
v 18.151016257668957 21.823607425927577 -2.801286503165353
f 7777 7778 7779
v 17.013875303164053 22.06393947425702 -3.4715404727279875
v 18.151016257668957 21.823607425927577 -2.801286503165353
v 17.20657008270217 22.39528896262776 -2.7684448392229672
f 7780 7781 7782
v 17.20657008270217 22.39528896262776 -2.7684448392229672
v 18.151016257668957 21.823607425927577 -2.801286503165353
v 18.313107480392702 22.081018011171068 -1.7061893798571062
f 7783 7784 7785
v 17.20657008270217 22.39528896262776 -2.7684448392229672
v 18.313107480392702 22.081018011171068 -1.7061893798571062
v 17.35949352558579 22.658249405462982 -1.6733477159147199
f 7786 7787 7788
v 17.35949352558579 22.658249405462982 -1.6733477159147199
v 18.313107480392702 22.081018011171068 -1.7061893798571062
v 18.41717645153772 22.246285780258 -0.3262865031653537
f 7789 7790 7791
v 17.35949352558579 22.658249405462982 -1.6733477159147199
v 18.41717645153772 22.246285780258 -0.3262865031653537
v 17.457676419745184 22.827080402464833 -0.2934448392229674
f 7792 7793 7794
v 17.457676419745184 22.827080402464833 -0.2934448392229674
v 18.41717645153772 22.246285780258 -0.3262865031653537
v 18.45303617511717 22.303233172461887 1.203347618990636
f 7795 7796 7797
v 17.457676419745184 22.827080402464833 -0.2934448392229674
v 18.45303617511717 22.303233172461887 1.203347618990636
v 17.491507939419577 22.885255599332048 1.2361892829330223
f 7798 7799 7800
v 18.45303617511717 22.303233172461887 1.2033476189906371
v 19.39078029302837 21.689192531349534 1.1688018639607751
v 19.35291442131722 21.633558899313034 2.698435986116765
f 7801 7802 7803
v 18.45303617511717 22.303233172461887 1.2033476189906371
v 19.35291442131722 21.633558899313034 2.698435986116765
v 18.41717645153772 22.246285780258 2.732981741146627
f 7804 7805 7806
v 18.41717645153772 22.246285780258 2.732981741146627
v 19.35291442131722 21.633558899313034 2.698435986116765
v 19.243023381533888 21.47210381072958 4.078338862808517
f 7807 7808 7809
v 18.41717645153772 22.246285780258 2.732981741146627
v 19.243023381533888 21.47210381072958 4.078338862808517
v 18.313107480392702 22.081018011171068 4.112884617838379
f 7810 7811 7812
v 18.313107480392702 22.081018011171068 4.112884617838379
v 19.243023381533888 21.47210381072958 4.078338862808517
v 19.071864074308266 21.220631614593465 5.173435986116766
f 7813 7814 7815
v 18.313107480392702 22.081018011171068 4.112884617838379
v 19.071864074308266 21.220631614593465 5.173435986116766
v 18.151016257668957 21.823607425927577 5.207981741146628
f 7816 7817 7818
v 18.151016257668957 21.823607425927577 5.207981741146628
v 19.071864074308266 21.220631614593465 5.173435986116766
v 18.85619076516862 20.90375816157231 5.876531619621785
f 7819 7820 7821
v 18.151016257668957 21.823607425927577 5.207981741146628
v 18.85619076516862 20.90375816157231 5.876531619621785
v 17.946769401602637 21.499251166096165 5.911077374651647
f 7822 7823 7824
v 17.946769401602637 21.499251166096165 5.911077374651647
v 18.85619076516862 20.90375816157231 5.876531619621785
v 18.61711506029783 20.55250123303499 6.118801863960775
f 7825 7826 7827
v 17.946769401602637 21.499251166096165 5.911077374651647
v 18.61711506029783 20.55250123303499 6.118801863960775
v 17.72036001753704 21.139699482312082 6.1533476189906375
f 7828 7829 7830
v 17.72036001753704 21.139699482312082 6.1533476189906375
v 18.61711506029783 20.55250123303499 6.118801863960775
v 18.378039355427045 20.201244304497674 5.876531619621786
f 7831 7832 7833
v 17.72036001753704 21.139699482312082 6.1533476189906375
v 18.378039355427045 20.201244304497674 5.876531619621786
v 17.493950633471442 20.780147798528 5.911077374651648
f 7834 7835 7836
v 17.493950633471442 20.780147798528 5.911077374651648
v 18.378039355427045 20.201244304497674 5.876531619621786
v 18.162366046287396 19.88437085147652 5.173435986116766
f 7837 7838 7839
v 17.493950633471442 20.780147798528 5.911077374651648
v 18.162366046287396 19.88437085147652 5.173435986116766
v 17.289703777405123 20.45579153869659 5.207981741146628
f 7840 7841 7842
v 17.289703777405123 20.45579153869659 5.207981741146628
v 18.162366046287396 19.88437085147652 5.173435986116766
v 17.991206739061777 19.632898655340405 4.078338862808518
f 7843 7844 7845
v 17.289703777405123 20.45579153869659 5.207981741146628
v 17.991206739061777 19.632898655340405 4.078338862808518
v 17.127612554681377 20.1983809534531 4.11288461783838
f 7846 7847 7848
v 17.127612554681377 20.1983809534531 4.11288461783838
v 17.991206739061777 19.632898655340405 4.078338862808518
v 17.881315699278446 19.471443566756946 2.698435986116765
f 7849 7850 7851
v 17.127612554681377 20.1983809534531 4.11288461783838
v 17.881315699278446 19.471443566756946 2.698435986116765
v 17.023543583536362 20.03311318436617 2.7329817411466273
f 7852 7853 7854
v 17.023543583536362 20.03311318436617 2.7329817411466273
v 17.881315699278446 19.471443566756946 2.698435986116765
v 17.84344982756729 19.41580993472045 1.1688018639607758
f 7855 7856 7857
v 17.023543583536362 20.03311318436617 2.7329817411466273
v 17.84344982756729 19.41580993472045 1.1688018639607758
v 16.98768385995691 19.97616579216228 1.2033476189906378
f 7858 7859 7860
v 16.98768385995691 19.97616579216228 1.2033476189906378
v 17.84344982756729 19.41580993472045 1.1688018639607758
v 17.881315699278446 19.471443566756946 -0.3608322581952119
f 7861 7862 7863
v 16.98768385995691 19.97616579216228 1.2033476189906378
v 17.881315699278446 19.471443566756946 -0.3608322581952119
v 17.023543583536362 20.03311318436617 -0.3262865031653499
f 7864 7865 7866
v 17.023543583536362 20.03311318436617 -0.3262865031653499
v 17.881315699278446 19.471443566756946 -0.3608322581952119
v 17.991206739061777 19.632898655340405 -1.7407351348869664
f 7867 7868 7869
v 17.023543583536362 20.03311318436617 -0.3262865031653499
v 17.991206739061777 19.632898655340405 -1.7407351348869664
v 17.127612554681377 20.1983809534531 -1.7061893798571044
f 7870 7871 7872
v 17.127612554681377 20.1983809534531 -1.7061893798571044
v 17.991206739061777 19.632898655340405 -1.7407351348869664
v 18.162366046287396 19.88437085147652 -2.8358322581952145
f 7873 7874 7875
v 17.127612554681377 20.1983809534531 -1.7061893798571044
v 18.162366046287396 19.88437085147652 -2.8358322581952145
v 17.289703777405123 20.45579153869659 -2.801286503165352
f 7876 7877 7878
v 17.289703777405123 20.45579153869659 -2.801286503165352
v 18.162366046287396 19.88437085147652 -2.8358322581952145
v 18.378039355427045 20.201244304497674 -3.5389278917002347
f 7879 7880 7881
v 17.289703777405123 20.45579153869659 -2.801286503165352
v 18.378039355427045 20.201244304497674 -3.5389278917002347
v 17.493950633471442 20.780147798528 -3.5043821366703725
f 7882 7883 7884
v 17.493950633471442 20.780147798528 -3.5043821366703725
v 18.378039355427045 20.201244304497674 -3.5389278917002347
v 18.61711506029783 20.55250123303499 -3.781198136039225
f 7885 7886 7887
v 17.493950633471442 20.780147798528 -3.5043821366703725
v 18.61711506029783 20.55250123303499 -3.781198136039225
v 17.72036001753704 21.139699482312082 -3.746652381009363
f 7888 7889 7890
v 17.72036001753704 21.139699482312082 -3.746652381009363
v 18.61711506029783 20.55250123303499 -3.781198136039225
v 18.85619076516862 20.90375816157231 -3.5389278917002356
f 7891 7892 7893
v 17.72036001753704 21.139699482312082 -3.746652381009363
v 18.85619076516862 20.90375816157231 -3.5389278917002356
v 17.946769401602637 21.499251166096165 -3.5043821366703733
f 7894 7895 7896
v 17.946769401602637 21.499251166096165 -3.5043821366703733
v 18.85619076516862 20.90375816157231 -3.5389278917002356
v 19.071864074308266 21.220631614593465 -2.8358322581952153
f 7897 7898 7899
v 17.946769401602637 21.499251166096165 -3.5043821366703733
v 19.071864074308266 21.220631614593465 -2.8358322581952153
v 18.151016257668957 21.823607425927577 -2.801286503165353
f 7900 7901 7902
v 18.151016257668957 21.823607425927577 -2.801286503165353
v 19.071864074308266 21.220631614593465 -2.8358322581952153
v 19.243023381533888 21.47210381072958 -1.7407351348869682
f 7903 7904 7905
v 18.151016257668957 21.823607425927577 -2.801286503165353
v 19.243023381533888 21.47210381072958 -1.7407351348869682
v 18.313107480392702 22.081018011171068 -1.7061893798571062
f 7906 7907 7908
v 18.313107480392702 22.081018011171068 -1.7061893798571062
v 19.243023381533888 21.47210381072958 -1.7407351348869682
v 19.35291442131722 21.633558899313034 -0.3608322581952157
f 7909 7910 7911
v 18.313107480392702 22.081018011171068 -1.7061893798571062
v 19.35291442131722 21.633558899313034 -0.3608322581952157
v 18.41717645153772 22.246285780258 -0.3262865031653537
f 7912 7913 7914
v 18.41717645153772 22.246285780258 -0.3262865031653537
v 19.35291442131722 21.633558899313034 -0.3608322581952157
v 19.39078029302837 21.689192531349534 1.168801863960774
f 7915 7916 7917
v 18.41717645153772 22.246285780258 -0.3262865031653537
v 19.39078029302837 21.689192531349534 1.168801863960774
v 18.45303617511717 22.303233172461887 1.203347618990636
f 7918 7919 7920
v 19.39078029302837 21.689192531349534 1.1688018639607751
v 20.303384288208726 21.04373190549513 1.1326009389634255
v 20.263537508211257 20.989499448627942 2.662235061119415
f 7921 7922 7923
v 19.39078029302837 21.689192531349534 1.1688018639607751
v 20.263537508211257 20.989499448627942 2.662235061119415
v 19.35291442131722 21.633558899313034 2.698435986116765
f 7924 7925 7926
v 19.35291442131722 21.633558899313034 2.698435986116765
v 20.263537508211257 20.989499448627942 2.662235061119415
v 20.147897648673847 20.83211072876428 4.042137937811168
f 7927 7928 7929
v 19.35291442131722 21.633558899313034 2.698435986116765
v 20.147897648673847 20.83211072876428 4.042137937811168
v 19.243023381533888 21.47210381072958 4.078338862808517
f 7930 7931 7932
v 19.243023381533888 21.47210381072958 4.078338862808517
v 20.147897648673847 20.83211072876428 4.042137937811168
v 19.9677843447583 20.586972050396096 5.137235061119416
f 7933 7934 7935
v 19.243023381533888 21.47210381072958 4.078338862808517
v 19.9677843447583 20.586972050396096 5.137235061119416
v 19.071864074308266 21.220631614593465 5.173435986116766
f 7936 7937 7938
v 19.071864074308266 21.220631614593465 5.173435986116766
v 19.9677843447583 20.586972050396096 5.137235061119416
v 19.740828341575043 20.27807929534367 5.840330694624435
f 7939 7940 7941
v 19.071864074308266 21.220631614593465 5.173435986116766
v 19.740828341575043 20.27807929534367 5.840330694624435
v 18.85619076516862 20.90375816157231 5.876531619621785
f 7942 7943 7944
v 18.85619076516862 20.90375816157231 5.876531619621785
v 19.740828341575043 20.27807929534367 5.840330694624435
v 19.48924567401111 19.935669038653906 6.0826009389634255
f 7945 7946 7947
v 18.85619076516862 20.90375816157231 5.876531619621785
v 19.48924567401111 19.935669038653906 6.0826009389634255
v 18.61711506029783 20.55250123303499 6.118801863960775
f 7948 7949 7950
v 18.61711506029783 20.55250123303499 6.118801863960775
v 19.48924567401111 19.935669038653906 6.0826009389634255
v 19.23766300644718 19.593258781964145 5.840330694624436
f 7951 7952 7953
v 18.61711506029783 20.55250123303499 6.118801863960775
v 19.23766300644718 19.593258781964145 5.840330694624436
v 18.378039355427045 20.201244304497674 5.876531619621786
f 7954 7955 7956
v 18.378039355427045 20.201244304497674 5.876531619621786
v 19.23766300644718 19.593258781964145 5.840330694624436
v 19.01070700326392 19.28436602691172 5.137235061119416
f 7957 7958 7959
v 18.378039355427045 20.201244304497674 5.876531619621786
v 19.01070700326392 19.28436602691172 5.137235061119416
v 18.162366046287396 19.88437085147652 5.173435986116766
f 7960 7961 7962
v 18.162366046287396 19.88437085147652 5.173435986116766
v 19.01070700326392 19.28436602691172 5.137235061119416
v 18.830593699348373 19.039227348543534 4.042137937811169
f 7963 7964 7965
v 18.162366046287396 19.88437085147652 5.173435986116766
v 18.830593699348373 19.039227348543534 4.042137937811169
v 17.991206739061777 19.632898655340405 4.078338862808518
f 7966 7967 7968
v 17.991206739061777 19.632898655340405 4.078338862808518
v 18.830593699348373 19.039227348543534 4.042137937811169
v 18.714953839810963 18.881838628679873 2.6622350611194157
f 7969 7970 7971
v 17.991206739061777 19.632898655340405 4.078338862808518
v 18.714953839810963 18.881838628679873 2.6622350611194157
v 17.881315699278446 19.471443566756946 2.698435986116765
f 7972 7973 7974
v 17.881315699278446 19.471443566756946 2.698435986116765
v 18.714953839810963 18.881838628679873 2.6622350611194157
v 18.675107059813495 18.827606171812686 1.1326009389634262
f 7975 7976 7977
v 17.881315699278446 19.471443566756946 2.698435986116765
v 18.675107059813495 18.827606171812686 1.1326009389634262
v 17.84344982756729 19.41580993472045 1.1688018639607758
f 7978 7979 7980
v 17.84344982756729 19.41580993472045 1.1688018639607758
v 18.675107059813495 18.827606171812686 1.1326009389634262
v 18.714953839810963 18.881838628679873 -0.39703318319256153
f 7981 7982 7983
v 17.84344982756729 19.41580993472045 1.1688018639607758
v 18.714953839810963 18.881838628679873 -0.39703318319256153
v 17.881315699278446 19.471443566756946 -0.3608322581952119
f 7984 7985 7986
v 17.881315699278446 19.471443566756946 -0.3608322581952119
v 18.714953839810963 18.881838628679873 -0.39703318319256153
v 18.830593699348373 19.039227348543534 -1.776936059884316
f 7987 7988 7989
v 17.881315699278446 19.471443566756946 -0.3608322581952119
v 18.830593699348373 19.039227348543534 -1.776936059884316
v 17.991206739061777 19.632898655340405 -1.7407351348869664
f 7990 7991 7992
v 17.991206739061777 19.632898655340405 -1.7407351348869664
v 18.830593699348373 19.039227348543534 -1.776936059884316
v 19.01070700326392 19.28436602691172 -2.8720331831925643
f 7993 7994 7995
v 17.991206739061777 19.632898655340405 -1.7407351348869664
v 19.01070700326392 19.28436602691172 -2.8720331831925643
v 18.162366046287396 19.88437085147652 -2.8358322581952145
f 7996 7997 7998
v 18.162366046287396 19.88437085147652 -2.8358322581952145
v 19.01070700326392 19.28436602691172 -2.8720331831925643
v 19.23766300644718 19.593258781964145 -3.5751288166975845
f 7999 8000 8001
v 18.162366046287396 19.88437085147652 -2.8358322581952145
v 19.23766300644718 19.593258781964145 -3.5751288166975845
v 18.378039355427045 20.201244304497674 -3.5389278917002347
f 8002 8003 8004
v 18.378039355427045 20.201244304497674 -3.5389278917002347
v 19.23766300644718 19.593258781964145 -3.5751288166975845
v 19.48924567401111 19.935669038653906 -3.817399061036575
f 8005 8006 8007
v 18.378039355427045 20.201244304497674 -3.5389278917002347
v 19.48924567401111 19.935669038653906 -3.817399061036575
v 18.61711506029783 20.55250123303499 -3.781198136039225
f 8008 8009 8010
v 18.61711506029783 20.55250123303499 -3.781198136039225
v 19.48924567401111 19.935669038653906 -3.817399061036575
v 19.740828341575043 20.27807929534367 -3.5751288166975854
f 8011 8012 8013
v 18.61711506029783 20.55250123303499 -3.781198136039225
v 19.740828341575043 20.27807929534367 -3.5751288166975854
v 18.85619076516862 20.90375816157231 -3.5389278917002356
f 8014 8015 8016
v 18.85619076516862 20.90375816157231 -3.5389278917002356
v 19.740828341575043 20.27807929534367 -3.5751288166975854
v 19.9677843447583 20.586972050396096 -2.872033183192565
f 8017 8018 8019
v 18.85619076516862 20.90375816157231 -3.5389278917002356
v 19.9677843447583 20.586972050396096 -2.872033183192565
v 19.071864074308266 21.220631614593465 -2.8358322581952153
f 8020 8021 8022
v 19.071864074308266 21.220631614593465 -2.8358322581952153
v 19.9677843447583 20.586972050396096 -2.872033183192565
v 20.147897648673847 20.83211072876428 -1.7769360598843178
f 8023 8024 8025
v 19.071864074308266 21.220631614593465 -2.8358322581952153
v 20.147897648673847 20.83211072876428 -1.7769360598843178
v 19.243023381533888 21.47210381072958 -1.7407351348869682
f 8026 8027 8028
v 19.243023381533888 21.47210381072958 -1.7407351348869682
v 20.147897648673847 20.83211072876428 -1.7769360598843178
v 20.263537508211257 20.989499448627942 -0.3970331831925653
f 8029 8030 8031
v 19.243023381533888 21.47210381072958 -1.7407351348869682
v 20.263537508211257 20.989499448627942 -0.3970331831925653
v 19.35291442131722 21.633558899313034 -0.3608322581952157
f 8032 8033 8034
v 19.35291442131722 21.633558899313034 -0.3608322581952157
v 20.263537508211257 20.989499448627942 -0.3970331831925653
v 20.303384288208726 21.04373190549513 1.1326009389634244
f 8035 8036 8037
v 19.35291442131722 21.633558899313034 -0.3608322581952157
v 20.303384288208726 21.04373190549513 1.1326009389634244
v 19.39078029302837 21.689192531349534 1.168801863960774
f 8038 8039 8040
v 20.303384288208726 21.04373190549513 1.1326009389634255
v 21.189499067277247 20.367492884953315 1.0947961090467535
v 21.14770011821526 20.314750367841107 2.6244302312027434
f 8041 8042 8043
v 20.303384288208726 21.04373190549513 1.1326009389634255
v 21.14770011821526 20.314750367841107 2.6244302312027434
v 20.263537508211257 20.989499448627942 2.662235061119415
f 8044 8045 8046
v 20.263537508211257 20.989499448627942 2.662235061119415
v 21.14770011821526 20.314750367841107 2.6244302312027434
v 21.02639484339388 20.16168562155816 4.004333107894496
f 8047 8048 8049
v 20.263537508211257 20.989499448627942 2.662235061119415
v 21.02639484339388 20.16168562155816 4.004333107894496
v 20.147897648673847 20.83211072876428 4.042137937811168
f 8050 8051 8052
v 20.147897648673847 20.83211072876428 4.042137937811168
v 21.02639484339388 20.16168562155816 4.004333107894496
v 20.83745744829618 19.92328168993544 5.099430231202744
f 8053 8054 8055
v 20.147897648673847 20.83211072876428 4.042137937811168
v 20.83745744829618 19.92328168993544 5.099430231202744
v 19.9677843447583 20.586972050396096 5.137235061119416
f 8056 8057 8058
v 19.9677843447583 20.586972050396096 5.137235061119416
v 20.83745744829618 19.92328168993544 5.099430231202744
v 20.599382441558557 19.622875210858044 5.802525864707763
f 8059 8060 8061
v 19.9677843447583 20.586972050396096 5.137235061119416
v 20.599382441558557 19.622875210858044 5.802525864707763
v 19.740828341575043 20.27807929534367 5.840330694624435
f 8062 8063 8064
v 19.740828341575043 20.27807929534367 5.840330694624435
v 20.599382441558557 19.622875210858044 5.802525864707763
v 20.3354742636066 19.289872063553084 6.044796109046754
f 8065 8066 8067
v 19.740828341575043 20.27807929534367 5.840330694624435
v 20.3354742636066 19.289872063553084 6.044796109046754
v 19.48924567401111 19.935669038653906 6.0826009389634255
f 8068 8069 8070
v 19.48924567401111 19.935669038653906 6.0826009389634255
v 20.3354742636066 19.289872063553084 6.044796109046754
v 20.07156608565464 18.95686891624812 5.802525864707764
f 8071 8072 8073
v 19.48924567401111 19.935669038653906 6.0826009389634255
v 20.07156608565464 18.95686891624812 5.802525864707764
v 19.23766300644718 19.593258781964145 5.840330694624436
f 8074 8075 8076
v 19.23766300644718 19.593258781964145 5.840330694624436
v 20.07156608565464 18.95686891624812 5.802525864707764
v 19.833491078917017 18.656462437170724 5.099430231202744
f 8077 8078 8079
v 19.23766300644718 19.593258781964145 5.840330694624436
v 19.833491078917017 18.656462437170724 5.099430231202744
v 19.01070700326392 19.28436602691172 5.137235061119416
f 8080 8081 8082
v 19.01070700326392 19.28436602691172 5.137235061119416
v 19.833491078917017 18.656462437170724 5.099430231202744
v 19.644553683819318 18.418058505548004 4.004333107894496
f 8083 8084 8085
v 19.01070700326392 19.28436602691172 5.137235061119416
v 19.644553683819318 18.418058505548004 4.004333107894496
v 18.830593699348373 19.039227348543534 4.042137937811169
f 8086 8087 8088
v 18.830593699348373 19.039227348543534 4.042137937811169
v 19.644553683819318 18.418058505548004 4.004333107894496
v 19.52324840899794 18.264993759265057 2.6244302312027434
f 8089 8090 8091
v 18.830593699348373 19.039227348543534 4.042137937811169
v 19.52324840899794 18.264993759265057 2.6244302312027434
v 18.714953839810963 18.881838628679873 2.6622350611194157
f 8092 8093 8094
v 18.714953839810963 18.881838628679873 2.6622350611194157
v 19.52324840899794 18.264993759265057 2.6244302312027434
v 19.481449459935952 18.21225124215285 1.0947961090467542
f 8095 8096 8097
v 18.714953839810963 18.881838628679873 2.6622350611194157
v 19.481449459935952 18.21225124215285 1.0947961090467542
v 18.675107059813495 18.827606171812686 1.1326009389634262
f 8098 8099 8100
v 18.675107059813495 18.827606171812686 1.1326009389634262
v 19.481449459935952 18.21225124215285 1.0947961090467542
v 19.52324840899794 18.264993759265057 -0.43483801310923353
f 8101 8102 8103
v 18.675107059813495 18.827606171812686 1.1326009389634262
v 19.52324840899794 18.264993759265057 -0.43483801310923353
v 18.714953839810963 18.881838628679873 -0.39703318319256153
f 8104 8105 8106
v 18.714953839810963 18.881838628679873 -0.39703318319256153
v 19.52324840899794 18.264993759265057 -0.43483801310923353
v 19.644553683819318 18.418058505548004 -1.814740889800988
f 8107 8108 8109
v 18.714953839810963 18.881838628679873 -0.39703318319256153
v 19.644553683819318 18.418058505548004 -1.814740889800988
v 18.830593699348373 19.039227348543534 -1.776936059884316
f 8110 8111 8112
v 18.830593699348373 19.039227348543534 -1.776936059884316
v 19.644553683819318 18.418058505548004 -1.814740889800988
v 19.833491078917017 18.656462437170724 -2.909838013109236
f 8113 8114 8115
v 18.830593699348373 19.039227348543534 -1.776936059884316
v 19.833491078917017 18.656462437170724 -2.909838013109236
v 19.01070700326392 19.28436602691172 -2.8720331831925643
f 8116 8117 8118
v 19.01070700326392 19.28436602691172 -2.8720331831925643
v 19.833491078917017 18.656462437170724 -2.909838013109236
v 20.07156608565464 18.95686891624812 -3.6129336466142563
f 8119 8120 8121
v 19.01070700326392 19.28436602691172 -2.8720331831925643
v 20.07156608565464 18.95686891624812 -3.6129336466142563
v 19.23766300644718 19.593258781964145 -3.5751288166975845
f 8122 8123 8124
v 19.23766300644718 19.593258781964145 -3.5751288166975845
v 20.07156608565464 18.95686891624812 -3.6129336466142563
v 20.3354742636066 19.289872063553084 -3.8552038909532467
f 8125 8126 8127
v 19.23766300644718 19.593258781964145 -3.5751288166975845
v 20.3354742636066 19.289872063553084 -3.8552038909532467
v 19.48924567401111 19.935669038653906 -3.817399061036575
f 8128 8129 8130
v 19.48924567401111 19.935669038653906 -3.817399061036575
v 20.3354742636066 19.289872063553084 -3.8552038909532467
v 20.599382441558557 19.622875210858044 -3.612933646614257
f 8131 8132 8133
v 19.48924567401111 19.935669038653906 -3.817399061036575
v 20.599382441558557 19.622875210858044 -3.612933646614257
v 19.740828341575043 20.27807929534367 -3.5751288166975854
f 8134 8135 8136
v 19.740828341575043 20.27807929534367 -3.5751288166975854
v 20.599382441558557 19.622875210858044 -3.612933646614257
v 20.83745744829618 19.92328168993544 -2.909838013109237
f 8137 8138 8139
v 19.740828341575043 20.27807929534367 -3.5751288166975854
v 20.83745744829618 19.92328168993544 -2.909838013109237
v 19.9677843447583 20.586972050396096 -2.872033183192565
f 8140 8141 8142
v 19.9677843447583 20.586972050396096 -2.872033183192565
v 20.83745744829618 19.92328168993544 -2.909838013109237
v 21.02639484339388 20.16168562155816 -1.8147408898009898
f 8143 8144 8145
v 19.9677843447583 20.586972050396096 -2.872033183192565
v 21.02639484339388 20.16168562155816 -1.8147408898009898
v 20.147897648673847 20.83211072876428 -1.7769360598843178
f 8146 8147 8148
v 20.147897648673847 20.83211072876428 -1.7769360598843178
v 21.02639484339388 20.16168562155816 -1.8147408898009898
v 21.14770011821526 20.314750367841107 -0.4348380131092373
f 8149 8150 8151
v 20.147897648673847 20.83211072876428 -1.7769360598843178
v 21.14770011821526 20.314750367841107 -0.4348380131092373
v 20.263537508211257 20.989499448627942 -0.3970331831925653
f 8152 8153 8154
v 20.263537508211257 20.989499448627942 -0.3970331831925653
v 21.14770011821526 20.314750367841107 -0.4348380131092373
v 21.189499067277247 20.367492884953315 1.0947961090467524
f 8155 8156 8157
v 20.263537508211257 20.989499448627942 -0.3970331831925653
v 21.189499067277247 20.367492884953315 1.0947961090467524
v 20.303384288208726 21.04373190549513 1.1326009389634244
f 8158 8159 8160
v 21.189499067277247 20.367492884953315 1.0947961090467535
v 22.047783269598067 19.661162743579712 1.0554409105893643
v 22.00406471374715 19.610000129022513 2.5850750327453538
f 8161 8162 8163
v 21.189499067277247 20.367492884953315 1.0947961090467535
v 22.00406471374715 19.610000129022513 2.5850750327453538
v 21.14770011821526 20.314750367841107 2.6244302312027434
f 8164 8165 8166
v 21.14770011821526 20.314750367841107 2.6244302312027434
v 22.00406471374715 19.610000129022513 2.5850750327453538
v 21.87718852304619 19.46152043853467 3.9649779094371063
f 8167 8168 8169
v 21.14770011821526 20.314750367841107 2.6244302312027434
v 21.87718852304619 19.46152043853467 3.9649779094371063
v 21.02639484339388 20.16168562155816 4.004333107894496
f 8170 8171 8172
v 21.02639484339388 20.16168562155816 4.004333107894496
v 21.87718852304619 19.46152043853467 3.9649779094371063
v 21.679574223039385 19.230257898739968 5.060075032745354
f 8173 8174 8175
v 21.02639484339388 20.16168562155816 4.004333107894496
v 21.679574223039385 19.230257898739968 5.060075032745354
v 20.83745744829618 19.92328168993544 5.099430231202744
f 8176 8177 8178
v 20.83745744829618 19.92328168993544 5.099430231202744
v 21.679574223039385 19.230257898739968 5.060075032745354
v 21.430565678271197 18.938850098334374 5.7631706662503746
f 8179 8180 8181
v 20.83745744829618 19.92328168993544 5.099430231202744
v 21.430565678271197 18.938850098334374 5.7631706662503746
v 20.599382441558557 19.622875210858044 5.802525864707763
f 8182 8183 8184
v 20.599382441558557 19.622875210858044 5.802525864707763
v 21.430565678271197 18.938850098334374 5.7631706662503746
v 21.154537580048082 18.61582206317912 6.005440910589364
f 8185 8186 8187
v 20.599382441558557 19.622875210858044 5.802525864707763
v 21.154537580048082 18.61582206317912 6.005440910589364
v 20.3354742636066 19.289872063553084 6.044796109046754
f 8188 8189 8190
v 20.3354742636066 19.289872063553084 6.044796109046754
v 21.154537580048082 18.61582206317912 6.005440910589364
v 20.87850948182497 18.292794028023867 5.7631706662503746
f 8191 8192 8193
v 20.3354742636066 19.289872063553084 6.044796109046754
v 20.87850948182497 18.292794028023867 5.7631706662503746
v 20.07156608565464 18.95686891624812 5.802525864707764
f 8194 8195 8196
v 20.07156608565464 18.95686891624812 5.802525864707764
v 20.87850948182497 18.292794028023867 5.7631706662503746
v 20.629500937056783 18.001386227618273 5.060075032745354
f 8197 8198 8199
v 20.07156608565464 18.95686891624812 5.802525864707764
v 20.629500937056783 18.001386227618273 5.060075032745354
v 19.833491078917017 18.656462437170724 5.099430231202744
f 8200 8201 8202
v 19.833491078917017 18.656462437170724 5.099430231202744
v 20.629500937056783 18.001386227618273 5.060075032745354
v 20.431886637049978 17.77012368782357 3.964977909437107
f 8203 8204 8205
v 19.833491078917017 18.656462437170724 5.099430231202744
v 20.431886637049978 17.77012368782357 3.964977909437107
v 19.644553683819318 18.418058505548004 4.004333107894496
f 8206 8207 8208
v 19.644553683819318 18.418058505548004 4.004333107894496
v 20.431886637049978 17.77012368782357 3.964977909437107
v 20.305010446349012 17.621643997335728 2.5850750327453547
f 8209 8210 8211
v 19.644553683819318 18.418058505548004 4.004333107894496
v 20.305010446349012 17.621643997335728 2.5850750327453547
v 19.52324840899794 18.264993759265057 2.6244302312027434
f 8212 8213 8214
v 19.52324840899794 18.264993759265057 2.6244302312027434
v 20.305010446349012 17.621643997335728 2.5850750327453547
v 20.2612918904981 17.570481382778528 1.055440910589365
f 8215 8216 8217
v 19.52324840899794 18.264993759265057 2.6244302312027434
v 20.2612918904981 17.570481382778528 1.055440910589365
v 19.481449459935952 18.21225124215285 1.0947961090467542
f 8218 8219 8220
v 19.481449459935952 18.21225124215285 1.0947961090467542
v 20.2612918904981 17.570481382778528 1.055440910589365
v 20.305010446349012 17.621643997335728 -0.47419321156662275
f 8221 8222 8223
v 19.481449459935952 18.21225124215285 1.0947961090467542
v 20.305010446349012 17.621643997335728 -0.47419321156662275
v 19.52324840899794 18.264993759265057 -0.43483801310923353
f 8224 8225 8226
v 19.52324840899794 18.264993759265057 -0.43483801310923353
v 20.305010446349012 17.621643997335728 -0.47419321156662275
v 20.431886637049978 17.77012368782357 -1.8540960882583772
f 8227 8228 8229
v 19.52324840899794 18.264993759265057 -0.43483801310923353
v 20.431886637049978 17.77012368782357 -1.8540960882583772
v 19.644553683819318 18.418058505548004 -1.814740889800988
f 8230 8231 8232
v 19.644553683819318 18.418058505548004 -1.814740889800988
v 20.431886637049978 17.77012368782357 -1.8540960882583772
v 20.629500937056783 18.001386227618273 -2.9491932115666253
f 8233 8234 8235
v 19.644553683819318 18.418058505548004 -1.814740889800988
v 20.629500937056783 18.001386227618273 -2.9491932115666253
v 19.833491078917017 18.656462437170724 -2.909838013109236
f 8236 8237 8238
v 19.833491078917017 18.656462437170724 -2.909838013109236
v 20.629500937056783 18.001386227618273 -2.9491932115666253
v 20.87850948182497 18.292794028023867 -3.6522888450716455
f 8239 8240 8241
v 19.833491078917017 18.656462437170724 -2.909838013109236
v 20.87850948182497 18.292794028023867 -3.6522888450716455
v 20.07156608565464 18.95686891624812 -3.6129336466142563
f 8242 8243 8244
v 20.07156608565464 18.95686891624812 -3.6129336466142563
v 20.87850948182497 18.292794028023867 -3.6522888450716455
v 21.154537580048082 18.61582206317912 -3.894559089410636
f 8245 8246 8247
v 20.07156608565464 18.95686891624812 -3.6129336466142563
v 21.154537580048082 18.61582206317912 -3.894559089410636
v 20.3354742636066 19.289872063553084 -3.8552038909532467
f 8248 8249 8250
v 20.3354742636066 19.289872063553084 -3.8552038909532467
v 21.154537580048082 18.61582206317912 -3.894559089410636
v 21.430565678271197 18.938850098334374 -3.6522888450716464
f 8251 8252 8253
v 20.3354742636066 19.289872063553084 -3.8552038909532467
v 21.430565678271197 18.938850098334374 -3.6522888450716464
v 20.599382441558557 19.622875210858044 -3.612933646614257
f 8254 8255 8256
v 20.599382441558557 19.622875210858044 -3.612933646614257
v 21.430565678271197 18.938850098334374 -3.6522888450716464
v 21.679574223039385 19.230257898739968 -2.949193211566626
f 8257 8258 8259
v 20.599382441558557 19.622875210858044 -3.612933646614257
v 21.679574223039385 19.230257898739968 -2.949193211566626
v 20.83745744829618 19.92328168993544 -2.909838013109237
f 8260 8261 8262
v 20.83745744829618 19.92328168993544 -2.909838013109237
v 21.679574223039385 19.230257898739968 -2.949193211566626
v 21.87718852304619 19.46152043853467 -1.854096088258379
f 8263 8264 8265
v 20.83745744829618 19.92328168993544 -2.909838013109237
v 21.87718852304619 19.46152043853467 -1.854096088258379
v 21.02639484339388 20.16168562155816 -1.8147408898009898
f 8266 8267 8268
v 21.02639484339388 20.16168562155816 -1.8147408898009898
v 21.87718852304619 19.46152043853467 -1.854096088258379
v 22.00406471374715 19.610000129022513 -0.4741932115666265
f 8269 8270 8271
v 21.02639484339388 20.16168562155816 -1.8147408898009898
v 22.00406471374715 19.610000129022513 -0.4741932115666265
v 21.14770011821526 20.314750367841107 -0.4348380131092373
f 8272 8273 8274
v 21.14770011821526 20.314750367841107 -0.4348380131092373
v 22.00406471374715 19.610000129022513 -0.4741932115666265
v 22.047783269598067 19.661162743579712 1.0554409105893632
f 8275 8276 8277
v 21.14770011821526 20.314750367841107 -0.4348380131092373
v 22.047783269598067 19.661162743579712 1.0554409105893632
v 21.189499067277247 20.367492884953315 1.0947961090467524
f 8278 8279 8280
v 22.047783269598067 19.661162743579712 1.0554409105893643
v 22.876904378342655 18.925477013245786 1.0145910754860812
v 22.831302928943344 18.87598526578522 2.5442251976420707
f 8281 8282 8283
v 22.047783269598067 19.661162743579712 1.0554409105893643
v 22.831302928943344 18.87598526578522 2.5442251976420707
v 22.00406471374715 19.610000129022513 2.5850750327453538
f 8284 8285 8286
v 22.00406471374715 19.610000129022513 2.5850750327453538
v 22.831302928943344 18.87598526578522 2.5442251976420707
v 22.698962368336595 18.732354620474254 3.924128074333823
f 8287 8288 8289
v 22.00406471374715 19.610000129022513 2.5850750327453538
v 22.698962368336595 18.732354620474254 3.924128074333823
v 21.87718852304619 19.46152043853467 3.9649779094371063
f 8290 8291 8292
v 21.87718852304619 19.46152043853467 3.9649779094371063
v 22.698962368336595 18.732354620474254 3.924128074333823
v 22.492837112665505 18.50864464560947 5.019225197642072
f 8293 8294 8295
v 21.87718852304619 19.46152043853467 3.9649779094371063
v 22.492837112665505 18.50864464560947 5.019225197642072
v 21.679574223039385 19.230257898739968 5.060075032745354
f 8296 8297 8298
v 21.679574223039385 19.230257898739968 5.060075032745354
v 22.492837112665505 18.50864464560947 5.019225197642072
v 22.23310413811426 18.22675363220968 5.722320831147091
f 8299 8300 8301
v 21.679574223039385 19.230257898739968 5.060075032745354
v 22.23310413811426 18.22675363220968 5.722320831147091
v 21.430565678271197 18.938850098334374 5.7631706662503746
f 8302 8303 8304
v 21.430565678271197 18.938850098334374 5.7631706662503746
v 22.23310413811426 18.22675363220968 5.722320831147091
v 21.945187917897982 17.91427503671664 5.964591075486082
f 8305 8306 8307
v 21.430565678271197 18.938850098334374 5.7631706662503746
v 21.945187917897982 17.91427503671664 5.964591075486082
v 21.154537580048082 18.61582206317912 6.005440910589364
f 8308 8309 8310
v 21.154537580048082 18.61582206317912 6.005440910589364
v 21.945187917897982 17.91427503671664 5.964591075486082
v 21.657271697681708 17.601796441223595 5.722320831147092
f 8311 8312 8313
v 21.154537580048082 18.61582206317912 6.005440910589364
v 21.657271697681708 17.601796441223595 5.722320831147092
v 20.87850948182497 18.292794028023867 5.7631706662503746
f 8314 8315 8316
v 20.87850948182497 18.292794028023867 5.7631706662503746
v 21.657271697681708 17.601796441223595 5.722320831147092
v 21.397538723130463 17.319905427823805 5.019225197642072
f 8317 8318 8319
v 20.87850948182497 18.292794028023867 5.7631706662503746
v 21.397538723130463 17.319905427823805 5.019225197642072
v 20.629500937056783 18.001386227618273 5.060075032745354
f 8320 8321 8322
v 20.629500937056783 18.001386227618273 5.060075032745354
v 21.397538723130463 17.319905427823805 5.019225197642072
v 21.191413467459373 17.09619545295902 3.924128074333824
f 8323 8324 8325
v 20.629500937056783 18.001386227618273 5.060075032745354
v 21.191413467459373 17.09619545295902 3.924128074333824
v 20.431886637049978 17.77012368782357 3.964977909437107
f 8326 8327 8328
v 20.431886637049978 17.77012368782357 3.964977909437107
v 21.191413467459373 17.09619545295902 3.924128074333824
v 21.059072906852627 16.952564807648052 2.5442251976420716
f 8329 8330 8331
v 20.431886637049978 17.77012368782357 3.964977909437107
v 21.059072906852627 16.952564807648052 2.5442251976420716
v 20.305010446349012 17.621643997335728 2.5850750327453547
f 8332 8333 8334
v 20.305010446349012 17.621643997335728 2.5850750327453547
v 21.059072906852627 16.952564807648052 2.5442251976420716
v 21.013471457453313 16.903073060187488 1.0145910754860819
f 8335 8336 8337
v 20.305010446349012 17.621643997335728 2.5850750327453547
v 21.013471457453313 16.903073060187488 1.0145910754860819
v 20.2612918904981 17.570481382778528 1.055440910589365
f 8338 8339 8340
v 20.2612918904981 17.570481382778528 1.055440910589365
v 21.013471457453313 16.903073060187488 1.0145910754860819
v 21.059072906852627 16.952564807648052 -0.5150430466699059
f 8341 8342 8343
v 20.2612918904981 17.570481382778528 1.055440910589365
v 21.059072906852627 16.952564807648052 -0.5150430466699059
v 20.305010446349012 17.621643997335728 -0.47419321156662275
f 8344 8345 8346
v 20.305010446349012 17.621643997335728 -0.47419321156662275
v 21.059072906852627 16.952564807648052 -0.5150430466699059
v 21.191413467459373 17.09619545295902 -1.8949459233616603
f 8347 8348 8349
v 20.305010446349012 17.621643997335728 -0.47419321156662275
v 21.191413467459373 17.09619545295902 -1.8949459233616603
v 20.431886637049978 17.77012368782357 -1.8540960882583772
f 8350 8351 8352
v 20.431886637049978 17.77012368782357 -1.8540960882583772
v 21.191413467459373 17.09619545295902 -1.8949459233616603
v 21.397538723130463 17.319905427823805 -2.9900430466699084
f 8353 8354 8355
v 20.431886637049978 17.77012368782357 -1.8540960882583772
v 21.397538723130463 17.319905427823805 -2.9900430466699084
v 20.629500937056783 18.001386227618273 -2.9491932115666253
f 8356 8357 8358
v 20.629500937056783 18.001386227618273 -2.9491932115666253
v 21.397538723130463 17.319905427823805 -2.9900430466699084
v 21.657271697681708 17.601796441223595 -3.6931386801749286
f 8359 8360 8361
v 20.629500937056783 18.001386227618273 -2.9491932115666253
v 21.657271697681708 17.601796441223595 -3.6931386801749286
v 20.87850948182497 18.292794028023867 -3.6522888450716455
f 8362 8363 8364
v 20.87850948182497 18.292794028023867 -3.6522888450716455
v 21.657271697681708 17.601796441223595 -3.6931386801749286
v 21.945187917897982 17.91427503671664 -3.935408924513919
f 8365 8366 8367
v 20.87850948182497 18.292794028023867 -3.6522888450716455
v 21.945187917897982 17.91427503671664 -3.935408924513919
v 21.154537580048082 18.61582206317912 -3.894559089410636
f 8368 8369 8370
v 21.154537580048082 18.61582206317912 -3.894559089410636
v 21.945187917897982 17.91427503671664 -3.935408924513919
v 22.23310413811426 18.22675363220968 -3.6931386801749295
f 8371 8372 8373
v 21.154537580048082 18.61582206317912 -3.894559089410636
v 22.23310413811426 18.22675363220968 -3.6931386801749295
v 21.430565678271197 18.938850098334374 -3.6522888450716464
f 8374 8375 8376
v 21.430565678271197 18.938850098334374 -3.6522888450716464
v 22.23310413811426 18.22675363220968 -3.6931386801749295
v 22.492837112665505 18.50864464560947 -2.9900430466699093
f 8377 8378 8379
v 21.430565678271197 18.938850098334374 -3.6522888450716464
v 22.492837112665505 18.50864464560947 -2.9900430466699093
v 21.679574223039385 19.230257898739968 -2.949193211566626
f 8380 8381 8382
v 21.679574223039385 19.230257898739968 -2.949193211566626
v 22.492837112665505 18.50864464560947 -2.9900430466699093
v 22.698962368336595 18.732354620474254 -1.8949459233616621
f 8383 8384 8385
v 21.679574223039385 19.230257898739968 -2.949193211566626
v 22.698962368336595 18.732354620474254 -1.8949459233616621
v 21.87718852304619 19.46152043853467 -1.854096088258379
f 8386 8387 8388
v 21.87718852304619 19.46152043853467 -1.854096088258379
v 22.698962368336595 18.732354620474254 -1.8949459233616621
v 22.831302928943344 18.87598526578522 -0.5150430466699096
f 8389 8390 8391
v 21.87718852304619 19.46152043853467 -1.854096088258379
v 22.831302928943344 18.87598526578522 -0.5150430466699096
v 22.00406471374715 19.610000129022513 -0.4741932115666265
f 8392 8393 8394
v 22.00406471374715 19.610000129022513 -0.4741932115666265
v 22.831302928943344 18.87598526578522 -0.5150430466699096
v 22.876904378342655 18.925477013245786 1.01459107548608
f 8395 8396 8397
v 22.00406471374715 19.610000129022513 -0.4741932115666265
v 22.876904378342655 18.925477013245786 1.01459107548608
v 22.047783269598067 19.661162743579712 1.0554409105893632
f 8398 8399 8400
v 22.876904378342655 18.925477013245786 1.0145910754860812
v 23.675540190186553 18.16122228664906 0.9723044522245947
v 23.628097038583345 18.113493127637266 2.5019385743805844
f 8401 8402 8403
v 22.876904378342655 18.925477013245786 1.0145910754860812
v 23.628097038583345 18.113493127637266 2.5019385743805844
v 22.831302928943344 18.87598526578522 2.5442251976420707
f 8404 8405 8406
v 22.831302928943344 18.87598526578522 2.5442251976420707
v 23.628097038583345 18.113493127637266 2.5019385743805844
v 23.490411650008518 17.974977713234566 3.8818414510723365
f 8407 8408 8409
v 22.831302928943344 18.87598526578522 2.5442251976420707
v 23.490411650008518 17.974977713234566 3.8818414510723365
v 22.698962368336595 18.732354620474254 3.924128074333823
f 8410 8411 8412
v 22.698962368336595 18.732354620474254 3.924128074333823
v 23.490411650008518 17.974977713234566 3.8818414510723365
v 23.275961629606286 17.75923489729633 4.976938574380585
f 8413 8414 8415
v 22.698962368336595 18.732354620474254 3.924128074333823
v 23.275961629606286 17.75923489729633 4.976938574380585
v 22.492837112665505 18.50864464560947 5.019225197642072
f 8416 8417 8418
v 22.492837112665505 18.50864464560947 5.019225197642072
v 23.275961629606286 17.75923489729633 4.976938574380585
v 23.005738839534775 17.48738308981519 5.680034207885605
f 8419 8420 8421
v 22.492837112665505 18.50864464560947 5.019225197642072
v 23.005738839534775 17.48738308981519 5.680034207885605
v 22.23310413811426 18.22675363220968 5.722320831147091
f 8422 8423 8424
v 22.23310413811426 18.22675363220968 5.722320831147091
v 23.005738839534775 17.48738308981519 5.680034207885605
v 22.706194569239063 17.186033039810308 5.922304452224595
f 8425 8426 8427
v 22.23310413811426 18.22675363220968 5.722320831147091
v 22.706194569239063 17.186033039810308 5.922304452224595
v 21.945187917897982 17.91427503671664 5.964591075486082
f 8428 8429 8430
v 21.945187917897982 17.91427503671664 5.964591075486082
v 22.706194569239063 17.186033039810308 5.922304452224595
v 22.406650298943354 16.88468298980543 5.680034207885606
f 8431 8432 8433
v 21.945187917897982 17.91427503671664 5.964591075486082
v 22.406650298943354 16.88468298980543 5.680034207885606
v 21.657271697681708 17.601796441223595 5.722320831147092
f 8434 8435 8436
v 21.657271697681708 17.601796441223595 5.722320831147092
v 22.406650298943354 16.88468298980543 5.680034207885606
v 22.136427508871844 16.612831182324285 4.976938574380585
f 8437 8438 8439
v 21.657271697681708 17.601796441223595 5.722320831147092
v 22.136427508871844 16.612831182324285 4.976938574380585
v 21.397538723130463 17.319905427823805 5.019225197642072
f 8440 8441 8442
v 21.397538723130463 17.319905427823805 5.019225197642072
v 22.136427508871844 16.612831182324285 4.976938574380585
v 21.92197748846961 16.397088366386054 3.8818414510723374
f 8443 8444 8445
v 21.397538723130463 17.319905427823805 5.019225197642072
v 21.92197748846961 16.397088366386054 3.8818414510723374
v 21.191413467459373 17.09619545295902 3.924128074333824
f 8446 8447 8448
v 21.191413467459373 17.09619545295902 3.924128074333824
v 21.92197748846961 16.397088366386054 3.8818414510723374
v 21.784292099894785 16.25857295198335 2.501938574380585
f 8449 8450 8451
v 21.191413467459373 17.09619545295902 3.924128074333824
v 21.784292099894785 16.25857295198335 2.501938574380585
v 21.059072906852627 16.952564807648052 2.5442251976420716
f 8452 8453 8454
v 21.059072906852627 16.952564807648052 2.5442251976420716
v 21.784292099894785 16.25857295198335 2.501938574380585
v 21.736848948291577 16.21084379297156 0.9723044522245953
f 8455 8456 8457
v 21.059072906852627 16.952564807648052 2.5442251976420716
v 21.736848948291577 16.21084379297156 0.9723044522245953
v 21.013471457453313 16.903073060187488 1.0145910754860819
f 8458 8459 8460
v 21.013471457453313 16.903073060187488 1.0145910754860819
v 21.736848948291577 16.21084379297156 0.9723044522245953
v 21.784292099894785 16.25857295198335 -0.5573296699313923
f 8461 8462 8463
v 21.013471457453313 16.903073060187488 1.0145910754860819
v 21.784292099894785 16.25857295198335 -0.5573296699313923
v 21.059072906852627 16.952564807648052 -0.5150430466699059
f 8464 8465 8466
v 21.059072906852627 16.952564807648052 -0.5150430466699059
v 21.784292099894785 16.25857295198335 -0.5573296699313923
v 21.92197748846961 16.397088366386054 -1.9372325466231468
f 8467 8468 8469
v 21.059072906852627 16.952564807648052 -0.5150430466699059
v 21.92197748846961 16.397088366386054 -1.9372325466231468
v 21.191413467459373 17.09619545295902 -1.8949459233616603
f 8470 8471 8472
v 21.191413467459373 17.09619545295902 -1.8949459233616603
v 21.92197748846961 16.397088366386054 -1.9372325466231468
v 22.13642750887184 16.612831182324285 -3.0323296699313946
f 8473 8474 8475
v 21.191413467459373 17.09619545295902 -1.8949459233616603
v 22.13642750887184 16.612831182324285 -3.0323296699313946
v 21.397538723130463 17.319905427823805 -2.9900430466699084
f 8476 8477 8478
v 21.397538723130463 17.319905427823805 -2.9900430466699084
v 22.13642750887184 16.612831182324285 -3.0323296699313946
v 22.406650298943354 16.88468298980543 -3.735425303436415
f 8479 8480 8481
v 21.397538723130463 17.319905427823805 -2.9900430466699084
v 22.406650298943354 16.88468298980543 -3.735425303436415
v 21.657271697681708 17.601796441223595 -3.6931386801749286
f 8482 8483 8484
v 21.657271697681708 17.601796441223595 -3.6931386801749286
v 22.406650298943354 16.88468298980543 -3.735425303436415
v 22.706194569239063 17.186033039810308 -3.9776955477754052
f 8485 8486 8487
v 21.657271697681708 17.601796441223595 -3.6931386801749286
v 22.706194569239063 17.186033039810308 -3.9776955477754052
v 21.945187917897982 17.91427503671664 -3.935408924513919
f 8488 8489 8490
v 21.945187917897982 17.91427503671664 -3.935408924513919
v 22.706194569239063 17.186033039810308 -3.9776955477754052
v 23.005738839534775 17.48738308981519 -3.7354253034364158
f 8491 8492 8493
v 21.945187917897982 17.91427503671664 -3.935408924513919
v 23.005738839534775 17.48738308981519 -3.7354253034364158
v 22.23310413811426 18.22675363220968 -3.6931386801749295
f 8494 8495 8496
v 22.23310413811426 18.22675363220968 -3.6931386801749295
v 23.005738839534775 17.48738308981519 -3.7354253034364158
v 23.275961629606286 17.75923489729633 -3.0323296699313955
f 8497 8498 8499
v 22.23310413811426 18.22675363220968 -3.6931386801749295
v 23.275961629606286 17.75923489729633 -3.0323296699313955
v 22.492837112665505 18.50864464560947 -2.9900430466699093
f 8500 8501 8502
v 22.492837112665505 18.50864464560947 -2.9900430466699093
v 23.275961629606286 17.75923489729633 -3.0323296699313955
v 23.490411650008518 17.974977713234566 -1.9372325466231486
f 8503 8504 8505
v 22.492837112665505 18.50864464560947 -2.9900430466699093
v 23.490411650008518 17.974977713234566 -1.9372325466231486
v 22.698962368336595 18.732354620474254 -1.8949459233616621
f 8506 8507 8508
v 22.698962368336595 18.732354620474254 -1.8949459233616621
v 23.490411650008518 17.974977713234566 -1.9372325466231486
v 23.628097038583345 18.113493127637266 -0.5573296699313961
f 8509 8510 8511
v 22.698962368336595 18.732354620474254 -1.8949459233616621
v 23.628097038583345 18.113493127637266 -0.5573296699313961
v 22.831302928943344 18.87598526578522 -0.5150430466699096
f 8512 8513 8514
v 22.831302928943344 18.87598526578522 -0.5150430466699096
v 23.628097038583345 18.113493127637266 -0.5573296699313961
v 23.675540190186553 18.16122228664906 0.9723044522245935
f 8515 8516 8517
v 22.831302928943344 18.87598526578522 -0.5150430466699096
v 23.675540190186553 18.16122228664906 0.9723044522245935
v 22.876904378342655 18.925477013245786 1.01459107548608
f 8518 8519 8520
v 23.675540190186553 18.16122228664906 0.9723044522245947
v 24.442380715563274 17.36923921138885 0.928640923964751
v 24.39314185166138 17.323364822720787 2.4582750461207405
f 8521 8522 8523
v 23.675540190186553 18.16122228664906 0.9723044522245947
v 24.39314185166138 17.323364822720787 2.4582750461207405
v 23.628097038583345 18.113493127637266 2.5019385743805844
f 8524 8525 8526
v 23.628097038583345 18.113493127637266 2.5019385743805844
v 24.39314185166138 17.323364822720787 2.4582750461207405
v 24.25024510302175 17.19023216150508 3.838177922812493
f 8527 8528 8529
v 23.628097038583345 18.113493127637266 2.5019385743805844
v 24.25024510302175 17.19023216150508 3.838177922812493
v 23.490411650008518 17.974977713234566 3.8818414510723365
f 8530 8531 8532
v 23.490411650008518 17.974977713234566 3.8818414510723365
v 24.25024510302175 17.19023216150508 3.838177922812493
v 24.027678199021427 16.98287318021132 4.933275046120741
f 8533 8534 8535
v 23.490411650008518 17.974977713234566 3.8818414510723365
v 24.027678199021427 16.98287318021132 4.933275046120741
v 23.275961629606286 17.75923489729633 4.976938574380585
f 8536 8537 8538
v 23.275961629606286 17.75923489729633 4.976938574380585
v 24.027678199021427 16.98287318021132 4.933275046120741
v 23.747227538938763 16.72158562068352 5.63637067962576
f 8539 8540 8541
v 23.275961629606286 17.75923489729633 4.976938574380585
v 23.747227538938763 16.72158562068352 5.63637067962576
v 23.005738839534775 17.48738308981519 5.680034207885605
f 8542 8543 8544
v 23.005738839534775 17.48738308981519 5.680034207885605
v 23.747227538938763 16.72158562068352 5.63637067962576
v 23.436345587397298 16.431946129745725 5.878640923964751
f 8545 8546 8547
v 23.005738839534775 17.48738308981519 5.680034207885605
v 23.436345587397298 16.431946129745725 5.878640923964751
v 22.706194569239063 17.186033039810308 5.922304452224595
f 8548 8549 8550
v 22.706194569239063 17.186033039810308 5.922304452224595
v 23.436345587397298 16.431946129745725 5.878640923964751
v 23.125463635855834 16.142306638807934 5.636370679625761
f 8551 8552 8553
v 22.706194569239063 17.186033039810308 5.922304452224595
v 23.125463635855834 16.142306638807934 5.636370679625761
v 22.406650298943354 16.88468298980543 5.680034207885606
f 8554 8555 8556
v 22.406650298943354 16.88468298980543 5.680034207885606
v 23.125463635855834 16.142306638807934 5.636370679625761
v 22.84501297577317 15.881019079280133 4.933275046120741
f 8557 8558 8559
v 22.406650298943354 16.88468298980543 5.680034207885606
v 22.84501297577317 15.881019079280133 4.933275046120741
v 22.136427508871844 16.612831182324285 4.976938574380585
f 8560 8561 8562
v 22.136427508871844 16.612831182324285 4.976938574380585
v 22.84501297577317 15.881019079280133 4.933275046120741
v 22.622446071772845 15.673660097986373 3.838177922812494
f 8563 8564 8565
v 22.136427508871844 16.612831182324285 4.976938574380585
v 22.622446071772845 15.673660097986373 3.838177922812494
v 21.92197748846961 16.397088366386054 3.8818414510723374
f 8566 8567 8568
v 21.92197748846961 16.397088366386054 3.8818414510723374
v 22.622446071772845 15.673660097986373 3.838177922812494
v 22.479549323133217 15.540527436770667 2.458275046120741
f 8569 8570 8571
v 21.92197748846961 16.397088366386054 3.8818414510723374
v 22.479549323133217 15.540527436770667 2.458275046120741
v 21.784292099894785 16.25857295198335 2.501938574380585
f 8572 8573 8574
v 21.784292099894785 16.25857295198335 2.501938574380585
v 22.479549323133217 15.540527436770667 2.458275046120741
v 22.430310459231322 15.4946530481026 0.9286409239647515
f 8575 8576 8577
v 21.784292099894785 16.25857295198335 2.501938574380585
v 22.430310459231322 15.4946530481026 0.9286409239647515
v 21.736848948291577 16.21084379297156 0.9723044522245953
f 8578 8579 8580
v 21.736848948291577 16.21084379297156 0.9723044522245953
v 22.430310459231322 15.4946530481026 0.9286409239647515
v 22.479549323133217 15.540527436770667 -0.6009931981912361
f 8581 8582 8583
v 21.736848948291577 16.21084379297156 0.9723044522245953
v 22.479549323133217 15.540527436770667 -0.6009931981912361
v 21.784292099894785 16.25857295198335 -0.5573296699313923
f 8584 8585 8586
v 21.784292099894785 16.25857295198335 -0.5573296699313923
v 22.479549323133217 15.540527436770667 -0.6009931981912361
v 22.622446071772845 15.673660097986373 -1.9808960748829905
f 8587 8588 8589
v 21.784292099894785 16.25857295198335 -0.5573296699313923
v 22.622446071772845 15.673660097986373 -1.9808960748829905
v 21.92197748846961 16.397088366386054 -1.9372325466231468
f 8590 8591 8592
v 21.92197748846961 16.397088366386054 -1.9372325466231468
v 22.622446071772845 15.673660097986373 -1.9808960748829905
v 22.84501297577317 15.881019079280133 -3.0759931981912385
f 8593 8594 8595
v 21.92197748846961 16.397088366386054 -1.9372325466231468
v 22.84501297577317 15.881019079280133 -3.0759931981912385
v 22.13642750887184 16.612831182324285 -3.0323296699313946
f 8596 8597 8598
v 22.13642750887184 16.612831182324285 -3.0323296699313946
v 22.84501297577317 15.881019079280133 -3.0759931981912385
v 23.125463635855834 16.142306638807934 -3.7790888316962588
f 8599 8600 8601
v 22.13642750887184 16.612831182324285 -3.0323296699313946
v 23.125463635855834 16.142306638807934 -3.7790888316962588
v 22.406650298943354 16.88468298980543 -3.735425303436415
f 8602 8603 8604
v 22.406650298943354 16.88468298980543 -3.735425303436415
v 23.125463635855834 16.142306638807934 -3.7790888316962588
v 23.436345587397298 16.431946129745725 -4.02135907603525
f 8605 8606 8607
v 22.406650298943354 16.88468298980543 -3.735425303436415
v 23.436345587397298 16.431946129745725 -4.02135907603525
v 22.706194569239063 17.186033039810308 -3.9776955477754052
f 8608 8609 8610
v 22.706194569239063 17.186033039810308 -3.9776955477754052
v 23.436345587397298 16.431946129745725 -4.02135907603525
v 23.747227538938763 16.72158562068352 -3.7790888316962596
f 8611 8612 8613
v 22.706194569239063 17.186033039810308 -3.9776955477754052
v 23.747227538938763 16.72158562068352 -3.7790888316962596
v 23.005738839534775 17.48738308981519 -3.7354253034364158
f 8614 8615 8616
v 23.005738839534775 17.48738308981519 -3.7354253034364158
v 23.747227538938763 16.72158562068352 -3.7790888316962596
v 24.027678199021427 16.98287318021132 -3.0759931981912394
f 8617 8618 8619
v 23.005738839534775 17.48738308981519 -3.7354253034364158
v 24.027678199021427 16.98287318021132 -3.0759931981912394
v 23.275961629606286 17.75923489729633 -3.0323296699313955
f 8620 8621 8622
v 23.275961629606286 17.75923489729633 -3.0323296699313955
v 24.027678199021427 16.98287318021132 -3.0759931981912394
v 24.25024510302175 17.19023216150508 -1.9808960748829922
f 8623 8624 8625
v 23.275961629606286 17.75923489729633 -3.0323296699313955
v 24.25024510302175 17.19023216150508 -1.9808960748829922
v 23.490411650008518 17.974977713234566 -1.9372325466231486
f 8626 8627 8628
v 23.490411650008518 17.974977713234566 -1.9372325466231486
v 24.25024510302175 17.19023216150508 -1.9808960748829922
v 24.39314185166138 17.323364822720787 -0.6009931981912399
f 8629 8630 8631
v 23.490411650008518 17.974977713234566 -1.9372325466231486
v 24.39314185166138 17.323364822720787 -0.6009931981912399
v 23.628097038583345 18.113493127637266 -0.5573296699313961
f 8632 8633 8634
v 23.628097038583345 18.113493127637266 -0.5573296699313961
v 24.39314185166138 17.323364822720787 -0.6009931981912399
v 24.442380715563274 17.36923921138885 0.9286409239647497
f 8635 8636 8637
v 23.628097038583345 18.113493127637266 -0.5573296699313961
v 24.442380715563274 17.36923921138885 0.9286409239647497
v 23.675540190186553 18.16122228664906 0.9723044522245935
f 8638 8639 8640
v 24.442380715563274 17.36923921138885 0.928640923964751
v 25.176130581904815 16.55042562084927 0.8836623237364924
v 25.125147101124664 16.506498295167432 2.413296445892482
f 8641 8642 8643
v 24.442380715563274 17.36923921138885 0.928640923964751
v 25.125147101124664 16.506498295167432 2.413296445892482
v 24.39314185166138 17.323364822720787 2.4582750461207405
f 8644 8645 8646
v 24.39314185166138 17.323364822720787 2.4582750461207405
v 25.125147101124664 16.506498295167432 2.413296445892482
v 24.977187277105774 16.379016230819335 3.7931993225842344
f 8647 8648 8649
v 24.39314185166138 17.323364822720787 2.4582750461207405
v 24.977187277105774 16.379016230819335 3.7931993225842344
v 24.25024510302175 17.19023216150508 3.838177922812493
f 8650 8651 8652
v 24.25024510302175 17.19023216150508 3.838177922812493
v 24.977187277105774 16.379016230819335 3.7931993225842344
v 24.746734448319827 16.18045826048314 4.8882964458924825
f 8653 8654 8655
v 24.25024510302175 17.19023216150508 3.838177922812493
v 24.746734448319827 16.18045826048314 4.8882964458924825
v 24.027678199021427 16.98287318021132 4.933275046120741
f 8656 8657 8658
v 24.027678199021427 16.98287318021132 4.933275046120741
v 24.746734448319827 16.18045826048314 4.8882964458924825
v 24.45634694330766 15.93026062173008 5.591392079397503
f 8659 8660 8661
v 24.027678199021427 16.98287318021132 4.933275046120741
v 24.45634694330766 15.93026062173008 5.591392079397503
v 23.747227538938763 16.72158562068352 5.63637067962576
f 8662 8663 8664
v 23.747227538938763 16.72158562068352 5.63637067962576
v 24.45634694330766 15.93026062173008 5.591392079397503
v 24.134449914308586 15.652914402670758 5.833662323736492
f 8665 8666 8667
v 23.747227538938763 16.72158562068352 5.63637067962576
v 24.134449914308586 15.652914402670758 5.833662323736492
v 23.436345587397298 16.431946129745725 5.878640923964751
f 8668 8669 8670
v 23.436345587397298 16.431946129745725 5.878640923964751
v 24.134449914308586 15.652914402670758 5.833662323736492
v 23.81255288530951 15.375568183611437 5.591392079397503
f 8671 8672 8673
v 23.436345587397298 16.431946129745725 5.878640923964751
v 23.81255288530951 15.375568183611437 5.591392079397503
v 23.125463635855834 16.142306638807934 5.636370679625761
f 8674 8675 8676
v 23.125463635855834 16.142306638807934 5.636370679625761
v 23.81255288530951 15.375568183611437 5.591392079397503
v 23.522165380297345 15.125370544858377 4.8882964458924825
f 8677 8678 8679
v 23.125463635855834 16.142306638807934 5.636370679625761
v 23.522165380297345 15.125370544858377 4.8882964458924825
v 22.84501297577317 15.881019079280133 4.933275046120741
f 8680 8681 8682
v 22.84501297577317 15.881019079280133 4.933275046120741
v 23.522165380297345 15.125370544858377 4.8882964458924825
v 23.291712551511395 14.926812574522181 3.7931993225842353
f 8683 8684 8685
v 22.84501297577317 15.881019079280133 4.933275046120741
v 23.291712551511395 14.926812574522181 3.7931993225842353
v 22.622446071772845 15.673660097986373 3.838177922812494
f 8686 8687 8688
v 22.622446071772845 15.673660097986373 3.838177922812494
v 23.291712551511395 14.926812574522181 3.7931993225842353
v 23.143752727492508 14.799330510174084 2.413296445892483
f 8689 8690 8691
v 22.622446071772845 15.673660097986373 3.838177922812494
v 23.143752727492508 14.799330510174084 2.413296445892483
v 22.479549323133217 15.540527436770667 2.458275046120741
f 8692 8693 8694
v 22.479549323133217 15.540527436770667 2.458275046120741
v 23.143752727492508 14.799330510174084 2.413296445892483
v 23.092769246712358 14.755403184492247 0.883662323736493
f 8695 8696 8697
v 22.479549323133217 15.540527436770667 2.458275046120741
v 23.092769246712358 14.755403184492247 0.883662323736493
v 22.430310459231322 15.4946530481026 0.9286409239647515
f 8698 8699 8700
v 22.430310459231322 15.4946530481026 0.9286409239647515
v 23.092769246712358 14.755403184492247 0.883662323736493
v 23.143752727492508 14.799330510174084 -0.6459717984194946
f 8701 8702 8703
v 22.430310459231322 15.4946530481026 0.9286409239647515
v 23.143752727492508 14.799330510174084 -0.6459717984194946
v 22.479549323133217 15.540527436770667 -0.6009931981912361
f 8704 8705 8706
v 22.479549323133217 15.540527436770667 -0.6009931981912361
v 23.143752727492508 14.799330510174084 -0.6459717984194946
v 23.291712551511395 14.926812574522181 -2.025874675111249
f 8707 8708 8709
v 22.479549323133217 15.540527436770667 -0.6009931981912361
v 23.291712551511395 14.926812574522181 -2.025874675111249
v 22.622446071772845 15.673660097986373 -1.9808960748829905
f 8710 8711 8712
v 22.622446071772845 15.673660097986373 -1.9808960748829905
v 23.291712551511395 14.926812574522181 -2.025874675111249
v 23.522165380297345 15.125370544858377 -3.120971798419497
f 8713 8714 8715
v 22.622446071772845 15.673660097986373 -1.9808960748829905
v 23.522165380297345 15.125370544858377 -3.120971798419497
v 22.84501297577317 15.881019079280133 -3.0759931981912385
f 8716 8717 8718
v 22.84501297577317 15.881019079280133 -3.0759931981912385
v 23.522165380297345 15.125370544858377 -3.120971798419497
v 23.81255288530951 15.375568183611437 -3.8240674319245174
f 8719 8720 8721
v 22.84501297577317 15.881019079280133 -3.0759931981912385
v 23.81255288530951 15.375568183611437 -3.8240674319245174
v 23.125463635855834 16.142306638807934 -3.7790888316962588
f 8722 8723 8724
v 23.125463635855834 16.142306638807934 -3.7790888316962588
v 23.81255288530951 15.375568183611437 -3.8240674319245174
v 24.134449914308586 15.652914402670758 -4.066337676263508
f 8725 8726 8727
v 23.125463635855834 16.142306638807934 -3.7790888316962588
v 24.134449914308586 15.652914402670758 -4.066337676263508
v 23.436345587397298 16.431946129745725 -4.02135907603525
f 8728 8729 8730
v 23.436345587397298 16.431946129745725 -4.02135907603525
v 24.134449914308586 15.652914402670758 -4.066337676263508
v 24.45634694330766 15.93026062173008 -3.8240674319245183
f 8731 8732 8733
v 23.436345587397298 16.431946129745725 -4.02135907603525
v 24.45634694330766 15.93026062173008 -3.8240674319245183
v 23.747227538938763 16.72158562068352 -3.7790888316962596
f 8734 8735 8736
v 23.747227538938763 16.72158562068352 -3.7790888316962596
v 24.45634694330766 15.93026062173008 -3.8240674319245183
v 24.746734448319827 16.18045826048314 -3.120971798419498
f 8737 8738 8739
v 23.747227538938763 16.72158562068352 -3.7790888316962596
v 24.746734448319827 16.18045826048314 -3.120971798419498
v 24.027678199021427 16.98287318021132 -3.0759931981912394
f 8740 8741 8742
v 24.027678199021427 16.98287318021132 -3.0759931981912394
v 24.746734448319827 16.18045826048314 -3.120971798419498
v 24.977187277105774 16.379016230819335 -2.025874675111251
f 8743 8744 8745
v 24.027678199021427 16.98287318021132 -3.0759931981912394
v 24.977187277105774 16.379016230819335 -2.025874675111251
v 24.25024510302175 17.19023216150508 -1.9808960748829922
f 8746 8747 8748
v 24.25024510302175 17.19023216150508 -1.9808960748829922
v 24.977187277105774 16.379016230819335 -2.025874675111251
v 25.125147101124664 16.506498295167432 -0.6459717984194984
f 8749 8750 8751
v 24.25024510302175 17.19023216150508 -1.9808960748829922
v 25.125147101124664 16.506498295167432 -0.6459717984194984
v 24.39314185166138 17.323364822720787 -0.6009931981912399
f 8752 8753 8754
v 24.39314185166138 17.323364822720787 -0.6009931981912399
v 25.125147101124664 16.506498295167432 -0.6459717984194984
v 25.176130581904815 16.55042562084927 0.8836623237364912
f 8755 8756 8757
v 24.39314185166138 17.323364822720787 -0.6009931981912399
v 25.176130581904815 16.55042562084927 0.8836623237364912
v 24.442380715563274 17.36923921138885 0.9286409239647497
f 8758 8759 8760
v 25.176130581904815 16.55042562084927 0.8836623237364924
v 25.87551200934616 15.705739728524259 0.837432346876533
v 25.822840398383143 15.663851464623994 2.3670664690325225
f 8761 8762 8763
v 25.176130581904815 16.55042562084927 0.8836623237364924
v 25.822840398383143 15.663851464623994 2.3670664690325225
v 25.125147101124664 16.506498295167432 2.413296445892482
f 8764 8765 8766
v 25.125147101124664 16.506498295167432 2.413296445892482
v 25.822840398383143 15.663851464623994 2.3670664690325225
v 25.669981429759837 15.542286988046449 3.746969345724275
f 8767 8768 8769
v 25.125147101124664 16.506498295167432 2.413296445892482
v 25.669981429759837 15.542286988046449 3.746969345724275
v 24.977187277105774 16.379016230819335 3.7931993225842344
f 8770 8771 8772
v 24.977187277105774 16.379016230819335 3.7931993225842344
v 25.669981429759837 15.542286988046449 3.746969345724275
v 25.43189800435615 15.35294587674855 4.842066469032524
f 8773 8774 8775
v 24.977187277105774 16.379016230819335 3.7931993225842344
v 25.43189800435615 15.35294587674855 4.842066469032524
v 24.746734448319827 16.18045826048314 4.8882964458924825
f 8776 8777 8778
v 24.746734448319827 16.18045826048314 4.8882964458924825
v 25.43189800435615 15.35294587674855 4.842066469032524
v 25.131895386675367 15.114362157921228 5.545162102537542
f 8779 8780 8781
v 24.746734448319827 16.18045826048314 4.8882964458924825
v 25.131895386675367 15.114362157921228 5.545162102537542
v 24.45634694330766 15.93026062173008 5.591392079397503
f 8782 8783 8784
v 24.45634694330766 15.93026062173008 5.591392079397503
v 25.131895386675367 15.114362157921228 5.545162102537542
v 24.799339923177225 14.849890068273815 5.787432346876534
f 8785 8786 8787
v 24.45634694330766 15.93026062173008 5.591392079397503
v 24.799339923177225 14.849890068273815 5.787432346876534
v 24.134449914308586 15.652914402670758 5.833662323736492
f 8788 8789 8790
v 24.134449914308586 15.652914402670758 5.833662323736492
v 24.799339923177225 14.849890068273815 5.787432346876534
v 24.466784459679083 14.585417978626403 5.545162102537544
f 8791 8792 8793
v 24.134449914308586 15.652914402670758 5.833662323736492
v 24.466784459679083 14.585417978626403 5.545162102537544
v 23.81255288530951 15.375568183611437 5.591392079397503
f 8794 8795 8796
v 23.81255288530951 15.375568183611437 5.591392079397503
v 24.466784459679083 14.585417978626403 5.545162102537544
v 24.1667818419983 14.346834259799081 4.842066469032524
f 8797 8798 8799
v 23.81255288530951 15.375568183611437 5.591392079397503
v 24.1667818419983 14.346834259799081 4.842066469032524
v 23.522165380297345 15.125370544858377 4.8882964458924825
f 8800 8801 8802
v 23.522165380297345 15.125370544858377 4.8882964458924825
v 24.1667818419983 14.346834259799081 4.842066469032524
v 23.928698416594617 14.157493148501182 3.746969345724276
f 8803 8804 8805
v 23.522165380297345 15.125370544858377 4.8882964458924825
v 23.928698416594617 14.157493148501182 3.746969345724276
v 23.291712551511395 14.926812574522181 3.7931993225842353
f 8806 8807 8808
v 23.291712551511395 14.926812574522181 3.7931993225842353
v 23.928698416594617 14.157493148501182 3.746969345724276
v 23.775839447971308 14.035928671923637 2.3670664690325234
f 8809 8810 8811
v 23.291712551511395 14.926812574522181 3.7931993225842353
v 23.775839447971308 14.035928671923637 2.3670664690325234
v 23.143752727492508 14.799330510174084 2.413296445892483
f 8812 8813 8814
v 23.143752727492508 14.799330510174084 2.413296445892483
v 23.775839447971308 14.035928671923637 2.3670664690325234
v 23.72316783700829 13.994040408023372 0.8374323468765336
f 8815 8816 8817
v 23.143752727492508 14.799330510174084 2.413296445892483
v 23.72316783700829 13.994040408023372 0.8374323468765336
v 23.092769246712358 14.755403184492247 0.883662323736493
f 8818 8819 8820
v 23.092769246712358 14.755403184492247 0.883662323736493
v 23.72316783700829 13.994040408023372 0.8374323468765336
v 23.775839447971308 14.035928671923637 -0.692201775279454
f 8821 8822 8823
v 23.092769246712358 14.755403184492247 0.883662323736493
v 23.775839447971308 14.035928671923637 -0.692201775279454
v 23.143752727492508 14.799330510174084 -0.6459717984194946
f 8824 8825 8826
v 23.143752727492508 14.799330510174084 -0.6459717984194946
v 23.775839447971308 14.035928671923637 -0.692201775279454
v 23.928698416594617 14.157493148501182 -2.0721046519712085
f 8827 8828 8829
v 23.143752727492508 14.799330510174084 -0.6459717984194946
v 23.928698416594617 14.157493148501182 -2.0721046519712085
v 23.291712551511395 14.926812574522181 -2.025874675111249
f 8830 8831 8832
v 23.291712551511395 14.926812574522181 -2.025874675111249
v 23.928698416594617 14.157493148501182 -2.0721046519712085
v 24.1667818419983 14.346834259799081 -3.1672017752794566
f 8833 8834 8835
v 23.291712551511395 14.926812574522181 -2.025874675111249
v 24.1667818419983 14.346834259799081 -3.1672017752794566
v 23.522165380297345 15.125370544858377 -3.120971798419497
f 8836 8837 8838
v 23.522165380297345 15.125370544858377 -3.120971798419497
v 24.1667818419983 14.346834259799081 -3.1672017752794566
v 24.466784459679083 14.585417978626403 -3.870297408784477
f 8839 8840 8841
v 23.522165380297345 15.125370544858377 -3.120971798419497
v 24.466784459679083 14.585417978626403 -3.870297408784477
v 23.81255288530951 15.375568183611437 -3.8240674319245174
f 8842 8843 8844
v 23.81255288530951 15.375568183611437 -3.8240674319245174
v 24.466784459679083 14.585417978626403 -3.870297408784477
v 24.799339923177225 14.849890068273815 -4.112567653123467
f 8845 8846 8847
v 23.81255288530951 15.375568183611437 -3.8240674319245174
v 24.799339923177225 14.849890068273815 -4.112567653123467
v 24.134449914308586 15.652914402670758 -4.066337676263508
f 8848 8849 8850
v 24.134449914308586 15.652914402670758 -4.066337676263508
v 24.799339923177225 14.849890068273815 -4.112567653123467
v 25.131895386675367 15.114362157921228 -3.8702974087844777
f 8851 8852 8853
v 24.134449914308586 15.652914402670758 -4.066337676263508
v 25.131895386675367 15.114362157921228 -3.8702974087844777
v 24.45634694330766 15.93026062173008 -3.8240674319245183
f 8854 8855 8856
v 24.45634694330766 15.93026062173008 -3.8240674319245183
v 25.131895386675367 15.114362157921228 -3.8702974087844777
v 25.43189800435615 15.35294587674855 -3.1672017752794575
f 8857 8858 8859
v 24.45634694330766 15.93026062173008 -3.8240674319245183
v 25.43189800435615 15.35294587674855 -3.1672017752794575
v 24.746734448319827 16.18045826048314 -3.120971798419498
f 8860 8861 8862
v 24.746734448319827 16.18045826048314 -3.120971798419498
v 25.43189800435615 15.35294587674855 -3.1672017752794575
v 25.669981429759837 15.542286988046449 -2.0721046519712103
f 8863 8864 8865
v 24.746734448319827 16.18045826048314 -3.120971798419498
v 25.669981429759837 15.542286988046449 -2.0721046519712103
v 24.977187277105774 16.379016230819335 -2.025874675111251
f 8866 8867 8868
v 24.977187277105774 16.379016230819335 -2.025874675111251
v 25.669981429759837 15.542286988046449 -2.0721046519712103
v 25.822840398383143 15.663851464623994 -0.6922017752794578
f 8869 8870 8871
v 24.977187277105774 16.379016230819335 -2.025874675111251
v 25.822840398383143 15.663851464623994 -0.6922017752794578
v 25.125147101124664 16.506498295167432 -0.6459717984194984
f 8872 8873 8874
v 25.125147101124664 16.506498295167432 -0.6459717984194984
v 25.822840398383143 15.663851464623994 -0.6922017752794578
v 25.87551200934616 15.705739728524259 0.8374323468765318
f 8875 8876 8877
v 25.125147101124664 16.506498295167432 -0.6459717984194984
v 25.87551200934616 15.705739728524259 0.8374323468765318
v 25.176130581904815 16.55042562084927 0.8836623237364912
f 8878 8879 8880
v 25.87551200934616 15.705739728524259 0.837432346876533
v 26.53926842116609 14.836203292384283 0.7900164608277782
v 26.484970814079425 14.796445335712946 2.319650582983768
f 8881 8882 8883
v 25.87551200934616 15.705739728524259 0.837432346876533
v 26.484970814079425 14.796445335712946 2.319650582983768
v 25.822840398383143 15.663851464623994 2.3670664690325225
f 8884 8885 8886
v 25.822840398383143 15.663851464623994 2.3670664690325225
v 26.484970814079425 14.796445335712946 2.319650582983768
v 26.32739302091474 14.681063251507892 3.69955345967552
f 8887 8888 8889
v 25.822840398383143 15.663851464623994 2.3670664690325225
v 26.32739302091474 14.681063251507892 3.69955345967552
v 25.669981429759837 15.542286988046449 3.746969345724275
f 8890 8891 8892
v 25.669981429759837 15.542286988046449 3.746969345724275
v 26.32739302091474 14.681063251507892 3.69955345967552
v 26.081959853976045 14.501351442085367 4.794650582983769
f 8893 8894 8895
v 25.669981429759837 15.542286988046449 3.746969345724275
v 26.081959853976045 14.501351442085367 4.794650582983769
v 25.43189800435615 15.35294587674855 4.842066469032524
f 8896 8897 8898
v 25.43189800435615 15.35294587674855 4.842066469032524
v 26.081959853976045 14.501351442085367 4.794650582983769
v 25.772696021676722 14.27490135147745 5.497746216488788
f 8899 8900 8901
v 25.43189800435615 15.35294587674855 4.842066469032524
v 25.772696021676722 14.27490135147745 5.497746216488788
v 25.131895386675367 15.114362157921228 5.545162102537542
f 8902 8903 8904
v 25.131895386675367 15.114362157921228 5.545162102537542
v 25.772696021676722 14.27490135147745 5.497746216488788
v 25.429874422690055 14.023879492323399 5.740016460827778
f 8905 8906 8907
v 25.131895386675367 15.114362157921228 5.545162102537542
v 25.429874422690055 14.023879492323399 5.740016460827778
v 24.799339923177225 14.849890068273815 5.787432346876534
f 8908 8909 8910
v 24.799339923177225 14.849890068273815 5.787432346876534
v 25.429874422690055 14.023879492323399 5.740016460827778
v 25.087052823703385 13.77285763316935 5.497746216488789
f 8911 8912 8913
v 24.799339923177225 14.849890068273815 5.787432346876534
v 25.087052823703385 13.77285763316935 5.497746216488789
v 24.466784459679083 14.585417978626403 5.545162102537544
f 8914 8915 8916
v 24.466784459679083 14.585417978626403 5.545162102537544
v 25.087052823703385 13.77285763316935 5.497746216488789
v 24.777788991404062 13.546407542561433 4.794650582983769
f 8917 8918 8919
v 24.466784459679083 14.585417978626403 5.545162102537544
v 24.777788991404062 13.546407542561433 4.794650582983769
v 24.1667818419983 14.346834259799081 4.842066469032524
f 8920 8921 8922
v 24.1667818419983 14.346834259799081 4.842066469032524
v 24.777788991404062 13.546407542561433 4.794650582983769
v 24.532355824465366 13.366695733138908 3.699553459675521
f 8923 8924 8925
v 24.1667818419983 14.346834259799081 4.842066469032524
v 24.532355824465366 13.366695733138908 3.699553459675521
v 23.928698416594617 14.157493148501182 3.746969345724276
f 8926 8927 8928
v 23.928698416594617 14.157493148501182 3.746969345724276
v 24.532355824465366 13.366695733138908 3.699553459675521
v 24.374778031300686 13.251313648933854 2.319650582983768
f 8929 8930 8931
v 23.928698416594617 14.157493148501182 3.746969345724276
v 24.374778031300686 13.251313648933854 2.319650582983768
v 23.775839447971308 14.035928671923637 2.3670664690325234
f 8932 8933 8934
v 23.775839447971308 14.035928671923637 2.3670664690325234
v 24.374778031300686 13.251313648933854 2.319650582983768
v 24.32048042421402 13.211555692262516 0.7900164608277788
f 8935 8936 8937
v 23.775839447971308 14.035928671923637 2.3670664690325234
v 24.32048042421402 13.211555692262516 0.7900164608277788
v 23.72316783700829 13.994040408023372 0.8374323468765336
f 8938 8939 8940
v 23.72316783700829 13.994040408023372 0.8374323468765336
v 24.32048042421402 13.211555692262516 0.7900164608277788
v 24.374778031300686 13.251313648933854 -0.7396176613282088
f 8941 8942 8943
v 23.72316783700829 13.994040408023372 0.8374323468765336
v 24.374778031300686 13.251313648933854 -0.7396176613282088
v 23.775839447971308 14.035928671923637 -0.692201775279454
f 8944 8945 8946
v 23.775839447971308 14.035928671923637 -0.692201775279454
v 24.374778031300686 13.251313648933854 -0.7396176613282088
v 24.532355824465366 13.366695733138908 -2.1195205380199633
f 8947 8948 8949
v 23.775839447971308 14.035928671923637 -0.692201775279454
v 24.532355824465366 13.366695733138908 -2.1195205380199633
v 23.928698416594617 14.157493148501182 -2.0721046519712085
f 8950 8951 8952
v 23.928698416594617 14.157493148501182 -2.0721046519712085
v 24.532355824465366 13.366695733138908 -2.1195205380199633
v 24.777788991404062 13.546407542561433 -3.2146176613282114
f 8953 8954 8955
v 23.928698416594617 14.157493148501182 -2.0721046519712085
v 24.777788991404062 13.546407542561433 -3.2146176613282114
v 24.1667818419983 14.346834259799081 -3.1672017752794566
f 8956 8957 8958
v 24.1667818419983 14.346834259799081 -3.1672017752794566
v 24.777788991404062 13.546407542561433 -3.2146176613282114
v 25.087052823703385 13.77285763316935 -3.9177132948332316
f 8959 8960 8961
v 24.1667818419983 14.346834259799081 -3.1672017752794566
v 25.087052823703385 13.77285763316935 -3.9177132948332316
v 24.466784459679083 14.585417978626403 -3.870297408784477
f 8962 8963 8964
v 24.466784459679083 14.585417978626403 -3.870297408784477
v 25.087052823703385 13.77285763316935 -3.9177132948332316
v 25.429874422690055 14.023879492323399 -4.159983539172222
f 8965 8966 8967
v 24.466784459679083 14.585417978626403 -3.870297408784477
v 25.429874422690055 14.023879492323399 -4.159983539172222
v 24.799339923177225 14.849890068273815 -4.112567653123467
f 8968 8969 8970
v 24.799339923177225 14.849890068273815 -4.112567653123467
v 25.429874422690055 14.023879492323399 -4.159983539172222
v 25.772696021676722 14.27490135147745 -3.9177132948332325
f 8971 8972 8973
v 24.799339923177225 14.849890068273815 -4.112567653123467
v 25.772696021676722 14.27490135147745 -3.9177132948332325
v 25.131895386675367 15.114362157921228 -3.8702974087844777
f 8974 8975 8976
v 25.131895386675367 15.114362157921228 -3.8702974087844777
v 25.772696021676722 14.27490135147745 -3.9177132948332325
v 26.081959853976045 14.501351442085367 -3.2146176613282123
f 8977 8978 8979
v 25.131895386675367 15.114362157921228 -3.8702974087844777
v 26.081959853976045 14.501351442085367 -3.2146176613282123
v 25.43189800435615 15.35294587674855 -3.1672017752794575
f 8980 8981 8982
v 25.43189800435615 15.35294587674855 -3.1672017752794575
v 26.081959853976045 14.501351442085367 -3.2146176613282123
v 26.32739302091474 14.681063251507892 -2.119520538019965
f 8983 8984 8985
v 25.43189800435615 15.35294587674855 -3.1672017752794575
v 26.32739302091474 14.681063251507892 -2.119520538019965
v 25.669981429759837 15.542286988046449 -2.0721046519712103
f 8986 8987 8988
v 25.669981429759837 15.542286988046449 -2.0721046519712103
v 26.32739302091474 14.681063251507892 -2.119520538019965
v 26.484970814079425 14.796445335712946 -0.7396176613282126
f 8989 8990 8991
v 25.669981429759837 15.542286988046449 -2.0721046519712103
v 26.484970814079425 14.796445335712946 -0.7396176613282126
v 25.822840398383143 15.663851464623994 -0.6922017752794578
f 8992 8993 8994
v 25.822840398383143 15.663851464623994 -0.6922017752794578
v 26.484970814079425 14.796445335712946 -0.7396176613282126
v 26.53926842116609 14.836203292384283 0.790016460827777
f 8995 8996 8997
v 25.822840398383143 15.663851464623994 -0.6922017752794578
v 26.53926842116609 14.836203292384283 0.790016460827777
v 25.87551200934616 15.705739728524259 0.8374323468765318
f 8998 8999 9000
v 26.53926842116609 14.836203292384283 0.7900164608277782
v 27.166168739062428 13.94290463566136 0.7414818124292171
v 27.110313134583627 13.905366965217853 2.2711159345852066
f 9001 9002 9003
v 26.53926842116609 14.836203292384283 0.7900164608277782
v 27.110313134583627 13.905366965217853 2.2711159345852066
v 26.484970814079425 14.796445335712946 2.319650582983768
f 9004 9005 9006
v 26.484970814079425 14.796445335712946 2.319650582983768
v 27.110313134583627 13.905366965217853 2.2711159345852066
v 26.948213856882482 13.796428402610665 3.651018811276959
f 9007 9008 9009
v 26.484970814079425 14.796445335712946 2.319650582983768
v 26.948213856882482 13.796428402610665 3.651018811276959
v 26.32739302091474 14.681063251507892 3.69955345967552
f 9010 9011 9012
v 26.32739302091474 14.681063251507892 3.69955345967552
v 26.948213856882482 13.796428402610665 3.651018811276959
v 26.69573831267246 13.626752613367389 4.746115934585207
f 9013 9014 9015
v 26.32739302091474 14.681063251507892 3.69955345967552
v 26.69573831267246 13.626752613367389 4.746115934585207
v 26.081959853976045 14.501351442085367 4.794650582983769
f 9016 9017 9018
v 26.081959853976045 14.501351442085367 4.794650582983769
v 26.69573831267246 13.626752613367389 4.746115934585207
v 26.377600567321394 13.412948645939894 5.449211568090227
f 9019 9020 9021
v 26.081959853976045 14.501351442085367 4.794650582983769
v 26.377600567321394 13.412948645939894 5.449211568090227
v 25.772696021676722 14.27490135147745 5.497746216488788
f 9022 9023 9024
v 25.772696021676722 14.27490135147745 5.497746216488788
v 26.377600567321394 13.412948645939894 5.449211568090227
v 26.024942159940256 13.175945122319817 5.691481812429217
f 9025 9026 9027
v 25.772696021676722 14.27490135147745 5.497746216488788
v 26.024942159940256 13.175945122319817 5.691481812429217
v 25.429874422690055 14.023879492323399 5.740016460827778
f 9028 9029 9030
v 25.429874422690055 14.023879492323399 5.740016460827778
v 26.024942159940256 13.175945122319817 5.691481812429217
v 25.672283752559117 12.93894159869974 5.449211568090227
f 9031 9032 9033
v 25.429874422690055 14.023879492323399 5.740016460827778
v 25.672283752559117 12.93894159869974 5.449211568090227
v 25.087052823703385 13.77285763316935 5.497746216488789
f 9034 9035 9036
v 25.087052823703385 13.77285763316935 5.497746216488789
v 25.672283752559117 12.93894159869974 5.449211568090227
v 25.35414600720805 12.725137631272245 4.746115934585207
f 9037 9038 9039
v 25.087052823703385 13.77285763316935 5.497746216488789
v 25.35414600720805 12.725137631272245 4.746115934585207
v 24.777788991404062 13.546407542561433 4.794650582983769
f 9040 9041 9042
v 24.777788991404062 13.546407542561433 4.794650582983769
v 25.35414600720805 12.725137631272245 4.746115934585207
v 25.10167046299803 12.555461842028969 3.65101881127696
f 9043 9044 9045
v 24.777788991404062 13.546407542561433 4.794650582983769
v 25.10167046299803 12.555461842028969 3.65101881127696
v 24.532355824465366 13.366695733138908 3.699553459675521
f 9046 9047 9048
v 24.532355824465366 13.366695733138908 3.699553459675521
v 25.10167046299803 12.555461842028969 3.65101881127696
v 24.939571185296884 12.44652327942178 2.2711159345852074
f 9049 9050 9051
v 24.532355824465366 13.366695733138908 3.699553459675521
v 24.939571185296884 12.44652327942178 2.2711159345852074
v 24.374778031300686 13.251313648933854 2.319650582983768
f 9052 9053 9054
v 24.374778031300686 13.251313648933854 2.319650582983768
v 24.939571185296884 12.44652327942178 2.2711159345852074
v 24.88371558081808 12.408985608978272 0.7414818124292176
f 9055 9056 9057
v 24.374778031300686 13.251313648933854 2.319650582983768
v 24.88371558081808 12.408985608978272 0.7414818124292176
v 24.32048042421402 13.211555692262516 0.7900164608277788
f 9058 9059 9060
v 24.32048042421402 13.211555692262516 0.7900164608277788
v 24.88371558081808 12.408985608978272 0.7414818124292176
v 24.939571185296884 12.44652327942178 -0.78815230972677
f 9061 9062 9063
v 24.32048042421402 13.211555692262516 0.7900164608277788
v 24.939571185296884 12.44652327942178 -0.78815230972677
v 24.374778031300686 13.251313648933854 -0.7396176613282088
f 9064 9065 9066
v 24.374778031300686 13.251313648933854 -0.7396176613282088
v 24.939571185296884 12.44652327942178 -0.78815230972677
v 25.10167046299803 12.555461842028969 -2.1680551864185245
f 9067 9068 9069
v 24.374778031300686 13.251313648933854 -0.7396176613282088
v 25.10167046299803 12.555461842028969 -2.1680551864185245
v 24.532355824465366 13.366695733138908 -2.1195205380199633
f 9070 9071 9072
v 24.532355824465366 13.366695733138908 -2.1195205380199633
v 25.10167046299803 12.555461842028969 -2.1680551864185245
v 25.35414600720805 12.725137631272244 -3.2631523097267725
f 9073 9074 9075
v 24.532355824465366 13.366695733138908 -2.1195205380199633
v 25.35414600720805 12.725137631272244 -3.2631523097267725
v 24.777788991404062 13.546407542561433 -3.2146176613282114
f 9076 9077 9078
v 24.777788991404062 13.546407542561433 -3.2146176613282114
v 25.35414600720805 12.725137631272244 -3.2631523097267725
v 25.672283752559117 12.93894159869974 -3.9662479432317927
f 9079 9080 9081
v 24.777788991404062 13.546407542561433 -3.2146176613282114
v 25.672283752559117 12.93894159869974 -3.9662479432317927
v 25.087052823703385 13.77285763316935 -3.9177132948332316
f 9082 9083 9084
v 25.087052823703385 13.77285763316935 -3.9177132948332316
v 25.672283752559117 12.93894159869974 -3.9662479432317927
v 26.024942159940256 13.175945122319817 -4.2085181875707836
f 9085 9086 9087
v 25.087052823703385 13.77285763316935 -3.9177132948332316
v 26.024942159940256 13.175945122319817 -4.2085181875707836
v 25.429874422690055 14.023879492323399 -4.159983539172222
f 9088 9089 9090
v 25.429874422690055 14.023879492323399 -4.159983539172222
v 26.024942159940256 13.175945122319817 -4.2085181875707836
v 26.377600567321394 13.412948645939894 -3.9662479432317936
f 9091 9092 9093
v 25.429874422690055 14.023879492323399 -4.159983539172222
v 26.377600567321394 13.412948645939894 -3.9662479432317936
v 25.772696021676722 14.27490135147745 -3.9177132948332325
f 9094 9095 9096
v 25.772696021676722 14.27490135147745 -3.9177132948332325
v 26.377600567321394 13.412948645939894 -3.9662479432317936
v 26.69573831267246 13.626752613367389 -3.2631523097267734
f 9097 9098 9099
v 25.772696021676722 14.27490135147745 -3.9177132948332325
v 26.69573831267246 13.626752613367389 -3.2631523097267734
v 26.081959853976045 14.501351442085367 -3.2146176613282123
f 9100 9101 9102
v 26.081959853976045 14.501351442085367 -3.2146176613282123
v 26.69573831267246 13.626752613367389 -3.2631523097267734
v 26.948213856882482 13.796428402610665 -2.1680551864185262
f 9103 9104 9105
v 26.081959853976045 14.501351442085367 -3.2146176613282123
v 26.948213856882482 13.796428402610665 -2.1680551864185262
v 26.32739302091474 14.681063251507892 -2.119520538019965
f 9106 9107 9108
v 26.32739302091474 14.681063251507892 -2.119520538019965
v 26.948213856882482 13.796428402610665 -2.1680551864185262
v 27.110313134583627 13.905366965217853 -0.7881523097267737
f 9109 9110 9111
v 26.32739302091474 14.681063251507892 -2.119520538019965
v 27.110313134583627 13.905366965217853 -0.7881523097267737
v 26.484970814079425 14.796445335712946 -0.7396176613282126
f 9112 9113 9114
v 26.484970814079425 14.796445335712946 -0.7396176613282126
v 27.110313134583627 13.905366965217853 -0.7881523097267737
v 27.166168739062428 13.94290463566136 0.7414818124292158
f 9115 9116 9117
v 26.484970814079425 14.796445335712946 -0.7396176613282126
v 27.166168739062428 13.94290463566136 0.7414818124292158
v 26.53926842116609 14.836203292384283 0.790016460827777
f 9118 9119 9120
v 27.166168739062428 13.94290463566136 0.7414818124292171
v 27.75501239567383 13.027001391259454 0.6918971328275809
v 27.697672826208994 12.991772155849004 2.221531254983571
f 9121 9122 9123
v 27.166168739062428 13.94290463566136 0.7414818124292171
v 27.697672826208994 12.991772155849004 2.221531254983571
v 27.110313134583627 13.905366965217853 2.2711159345852066
f 9124 9125 9126
v 27.110313134583627 13.905366965217853 2.2711159345852066
v 27.697672826208994 12.991772155849004 2.221531254983571
v 27.531266914381963 12.88953293263615 3.601434131675323
f 9127 9128 9129
v 27.110313134583627 13.905366965217853 2.2711159345852066
v 27.531266914381963 12.88953293263615 3.601434131675323
v 26.948213856882482 13.796428402610665 3.651018811276959
f 9130 9131 9132
v 26.948213856882482 13.796428402610665 3.651018811276959
v 27.531266914381963 12.88953293263615 3.601434131675323
v 27.272083630260536 12.730291609131518 4.696531254983571
f 9133 9134 9135
v 26.948213856882482 13.796428402610665 3.651018811276959
v 27.272083630260536 12.730291609131518 4.696531254983571
v 26.69573831267246 13.626752613367389 4.746115934585207
f 9136 9137 9138
v 26.69573831267246 13.626752613367389 4.746115934585207
v 27.272083630260536 12.730291609131518 4.696531254983571
v 26.945493639530643 12.529635835579283 5.399626888488591
f 9139 9140 9141
v 26.69573831267246 13.626752613367389 4.746115934585207
v 26.945493639530643 12.529635835579283 5.399626888488591
v 26.377600567321394 13.412948645939894 5.449211568090227
f 9142 9143 9144
v 26.377600567321394 13.412948645939894 5.449211568090227
v 26.945493639530643 12.529635835579283 5.399626888488591
v 26.58346584597119 12.307207197145718 5.641897132827581
f 9145 9146 9147
v 26.377600567321394 13.412948645939894 5.449211568090227
v 26.58346584597119 12.307207197145718 5.641897132827581
v 26.024942159940256 13.175945122319817 5.691481812429217
f 9148 9149 9150
v 26.024942159940256 13.175945122319817 5.691481812429217
v 26.58346584597119 12.307207197145718 5.641897132827581
v 26.22143805241174 12.084778558712156 5.399626888488592
f 9151 9152 9153
v 26.024942159940256 13.175945122319817 5.691481812429217
v 26.22143805241174 12.084778558712156 5.399626888488592
v 25.672283752559117 12.93894159869974 5.449211568090227
f 9154 9155 9156
v 25.672283752559117 12.93894159869974 5.449211568090227
v 26.22143805241174 12.084778558712156 5.399626888488592
v 25.89484806168185 11.88412278515992 4.696531254983571
f 9157 9158 9159
v 25.672283752559117 12.93894159869974 5.449211568090227
v 25.89484806168185 11.88412278515992 4.696531254983571
v 25.35414600720805 12.725137631272245 4.746115934585207
f 9160 9161 9162
v 25.35414600720805 12.725137631272245 4.746115934585207
v 25.89484806168185 11.88412278515992 4.696531254983571
v 25.63566477756042 11.72488146165529 3.601434131675324
f 9163 9164 9165
v 25.35414600720805 12.725137631272245 4.746115934585207
v 25.63566477756042 11.72488146165529 3.601434131675324
v 25.10167046299803 12.555461842028969 3.65101881127696
f 9166 9167 9168
v 25.10167046299803 12.555461842028969 3.65101881127696
v 25.63566477756042 11.72488146165529 3.601434131675324
v 25.46925886573339 11.622642238442435 2.221531254983571
f 9169 9170 9171
v 25.10167046299803 12.555461842028969 3.65101881127696
v 25.46925886573339 11.622642238442435 2.221531254983571
v 24.939571185296884 12.44652327942178 2.2711159345852074
f 9172 9173 9174
v 24.939571185296884 12.44652327942178 2.2711159345852074
v 25.46925886573339 11.622642238442435 2.221531254983571
v 25.41191929626855 11.587413003031987 0.6918971328275815
f 9175 9176 9177
v 24.939571185296884 12.44652327942178 2.2711159345852074
v 25.41191929626855 11.587413003031987 0.6918971328275815
v 24.88371558081808 12.408985608978272 0.7414818124292176
f 9178 9179 9180
v 24.88371558081808 12.408985608978272 0.7414818124292176
v 25.41191929626855 11.587413003031987 0.6918971328275815
v 25.46925886573339 11.622642238442435 -0.8377369893284061
f 9181 9182 9183
v 24.88371558081808 12.408985608978272 0.7414818124292176
v 25.46925886573339 11.622642238442435 -0.8377369893284061
v 24.939571185296884 12.44652327942178 -0.78815230972677
f 9184 9185 9186
v 24.939571185296884 12.44652327942178 -0.78815230972677
v 25.46925886573339 11.622642238442435 -0.8377369893284061
v 25.63566477756042 11.72488146165529 -2.2176398660201606
f 9187 9188 9189
v 24.939571185296884 12.44652327942178 -0.78815230972677
v 25.63566477756042 11.72488146165529 -2.2176398660201606
v 25.10167046299803 12.555461842028969 -2.1680551864185245
f 9190 9191 9192
v 25.10167046299803 12.555461842028969 -2.1680551864185245
v 25.63566477756042 11.72488146165529 -2.2176398660201606
v 25.89484806168185 11.88412278515992 -3.3127369893284087
f 9193 9194 9195
v 25.10167046299803 12.555461842028969 -2.1680551864185245
v 25.89484806168185 11.88412278515992 -3.3127369893284087
v 25.35414600720805 12.725137631272244 -3.2631523097267725
f 9196 9197 9198
v 25.35414600720805 12.725137631272244 -3.2631523097267725
v 25.89484806168185 11.88412278515992 -3.3127369893284087
v 26.22143805241174 12.084778558712156 -4.015832622833429
f 9199 9200 9201
v 25.35414600720805 12.725137631272244 -3.2631523097267725
v 26.22143805241174 12.084778558712156 -4.015832622833429
v 25.672283752559117 12.93894159869974 -3.9662479432317927
f 9202 9203 9204
v 25.672283752559117 12.93894159869974 -3.9662479432317927
v 26.22143805241174 12.084778558712156 -4.015832622833429
v 26.58346584597119 12.307207197145718 -4.258102867172419
f 9205 9206 9207
v 25.672283752559117 12.93894159869974 -3.9662479432317927
v 26.58346584597119 12.307207197145718 -4.258102867172419
v 26.024942159940256 13.175945122319817 -4.2085181875707836
f 9208 9209 9210
v 26.024942159940256 13.175945122319817 -4.2085181875707836
v 26.58346584597119 12.307207197145718 -4.258102867172419
v 26.945493639530643 12.529635835579283 -4.01583262283343
f 9211 9212 9213
v 26.024942159940256 13.175945122319817 -4.2085181875707836
v 26.945493639530643 12.529635835579283 -4.01583262283343
v 26.377600567321394 13.412948645939894 -3.9662479432317936
f 9214 9215 9216
v 26.377600567321394 13.412948645939894 -3.9662479432317936
v 26.945493639530643 12.529635835579283 -4.01583262283343
v 27.272083630260536 12.730291609131518 -3.3127369893284095
f 9217 9218 9219
v 26.377600567321394 13.412948645939894 -3.9662479432317936
v 27.272083630260536 12.730291609131518 -3.3127369893284095
v 26.69573831267246 13.626752613367389 -3.2631523097267734
f 9220 9221 9222
v 26.69573831267246 13.626752613367389 -3.2631523097267734
v 27.272083630260536 12.730291609131518 -3.3127369893284095
v 27.531266914381963 12.88953293263615 -2.2176398660201624
f 9223 9224 9225
v 26.69573831267246 13.626752613367389 -3.2631523097267734
v 27.531266914381963 12.88953293263615 -2.2176398660201624
v 26.948213856882482 13.796428402610665 -2.1680551864185262
f 9226 9227 9228
v 26.948213856882482 13.796428402610665 -2.1680551864185262
v 27.531266914381963 12.88953293263615 -2.2176398660201624
v 27.697672826208994 12.991772155849004 -0.8377369893284099
f 9229 9230 9231
v 26.948213856882482 13.796428402610665 -2.1680551864185262
v 27.697672826208994 12.991772155849004 -0.8377369893284099
v 27.110313134583627 13.905366965217853 -0.7881523097267737
f 9232 9233 9234
v 27.110313134583627 13.905366965217853 -0.7881523097267737
v 27.697672826208994 12.991772155849004 -0.8377369893284099
v 27.75501239567383 13.027001391259454 0.6918971328275797
f 9235 9236 9237
v 27.110313134583627 13.905366965217853 -0.7881523097267737
v 27.75501239567383 13.027001391259454 0.6918971328275797
v 27.166168739062428 13.94290463566136 0.7414818124292158
f 9238 9239 9240
v 27.75501239567383 13.027001391259454 0.6918971328275809
v 28.30463507330288 12.089722820398794 0.6413326401454233
v 28.245891715975155 12.05688772904998 2.170966762301413
f 9241 9242 9243
v 27.75501239567383 13.027001391259454 0.6918971328275809
v 28.245891715975155 12.05688772904998 2.170966762301413
v 27.697672826208994 12.991772155849004 2.221531254983571
f 9244 9245 9246
v 27.697672826208994 12.991772155849004 2.221531254983571
v 28.245891715975155 12.05688772904998 2.170966762301413
v 28.07541185309625 11.961596582520292 3.5508696389931655
f 9247 9248 9249
v 27.697672826208994 12.991772155849004 2.221531254983571
v 28.07541185309625 11.961596582520292 3.5508696389931655
v 27.531266914381963 12.88953293263615 3.601434131675323
f 9250 9251 9252
v 27.531266914381963 12.88953293263615 3.601434131675323
v 28.07541185309625 11.961596582520292 3.5508696389931655
v 27.809883241447796 11.813177142164514 4.645966762301414
f 9253 9254 9255
v 27.531266914381963 12.88953293263615 3.601434131675323
v 27.809883241447796 11.813177142164514 4.645966762301414
v 27.272083630260536 12.730291609131518 4.696531254983571
f 9256 9257 9258
v 27.272083630260536 12.730291609131518 4.696531254983571
v 27.809883241447796 11.813177142164514 4.645966762301414
v 27.475297671584578 11.626157736903718 5.349062395806433
f 9259 9260 9261
v 27.272083630260536 12.730291609131518 4.696531254983571
v 27.475297671584578 11.626157736903718 5.349062395806433
v 26.945493639530643 12.529635835579283 5.399626888488591
f 9262 9263 9264
v 26.945493639530643 12.529635835579283 5.399626888488591
v 27.475297671584578 11.626157736903718 5.349062395806433
v 27.10440671027954 11.418845129165646 5.591332640145423
f 9265 9266 9267
v 26.945493639530643 12.529635835579283 5.399626888488591
v 27.10440671027954 11.418845129165646 5.591332640145423
v 26.58346584597119 12.307207197145718 5.641897132827581
f 9268 9269 9270
v 26.58346584597119 12.307207197145718 5.641897132827581
v 27.10440671027954 11.418845129165646 5.591332640145423
v 26.733515748974504 11.211532521427577 5.349062395806434
f 9271 9272 9273
v 26.58346584597119 12.307207197145718 5.641897132827581
v 26.733515748974504 11.211532521427577 5.349062395806434
v 26.22143805241174 12.084778558712156 5.399626888488592
f 9274 9275 9276
v 26.22143805241174 12.084778558712156 5.399626888488592
v 26.733515748974504 11.211532521427577 5.349062395806434
v 26.398930179111286 11.02451311616678 4.645966762301414
f 9277 9278 9279
v 26.22143805241174 12.084778558712156 5.399626888488592
v 26.398930179111286 11.02451311616678 4.645966762301414
v 25.89484806168185 11.88412278515992 4.696531254983571
f 9280 9281 9282
v 25.89484806168185 11.88412278515992 4.696531254983571
v 26.398930179111286 11.02451311616678 4.645966762301414
v 26.133401567462837 10.876093675811003 3.5508696389931664
f 9283 9284 9285
v 25.89484806168185 11.88412278515992 4.696531254983571
v 26.133401567462837 10.876093675811003 3.5508696389931664
v 25.63566477756042 11.72488146165529 3.601434131675324
f 9286 9287 9288
v 25.63566477756042 11.72488146165529 3.601434131675324
v 26.133401567462837 10.876093675811003 3.5508696389931664
v 25.96292170458393 10.780802529281315 2.1709667623014135
f 9289 9290 9291
v 25.63566477756042 11.72488146165529 3.601434131675324
v 25.96292170458393 10.780802529281315 2.1709667623014135
v 25.46925886573339 11.622642238442435 2.221531254983571
f 9292 9293 9294
v 25.46925886573339 11.622642238442435 2.221531254983571
v 25.96292170458393 10.780802529281315 2.1709667623014135
v 25.904178347256202 10.7479674379325 0.6413326401454239
f 9295 9296 9297
v 25.46925886573339 11.622642238442435 2.221531254983571
v 25.904178347256202 10.7479674379325 0.6413326401454239
v 25.41191929626855 11.587413003031987 0.6918971328275815
f 9298 9299 9300
v 25.41191929626855 11.587413003031987 0.6918971328275815
v 25.904178347256202 10.7479674379325 0.6413326401454239
v 25.96292170458393 10.780802529281315 -0.8883014820105637
f 9301 9302 9303
v 25.41191929626855 11.587413003031987 0.6918971328275815
v 25.96292170458393 10.780802529281315 -0.8883014820105637
v 25.46925886573339 11.622642238442435 -0.8377369893284061
f 9304 9305 9306
v 25.46925886573339 11.622642238442435 -0.8377369893284061
v 25.96292170458393 10.780802529281315 -0.8883014820105637
v 26.133401567462837 10.876093675811003 -2.2682043587023184
f 9307 9308 9309
v 25.46925886573339 11.622642238442435 -0.8377369893284061
v 26.133401567462837 10.876093675811003 -2.2682043587023184
v 25.63566477756042 11.72488146165529 -2.2176398660201606
f 9310 9311 9312
v 25.63566477756042 11.72488146165529 -2.2176398660201606
v 26.133401567462837 10.876093675811003 -2.2682043587023184
v 26.398930179111286 11.02451311616678 -3.3633014820105664
f 9313 9314 9315
v 25.63566477756042 11.72488146165529 -2.2176398660201606
v 26.398930179111286 11.02451311616678 -3.3633014820105664
v 25.89484806168185 11.88412278515992 -3.3127369893284087
f 9316 9317 9318
v 25.89484806168185 11.88412278515992 -3.3127369893284087
v 26.398930179111286 11.02451311616678 -3.3633014820105664
v 26.733515748974504 11.211532521427577 -4.066397115515587
f 9319 9320 9321
v 25.89484806168185 11.88412278515992 -3.3127369893284087
v 26.733515748974504 11.211532521427577 -4.066397115515587
v 26.22143805241174 12.084778558712156 -4.015832622833429
f 9322 9323 9324
v 26.22143805241174 12.084778558712156 -4.015832622833429
v 26.733515748974504 11.211532521427577 -4.066397115515587
v 27.10440671027954 11.418845129165646 -4.308667359854577
f 9325 9326 9327
v 26.22143805241174 12.084778558712156 -4.015832622833429
v 27.10440671027954 11.418845129165646 -4.308667359854577
v 26.58346584597119 12.307207197145718 -4.258102867172419
f 9328 9329 9330
v 26.58346584597119 12.307207197145718 -4.258102867172419
v 27.10440671027954 11.418845129165646 -4.308667359854577
v 27.475297671584578 11.626157736903718 -4.066397115515588
f 9331 9332 9333
v 26.58346584597119 12.307207197145718 -4.258102867172419
v 27.475297671584578 11.626157736903718 -4.066397115515588
v 26.945493639530643 12.529635835579283 -4.01583262283343
f 9334 9335 9336
v 26.945493639530643 12.529635835579283 -4.01583262283343
v 27.475297671584578 11.626157736903718 -4.066397115515588
v 27.809883241447796 11.813177142164514 -3.3633014820105673
f 9337 9338 9339
v 26.945493639530643 12.529635835579283 -4.01583262283343
v 27.809883241447796 11.813177142164514 -3.3633014820105673
v 27.272083630260536 12.730291609131518 -3.3127369893284095
f 9340 9341 9342
v 27.272083630260536 12.730291609131518 -3.3127369893284095
v 27.809883241447796 11.813177142164514 -3.3633014820105673
v 28.07541185309625 11.961596582520292 -2.26820435870232
f 9343 9344 9345
v 27.272083630260536 12.730291609131518 -3.3127369893284095
v 28.07541185309625 11.961596582520292 -2.26820435870232
v 27.531266914381963 12.88953293263615 -2.2176398660201624
f 9346 9347 9348
v 27.531266914381963 12.88953293263615 -2.2176398660201624
v 28.07541185309625 11.961596582520292 -2.26820435870232
v 28.245891715975155 12.05688772904998 -0.8883014820105675
f 9349 9350 9351
v 27.531266914381963 12.88953293263615 -2.2176398660201624
v 28.245891715975155 12.05688772904998 -0.8883014820105675
v 27.697672826208994 12.991772155849004 -0.8377369893284099
f 9352 9353 9354
v 27.697672826208994 12.991772155849004 -0.8377369893284099
v 28.245891715975155 12.05688772904998 -0.8883014820105675
v 28.30463507330288 12.089722820398794 0.6413326401454221
f 9355 9356 9357
v 27.697672826208994 12.991772155849004 -0.8377369893284099
v 28.30463507330288 12.089722820398794 0.6413326401454221
v 27.75501239567383 13.027001391259454 0.6918971328275797
f 9358 9359 9360
v 28.30463507330288 12.089722820398794 0.6413326401454233
v 28.813915148706982 11.13237154381179 0.5898599400434547
v 28.753854369014448 11.102013217165826 2.1194940621994443
f 9361 9362 9363
v 28.30463507330288 12.089722820398794 0.6413326401454233
v 28.753854369014448 11.102013217165826 2.1194940621994443
v 28.245891715975155 12.05688772904998 2.170966762301413
f 9364 9365 9366
v 28.245891715975155 12.05688772904998 2.170966762301413
v 28.753854369014448 11.102013217165826 2.1194940621994443
v 28.579551197521212 11.01390992175894 3.4993969388911967
f 9367 9368 9369
v 28.245891715975155 12.05688772904998 2.170966762301413
v 28.579551197521212 11.01390992175894 3.4993969388911967
v 28.07541185309625 11.961596582520292 3.5508696389931655
f 9370 9371 9372
v 28.07541185309625 11.961596582520292 3.5508696389931655
v 28.579551197521212 11.01390992175894 3.4993969388911967
v 28.30806764309464 10.876685821997311 4.594494062199445
f 9373 9374 9375
v 28.07541185309625 11.961596582520292 3.5508696389931655
v 28.30806764309464 10.876685821997311 4.594494062199445
v 27.809883241447796 11.813177142164514 4.645966762301414
f 9376 9377 9378
v 27.809883241447796 11.813177142164514 4.645966762301414
v 28.30806764309464 10.876685821997311 4.594494062199445
v 27.96597840757915 10.703773368862134 5.297589695704464
f 9379 9380 9381
v 27.809883241447796 11.813177142164514 4.645966762301414
v 27.96597840757915 10.703773368862134 5.297589695704464
v 27.475297671584578 11.626157736903718 5.349062395806433
f 9382 9383 9384
v 27.475297671584578 11.626157736903718 5.349062395806433
v 27.96597840757915 10.703773368862134 5.297589695704464
v 27.586769568822856 10.512098438018176 5.5398599400434545
f 9385 9386 9387
v 27.475297671584578 11.626157736903718 5.349062395806433
v 27.586769568822856 10.512098438018176 5.5398599400434545
v 27.10440671027954 11.418845129165646 5.591332640145423
f 9388 9389 9390
v 27.10440671027954 11.418845129165646 5.591332640145423
v 27.586769568822856 10.512098438018176 5.5398599400434545
v 27.20756073006656 10.32042350717422 5.297589695704465
f 9391 9392 9393
v 27.10440671027954 11.418845129165646 5.591332640145423
v 27.20756073006656 10.32042350717422 5.297589695704465
v 26.733515748974504 11.211532521427577 5.349062395806434
f 9394 9395 9396
v 26.733515748974504 11.211532521427577 5.349062395806434
v 27.20756073006656 10.32042350717422 5.297589695704465
v 26.865471494551073 10.147511054039041 4.594494062199445
f 9397 9398 9399
v 26.733515748974504 11.211532521427577 5.349062395806434
v 26.865471494551073 10.147511054039041 4.594494062199445
v 26.398930179111286 11.02451311616678 4.645966762301414
f 9400 9401 9402
v 26.398930179111286 11.02451311616678 4.645966762301414
v 26.865471494551073 10.147511054039041 4.594494062199445
v 26.5939879401245 10.010286954277413 3.4993969388911976
f 9403 9404 9405
v 26.398930179111286 11.02451311616678 4.645966762301414
v 26.5939879401245 10.010286954277413 3.4993969388911976
v 26.133401567462837 10.876093675811003 3.5508696389931664
f 9406 9407 9408
v 26.133401567462837 10.876093675811003 3.5508696389931664
v 26.5939879401245 10.010286954277413 3.4993969388911976
v 26.419684768631264 9.922183658870527 2.1194940621994447
f 9409 9410 9411
v 26.133401567462837 10.876093675811003 3.5508696389931664
v 26.419684768631264 9.922183658870527 2.1194940621994447
v 25.96292170458393 10.780802529281315 2.1709667623014135
f 9412 9413 9414
v 25.96292170458393 10.780802529281315 2.1709667623014135
v 26.419684768631264 9.922183658870527 2.1194940621994447
v 26.359623988938733 9.891825332224563 0.5898599400434552
f 9415 9416 9417
v 25.96292170458393 10.780802529281315 2.1709667623014135
v 26.359623988938733 9.891825332224563 0.5898599400434552
v 25.904178347256202 10.7479674379325 0.6413326401454239
f 9418 9419 9420
v 25.904178347256202 10.7479674379325 0.6413326401454239
v 26.359623988938733 9.891825332224563 0.5898599400434552
v 26.419684768631264 9.922183658870527 -0.9397741821125324
f 9421 9422 9423
v 25.904178347256202 10.7479674379325 0.6413326401454239
v 26.419684768631264 9.922183658870527 -0.9397741821125324
v 25.96292170458393 10.780802529281315 -0.8883014820105637
f 9424 9425 9426
v 25.96292170458393 10.780802529281315 -0.8883014820105637
v 26.419684768631264 9.922183658870527 -0.9397741821125324
v 26.5939879401245 10.010286954277413 -2.3196770588042868
f 9427 9428 9429
v 25.96292170458393 10.780802529281315 -0.8883014820105637
v 26.5939879401245 10.010286954277413 -2.3196770588042868
v 26.133401567462837 10.876093675811003 -2.2682043587023184
f 9430 9431 9432
v 26.133401567462837 10.876093675811003 -2.2682043587023184
v 26.5939879401245 10.010286954277413 -2.3196770588042868
v 26.865471494551073 10.147511054039041 -3.414774182112535
f 9433 9434 9435
v 26.133401567462837 10.876093675811003 -2.2682043587023184
v 26.865471494551073 10.147511054039041 -3.414774182112535
v 26.398930179111286 11.02451311616678 -3.3633014820105664
f 9436 9437 9438
v 26.398930179111286 11.02451311616678 -3.3633014820105664
v 26.865471494551073 10.147511054039041 -3.414774182112535
v 27.20756073006656 10.32042350717422 -4.1178698156175555
f 9439 9440 9441
v 26.398930179111286 11.02451311616678 -3.3633014820105664
v 27.20756073006656 10.32042350717422 -4.1178698156175555
v 26.733515748974504 11.211532521427577 -4.066397115515587
f 9442 9443 9444
v 26.733515748974504 11.211532521427577 -4.066397115515587
v 27.20756073006656 10.32042350717422 -4.1178698156175555
v 27.586769568822856 10.512098438018176 -4.360140059956546
f 9445 9446 9447
v 26.733515748974504 11.211532521427577 -4.066397115515587
v 27.586769568822856 10.512098438018176 -4.360140059956546
v 27.10440671027954 11.418845129165646 -4.308667359854577
f 9448 9449 9450
v 27.10440671027954 11.418845129165646 -4.308667359854577
v 27.586769568822856 10.512098438018176 -4.360140059956546
v 27.96597840757915 10.703773368862134 -4.117869815617556
f 9451 9452 9453
v 27.10440671027954 11.418845129165646 -4.308667359854577
v 27.96597840757915 10.703773368862134 -4.117869815617556
v 27.475297671584578 11.626157736903718 -4.066397115515588
f 9454 9455 9456
v 27.475297671584578 11.626157736903718 -4.066397115515588
v 27.96597840757915 10.703773368862134 -4.117869815617556
v 28.30806764309464 10.876685821997311 -3.4147741821125357
f 9457 9458 9459
v 27.475297671584578 11.626157736903718 -4.066397115515588
v 28.30806764309464 10.876685821997311 -3.4147741821125357
v 27.809883241447796 11.813177142164514 -3.3633014820105673
f 9460 9461 9462
v 27.809883241447796 11.813177142164514 -3.3633014820105673
v 28.30806764309464 10.876685821997311 -3.4147741821125357
v 28.579551197521212 11.01390992175894 -2.3196770588042885
f 9463 9464 9465
v 27.809883241447796 11.813177142164514 -3.3633014820105673
v 28.579551197521212 11.01390992175894 -2.3196770588042885
v 28.07541185309625 11.961596582520292 -2.26820435870232
f 9466 9467 9468
v 28.07541185309625 11.961596582520292 -2.26820435870232
v 28.579551197521212 11.01390992175894 -2.3196770588042885
v 28.753854369014448 11.102013217165826 -0.9397741821125362
f 9469 9470 9471
v 28.07541185309625 11.961596582520292 -2.26820435870232
v 28.753854369014448 11.102013217165826 -0.9397741821125362
v 28.245891715975155 12.05688772904998 -0.8883014820105675
f 9472 9473 9474
v 28.245891715975155 12.05688772904998 -0.8883014820105675
v 28.753854369014448 11.102013217165826 -0.9397741821125362
v 28.813915148706982 11.13237154381179 0.5898599400434534
f 9475 9476 9477
v 28.245891715975155 12.05688772904998 -0.8883014820105675
v 28.813915148706982 11.13237154381179 0.5898599400434534
v 28.30463507330288 12.089722820398794 0.6413326401454221
f 9478 9479 9480
v 28.813915148706982 11.13237154381179 0.5898599400434547
v 29.281780789750684 10.156324517667462 0.5375519243179505
v 29.22049510906196 10.128521809228568 2.06718604647394
f 9481 9482 9483
v 28.813915148706982 11.13237154381179 0.5898599400434547
v 29.22049510906196 10.128521809228568 2.06718604647394
v 28.753854369014448 11.102013217165826 2.1194940621994443
f 9484 9485 9486
v 28.753854369014448 11.102013217165826 2.1194940621994443
v 29.22049510906196 10.128521809228568 2.06718604647394
v 29.042637136424055 10.047835206726743 3.4470889231656923
f 9487 9488 9489
v 28.753854369014448 11.102013217165826 2.1194940621994443
v 29.042637136424055 10.047835206726743 3.4470889231656923
v 28.579551197521212 11.01390992175894 3.4993969388911967
f 9490 9491 9492
v 28.579551197521212 11.01390992175894 3.4993969388911967
v 29.042637136424055 10.047835206726743 3.4470889231656923
v 28.765616849408126 9.922162876991484 4.542186046473941
f 9493 9494 9495
v 28.579551197521212 11.01390992175894 3.4993969388911967
v 28.765616849408126 9.922162876991484 4.542186046473941
v 28.30806764309464 10.876685821997311 4.594494062199445
f 9496 9497 9498
v 28.30806764309464 10.876685821997311 4.594494062199445
v 28.765616849408126 9.922162876991484 4.542186046473941
v 28.416550923821127 9.763806503267887 5.2452816799789606
f 9499 9500 9501
v 28.30806764309464 10.876685821997311 4.594494062199445
v 28.416550923821127 9.763806503267887 5.2452816799789606
v 27.96597840757915 10.703773368862134 5.297589695704464
f 9502 9503 9504
v 27.96597840757915 10.703773368862134 5.297589695704464
v 28.416550923821127 9.763806503267887 5.2452816799789606
v 28.029608364544824 9.588267110749749 5.487551924317951
f 9505 9506 9507
v 27.96597840757915 10.703773368862134 5.297589695704464
v 28.029608364544824 9.588267110749749 5.487551924317951
v 27.586769568822856 10.512098438018176 5.5398599400434545
f 9508 9509 9510
v 27.586769568822856 10.512098438018176 5.5398599400434545
v 28.029608364544824 9.588267110749749 5.487551924317951
v 27.64266580526852 9.41272771823161 5.245281679978961
f 9511 9512 9513
v 27.586769568822856 10.512098438018176 5.5398599400434545
v 27.64266580526852 9.41272771823161 5.245281679978961
v 27.20756073006656 10.32042350717422 5.297589695704465
f 9514 9515 9516
v 27.20756073006656 10.32042350717422 5.297589695704465
v 27.64266580526852 9.41272771823161 5.245281679978961
v 27.29359987968152 9.254371344508012 4.542186046473941
f 9517 9518 9519
v 27.20756073006656 10.32042350717422 5.297589695704465
v 27.29359987968152 9.254371344508012 4.542186046473941
v 26.865471494551073 10.147511054039041 4.594494062199445
f 9520 9521 9522
v 26.865471494551073 10.147511054039041 4.594494062199445
v 27.29359987968152 9.254371344508012 4.542186046473941
v 27.01657959266559 9.128699014772753 3.447088923165693
f 9523 9524 9525
v 26.865471494551073 10.147511054039041 4.594494062199445
v 27.01657959266559 9.128699014772753 3.447088923165693
v 26.5939879401245 10.010286954277413 3.4993969388911976
f 9526 9527 9528
v 26.5939879401245 10.010286954277413 3.4993969388911976
v 27.01657959266559 9.128699014772753 3.447088923165693
v 26.838721620027684 9.048012412270928 2.0671860464739407
f 9529 9530 9531
v 26.5939879401245 10.010286954277413 3.4993969388911976
v 26.838721620027684 9.048012412270928 2.0671860464739407
v 26.419684768631264 9.922183658870527 2.1194940621994447
f 9532 9533 9534
v 26.419684768631264 9.922183658870527 2.1194940621994447
v 26.838721620027684 9.048012412270928 2.0671860464739407
v 26.777435939338964 9.020209703832036 0.5375519243179511
f 9535 9536 9537
v 26.419684768631264 9.922183658870527 2.1194940621994447
v 26.777435939338964 9.020209703832036 0.5375519243179511
v 26.359623988938733 9.891825332224563 0.5898599400434552
f 9538 9539 9540
v 26.359623988938733 9.891825332224563 0.5898599400434552
v 26.777435939338964 9.020209703832036 0.5375519243179511
v 26.838721620027684 9.048012412270928 -0.9920821978380365
f 9541 9542 9543
v 26.359623988938733 9.891825332224563 0.5898599400434552
v 26.838721620027684 9.048012412270928 -0.9920821978380365
v 26.419684768631264 9.922183658870527 -0.9397741821125324
f 9544 9545 9546
v 26.419684768631264 9.922183658870527 -0.9397741821125324
v 26.838721620027684 9.048012412270928 -0.9920821978380365
v 27.01657959266559 9.128699014772753 -2.371985074529791
f 9547 9548 9549
v 26.419684768631264 9.922183658870527 -0.9397741821125324
v 27.01657959266559 9.128699014772753 -2.371985074529791
v 26.5939879401245 10.010286954277413 -2.3196770588042868
f 9550 9551 9552
v 26.5939879401245 10.010286954277413 -2.3196770588042868
v 27.01657959266559 9.128699014772753 -2.371985074529791
v 27.29359987968152 9.254371344508012 -3.467082197838039
f 9553 9554 9555
v 26.5939879401245 10.010286954277413 -2.3196770588042868
v 27.29359987968152 9.254371344508012 -3.467082197838039
v 26.865471494551073 10.147511054039041 -3.414774182112535
f 9556 9557 9558
v 26.865471494551073 10.147511054039041 -3.414774182112535
v 27.29359987968152 9.254371344508012 -3.467082197838039
v 27.64266580526852 9.41272771823161 -4.170177831343059
f 9559 9560 9561
v 26.865471494551073 10.147511054039041 -3.414774182112535
v 27.64266580526852 9.41272771823161 -4.170177831343059
v 27.20756073006656 10.32042350717422 -4.1178698156175555
f 9562 9563 9564
v 27.20756073006656 10.32042350717422 -4.1178698156175555
v 27.64266580526852 9.41272771823161 -4.170177831343059
v 28.029608364544824 9.588267110749749 -4.412448075682049
f 9565 9566 9567
v 27.20756073006656 10.32042350717422 -4.1178698156175555
v 28.029608364544824 9.588267110749749 -4.412448075682049
v 27.586769568822856 10.512098438018176 -4.360140059956546
f 9568 9569 9570
v 27.586769568822856 10.512098438018176 -4.360140059956546
v 28.029608364544824 9.588267110749749 -4.412448075682049
v 28.416550923821127 9.763806503267887 -4.17017783134306
f 9571 9572 9573
v 27.586769568822856 10.512098438018176 -4.360140059956546
v 28.416550923821127 9.763806503267887 -4.17017783134306
v 27.96597840757915 10.703773368862134 -4.117869815617556
f 9574 9575 9576
v 27.96597840757915 10.703773368862134 -4.117869815617556
v 28.416550923821127 9.763806503267887 -4.17017783134306
v 28.765616849408126 9.922162876991484 -3.4670821978380397
f 9577 9578 9579
v 27.96597840757915 10.703773368862134 -4.117869815617556
v 28.765616849408126 9.922162876991484 -3.4670821978380397
v 28.30806764309464 10.876685821997311 -3.4147741821125357
f 9580 9581 9582
v 28.30806764309464 10.876685821997311 -3.4147741821125357
v 28.765616849408126 9.922162876991484 -3.4670821978380397
v 29.042637136424055 10.047835206726743 -2.3719850745297926
f 9583 9584 9585
v 28.30806764309464 10.876685821997311 -3.4147741821125357
v 29.042637136424055 10.047835206726743 -2.3719850745297926
v 28.579551197521212 11.01390992175894 -2.3196770588042885
f 9586 9587 9588
v 28.579551197521212 11.01390992175894 -2.3196770588042885
v 29.042637136424055 10.047835206726743 -2.3719850745297926
v 29.22049510906196 10.128521809228568 -0.9920821978380403
f 9589 9590 9591
v 28.579551197521212 11.01390992175894 -2.3196770588042885
v 29.22049510906196 10.128521809228568 -0.9920821978380403
v 28.753854369014448 11.102013217165826 -0.9397741821125362
f 9592 9593 9594
v 28.753854369014448 11.102013217165826 -0.9397741821125362
v 29.22049510906196 10.128521809228568 -0.9920821978380403
v 29.281780789750684 10.156324517667462 0.5375519243179493
f 9595 9596 9597
v 28.753854369014448 11.102013217165826 -0.9397741821125362
v 29.281780789750684 10.156324517667462 0.5375519243179493
v 28.813915148706982 11.13237154381179 0.5898599400434534
f 9598 9599 9600
v 29.281780789750684 10.156324517667462 0.5375519243179505
v 29.70721761188984 9.163033088205522 0.48448266767682974
v 29.64480559111065 9.137860386398277 2.0141167898328196
f 9601 9602 9603
v 29.281780789750684 10.156324517667462 0.5375519243179505
v 29.64480559111065 9.137860386398277 2.0141167898328196
v 29.22049510906196 10.128521809228568 2.06718604647394
f 9604 9605 9606
v 29.22049510906196 10.128521809228568 2.06718604647394
v 29.64480559111065 9.137860386398277 2.0141167898328196
v 29.463678852217075 9.064806360417967 3.3940196665245717
f 9607 9608 9609
v 29.22049510906196 10.128521809228568 2.06718604647394
v 29.463678852217075 9.064806360417967 3.3940196665245717
v 29.042637136424055 10.047835206726743 3.4470889231656923
f 9610 9611 9612
v 29.042637136424055 10.047835206726743 3.4470889231656923
v 29.463678852217075 9.064806360417967 3.3940196665245717
v 29.181567342396214 8.95102204732487 4.489116789832821
f 9613 9614 9615
v 29.042637136424055 10.047835206726743 3.4470889231656923
v 29.181567342396214 8.95102204732487 4.489116789832821
v 28.765616849408126 9.922162876991484 4.542186046473941
f 9616 9617 9618
v 28.765616849408126 9.922162876991484 4.542186046473941
v 29.181567342396214 8.95102204732487 4.489116789832821
v 28.826086101815793 8.807645448466463 5.19221242333784
f 9619 9620 9621
v 28.765616849408126 9.922162876991484 4.542186046473941
v 28.826086101815793 8.807645448466463 5.19221242333784
v 28.416550923821127 9.763806503267887 5.2452816799789606
f 9622 9623 9624
v 28.416550923821127 9.763806503267887 5.2452816799789606
v 28.826086101815793 8.807645448466463 5.19221242333784
v 28.432032111087274 8.648711264302516 5.43448266767683
f 9625 9626 9627
v 28.416550923821127 9.763806503267887 5.2452816799789606
v 28.432032111087274 8.648711264302516 5.43448266767683
v 28.029608364544824 9.588267110749749 5.487551924317951
f 9628 9629 9630
v 28.029608364544824 9.588267110749749 5.487551924317951
v 28.432032111087274 8.648711264302516 5.43448266767683
v 28.03797812035875 8.48977708013857 5.192212423337841
f 9631 9632 9633
v 28.029608364544824 9.588267110749749 5.487551924317951
v 28.03797812035875 8.48977708013857 5.192212423337841
v 27.64266580526852 9.41272771823161 5.245281679978961
f 9634 9635 9636
v 27.64266580526852 9.41272771823161 5.245281679978961
v 28.03797812035875 8.48977708013857 5.192212423337841
v 27.682496879778334 8.346400481280163 4.489116789832821
f 9637 9638 9639
v 27.64266580526852 9.41272771823161 5.245281679978961
v 27.682496879778334 8.346400481280163 4.489116789832821
v 27.29359987968152 9.254371344508012 4.542186046473941
f 9640 9641 9642
v 27.29359987968152 9.254371344508012 4.542186046473941
v 27.682496879778334 8.346400481280163 4.489116789832821
v 27.40038536995747 8.232616168187066 3.3940196665245725
f 9643 9644 9645
v 27.29359987968152 9.254371344508012 4.542186046473941
v 27.40038536995747 8.232616168187066 3.3940196665245725
v 27.01657959266559 9.128699014772753 3.447088923165693
f 9646 9647 9648
v 27.01657959266559 9.128699014772753 3.447088923165693
v 27.40038536995747 8.232616168187066 3.3940196665245725
v 27.219258631063894 8.159562142206756 2.01411678983282
f 9649 9650 9651
v 27.01657959266559 9.128699014772753 3.447088923165693
v 27.219258631063894 8.159562142206756 2.01411678983282
v 26.838721620027684 9.048012412270928 2.0671860464739407
f 9652 9653 9654
v 26.838721620027684 9.048012412270928 2.0671860464739407
v 27.219258631063894 8.159562142206756 2.01411678983282
v 27.15684661028471 8.134389440399511 0.48448266767683035
f 9655 9656 9657
v 26.838721620027684 9.048012412270928 2.0671860464739407
v 27.15684661028471 8.134389440399511 0.48448266767683035
v 26.777435939338964 9.020209703832036 0.5375519243179511
f 9658 9659 9660
v 26.777435939338964 9.020209703832036 0.5375519243179511
v 27.15684661028471 8.134389440399511 0.48448266767683035
v 27.219258631063894 8.159562142206756 -1.0451514544791574
f 9661 9662 9663
v 26.777435939338964 9.020209703832036 0.5375519243179511
v 27.219258631063894 8.159562142206756 -1.0451514544791574
v 26.838721620027684 9.048012412270928 -0.9920821978380365
f 9664 9665 9666
v 26.838721620027684 9.048012412270928 -0.9920821978380365
v 27.219258631063894 8.159562142206756 -1.0451514544791574
v 27.40038536995747 8.232616168187066 -2.425054331170912
f 9667 9668 9669
v 26.838721620027684 9.048012412270928 -0.9920821978380365
v 27.40038536995747 8.232616168187066 -2.425054331170912
v 27.01657959266559 9.128699014772753 -2.371985074529791
f 9670 9671 9672
v 27.01657959266559 9.128699014772753 -2.371985074529791
v 27.40038536995747 8.232616168187066 -2.425054331170912
v 27.682496879778334 8.346400481280163 -3.52015145447916
f 9673 9674 9675
v 27.01657959266559 9.128699014772753 -2.371985074529791
v 27.682496879778334 8.346400481280163 -3.52015145447916
v 27.29359987968152 9.254371344508012 -3.467082197838039
f 9676 9677 9678
v 27.29359987968152 9.254371344508012 -3.467082197838039
v 27.682496879778334 8.346400481280163 -3.52015145447916
v 28.03797812035875 8.48977708013857 -4.22324708798418
f 9679 9680 9681
v 27.29359987968152 9.254371344508012 -3.467082197838039
v 28.03797812035875 8.48977708013857 -4.22324708798418
v 27.64266580526852 9.41272771823161 -4.170177831343059
f 9682 9683 9684
v 27.64266580526852 9.41272771823161 -4.170177831343059
v 28.03797812035875 8.48977708013857 -4.22324708798418
v 28.432032111087274 8.648711264302516 -4.46551733232317
f 9685 9686 9687
v 27.64266580526852 9.41272771823161 -4.170177831343059
v 28.432032111087274 8.648711264302516 -4.46551733232317
v 28.029608364544824 9.588267110749749 -4.412448075682049
f 9688 9689 9690
v 28.029608364544824 9.588267110749749 -4.412448075682049
v 28.432032111087274 8.648711264302516 -4.46551733232317
v 28.826086101815793 8.807645448466463 -4.223247087984181
f 9691 9692 9693
v 28.029608364544824 9.588267110749749 -4.412448075682049
v 28.826086101815793 8.807645448466463 -4.223247087984181
v 28.416550923821127 9.763806503267887 -4.17017783134306
f 9694 9695 9696
v 28.416550923821127 9.763806503267887 -4.17017783134306
v 28.826086101815793 8.807645448466463 -4.223247087984181
v 29.181567342396214 8.95102204732487 -3.520151454479161
f 9697 9698 9699
v 28.416550923821127 9.763806503267887 -4.17017783134306
v 29.181567342396214 8.95102204732487 -3.520151454479161
v 28.765616849408126 9.922162876991484 -3.4670821978380397
f 9700 9701 9702
v 28.765616849408126 9.922162876991484 -3.4670821978380397
v 29.181567342396214 8.95102204732487 -3.520151454479161
v 29.463678852217075 9.064806360417967 -2.4250543311709136
f 9703 9704 9705
v 28.765616849408126 9.922162876991484 -3.4670821978380397
v 29.463678852217075 9.064806360417967 -2.4250543311709136
v 29.042637136424055 10.047835206726743 -2.3719850745297926
f 9706 9707 9708
v 29.042637136424055 10.047835206726743 -2.3719850745297926
v 29.463678852217075 9.064806360417967 -2.4250543311709136
v 29.64480559111065 9.137860386398277 -1.0451514544791611
f 9709 9710 9711
v 29.042637136424055 10.047835206726743 -2.3719850745297926
v 29.64480559111065 9.137860386398277 -1.0451514544791611
v 29.22049510906196 10.128521809228568 -0.9920821978380403
f 9712 9713 9714
v 29.22049510906196 10.128521809228568 -0.9920821978380403
v 29.64480559111065 9.137860386398277 -1.0451514544791611
v 29.70721761188984 9.163033088205522 0.4844826676768285
f 9715 9716 9717
v 29.22049510906196 10.128521809228568 -0.9920821978380403
v 29.70721761188984 9.163033088205522 0.4844826676768285
v 29.281780789750684 10.156324517667462 0.5375519243179493
f 9718 9719 9720
v 29.70721761188984 9.163033088205522 0.48448266767682974
v 30.089276762737523 8.15402197035469 0.43072732284058113
v 30.025842796079594 8.131548494253762 1.960361444996571
f 9721 9722 9723
v 29.70721761188984 9.163033088205522 0.48448266767682974
v 30.025842796079594 8.131548494253762 1.960361444996571
v 29.64480559111065 9.137860386398277 2.0141167898328196
f 9724 9725 9726
v 29.64480559111065 9.137860386398277 2.0141167898328196
v 30.025842796079594 8.131548494253762 1.960361444996571
v 29.841750254732723 8.066327926373656 3.340264321688323
f 9727 9728 9729
v 29.64480559111065 9.137860386398277 2.0141167898328196
v 29.841750254732723 8.066327926373656 3.340264321688323
v 29.463678852217075 9.064806360417967 3.3940196665245717
f 9730 9731 9732
v 29.463678852217075 9.064806360417967 3.3940196665245717
v 29.841750254732723 8.066327926373656 3.340264321688323
v 29.555019399292096 7.964744510316893 4.4353614449965715
f 9733 9734 9735
v 29.463678852217075 9.064806360417967 3.3940196665245717
v 29.555019399292096 7.964744510316893 4.4353614449965715
v 29.181567342396214 8.95102204732487 4.489116789832821
f 9736 9737 9738
v 29.181567342396214 8.95102204732487 4.489116789832821
v 29.555019399292096 7.964744510316893 4.4353614449965715
v 29.193717443659583 7.836741938620386 5.138457078501591
f 9739 9740 9741
v 29.181567342396214 8.95102204732487 4.489116789832821
v 29.193717443659583 7.836741938620386 5.138457078501591
v 28.826086101815793 8.807645448466463 5.19221242333784
f 9742 9743 9744
v 28.826086101815793 8.807645448466463 5.19221242333784
v 29.193717443659583 7.836741938620386 5.138457078501591
v 28.793211140591243 7.6948499948481475 5.380727322840581
f 9745 9746 9747
v 28.826086101815793 8.807645448466463 5.19221242333784
v 28.793211140591243 7.6948499948481475 5.380727322840581
v 28.432032111087274 8.648711264302516 5.43448266767683
f 9748 9749 9750
v 28.432032111087274 8.648711264302516 5.43448266767683
v 28.793211140591243 7.6948499948481475 5.380727322840581
v 28.392704837522903 7.552958051075909 5.138457078501592
f 9751 9752 9753
v 28.432032111087274 8.648711264302516 5.43448266767683
v 28.392704837522903 7.552958051075909 5.138457078501592
v 28.03797812035875 8.48977708013857 5.192212423337841
f 9754 9755 9756
v 28.03797812035875 8.48977708013857 5.192212423337841
v 28.392704837522903 7.552958051075909 5.138457078501592
v 28.031402881890394 7.424955479379402 4.4353614449965715
f 9757 9758 9759
v 28.03797812035875 8.48977708013857 5.192212423337841
v 28.031402881890394 7.424955479379402 4.4353614449965715
v 27.682496879778334 8.346400481280163 4.489116789832821
f 9760 9761 9762
v 27.682496879778334 8.346400481280163 4.489116789832821
v 28.031402881890394 7.424955479379402 4.4353614449965715
v 27.744672026449763 7.323372063322639 3.340264321688324
f 9763 9764 9765
v 27.682496879778334 8.346400481280163 4.489116789832821
v 27.744672026449763 7.323372063322639 3.340264321688324
v 27.40038536995747 8.232616168187066 3.3940196665245725
f 9766 9767 9768
v 27.40038536995747 8.232616168187066 3.3940196665245725
v 27.744672026449763 7.323372063322639 3.340264321688324
v 27.560579485102892 7.258151495442533 1.9603614449965714
f 9769 9770 9771
v 27.40038536995747 8.232616168187066 3.3940196665245725
v 27.560579485102892 7.258151495442533 1.9603614449965714
v 27.219258631063894 8.159562142206756 2.01411678983282
f 9772 9773 9774
v 27.219258631063894 8.159562142206756 2.01411678983282
v 27.560579485102892 7.258151495442533 1.9603614449965714
v 27.497145518444967 7.235678019341607 0.43072732284058174
f 9775 9776 9777
v 27.219258631063894 8.159562142206756 2.01411678983282
v 27.497145518444967 7.235678019341607 0.43072732284058174
v 27.15684661028471 8.134389440399511 0.48448266767683035
f 9778 9779 9780
v 27.15684661028471 8.134389440399511 0.48448266767683035
v 27.497145518444967 7.235678019341607 0.43072732284058174
v 27.560579485102892 7.258151495442533 -1.0989067993154058
f 9781 9782 9783
v 27.15684661028471 8.134389440399511 0.48448266767683035
v 27.560579485102892 7.258151495442533 -1.0989067993154058
v 27.219258631063894 8.159562142206756 -1.0451514544791574
f 9784 9785 9786
v 27.219258631063894 8.159562142206756 -1.0451514544791574
v 27.560579485102892 7.258151495442533 -1.0989067993154058
v 27.744672026449763 7.323372063322639 -2.4788096760071605
f 9787 9788 9789
v 27.219258631063894 8.159562142206756 -1.0451514544791574
v 27.744672026449763 7.323372063322639 -2.4788096760071605
v 27.40038536995747 8.232616168187066 -2.425054331170912
f 9790 9791 9792
v 27.40038536995747 8.232616168187066 -2.425054331170912
v 27.744672026449763 7.323372063322639 -2.4788096760071605
v 28.031402881890394 7.424955479379402 -3.5739067993154086
f 9793 9794 9795
v 27.40038536995747 8.232616168187066 -2.425054331170912
v 28.031402881890394 7.424955479379402 -3.5739067993154086
v 27.682496879778334 8.346400481280163 -3.52015145447916
f 9796 9797 9798
v 27.682496879778334 8.346400481280163 -3.52015145447916
v 28.031402881890394 7.424955479379402 -3.5739067993154086
v 28.392704837522903 7.552958051075909 -4.277002432820429
f 9799 9800 9801
v 27.682496879778334 8.346400481280163 -3.52015145447916
v 28.392704837522903 7.552958051075909 -4.277002432820429
v 28.03797812035875 8.48977708013857 -4.22324708798418
f 9802 9803 9804
v 28.03797812035875 8.48977708013857 -4.22324708798418
v 28.392704837522903 7.552958051075909 -4.277002432820429
v 28.793211140591243 7.6948499948481475 -4.519272677159419
f 9805 9806 9807
v 28.03797812035875 8.48977708013857 -4.22324708798418
v 28.793211140591243 7.6948499948481475 -4.519272677159419
v 28.432032111087274 8.648711264302516 -4.46551733232317
f 9808 9809 9810
v 28.432032111087274 8.648711264302516 -4.46551733232317
v 28.793211140591243 7.6948499948481475 -4.519272677159419
v 29.193717443659583 7.836741938620386 -4.27700243282043
f 9811 9812 9813
v 28.432032111087274 8.648711264302516 -4.46551733232317
v 29.193717443659583 7.836741938620386 -4.27700243282043
v 28.826086101815793 8.807645448466463 -4.223247087984181
f 9814 9815 9816
v 28.826086101815793 8.807645448466463 -4.223247087984181
v 29.193717443659583 7.836741938620386 -4.27700243282043
v 29.555019399292096 7.964744510316893 -3.5739067993154094
f 9817 9818 9819
v 28.826086101815793 8.807645448466463 -4.223247087984181
v 29.555019399292096 7.964744510316893 -3.5739067993154094
v 29.181567342396214 8.95102204732487 -3.520151454479161
f 9820 9821 9822
v 29.181567342396214 8.95102204732487 -3.520151454479161
v 29.555019399292096 7.964744510316893 -3.5739067993154094
v 29.841750254732723 8.066327926373656 -2.4788096760071623
f 9823 9824 9825
v 29.181567342396214 8.95102204732487 -3.520151454479161
v 29.841750254732723 8.066327926373656 -2.4788096760071623
v 29.463678852217075 9.064806360417967 -2.4250543311709136
f 9826 9827 9828
v 29.463678852217075 9.064806360417967 -2.4250543311709136
v 29.841750254732723 8.066327926373656 -2.4788096760071623
v 30.025842796079594 8.131548494253762 -1.0989067993154098
f 9829 9830 9831
v 29.463678852217075 9.064806360417967 -2.4250543311709136
v 30.025842796079594 8.131548494253762 -1.0989067993154098
v 29.64480559111065 9.137860386398277 -1.0451514544791611
f 9832 9833 9834
v 29.64480559111065 9.137860386398277 -1.0451514544791611
v 30.025842796079594 8.131548494253762 -1.0989067993154098
v 30.089276762737523 8.15402197035469 0.4307273228405799
f 9835 9836 9837
v 29.64480559111065 9.137860386398277 -1.0451514544791611
v 30.089276762737523 8.15402197035469 0.4307273228405799
v 29.70721761188984 9.163033088205522 0.4844826676768285
f 9838 9839 9840
v 30.089276762737523 8.15402197035469 0.43072732284058113
v 30.42708326377967 7.130887017462169 0.37636201411659026
v 30.362737278642044 7.111176120712245 1.90599613627258
f 9841 9842 9843
v 30.089276762737523 8.15402197035469 0.43072732284058113
v 30.362737278642044 7.111176120712245 1.90599613627258
v 30.025842796079594 8.131548494253762 1.960361444996571
f 9844 9845 9846
v 30.025842796079594 8.131548494253762 1.960361444996571
v 30.362737278642044 7.111176120712245 1.90599613627258
v 30.17599795657927 7.053972870370249 3.2858990129643324
f 9847 9848 9849
v 30.025842796079594 8.131548494253762 1.960361444996571
v 30.17599795657927 7.053972870370249 3.2858990129643324
v 29.841750254732723 8.066327926373656 3.340264321688323
f 9850 9851 9852
v 29.841750254732723 8.066327926373656 3.340264321688323
v 30.17599795657927 7.053972870370249 3.2858990129643324
v 29.885144643524217 6.964876719138136 4.38099613627258
f 9853 9854 9855
v 29.841750254732723 8.066327926373656 3.340264321688323
v 29.885144643524217 6.964876719138136 4.38099613627258
v 29.555019399292096 7.964744510316893 4.4353614449965715
f 9856 9857 9858
v 29.555019399292096 7.964744510316893 4.4353614449965715
v 29.885144643524217 6.964876719138136 4.38099613627258
v 29.51864808825291 6.852609019067893 5.0840917697776
f 9859 9860 9861
v 29.555019399292096 7.964744510316893 4.4353614449965715
v 29.51864808825291 6.852609019067893 5.0840917697776
v 29.193717443659583 7.836741938620386 5.138457078501591
f 9862 9863 9864
v 29.193717443659583 7.836741938620386 5.138457078501591
v 29.51864808825291 6.852609019067893 5.0840917697776
v 29.11238352712695 6.728159314857458 5.32636201411659
f 9865 9866 9867
v 29.193717443659583 7.836741938620386 5.138457078501591
v 29.11238352712695 6.728159314857458 5.32636201411659
v 28.793211140591243 7.6948499948481475 5.380727322840581
f 9868 9869 9870
v 28.793211140591243 7.6948499948481475 5.380727322840581
v 29.11238352712695 6.728159314857458 5.32636201411659
v 28.706118966000993 6.603709610647022 5.084091769777601
f 9871 9872 9873
v 28.793211140591243 7.6948499948481475 5.380727322840581
v 28.706118966000993 6.603709610647022 5.084091769777601
v 28.392704837522903 7.552958051075909 5.138457078501592
f 9874 9875 9876
v 28.392704837522903 7.552958051075909 5.138457078501592
v 28.706118966000993 6.603709610647022 5.084091769777601
v 28.339622410729685 6.491441910576779 4.38099613627258
f 9877 9878 9879
v 28.392704837522903 7.552958051075909 5.138457078501592
v 28.339622410729685 6.491441910576779 4.38099613627258
v 28.031402881890394 7.424955479379402 4.4353614449965715
f 9880 9881 9882
v 28.031402881890394 7.424955479379402 4.4353614449965715
v 28.339622410729685 6.491441910576779 4.38099613627258
v 28.048769097674633 6.402345759344667 3.2858990129643333
f 9883 9884 9885
v 28.031402881890394 7.424955479379402 4.4353614449965715
v 28.048769097674633 6.402345759344667 3.2858990129643333
v 27.744672026449763 7.323372063322639 3.340264321688324
f 9886 9887 9888
v 27.744672026449763 7.323372063322639 3.340264321688324
v 28.048769097674633 6.402345759344667 3.2858990129643333
v 27.86202977561186 6.34514250900267 1.9059961362725804
f 9889 9890 9891
v 27.744672026449763 7.323372063322639 3.340264321688324
v 27.86202977561186 6.34514250900267 1.9059961362725804
v 27.560579485102892 7.258151495442533 1.9603614449965714
f 9892 9893 9894
v 27.560579485102892 7.258151495442533 1.9603614449965714
v 27.86202977561186 6.34514250900267 1.9059961362725804
v 27.79768379047423 6.325431612252746 0.37636201411659087
f 9895 9896 9897
v 27.560579485102892 7.258151495442533 1.9603614449965714
v 27.79768379047423 6.325431612252746 0.37636201411659087
v 27.497145518444967 7.235678019341607 0.43072732284058174
f 9898 9899 9900
v 27.497145518444967 7.235678019341607 0.43072732284058174
v 27.79768379047423 6.325431612252746 0.37636201411659087
v 27.86202977561186 6.34514250900267 -1.1532721080393968
f 9901 9902 9903
v 27.497145518444967 7.235678019341607 0.43072732284058174
v 27.86202977561186 6.34514250900267 -1.1532721080393968
v 27.560579485102892 7.258151495442533 -1.0989067993154058
f 9904 9905 9906
v 27.560579485102892 7.258151495442533 -1.0989067993154058
v 27.86202977561186 6.34514250900267 -1.1532721080393968
v 28.048769097674633 6.402345759344667 -2.533174984731151
f 9907 9908 9909
v 27.560579485102892 7.258151495442533 -1.0989067993154058
v 28.048769097674633 6.402345759344667 -2.533174984731151
v 27.744672026449763 7.323372063322639 -2.4788096760071605
f 9910 9911 9912
v 27.744672026449763 7.323372063322639 -2.4788096760071605
v 28.048769097674633 6.402345759344667 -2.533174984731151
v 28.33962241072968 6.491441910576779 -3.628272108039399
f 9913 9914 9915
v 27.744672026449763 7.323372063322639 -2.4788096760071605
v 28.33962241072968 6.491441910576779 -3.628272108039399
v 28.031402881890394 7.424955479379402 -3.5739067993154086
f 9916 9917 9918
v 28.031402881890394 7.424955479379402 -3.5739067993154086
v 28.33962241072968 6.491441910576779 -3.628272108039399
v 28.706118966000993 6.603709610647022 -4.33136774154442
f 9919 9920 9921
v 28.031402881890394 7.424955479379402 -3.5739067993154086
v 28.706118966000993 6.603709610647022 -4.33136774154442
v 28.392704837522903 7.552958051075909 -4.277002432820429
f 9922 9923 9924
v 28.392704837522903 7.552958051075909 -4.277002432820429
v 28.706118966000993 6.603709610647022 -4.33136774154442
v 29.11238352712695 6.728159314857458 -4.57363798588341
f 9925 9926 9927
v 28.392704837522903 7.552958051075909 -4.277002432820429
v 29.11238352712695 6.728159314857458 -4.57363798588341
v 28.793211140591243 7.6948499948481475 -4.519272677159419
f 9928 9929 9930
v 28.793211140591243 7.6948499948481475 -4.519272677159419
v 29.11238352712695 6.728159314857458 -4.57363798588341
v 29.51864808825291 6.852609019067893 -4.331367741544421
f 9931 9932 9933
v 28.793211140591243 7.6948499948481475 -4.519272677159419
v 29.51864808825291 6.852609019067893 -4.331367741544421
v 29.193717443659583 7.836741938620386 -4.27700243282043
f 9934 9935 9936
v 29.193717443659583 7.836741938620386 -4.27700243282043
v 29.51864808825291 6.852609019067893 -4.331367741544421
v 29.885144643524217 6.964876719138136 -3.6282721080394
f 9937 9938 9939
v 29.193717443659583 7.836741938620386 -4.27700243282043
v 29.885144643524217 6.964876719138136 -3.6282721080394
v 29.555019399292096 7.964744510316893 -3.5739067993154094
f 9940 9941 9942
v 29.555019399292096 7.964744510316893 -3.5739067993154094
v 29.885144643524217 6.964876719138136 -3.6282721080394
v 30.17599795657927 7.053972870370249 -2.533174984731153
f 9943 9944 9945
v 29.555019399292096 7.964744510316893 -3.5739067993154094
v 30.17599795657927 7.053972870370249 -2.533174984731153
v 29.841750254732723 8.066327926373656 -2.4788096760071623
f 9946 9947 9948
v 29.841750254732723 8.066327926373656 -2.4788096760071623
v 30.17599795657927 7.053972870370249 -2.533174984731153
v 30.362737278642044 7.111176120712245 -1.1532721080394006
f 9949 9950 9951
v 29.841750254732723 8.066327926373656 -2.4788096760071623
v 30.362737278642044 7.111176120712245 -1.1532721080394006
v 30.025842796079594 8.131548494253762 -1.0989067993154098
f 9952 9953 9954
v 30.025842796079594 8.131548494253762 -1.0989067993154098
v 30.362737278642044 7.111176120712245 -1.1532721080394006
v 30.42708326377967 7.130887017462169 0.37636201411658904
f 9955 9956 9957
v 30.025842796079594 8.131548494253762 -1.0989067993154098
v 30.42708326377967 7.130887017462169 0.37636201411658904
v 30.089276762737523 8.15402197035469 0.4307273228405799
f 9958 9959 9960
v 30.42708326377967 7.130887017462169 0.37636201411659026
v 30.71984440256417 6.095291682038116 0.32146372959757635
v 30.6547014640543 6.078400180733699 1.8510978517535661
f 9961 9962 9963
v 30.42708326377967 7.130887017462169 0.37636201411659026
v 30.6547014640543 6.078400180733699 1.8510978517535661
v 30.362737278642044 7.111176120712245 1.90599613627258
f 9964 9965 9966
v 30.362737278642044 7.111176120712245 1.90599613627258
v 30.6547014640543 6.078400180733699 1.8510978517535661
v 30.46564929322357 6.029379134658136 3.231000728445318
f 9967 9968 9969
v 30.362737278642044 7.111176120712245 1.90599613627258
v 30.46564929322357 6.029379134658136 3.231000728445318
v 30.17599795657927 7.053972870370249 3.2858990129643324
f 9970 9971 9972
v 30.17599795657927 7.053972870370249 3.2858990129643324
v 30.46564929322357 6.029379134658136 3.231000728445318
v 30.171193633756825 5.953027065351014 4.326097851753567
f 9973 9974 9975
v 30.17599795657927 7.053972870370249 3.2858990129643324
v 30.171193633756825 5.953027065351014 4.326097851753567
v 29.885144643524217 6.964876719138136 4.38099613627258
f 9976 9977 9978
v 29.885144643524217 6.964876719138136 4.38099613627258
v 30.171193633756825 5.953027065351014 4.326097851753567
v 29.800157857195885 5.8568178453322615 5.0291934852585864
f 9979 9980 9981
v 29.885144643524217 6.964876719138136 4.38099613627258
v 29.800157857195885 5.8568178453322615 5.0291934852585864
v 29.51864808825291 6.852609019067893 5.0840917697776
f 9982 9983 9984
v 29.51864808825291 6.852609019067893 5.0840917697776
v 29.800157857195885 5.8568178453322615 5.0291934852585864
v 29.388861530508798 5.750169103386367 5.271463729597577
f 9985 9986 9987
v 29.51864808825291 6.852609019067893 5.0840917697776
v 29.388861530508798 5.750169103386367 5.271463729597577
v 29.11238352712695 6.728159314857458 5.32636201411659
f 9988 9989 9990
v 29.11238352712695 6.728159314857458 5.32636201411659
v 29.388861530508798 5.750169103386367 5.271463729597577
v 28.97756520382171 5.643520361440472 5.029193485258587
f 9991 9992 9993
v 29.11238352712695 6.728159314857458 5.32636201411659
v 28.97756520382171 5.643520361440472 5.029193485258587
v 28.706118966000993 6.603709610647022 5.084091769777601
f 9994 9995 9996
v 28.706118966000993 6.603709610647022 5.084091769777601
v 28.97756520382171 5.643520361440472 5.029193485258587
v 28.60652942726077 5.547311141421719 4.326097851753567
f 9997 9998 9999
v 28.706118966000993 6.603709610647022 5.084091769777601
v 28.60652942726077 5.547311141421719 4.326097851753567
v 28.339622410729685 6.491441910576779 4.38099613627258
f 10000 10001 10002
v 28.339622410729685 6.491441910576779 4.38099613627258
v 28.60652942726077 5.547311141421719 4.326097851753567
v 28.312073767794026 5.4709590721145975 3.231000728445319
f 10003 10004 10005
v 28.339622410729685 6.491441910576779 4.38099613627258
v 28.312073767794026 5.4709590721145975 3.231000728445319
v 28.048769097674633 6.402345759344667 3.2858990129643333
f 10006 10007 10008
v 28.048769097674633 6.402345759344667 3.2858990129643333
v 28.312073767794026 5.4709590721145975 3.231000728445319
v 28.123021596963298 5.421938026039034 1.8510978517535666
f 10009 10010 10011
v 28.048769097674633 6.402345759344667 3.2858990129643333
v 28.123021596963298 5.421938026039034 1.8510978517535666
v 27.86202977561186 6.34514250900267 1.9059961362725804
f 10012 10013 10014
v 27.86202977561186 6.34514250900267 1.9059961362725804
v 28.123021596963298 5.421938026039034 1.8510978517535666
v 28.057878658453426 5.405046524734618 0.32146372959757696
f 10015 10016 10017
v 27.86202977561186 6.34514250900267 1.9059961362725804
v 28.057878658453426 5.405046524734618 0.32146372959757696
v 27.79768379047423 6.325431612252746 0.37636201411659087
f 10018 10019 10020
v 27.79768379047423 6.325431612252746 0.37636201411659087
v 28.057878658453426 5.405046524734618 0.32146372959757696
v 28.123021596963298 5.421938026039034 -1.2081703925584106
f 10021 10022 10023
v 27.79768379047423 6.325431612252746 0.37636201411659087
v 28.123021596963298 5.421938026039034 -1.2081703925584106
v 27.86202977561186 6.34514250900267 -1.1532721080393968
f 10024 10025 10026
v 27.86202977561186 6.34514250900267 -1.1532721080393968
v 28.123021596963298 5.421938026039034 -1.2081703925584106
v 28.312073767794026 5.4709590721145975 -2.5880732692501653
f 10027 10028 10029
v 27.86202977561186 6.34514250900267 -1.1532721080393968
v 28.312073767794026 5.4709590721145975 -2.5880732692501653
v 28.048769097674633 6.402345759344667 -2.533174984731151
f 10030 10031 10032
v 28.048769097674633 6.402345759344667 -2.533174984731151
v 28.312073767794026 5.4709590721145975 -2.5880732692501653
v 28.606529427260767 5.547311141421719 -3.6831703925584134
f 10033 10034 10035
v 28.048769097674633 6.402345759344667 -2.533174984731151
v 28.606529427260767 5.547311141421719 -3.6831703925584134
v 28.33962241072968 6.491441910576779 -3.628272108039399
f 10036 10037 10038
v 28.33962241072968 6.491441910576779 -3.628272108039399
v 28.606529427260767 5.547311141421719 -3.6831703925584134
v 28.97756520382171 5.643520361440472 -4.386266026063433
f 10039 10040 10041
v 28.33962241072968 6.491441910576779 -3.628272108039399
v 28.97756520382171 5.643520361440472 -4.386266026063433
v 28.706118966000993 6.603709610647022 -4.33136774154442
f 10042 10043 10044
v 28.706118966000993 6.603709610647022 -4.33136774154442
v 28.97756520382171 5.643520361440472 -4.386266026063433
v 29.388861530508798 5.750169103386367 -4.6285362704024235
f 10045 10046 10047
v 28.706118966000993 6.603709610647022 -4.33136774154442
v 29.388861530508798 5.750169103386367 -4.6285362704024235
v 29.11238352712695 6.728159314857458 -4.57363798588341
f 10048 10049 10050
v 29.11238352712695 6.728159314857458 -4.57363798588341
v 29.388861530508798 5.750169103386367 -4.6285362704024235
v 29.800157857195885 5.8568178453322615 -4.386266026063434
f 10051 10052 10053
v 29.11238352712695 6.728159314857458 -4.57363798588341
v 29.800157857195885 5.8568178453322615 -4.386266026063434
v 29.51864808825291 6.852609019067893 -4.331367741544421
f 10054 10055 10056
v 29.51864808825291 6.852609019067893 -4.331367741544421
v 29.800157857195885 5.8568178453322615 -4.386266026063434
v 30.171193633756825 5.953027065351014 -3.6831703925584143
f 10057 10058 10059
v 29.51864808825291 6.852609019067893 -4.331367741544421
v 30.171193633756825 5.953027065351014 -3.6831703925584143
v 29.885144643524217 6.964876719138136 -3.6282721080394
f 10060 10061 10062
v 29.885144643524217 6.964876719138136 -3.6282721080394
v 30.171193633756825 5.953027065351014 -3.6831703925584143
v 30.46564929322357 6.029379134658136 -2.588073269250167
f 10063 10064 10065
v 29.885144643524217 6.964876719138136 -3.6282721080394
v 30.46564929322357 6.029379134658136 -2.588073269250167
v 30.17599795657927 7.053972870370249 -2.533174984731153
f 10066 10067 10068
v 30.17599795657927 7.053972870370249 -2.533174984731153
v 30.46564929322357 6.029379134658136 -2.588073269250167
v 30.6547014640543 6.078400180733699 -1.2081703925584144
f 10069 10070 10071
v 30.17599795657927 7.053972870370249 -2.533174984731153
v 30.6547014640543 6.078400180733699 -1.2081703925584144
v 30.362737278642044 7.111176120712245 -1.1532721080394006
f 10072 10073 10074
v 30.362737278642044 7.111176120712245 -1.1532721080394006
v 30.6547014640543 6.078400180733699 -1.2081703925584144
v 30.71984440256417 6.095291682038116 0.32146372959757513
f 10075 10076 10077
v 30.362737278642044 7.111176120712245 -1.1532721080394006
v 30.71984440256417 6.095291682038116 0.32146372959757513
v 30.42708326377967 7.130887017462169 0.37636201411658904
f 10078 10079 10080
v 30.71984440256417 6.095291682038116 0.32146372959757635
v 30.966857939531863 5.048962110588095 0.2661102121368017
v 30.9010377610291 5.034939651606779 1.7957443342927915
f 10081 10082 10083
v 30.71984440256417 6.095291682038116 0.32146372959757635
v 30.9010377610291 5.034939651606779 1.7957443342927915
v 30.6547014640543 6.078400180733699 1.8510978517535661
f 10084 10085 10086
v 30.6547014640543 6.078400180733699 1.8510978517535661
v 30.9010377610291 5.034939651606779 1.7957443342927915
v 30.71002016318882 4.9942448906481385 3.1756472109845437
f 10087 10088 10089
v 30.6547014640543 6.078400180733699 1.8510978517535661
v 30.71002016318882 4.9942448906481385 3.1756472109845437
v 30.46564929322357 6.029379134658136 3.231000728445318
f 10090 10091 10092
v 30.46564929322357 6.029379134658136 3.231000728445318
v 30.71002016318882 4.9942448906481385 3.1756472109845437
v 30.412503279385483 4.930861314451878 4.270744334292792
f 10093 10094 10095
v 30.46564929322357 6.029379134658136 3.231000728445318
v 30.412503279385483 4.930861314451878 4.270744334292792
v 30.171193633756825 5.953027065351014 4.326097851753567
f 10096 10097 10098
v 30.171193633756825 5.953027065351014 4.326097851753567
v 30.412503279385483 4.930861314451878 4.270744334292792
v 30.037610135127785 4.85099334907543 4.973839967797812
f 10099 10100 10101
v 30.171193633756825 5.953027065351014 4.326097851753567
v 30.037610135127785 4.85099334907543 4.973839967797812
v 29.800157857195885 5.8568178453322615 5.0291934852585864
f 10102 10103 10104
v 29.800157857195885 5.8568178453322615 5.0291934852585864
v 30.037610135127785 4.85099334907543 4.973839967797812
v 29.622037883409792 4.762459027442677 5.216110212136802
f 10105 10106 10107
v 29.800157857195885 5.8568178453322615 5.0291934852585864
v 29.622037883409792 4.762459027442677 5.216110212136802
v 29.388861530508798 5.750169103386367 5.271463729597577
f 10108 10109 10110
v 29.388861530508798 5.750169103386367 5.271463729597577
v 29.622037883409792 4.762459027442677 5.216110212136802
v 29.206465631691803 4.673924705809925 4.9738399677978125
f 10111 10112 10113
v 29.388861530508798 5.750169103386367 5.271463729597577
v 29.206465631691803 4.673924705809925 4.9738399677978125
v 28.97756520382171 5.643520361440472 5.029193485258587
f 10114 10115 10116
v 28.97756520382171 5.643520361440472 5.029193485258587
v 29.206465631691803 4.673924705809925 4.9738399677978125
v 28.831572487434105 4.5940567404334764 4.270744334292792
f 10117 10118 10119
v 28.97756520382171 5.643520361440472 5.029193485258587
v 28.831572487434105 4.5940567404334764 4.270744334292792
v 28.60652942726077 5.547311141421719 4.326097851753567
f 10120 10121 10122
v 28.60652942726077 5.547311141421719 4.326097851753567
v 28.831572487434105 4.5940567404334764 4.270744334292792
v 28.534055603630765 4.530673164237216 3.1756472109845446
f 10123 10124 10125
v 28.60652942726077 5.547311141421719 4.326097851753567
v 28.534055603630765 4.530673164237216 3.1756472109845446
v 28.312073767794026 5.4709590721145975 3.231000728445319
f 10126 10127 10128
v 28.312073767794026 5.4709590721145975 3.231000728445319
v 28.534055603630765 4.530673164237216 3.1756472109845446
v 28.343038005790483 4.489978403278576 1.795744334292792
f 10129 10130 10131
v 28.312073767794026 5.4709590721145975 3.231000728445319
v 28.343038005790483 4.489978403278576 1.795744334292792
v 28.123021596963298 5.421938026039034 1.8510978517535666
f 10132 10133 10134
v 28.123021596963298 5.421938026039034 1.8510978517535666
v 28.343038005790483 4.489978403278576 1.795744334292792
v 28.27721782728772 4.47595594429726 0.2661102121368023
f 10135 10136 10137
v 28.123021596963298 5.421938026039034 1.8510978517535666
v 28.27721782728772 4.47595594429726 0.2661102121368023
v 28.057878658453426 5.405046524734618 0.32146372959757696
f 10138 10139 10140
v 28.057878658453426 5.405046524734618 0.32146372959757696
v 28.27721782728772 4.47595594429726 0.2661102121368023
v 28.343038005790483 4.489978403278576 -1.2635239100191853
f 10141 10142 10143
v 28.057878658453426 5.405046524734618 0.32146372959757696
v 28.343038005790483 4.489978403278576 -1.2635239100191853
v 28.123021596963298 5.421938026039034 -1.2081703925584106
f 10144 10145 10146
v 28.123021596963298 5.421938026039034 -1.2081703925584106
v 28.343038005790483 4.489978403278576 -1.2635239100191853
v 28.534055603630765 4.530673164237216 -2.64342678671094
f 10147 10148 10149
v 28.123021596963298 5.421938026039034 -1.2081703925584106
v 28.534055603630765 4.530673164237216 -2.64342678671094
v 28.312073767794026 5.4709590721145975 -2.5880732692501653
f 10150 10151 10152
v 28.312073767794026 5.4709590721145975 -2.5880732692501653
v 28.534055603630765 4.530673164237216 -2.64342678671094
v 28.8315724874341 4.5940567404334764 -3.738523910019188
f 10153 10154 10155
v 28.312073767794026 5.4709590721145975 -2.5880732692501653
v 28.8315724874341 4.5940567404334764 -3.738523910019188
v 28.606529427260767 5.547311141421719 -3.6831703925584134
f 10156 10157 10158
v 28.606529427260767 5.547311141421719 -3.6831703925584134
v 28.8315724874341 4.5940567404334764 -3.738523910019188
v 29.206465631691803 4.673924705809925 -4.441619543524208
f 10159 10160 10161
v 28.606529427260767 5.547311141421719 -3.6831703925584134
v 29.206465631691803 4.673924705809925 -4.441619543524208
v 28.97756520382171 5.643520361440472 -4.386266026063433
f 10162 10163 10164
v 28.97756520382171 5.643520361440472 -4.386266026063433
v 29.206465631691803 4.673924705809925 -4.441619543524208
v 29.622037883409792 4.762459027442677 -4.683889787863198
f 10165 10166 10167
v 28.97756520382171 5.643520361440472 -4.386266026063433
v 29.622037883409792 4.762459027442677 -4.683889787863198
v 29.388861530508798 5.750169103386367 -4.6285362704024235
f 10168 10169 10170
v 29.388861530508798 5.750169103386367 -4.6285362704024235
v 29.622037883409792 4.762459027442677 -4.683889787863198
v 30.037610135127785 4.85099334907543 -4.441619543524209
f 10171 10172 10173
v 29.388861530508798 5.750169103386367 -4.6285362704024235
v 30.037610135127785 4.85099334907543 -4.441619543524209
v 29.800157857195885 5.8568178453322615 -4.386266026063434
f 10174 10175 10176
v 29.800157857195885 5.8568178453322615 -4.386266026063434
v 30.037610135127785 4.85099334907543 -4.441619543524209
v 30.412503279385483 4.930861314451878 -3.7385239100191887
f 10177 10178 10179
v 29.800157857195885 5.8568178453322615 -4.386266026063434
v 30.412503279385483 4.930861314451878 -3.7385239100191887
v 30.171193633756825 5.953027065351014 -3.6831703925584143
f 10180 10181 10182
v 30.171193633756825 5.953027065351014 -3.6831703925584143
v 30.412503279385483 4.930861314451878 -3.7385239100191887
v 30.71002016318882 4.9942448906481385 -2.6434267867109416
f 10183 10184 10185
v 30.171193633756825 5.953027065351014 -3.6831703925584143
v 30.71002016318882 4.9942448906481385 -2.6434267867109416
v 30.46564929322357 6.029379134658136 -2.588073269250167
f 10186 10187 10188
v 30.46564929322357 6.029379134658136 -2.588073269250167
v 30.71002016318882 4.9942448906481385 -2.6434267867109416
v 30.9010377610291 5.034939651606779 -1.263523910019189
f 10189 10190 10191
v 30.46564929322357 6.029379134658136 -2.588073269250167
v 30.9010377610291 5.034939651606779 -1.263523910019189
v 30.6547014640543 6.078400180733699 -1.2081703925584144
f 10192 10193 10194
v 30.6547014640543 6.078400180733699 -1.2081703925584144
v 30.9010377610291 5.034939651606779 -1.263523910019189
v 30.966857939531863 5.048962110588095 0.2661102121368005
f 10195 10196 10197
v 30.6547014640543 6.078400180733699 -1.2081703925584144
v 30.966857939531863 5.048962110588095 0.2661102121368005
v 30.71984440256417 6.095291682038116 0.32146372959757513
f 10198 10199 10200
v 30.966857939531863 5.048962110588095 0.2661102121368017
v 31.167519874204693 3.9936808676133038 0.21037984925444472
v 31.10114623848324 3.9825693539840206 1.7400139714104343
f 10201 10202 10203
v 30.966857939531863 5.048962110588095 0.2661102121368017
v 31.10114623848324 3.9825693539840206 1.7400139714104343
v 30.9010377610291 5.034939651606779 1.7957443342927915
f 10204 10205 10206
v 30.9010377610291 5.034939651606779 1.7957443342927915
v 31.10114623848324 3.9825693539840206 1.7400139714104343
v 30.908522445235604 3.950322485468674 3.1199168481021866
f 10207 10208 10209
v 30.9010377610291 5.034939651606779 1.7957443342927915
v 30.908522445235604 3.950322485468674 3.1199168481021866
v 30.71002016318882 4.9942448906481385 3.1756472109845437
f 10210 10211 10212
v 30.71002016318882 4.9942448906481385 3.1756472109845437
v 30.908522445235604 3.950322485468674 3.1199168481021866
v 30.608503853433753 3.900096810234689 4.2150139714104355
f 10213 10214 10215
v 30.71002016318882 4.9942448906481385 3.1756472109845437
v 30.608503853433753 3.900096810234689 4.2150139714104355
v 30.412503279385483 4.930861314451878 4.270744334292792
f 10216 10217 10218
v 30.412503279385483 4.930861314451878 4.270744334292792
v 30.608503853433753 3.900096810234689 4.2150139714104355
v 30.230458373195695 3.836808767316826 4.918109604915455
f 10219 10220 10221
v 30.412503279385483 4.930861314451878 4.270744334292792
v 30.230458373195695 3.836808767316826 4.918109604915455
v 30.037610135127785 4.85099334907543 4.973839967797812
f 10222 10223 10224
v 30.037610135127785 4.85099334907543 4.973839967797812
v 30.230458373195695 3.836808767316826 4.918109604915455
v 29.811391730124875 3.7666534313096083 5.160379849254445
f 10225 10226 10227
v 30.037610135127785 4.85099334907543 4.973839967797812
v 29.811391730124875 3.7666534313096083 5.160379849254445
v 29.622037883409792 4.762459027442677 5.216110212136802
f 10228 10229 10230
v 29.622037883409792 4.762459027442677 5.216110212136802
v 29.811391730124875 3.7666534313096083 5.160379849254445
v 29.392325087054054 3.696498095302391 4.918109604915456
f 10231 10232 10233
v 29.622037883409792 4.762459027442677 5.216110212136802
v 29.392325087054054 3.696498095302391 4.918109604915456
v 29.206465631691803 4.673924705809925 4.9738399677978125
f 10234 10235 10236
v 29.206465631691803 4.673924705809925 4.9738399677978125
v 29.392325087054054 3.696498095302391 4.918109604915456
v 29.014279606815997 3.6332100523845274 4.2150139714104355
f 10237 10238 10239
v 29.206465631691803 4.673924705809925 4.9738399677978125
v 29.014279606815997 3.6332100523845274 4.2150139714104355
v 28.831572487434105 4.5940567404334764 4.270744334292792
f 10240 10241 10242
v 28.831572487434105 4.5940567404334764 4.270744334292792
v 29.014279606815997 3.6332100523845274 4.2150139714104355
v 28.714261015014145 3.582984377150543 3.1199168481021875
f 10243 10244 10245
v 28.831572487434105 4.5940567404334764 4.270744334292792
v 28.714261015014145 3.582984377150543 3.1199168481021875
v 28.534055603630765 4.530673164237216 3.1756472109845446
f 10246 10247 10248
v 28.534055603630765 4.530673164237216 3.1756472109845446
v 28.714261015014145 3.582984377150543 3.1199168481021875
v 28.52163722176651 3.550737508635196 1.7400139714104348
f 10249 10250 10251
v 28.534055603630765 4.530673164237216 3.1756472109845446
v 28.52163722176651 3.550737508635196 1.7400139714104348
v 28.343038005790483 4.489978403278576 1.795744334292792
f 10252 10253 10254
v 28.343038005790483 4.489978403278576 1.795744334292792
v 28.52163722176651 3.550737508635196 1.7400139714104348
v 28.455263586045056 3.5396259950059132 0.21037984925444533
f 10255 10256 10257
v 28.343038005790483 4.489978403278576 1.795744334292792
v 28.455263586045056 3.5396259950059132 0.21037984925444533
v 28.27721782728772 4.47595594429726 0.2661102121368023
f 10258 10259 10260
v 28.27721782728772 4.47595594429726 0.2661102121368023
v 28.455263586045056 3.5396259950059132 0.21037984925444533
v 28.52163722176651 3.550737508635196 -1.3192542729015424
f 10261 10262 10263
v 28.27721782728772 4.47595594429726 0.2661102121368023
v 28.52163722176651 3.550737508635196 -1.3192542729015424
v 28.343038005790483 4.489978403278576 -1.2635239100191853
f 10264 10265 10266
v 28.343038005790483 4.489978403278576 -1.2635239100191853
v 28.52163722176651 3.550737508635196 -1.3192542729015424
v 28.714261015014145 3.582984377150543 -2.699157149593297
f 10267 10268 10269
v 28.343038005790483 4.489978403278576 -1.2635239100191853
v 28.714261015014145 3.582984377150543 -2.699157149593297
v 28.534055603630765 4.530673164237216 -2.64342678671094
f 10270 10271 10272
v 28.534055603630765 4.530673164237216 -2.64342678671094
v 28.714261015014145 3.582984377150543 -2.699157149593297
v 29.014279606815993 3.6332100523845274 -3.794254272901545
f 10273 10274 10275
v 28.534055603630765 4.530673164237216 -2.64342678671094
v 29.014279606815993 3.6332100523845274 -3.794254272901545
v 28.8315724874341 4.5940567404334764 -3.738523910019188
f 10276 10277 10278
v 28.8315724874341 4.5940567404334764 -3.738523910019188
v 29.014279606815993 3.6332100523845274 -3.794254272901545
v 29.392325087054054 3.696498095302391 -4.497349906406565
f 10279 10280 10281
v 28.8315724874341 4.5940567404334764 -3.738523910019188
v 29.392325087054054 3.696498095302391 -4.497349906406565
v 29.206465631691803 4.673924705809925 -4.441619543524208
f 10282 10283 10284
v 29.206465631691803 4.673924705809925 -4.441619543524208
v 29.392325087054054 3.696498095302391 -4.497349906406565
v 29.811391730124875 3.7666534313096083 -4.739620150745555
f 10285 10286 10287
v 29.206465631691803 4.673924705809925 -4.441619543524208
v 29.811391730124875 3.7666534313096083 -4.739620150745555
v 29.622037883409792 4.762459027442677 -4.683889787863198
f 10288 10289 10290
v 29.622037883409792 4.762459027442677 -4.683889787863198
v 29.811391730124875 3.7666534313096083 -4.739620150745555
v 30.230458373195695 3.836808767316826 -4.497349906406566
f 10291 10292 10293
v 29.622037883409792 4.762459027442677 -4.683889787863198
v 30.230458373195695 3.836808767316826 -4.497349906406566
v 30.037610135127785 4.85099334907543 -4.441619543524209
f 10294 10295 10296
v 30.037610135127785 4.85099334907543 -4.441619543524209
v 30.230458373195695 3.836808767316826 -4.497349906406566
v 30.608503853433753 3.900096810234689 -3.794254272901546
f 10297 10298 10299
v 30.037610135127785 4.85099334907543 -4.441619543524209
v 30.608503853433753 3.900096810234689 -3.794254272901546
v 30.412503279385483 4.930861314451878 -3.7385239100191887
f 10300 10301 10302
v 30.412503279385483 4.930861314451878 -3.7385239100191887
v 30.608503853433753 3.900096810234689 -3.794254272901546
v 30.908522445235604 3.950322485468674 -2.6991571495932987
f 10303 10304 10305
v 30.412503279385483 4.930861314451878 -3.7385239100191887
v 30.908522445235604 3.950322485468674 -2.6991571495932987
v 30.71002016318882 4.9942448906481385 -2.6434267867109416
f 10306 10307 10308
v 30.71002016318882 4.9942448906481385 -2.6434267867109416
v 30.908522445235604 3.950322485468674 -2.6991571495932987
v 31.10114623848324 3.9825693539840206 -1.3192542729015462
f 10309 10310 10311
v 30.71002016318882 4.9942448906481385 -2.6434267867109416
v 31.10114623848324 3.9825693539840206 -1.3192542729015462
v 30.9010377610291 5.034939651606779 -1.263523910019189
f 10312 10313 10314
v 30.9010377610291 5.034939651606779 -1.263523910019189
v 31.10114623848324 3.9825693539840206 -1.3192542729015462
v 31.167519874204693 3.9936808676133038 0.2103798492544435
f 10315 10316 10317
v 30.9010377610291 5.034939651606779 -1.263523910019189
v 31.167519874204693 3.9936808676133038 0.2103798492544435
v 30.966857939531863 5.048962110588095 0.2661102121368005
f 10318 10319 10320
v 31.167519874204693 3.9936808676133038 0.21037984925444472
v 31.32133150842228 2.9312793421082715 0.15435156213104445
v 31.254531607052325 2.923112431371485 1.6839856842870342
f 10321 10322 10323
v 31.167519874204693 3.9936808676133038 0.21037984925444472
v 31.254531607052325 2.923112431371485 1.6839856842870342
v 31.10114623848324 3.9825693539840206 1.7400139714104343
f 10324 10325 10326
v 31.10114623848324 3.9825693539840206 1.7400139714104343
v 31.254531607052325 2.923112431371485 1.6839856842870342
v 31.06067074271084 2.8994111332862547 3.0638885609787865
f 10327 10328 10329
v 31.10114623848324 3.9825693539840206 1.7400139714104343
v 31.06067074271084 2.8994111332862547 3.0638885609787865
v 30.908522445235604 3.950322485468674 3.1199168481021866
f 10330 10331 10332
v 30.908522445235604 3.950322485468674 3.1199168481021866
v 31.06067074271084 2.8994111332862547 3.0638885609787865
v 30.75872536750763 2.8624954960458178 4.1589856842870345
f 10333 10334 10335
v 30.908522445235604 3.950322485468674 3.1199168481021866
v 30.75872536750763 2.8624954960458178 4.1589856842870345
v 30.608503853433753 3.900096810234689 4.2150139714104355
f 10336 10337 10338
v 30.608503853433753 3.900096810234689 4.2150139714104355
v 30.75872536750763 2.8624954960458178 4.1589856842870345
v 30.37825199854472 2.8159790794296358 4.862081317792054
f 10339 10340 10341
v 30.608503853433753 3.900096810234689 4.2150139714104355
v 30.37825199854472 2.8159790794296358 4.862081317792054
v 30.230458373195695 3.836808767316826 4.918109604915455
f 10342 10343 10344
v 30.230458373195695 3.836808767316826 4.918109604915455
v 30.37825199854472 2.8159790794296358 4.862081317792054
v 29.956494020090034 2.7644152343950332 5.104351562131044
f 10345 10346 10347
v 30.230458373195695 3.836808767316826 4.918109604915455
v 29.956494020090034 2.7644152343950332 5.104351562131044
v 29.811391730124875 3.7666534313096083 5.160379849254445
f 10348 10349 10350
v 29.811391730124875 3.7666534313096083 5.160379849254445
v 29.956494020090034 2.7644152343950332 5.104351562131044
v 29.534736041635355 2.712851389360431 4.862081317792055
f 10351 10352 10353
v 29.811391730124875 3.7666534313096083 5.160379849254445
v 29.534736041635355 2.712851389360431 4.862081317792055
v 29.392325087054054 3.696498095302391 4.918109604915456
f 10354 10355 10356
v 29.392325087054054 3.696498095302391 4.918109604915456
v 29.534736041635355 2.712851389360431 4.862081317792055
v 29.154262672672445 2.666334972744249 4.1589856842870345
f 10357 10358 10359
v 29.392325087054054 3.696498095302391 4.918109604915456
v 29.154262672672445 2.666334972744249 4.1589856842870345
v 29.014279606815997 3.6332100523845274 4.2150139714104355
f 10360 10361 10362
v 29.014279606815997 3.6332100523845274 4.2150139714104355
v 29.154262672672445 2.666334972744249 4.1589856842870345
v 28.852317297469234 2.629419335503812 3.0638885609787874
f 10363 10364 10365
v 29.014279606815997 3.6332100523845274 4.2150139714104355
v 28.852317297469234 2.629419335503812 3.0638885609787874
v 28.714261015014145 3.582984377150543 3.1199168481021875
f 10366 10367 10368
v 28.714261015014145 3.582984377150543 3.1199168481021875
v 28.852317297469234 2.629419335503812 3.0638885609787874
v 28.658456433127746 2.6057180374185815 1.6839856842870347
f 10369 10370 10371
v 28.714261015014145 3.582984377150543 3.1199168481021875
v 28.658456433127746 2.6057180374185815 1.6839856842870347
v 28.52163722176651 3.550737508635196 1.7400139714104348
f 10372 10373 10374
v 28.52163722176651 3.550737508635196 1.7400139714104348
v 28.658456433127746 2.6057180374185815 1.6839856842870347
v 28.591656531757792 2.597551126681795 0.15435156213104506
f 10375 10376 10377
v 28.52163722176651 3.550737508635196 1.7400139714104348
v 28.591656531757792 2.597551126681795 0.15435156213104506
v 28.455263586045056 3.5396259950059132 0.21037984925444533
f 10378 10379 10380
v 28.455263586045056 3.5396259950059132 0.21037984925444533
v 28.591656531757792 2.597551126681795 0.15435156213104506
v 28.658456433127746 2.6057180374185815 -1.3752825600249425
f 10381 10382 10383
v 28.455263586045056 3.5396259950059132 0.21037984925444533
v 28.658456433127746 2.6057180374185815 -1.3752825600249425
v 28.52163722176651 3.550737508635196 -1.3192542729015424
f 10384 10385 10386
v 28.52163722176651 3.550737508635196 -1.3192542729015424
v 28.658456433127746 2.6057180374185815 -1.3752825600249425
v 28.852317297469234 2.629419335503812 -2.755185436716697
f 10387 10388 10389
v 28.52163722176651 3.550737508635196 -1.3192542729015424
v 28.852317297469234 2.629419335503812 -2.755185436716697
v 28.714261015014145 3.582984377150543 -2.699157149593297
f 10390 10391 10392
v 28.714261015014145 3.582984377150543 -2.699157149593297
v 28.852317297469234 2.629419335503812 -2.755185436716697
v 29.154262672672445 2.666334972744249 -3.850282560024945
f 10393 10394 10395
v 28.714261015014145 3.582984377150543 -2.699157149593297
v 29.154262672672445 2.666334972744249 -3.850282560024945
v 29.014279606815993 3.6332100523845274 -3.794254272901545
f 10396 10397 10398
v 29.014279606815993 3.6332100523845274 -3.794254272901545
v 29.154262672672445 2.666334972744249 -3.850282560024945
v 29.534736041635355 2.712851389360431 -4.553378193529966
f 10399 10400 10401
v 29.014279606815993 3.6332100523845274 -3.794254272901545
v 29.534736041635355 2.712851389360431 -4.553378193529966
v 29.392325087054054 3.696498095302391 -4.497349906406565
f 10402 10403 10404
v 29.392325087054054 3.696498095302391 -4.497349906406565
v 29.534736041635355 2.712851389360431 -4.553378193529966
v 29.956494020090034 2.7644152343950332 -4.795648437868956
f 10405 10406 10407
v 29.392325087054054 3.696498095302391 -4.497349906406565
v 29.956494020090034 2.7644152343950332 -4.795648437868956
v 29.811391730124875 3.7666534313096083 -4.739620150745555
f 10408 10409 10410
v 29.811391730124875 3.7666534313096083 -4.739620150745555
v 29.956494020090034 2.7644152343950332 -4.795648437868956
v 30.37825199854472 2.8159790794296358 -4.553378193529967
f 10411 10412 10413
v 29.811391730124875 3.7666534313096083 -4.739620150745555
v 30.37825199854472 2.8159790794296358 -4.553378193529967
v 30.230458373195695 3.836808767316826 -4.497349906406566
f 10414 10415 10416
v 30.230458373195695 3.836808767316826 -4.497349906406566
v 30.37825199854472 2.8159790794296358 -4.553378193529967
v 30.75872536750763 2.8624954960458178 -3.850282560024946
f 10417 10418 10419
v 30.230458373195695 3.836808767316826 -4.497349906406566
v 30.75872536750763 2.8624954960458178 -3.850282560024946
v 30.608503853433753 3.900096810234689 -3.794254272901546
f 10420 10421 10422
v 30.608503853433753 3.900096810234689 -3.794254272901546
v 30.75872536750763 2.8624954960458178 -3.850282560024946
v 31.06067074271084 2.8994111332862547 -2.755185436716699
f 10423 10424 10425
v 30.608503853433753 3.900096810234689 -3.794254272901546
v 31.06067074271084 2.8994111332862547 -2.755185436716699
v 30.908522445235604 3.950322485468674 -2.6991571495932987
f 10426 10427 10428
v 30.908522445235604 3.950322485468674 -2.6991571495932987
v 31.06067074271084 2.8994111332862547 -2.755185436716699
v 31.254531607052325 2.923112431371485 -1.3752825600249463
f 10429 10430 10431
v 30.908522445235604 3.950322485468674 -2.6991571495932987
v 31.254531607052325 2.923112431371485 -1.3752825600249463
v 31.10114623848324 3.9825693539840206 -1.3192542729015462
f 10432 10433 10434
v 31.10114623848324 3.9825693539840206 -1.3192542729015462
v 31.254531607052325 2.923112431371485 -1.3752825600249463
v 31.32133150842228 2.9312793421082715 0.15435156213104323
f 10435 10436 10437
v 31.10114623848324 3.9825693539840206 -1.3192542729015462
v 31.32133150842228 2.9312793421082715 0.15435156213104323
v 31.167519874204693 3.9936808676133038 0.2103798492544435
f 10438 10439 10440
v 31.32133150842228 2.9312793421082715 0.15435156213104445
v 31.427905551702104 1.8636289508600734 0.0981046938452149
v 31.360809253560525 1.8584316410064665 1.6277388160012045
f 10441 10442 10443
v 31.32133150842228 2.9312793421082715 0.15435156213104445
v 31.360809253560525 1.8584316410064665 1.6277388160012045
v 31.254531607052325 2.923112431371485 1.6839856842870342
f 10444 10445 10446
v 31.254531607052325 2.923112431371485 1.6839856842870342
v 31.360809253560525 1.8584316410064665 1.6277388160012045
v 31.166088212285285 1.8433484603459043 3.007641692692957
f 10447 10448 10449
v 31.254531607052325 2.923112431371485 1.6839856842870342
v 31.166088212285285 1.8433484603459043 3.007641692692957
v 31.06067074271084 2.8994111332862547 3.0638885609787865
f 10450 10451 10452
v 31.06067074271084 2.8994111332862547 3.0638885609787865
v 31.166088212285285 1.8433484603459043 3.007641692692957
v 30.862803080097674 1.819855855692141 4.102738816001206
f 10453 10454 10455
v 31.06067074271084 2.8994111332862547 3.0638885609787865
v 30.862803080097674 1.819855855692141 4.102738816001206
v 30.75872536750763 2.8624954960458178 4.1589856842870345
f 10456 10457 10458
v 30.75872536750763 2.8624954960458178 4.1589856842870345
v 30.862803080097674 1.819855855692141 4.102738816001206
v 30.480641518847982 1.790253446871289 4.805834449506225
f 10459 10460 10461
v 30.75872536750763 2.8624954960458178 4.1589856842870345
v 30.480641518847982 1.790253446871289 4.805834449506225
v 30.37825199854472 2.8159790794296358 4.862081317792054
f 10462 10463 10464
v 30.37825199854472 2.8159790794296358 4.862081317792054
v 30.480641518847982 1.790253446871289 4.805834449506225
v 30.0570121648275 1.757438923910843 5.048104693845215
f 10465 10466 10467
v 30.37825199854472 2.8159790794296358 4.862081317792054
v 30.0570121648275 1.757438923910843 5.048104693845215
v 29.956494020090034 2.7644152343950332 5.104351562131044
f 10468 10469 10470
v 29.956494020090034 2.7644152343950332 5.104351562131044
v 30.0570121648275 1.757438923910843 5.048104693845215
v 29.63338281080702 1.7246244009503973 4.805834449506226
f 10471 10472 10473
v 29.956494020090034 2.7644152343950332 5.104351562131044
v 29.63338281080702 1.7246244009503973 4.805834449506226
v 29.534736041635355 2.712851389360431 4.862081317792055
f 10474 10475 10476
v 29.534736041635355 2.712851389360431 4.862081317792055
v 29.63338281080702 1.7246244009503973 4.805834449506226
v 29.25122124955733 1.6950219921295453 4.102738816001206
f 10477 10478 10479
v 29.534736041635355 2.712851389360431 4.862081317792055
v 29.25122124955733 1.6950219921295453 4.102738816001206
v 29.154262672672445 2.666334972744249 4.1589856842870345
f 10480 10481 10482
v 29.154262672672445 2.666334972744249 4.1589856842870345
v 29.25122124955733 1.6950219921295453 4.102738816001206
v 28.947936117369718 1.6715293874757822 3.0076416926929577
f 10483 10484 10485
v 29.154262672672445 2.666334972744249 4.1589856842870345
v 28.947936117369718 1.6715293874757822 3.0076416926929577
v 28.852317297469234 2.629419335503812 3.0638885609787874
f 10486 10487 10488
v 28.852317297469234 2.629419335503812 3.0638885609787874
v 28.947936117369718 1.6715293874757822 3.0076416926929577
v 28.753215076094477 1.6564462068152195 1.627738816001205
f 10489 10490 10491
v 28.852317297469234 2.629419335503812 3.0638885609787874
v 28.753215076094477 1.6564462068152195 1.627738816001205
v 28.658456433127746 2.6057180374185815 1.6839856842870347
f 10492 10493 10494
v 28.658456433127746 2.6057180374185815 1.6839856842870347
v 28.753215076094477 1.6564462068152195 1.627738816001205
v 28.6861187779529 1.6512488969616128 0.09810469384521552
f 10495 10496 10497
v 28.658456433127746 2.6057180374185815 1.6839856842870347
v 28.6861187779529 1.6512488969616128 0.09810469384521552
v 28.591656531757792 2.597551126681795 0.15435156213104506
f 10498 10499 10500
v 28.591656531757792 2.597551126681795 0.15435156213104506
v 28.6861187779529 1.6512488969616128 0.09810469384521552
v 28.753215076094477 1.6564462068152195 -1.4315294283107722
f 10501 10502 10503
v 28.591656531757792 2.597551126681795 0.15435156213104506
v 28.753215076094477 1.6564462068152195 -1.4315294283107722
v 28.658456433127746 2.6057180374185815 -1.3752825600249425
f 10504 10505 10506
v 28.658456433127746 2.6057180374185815 -1.3752825600249425
v 28.753215076094477 1.6564462068152195 -1.4315294283107722
v 28.947936117369718 1.6715293874757822 -2.8114323050025267
f 10507 10508 10509
v 28.658456433127746 2.6057180374185815 -1.3752825600249425
v 28.947936117369718 1.6715293874757822 -2.8114323050025267
v 28.852317297469234 2.629419335503812 -2.755185436716697
f 10510 10511 10512
v 28.852317297469234 2.629419335503812 -2.755185436716697
v 28.947936117369718 1.6715293874757822 -2.8114323050025267
v 29.25122124955733 1.6950219921295453 -3.9065294283107748
f 10513 10514 10515
v 28.852317297469234 2.629419335503812 -2.755185436716697
v 29.25122124955733 1.6950219921295453 -3.9065294283107748
v 29.154262672672445 2.666334972744249 -3.850282560024945
f 10516 10517 10518
v 29.154262672672445 2.666334972744249 -3.850282560024945
v 29.25122124955733 1.6950219921295453 -3.9065294283107748
v 29.63338281080702 1.7246244009503973 -4.609625061815795
f 10519 10520 10521
v 29.154262672672445 2.666334972744249 -3.850282560024945
v 29.63338281080702 1.7246244009503973 -4.609625061815795
v 29.534736041635355 2.712851389360431 -4.553378193529966
f 10522 10523 10524
v 29.534736041635355 2.712851389360431 -4.553378193529966
v 29.63338281080702 1.7246244009503973 -4.609625061815795
v 30.0570121648275 1.757438923910843 -4.851895306154785
f 10525 10526 10527
v 29.534736041635355 2.712851389360431 -4.553378193529966
v 30.0570121648275 1.757438923910843 -4.851895306154785
v 29.956494020090034 2.7644152343950332 -4.795648437868956
f 10528 10529 10530
v 29.956494020090034 2.7644152343950332 -4.795648437868956
v 30.0570121648275 1.757438923910843 -4.851895306154785
v 30.480641518847982 1.790253446871289 -4.6096250618157955
f 10531 10532 10533
v 29.956494020090034 2.7644152343950332 -4.795648437868956
v 30.480641518847982 1.790253446871289 -4.6096250618157955
v 30.37825199854472 2.8159790794296358 -4.553378193529967
f 10534 10535 10536
v 30.37825199854472 2.8159790794296358 -4.553378193529967
v 30.480641518847982 1.790253446871289 -4.6096250618157955
v 30.862803080097674 1.819855855692141 -3.9065294283107757
f 10537 10538 10539
v 30.37825199854472 2.8159790794296358 -4.553378193529967
v 30.862803080097674 1.819855855692141 -3.9065294283107757
v 30.75872536750763 2.8624954960458178 -3.850282560024946
f 10540 10541 10542
v 30.75872536750763 2.8624954960458178 -3.850282560024946
v 30.862803080097674 1.819855855692141 -3.9065294283107757
v 31.166088212285285 1.8433484603459043 -2.8114323050025285
f 10543 10544 10545
v 30.75872536750763 2.8624954960458178 -3.850282560024946
v 31.166088212285285 1.8433484603459043 -2.8114323050025285
v 31.06067074271084 2.8994111332862547 -2.755185436716699
f 10546 10547 10548
v 31.06067074271084 2.8994111332862547 -2.755185436716699
v 31.166088212285285 1.8433484603459043 -2.8114323050025285
v 31.360809253560525 1.8584316410064665 -1.431529428310776
f 10549 10550 10551
v 31.06067074271084 2.8994111332862547 -2.755185436716699
v 31.360809253560525 1.8584316410064665 -1.431529428310776
v 31.254531607052325 2.923112431371485 -1.3752825600249463
f 10552 10553 10554
v 31.254531607052325 2.923112431371485 -1.3752825600249463
v 31.360809253560525 1.8584316410064665 -1.431529428310776
v 31.427905551702104 1.8636289508600734 0.0981046938452137
f 10555 10556 10557
v 31.254531607052325 2.923112431371485 -1.3752825600249463
v 31.427905551702104 1.8636289508600734 0.0981046938452137
v 31.32133150842228 2.9312793421082715 0.15435156213104323
f 10558 10559 10560
v 31.427905551702104 1.8636289508600734 0.0981046938452149
v 31.48697103649744 0.7926313123638724 0.041718897013898734
v 31.419710099055386 0.7904196278397221 1.5713530191698883
f 10561 10562 10563
v 31.427905551702104 1.8636289508600734 0.0981046938452149
v 31.419710099055386 0.7904196278397221 1.5713530191698883
v 31.360809253560525 1.8584316410064665 1.6277388160012045
f 10564 10565 10566
v 31.360809253560525 1.8584316410064665 1.6277388160012045
v 31.419710099055386 0.7904196278397221 1.5713530191698883
v 31.224511255920568 0.7840010693582071 2.9512558958616406
f 10567 10568 10569
v 31.360809253560525 1.8584316410064665 1.6277388160012045
v 31.224511255920568 0.7840010693582071 2.9512558958616406
v 31.166088212285285 1.8433484603459043 3.007641692692957
f 10570 10571 10572
v 31.166088212285285 1.8433484603459043 3.007641692692957
v 31.224511255920568 0.7840010693582071 2.9512558958616406
v 30.920481929889323 0.7740039301442246 4.0463530191698895
f 10573 10574 10575
v 31.166088212285285 1.8433484603459043 3.007641692692957
v 30.920481929889323 0.7740039301442246 4.0463530191698895
v 30.862803080097674 1.819855855692141 4.102738816001206
f 10576 10577 10578
v 30.862803080097674 1.819855855692141 4.102738816001206
v 30.920481929889323 0.7740039301442246 4.0463530191698895
v 30.537382629690473 0.761406799838204 4.749448652674909
f 10579 10580 10581
v 30.862803080097674 1.819855855692141 4.102738816001206
v 30.537382629690473 0.761406799838204 4.749448652674909
v 30.480641518847982 1.790253446871289 4.805834449506225
f 10582 10583 10584
v 30.480641518847982 1.790253446871289 4.805834449506225
v 30.537382629690473 0.761406799838204 4.749448652674909
v 30.11271378403725 0.7474427733238664 4.991718897013899
f 10585 10586 10587
v 30.480641518847982 1.790253446871289 4.805834449506225
v 30.11271378403725 0.7474427733238664 4.991718897013899
v 30.0570121648275 1.757438923910843 5.048104693845215
f 10588 10589 10590
v 30.0570121648275 1.757438923910843 5.048104693845215
v 30.11271378403725 0.7474427733238664 4.991718897013899
v 29.68804493838403 0.7334787468095287 4.74944865267491
f 10591 10592 10593
v 30.0570121648275 1.757438923910843 5.048104693845215
v 29.68804493838403 0.7334787468095287 4.74944865267491
v 29.63338281080702 1.7246244009503973 4.805834449506226
f 10594 10595 10596
v 29.63338281080702 1.7246244009503973 4.805834449506226
v 29.68804493838403 0.7334787468095287 4.74944865267491
v 29.304945638185178 0.7208816165035081 4.0463530191698895
f 10597 10598 10599
v 29.63338281080702 1.7246244009503973 4.805834449506226
v 29.304945638185178 0.7208816165035081 4.0463530191698895
v 29.25122124955733 1.6950219921295453 4.102738816001206
f 10600 10601 10602
v 29.25122124955733 1.6950219921295453 4.102738816001206
v 29.304945638185178 0.7208816165035081 4.0463530191698895
v 29.000916312153933 0.7108844772895258 2.9512558958616415
f 10603 10604 10605
v 29.25122124955733 1.6950219921295453 4.102738816001206
v 29.000916312153933 0.7108844772895258 2.9512558958616415
v 28.947936117369718 1.6715293874757822 3.0076416926929577
f 10606 10607 10608
v 28.947936117369718 1.6715293874757822 3.0076416926929577
v 29.000916312153933 0.7108844772895258 2.9512558958616415
v 28.805717469019115 0.7044659188080107 1.5713530191698888
f 10609 10610 10611
v 28.947936117369718 1.6715293874757822 3.0076416926929577
v 28.805717469019115 0.7044659188080107 1.5713530191698888
v 28.753215076094477 1.6564462068152195 1.627738816001205
f 10612 10613 10614
v 28.753215076094477 1.6564462068152195 1.627738816001205
v 28.805717469019115 0.7044659188080107 1.5713530191698888
v 28.73845653157706 0.7022542342838604 0.04171889701389934
f 10615 10616 10617
v 28.753215076094477 1.6564462068152195 1.627738816001205
v 28.73845653157706 0.7022542342838604 0.04171889701389934
v 28.6861187779529 1.6512488969616128 0.09810469384521552
f 10618 10619 10620
v 28.6861187779529 1.6512488969616128 0.09810469384521552
v 28.73845653157706 0.7022542342838604 0.04171889701389934
v 28.805717469019115 0.7044659188080107 -1.4879152251420884
f 10621 10622 10623
v 28.6861187779529 1.6512488969616128 0.09810469384521552
v 28.805717469019115 0.7044659188080107 -1.4879152251420884
v 28.753215076094477 1.6564462068152195 -1.4315294283107722
f 10624 10625 10626
v 28.753215076094477 1.6564462068152195 -1.4315294283107722
v 28.805717469019115 0.7044659188080107 -1.4879152251420884
v 29.000916312153933 0.7108844772895258 -2.867818101833843
f 10627 10628 10629
v 28.753215076094477 1.6564462068152195 -1.4315294283107722
v 29.000916312153933 0.7108844772895258 -2.867818101833843
v 28.947936117369718 1.6715293874757822 -2.8114323050025267
f 10630 10631 10632
v 28.947936117369718 1.6715293874757822 -2.8114323050025267
v 29.000916312153933 0.7108844772895258 -2.867818101833843
v 29.304945638185178 0.7208816165035081 -3.962915225142091
f 10633 10634 10635
v 28.947936117369718 1.6715293874757822 -2.8114323050025267
v 29.304945638185178 0.7208816165035081 -3.962915225142091
v 29.25122124955733 1.6950219921295453 -3.9065294283107748
f 10636 10637 10638
v 29.25122124955733 1.6950219921295453 -3.9065294283107748
v 29.304945638185178 0.7208816165035081 -3.962915225142091
v 29.68804493838403 0.7334787468095287 -4.666010858647111
f 10639 10640 10641
v 29.25122124955733 1.6950219921295453 -3.9065294283107748
v 29.68804493838403 0.7334787468095287 -4.666010858647111
v 29.63338281080702 1.7246244009503973 -4.609625061815795
f 10642 10643 10644
v 29.63338281080702 1.7246244009503973 -4.609625061815795
v 29.68804493838403 0.7334787468095287 -4.666010858647111
v 30.11271378403725 0.7474427733238664 -4.908281102986101
f 10645 10646 10647
v 29.63338281080702 1.7246244009503973 -4.609625061815795
v 30.11271378403725 0.7474427733238664 -4.908281102986101
v 30.0570121648275 1.757438923910843 -4.851895306154785
f 10648 10649 10650
v 30.0570121648275 1.757438923910843 -4.851895306154785
v 30.11271378403725 0.7474427733238664 -4.908281102986101
v 30.537382629690473 0.761406799838204 -4.666010858647112
f 10651 10652 10653
v 30.0570121648275 1.757438923910843 -4.851895306154785
v 30.537382629690473 0.761406799838204 -4.666010858647112
v 30.480641518847982 1.790253446871289 -4.6096250618157955
f 10654 10655 10656
v 30.480641518847982 1.790253446871289 -4.6096250618157955
v 30.537382629690473 0.761406799838204 -4.666010858647112
v 30.920481929889323 0.7740039301442246 -3.962915225142092
f 10657 10658 10659
v 30.480641518847982 1.790253446871289 -4.6096250618157955
v 30.920481929889323 0.7740039301442246 -3.962915225142092
v 30.862803080097674 1.819855855692141 -3.9065294283107757
f 10660 10661 10662
v 30.862803080097674 1.819855855692141 -3.9065294283107757
v 30.920481929889323 0.7740039301442246 -3.962915225142092
v 31.224511255920568 0.7840010693582071 -2.8678181018338447
f 10663 10664 10665
v 30.862803080097674 1.819855855692141 -3.9065294283107757
v 31.224511255920568 0.7840010693582071 -2.8678181018338447
v 31.166088212285285 1.8433484603459043 -2.8114323050025285
f 10666 10667 10668
v 31.166088212285285 1.8433484603459043 -2.8114323050025285
v 31.224511255920568 0.7840010693582071 -2.8678181018338447
v 31.419710099055386 0.7904196278397221 -1.4879152251420922
f 10669 10670 10671
v 31.166088212285285 1.8433484603459043 -2.8114323050025285
v 31.419710099055386 0.7904196278397221 -1.4879152251420922
v 31.360809253560525 1.8584316410064665 -1.431529428310776
f 10672 10673 10674
v 31.360809253560525 1.8584316410064665 -1.431529428310776
v 31.419710099055386 0.7904196278397221 -1.4879152251420922
v 31.48697103649744 0.7926313123638724 0.04171889701389752
f 10675 10676 10677
v 31.360809253560525 1.8584316410064665 -1.431529428310776
v 31.48697103649744 0.7926313123638724 0.04171889701389752
v 31.427905551702104 1.8636289508600734 0.0981046938452137
f 10678 10679 10680
v 31.48697103649744 0.7926313123638724 0.041718897013898734
v 31.498376848745167 -0.2797923812612908 -0.014725979005724085
v 31.43108408817706 -0.279011593747557 1.5149081431502656
f 10681 10682 10683
v 31.48697103649744 0.7926313123638724 0.041718897013898734
v 31.43108408817706 -0.279011593747557 1.5149081431502656
v 31.419710099055386 0.7904196278397221 1.5713530191698883
f 10684 10685 10686
v 31.419710099055386 0.7904196278397221 1.5713530191698883
v 31.43108408817706 -0.279011593747557 1.5149081431502656
v 31.23579289073338 -0.2767456601282664 2.894811019842018
f 10687 10688 10689
v 31.419710099055386 0.7904196278397221 1.5713530191698883
v 31.23579289073338 -0.2767456601282664 2.894811019842018
v 31.224511255920568 0.7840010693582071 2.9512558958616406
f 10690 10691 10692
v 31.224511255920568 0.7840010693582071 2.9512558958616406
v 31.23579289073338 -0.2767456601282664 2.894811019842018
v 30.931619719493696 -0.27321638577376295 3.9899081431502665
f 10693 10694 10695
v 31.224511255920568 0.7840010693582071 2.9512558958616406
v 30.931619719493696 -0.27321638577376295 3.9899081431502665
v 30.920481929889323 0.7740039301442246 4.0463530191698895
f 10696 10697 10698
v 30.920481929889323 0.7740039301442246 4.0463530191698895
v 30.931619719493696 -0.27321638577376295 3.9899081431502665
v 30.54833916375805 -0.26876924064776586 4.693003776655286
f 10699 10700 10701
v 30.920481929889323 0.7740039301442246 4.0463530191698895
v 30.54833916375805 -0.26876924064776586 4.693003776655286
v 30.537382629690473 0.761406799838204 4.749448652674909
f 10702 10703 10704
v 30.537382629690473 0.761406799838204 4.749448652674909
v 30.54833916375805 -0.26876924064776586 4.693003776655286
v 30.123469394794505 -0.2638395423002897 4.935274020994276
f 10705 10706 10707
v 30.537382629690473 0.761406799838204 4.749448652674909
v 30.123469394794505 -0.2638395423002897 4.935274020994276
v 30.11271378403725 0.7474427733238664 4.991718897013899
f 10708 10709 10710
v 30.11271378403725 0.7474427733238664 4.991718897013899
v 30.123469394794505 -0.2638395423002897 4.935274020994276
v 29.698599625830962 -0.25890984395281363 4.693003776655287
f 10711 10712 10713
v 30.11271378403725 0.7474427733238664 4.991718897013899
v 29.698599625830962 -0.25890984395281363 4.693003776655287
v 29.68804493838403 0.7334787468095287 4.74944865267491
f 10714 10715 10716
v 29.68804493838403 0.7334787468095287 4.74944865267491
v 29.698599625830962 -0.25890984395281363 4.693003776655287
v 29.315319070095317 -0.25446269882681655 3.9899081431502665
f 10717 10718 10719
v 29.68804493838403 0.7334787468095287 4.74944865267491
v 29.315319070095317 -0.25446269882681655 3.9899081431502665
v 29.304945638185178 0.7208816165035081 4.0463530191698895
f 10720 10721 10722
v 29.304945638185178 0.7208816165035081 4.0463530191698895
v 29.315319070095317 -0.25446269882681655 3.9899081431502665
v 29.01114589885563 -0.2509334244723131 2.894811019842019
f 10723 10724 10725
v 29.304945638185178 0.7208816165035081 4.0463530191698895
v 29.01114589885563 -0.2509334244723131 2.894811019842019
v 29.000916312153933 0.7108844772895258 2.9512558958616415
f 10726 10727 10728
v 29.000916312153933 0.7108844772895258 2.9512558958616415
v 29.01114589885563 -0.2509334244723131 2.894811019842019
v 28.815854701411954 -0.24866749085302248 1.514908143150266
f 10729 10730 10731
v 29.000916312153933 0.7108844772895258 2.9512558958616415
v 28.815854701411954 -0.24866749085302248 1.514908143150266
v 28.805717469019115 0.7044659188080107 1.5713530191698888
f 10732 10733 10734
v 28.805717469019115 0.7044659188080107 1.5713530191698888
v 28.815854701411954 -0.24866749085302248 1.514908143150266
v 28.748561940843846 -0.2478867033392887 -0.01472597900572348
f 10735 10736 10737
v 28.805717469019115 0.7044659188080107 1.5713530191698888
v 28.748561940843846 -0.2478867033392887 -0.01472597900572348
v 28.73845653157706 0.7022542342838604 0.04171889701389934
f 10738 10739 10740
v 28.73845653157706 0.7022542342838604 0.04171889701389934
v 28.748561940843846 -0.2478867033392887 -0.01472597900572348
v 28.815854701411954 -0.24866749085302248 -1.5443601011617112
f 10741 10742 10743
v 28.73845653157706 0.7022542342838604 0.04171889701389934
v 28.815854701411954 -0.24866749085302248 -1.5443601011617112
v 28.805717469019115 0.7044659188080107 -1.4879152251420884
f 10744 10745 10746
v 28.805717469019115 0.7044659188080107 -1.4879152251420884
v 28.815854701411954 -0.24866749085302248 -1.5443601011617112
v 29.01114589885563 -0.2509334244723131 -2.9242629778534655
f 10747 10748 10749
v 28.805717469019115 0.7044659188080107 -1.4879152251420884
v 29.01114589885563 -0.2509334244723131 -2.9242629778534655
v 29.000916312153933 0.7108844772895258 -2.867818101833843
f 10750 10751 10752
v 29.000916312153933 0.7108844772895258 -2.867818101833843
v 29.01114589885563 -0.2509334244723131 -2.9242629778534655
v 29.315319070095317 -0.25446269882681655 -4.0193601011617135
f 10753 10754 10755
v 29.000916312153933 0.7108844772895258 -2.867818101833843
v 29.315319070095317 -0.25446269882681655 -4.0193601011617135
v 29.304945638185178 0.7208816165035081 -3.962915225142091
f 10756 10757 10758
v 29.304945638185178 0.7208816165035081 -3.962915225142091
v 29.315319070095317 -0.25446269882681655 -4.0193601011617135
v 29.698599625830962 -0.25890984395281363 -4.722455734666734
f 10759 10760 10761
v 29.304945638185178 0.7208816165035081 -3.962915225142091
v 29.698599625830962 -0.25890984395281363 -4.722455734666734
v 29.68804493838403 0.7334787468095287 -4.666010858647111
f 10762 10763 10764
v 29.68804493838403 0.7334787468095287 -4.666010858647111
v 29.698599625830962 -0.25890984395281363 -4.722455734666734
v 30.123469394794505 -0.2638395423002897 -4.964725979005724
f 10765 10766 10767
v 29.68804493838403 0.7334787468095287 -4.666010858647111
v 30.123469394794505 -0.2638395423002897 -4.964725979005724
v 30.11271378403725 0.7474427733238664 -4.908281102986101
f 10768 10769 10770
v 30.11271378403725 0.7474427733238664 -4.908281102986101
v 30.123469394794505 -0.2638395423002897 -4.964725979005724
v 30.54833916375805 -0.26876924064776586 -4.722455734666735
f 10771 10772 10773
v 30.11271378403725 0.7474427733238664 -4.908281102986101
v 30.54833916375805 -0.26876924064776586 -4.722455734666735
v 30.537382629690473 0.761406799838204 -4.666010858647112
f 10774 10775 10776
v 30.537382629690473 0.761406799838204 -4.666010858647112
v 30.54833916375805 -0.26876924064776586 -4.722455734666735
v 30.931619719493696 -0.27321638577376295 -4.019360101161714
f 10777 10778 10779
v 30.537382629690473 0.761406799838204 -4.666010858647112
v 30.931619719493696 -0.27321638577376295 -4.019360101161714
v 30.920481929889323 0.7740039301442246 -3.962915225142092
f 10780 10781 10782
v 30.920481929889323 0.7740039301442246 -3.962915225142092
v 30.931619719493696 -0.27321638577376295 -4.019360101161714
v 31.23579289073338 -0.2767456601282664 -2.9242629778534672
f 10783 10784 10785
v 30.920481929889323 0.7740039301442246 -3.962915225142092
v 31.23579289073338 -0.2767456601282664 -2.9242629778534672
v 31.224511255920568 0.7840010693582071 -2.8678181018338447
f 10786 10787 10788
v 31.224511255920568 0.7840010693582071 -2.8678181018338447
v 31.23579289073338 -0.2767456601282664 -2.9242629778534672
v 31.43108408817706 -0.279011593747557 -1.544360101161715
f 10789 10790 10791
v 31.224511255920568 0.7840010693582071 -2.8678181018338447
v 31.43108408817706 -0.279011593747557 -1.544360101161715
v 31.419710099055386 0.7904196278397221 -1.4879152251420922
f 10792 10793 10794
v 31.419710099055386 0.7904196278397221 -1.4879152251420922
v 31.43108408817706 -0.279011593747557 -1.544360101161715
v 31.498376848745167 -0.2797923812612908 -0.014725979005725297
f 10795 10796 10797
v 31.419710099055386 0.7904196278397221 -1.4879152251420922
v 31.498376848745167 -0.2797923812612908 -0.014725979005725297
v 31.48697103649744 0.7926313123638724 0.04171889701389752
f 10798 10799 10800
v 31.498376848745167 -0.2797923812612908 -0.014725979005724085
v 31.46209372984999 -1.3517125236501797 -0.0711500011929364
v 31.39490216776566 -1.347941683069402 1.4584841209630532
f 10801 10802 10803
v 31.498376848745167 -0.2797923812612908 -0.014725979005724085
v 31.39490216776566 -1.347941683069402 1.4584841209630532
v 31.43108408817706 -0.279011593747557 1.5149081431502656
f 10804 10805 10806
v 31.43108408817706 -0.279011593747557 1.5149081431502656
v 31.39490216776566 -1.347941683069402 1.4584841209630532
v 31.199904659760627 -1.3369982774761069 2.8383869976548057
f 10807 10808 10809
v 31.43108408817706 -0.279011593747557 1.5149081431502656
v 31.199904659760627 -1.3369982774761069 2.8383869976548057
v 31.23579289073338 -0.2767456601282664 2.894811019842018
f 10810 10811 10812
v 31.23579289073338 -0.2767456601282664 2.894811019842018
v 31.199904659760627 -1.3369982774761069 2.8383869976548057
v 30.896188920545946 -1.319953523656956 3.933484120963054
f 10813 10814 10815
v 31.23579289073338 -0.2767456601282664 2.894811019842018
v 30.896188920545946 -1.319953523656956 3.933484120963054
v 30.931619719493696 -0.27321638577376295 3.9899081431502665
f 10816 10817 10818
v 30.931619719493696 -0.27321638577376295 3.9899081431502665
v 30.896188920545946 -1.319953523656956 3.933484120963054
v 30.51348476278794 -1.2984758808735513 4.636579754468073
f 10819 10820 10821
v 30.931619719493696 -0.27321638577376295 3.9899081431502665
v 30.51348476278794 -1.2984758808735513 4.636579754468073
v 30.54833916375805 -0.26876924064776586 4.693003776655286
f 10822 10823 10824
v 30.54833916375805 -0.26876924064776586 4.693003776655286
v 30.51348476278794 -1.2984758808735513 4.636579754468073
v 30.089253935904615 -1.2746677304450682 4.8788499988070635
f 10825 10826 10827
v 30.54833916375805 -0.26876924064776586 4.693003776655286
v 30.089253935904615 -1.2746677304450682 4.8788499988070635
v 30.123469394794505 -0.2638395423002897 4.935274020994276
f 10828 10829 10830
v 30.123469394794505 -0.2638395423002897 4.935274020994276
v 30.089253935904615 -1.2746677304450682 4.8788499988070635
v 29.665023109021295 -1.2508595800165854 4.636579754468074
f 10831 10832 10833
v 30.123469394794505 -0.2638395423002897 4.935274020994276
v 29.665023109021295 -1.2508595800165854 4.636579754468074
v 29.698599625830962 -0.25890984395281363 4.693003776655287
f 10834 10835 10836
v 29.698599625830962 -0.25890984395281363 4.693003776655287
v 29.665023109021295 -1.2508595800165854 4.636579754468074
v 29.282318951263285 -1.2293819372331805 3.933484120963054
f 10837 10838 10839
v 29.698599625830962 -0.25890984395281363 4.693003776655287
v 29.282318951263285 -1.2293819372331805 3.933484120963054
v 29.315319070095317 -0.25446269882681655 3.9899081431502665
f 10840 10841 10842
v 29.315319070095317 -0.25446269882681655 3.9899081431502665
v 29.282318951263285 -1.2293819372331805 3.933484120963054
v 28.978603212048604 -1.2123371834140295 2.8383869976548066
f 10843 10844 10845
v 29.315319070095317 -0.25446269882681655 3.9899081431502665
v 28.978603212048604 -1.2123371834140295 2.8383869976548066
v 29.01114589885563 -0.2509334244723131 2.894811019842019
f 10846 10847 10848
v 29.01114589885563 -0.2509334244723131 2.894811019842019
v 28.978603212048604 -1.2123371834140295 2.8383869976548066
v 28.78360570404357 -1.2013937778207344 1.4584841209630537
f 10849 10850 10851
v 29.01114589885563 -0.2509334244723131 2.894811019842019
v 28.78360570404357 -1.2013937778207344 1.4584841209630537
v 28.815854701411954 -0.24866749085302248 1.514908143150266
f 10852 10853 10854
v 28.815854701411954 -0.24866749085302248 1.514908143150266
v 28.78360570404357 -1.2013937778207344 1.4584841209630537
v 28.71641414195924 -1.1976229372399567 -0.07115000119293578
f 10855 10856 10857
v 28.815854701411954 -0.24866749085302248 1.514908143150266
v 28.71641414195924 -1.1976229372399567 -0.07115000119293578
v 28.748561940843846 -0.2478867033392887 -0.01472597900572348
f 10858 10859 10860
v 28.748561940843846 -0.2478867033392887 -0.01472597900572348
v 28.71641414195924 -1.1976229372399567 -0.07115000119293578
v 28.78360570404357 -1.2013937778207344 -1.6007841233489235
f 10861 10862 10863
v 28.748561940843846 -0.2478867033392887 -0.01472597900572348
v 28.78360570404357 -1.2013937778207344 -1.6007841233489235
v 28.815854701411954 -0.24866749085302248 -1.5443601011617112
f 10864 10865 10866
v 28.815854701411954 -0.24866749085302248 -1.5443601011617112
v 28.78360570404357 -1.2013937778207344 -1.6007841233489235
v 28.978603212048604 -1.2123371834140295 -2.9806870000406778
f 10867 10868 10869
v 28.815854701411954 -0.24866749085302248 -1.5443601011617112
v 28.978603212048604 -1.2123371834140295 -2.9806870000406778
v 29.01114589885563 -0.2509334244723131 -2.9242629778534655
f 10870 10871 10872
v 29.01114589885563 -0.2509334244723131 -2.9242629778534655
v 28.978603212048604 -1.2123371834140295 -2.9806870000406778
v 29.282318951263285 -1.2293819372331802 -4.075784123348926
f 10873 10874 10875
v 29.01114589885563 -0.2509334244723131 -2.9242629778534655
v 29.282318951263285 -1.2293819372331802 -4.075784123348926
v 29.315319070095317 -0.25446269882681655 -4.0193601011617135
f 10876 10877 10878
v 29.315319070095317 -0.25446269882681655 -4.0193601011617135
v 29.282318951263285 -1.2293819372331802 -4.075784123348926
v 29.665023109021295 -1.2508595800165854 -4.7788797568539465
f 10879 10880 10881
v 29.315319070095317 -0.25446269882681655 -4.0193601011617135
v 29.665023109021295 -1.2508595800165854 -4.7788797568539465
v 29.698599625830962 -0.25890984395281363 -4.722455734666734
f 10882 10883 10884
v 29.698599625830962 -0.25890984395281363 -4.722455734666734
v 29.665023109021295 -1.2508595800165854 -4.7788797568539465
v 30.089253935904615 -1.2746677304450682 -5.021150001192937
f 10885 10886 10887
v 29.698599625830962 -0.25890984395281363 -4.722455734666734
v 30.089253935904615 -1.2746677304450682 -5.021150001192937
v 30.123469394794505 -0.2638395423002897 -4.964725979005724
f 10888 10889 10890
v 30.123469394794505 -0.2638395423002897 -4.964725979005724
v 30.089253935904615 -1.2746677304450682 -5.021150001192937
v 30.51348476278794 -1.2984758808735513 -4.778879756853947
f 10891 10892 10893
v 30.123469394794505 -0.2638395423002897 -4.964725979005724
v 30.51348476278794 -1.2984758808735513 -4.778879756853947
v 30.54833916375805 -0.26876924064776586 -4.722455734666735
f 10894 10895 10896
v 30.54833916375805 -0.26876924064776586 -4.722455734666735
v 30.51348476278794 -1.2984758808735513 -4.778879756853947
v 30.896188920545946 -1.319953523656956 -4.075784123348927
f 10897 10898 10899
v 30.54833916375805 -0.26876924064776586 -4.722455734666735
v 30.896188920545946 -1.319953523656956 -4.075784123348927
v 30.931619719493696 -0.27321638577376295 -4.019360101161714
f 10900 10901 10902
v 30.931619719493696 -0.27321638577376295 -4.019360101161714
v 30.896188920545946 -1.319953523656956 -4.075784123348927
v 31.199904659760627 -1.3369982774761069 -2.9806870000406795
f 10903 10904 10905
v 30.931619719493696 -0.27321638577376295 -4.019360101161714
v 31.199904659760627 -1.3369982774761069 -2.9806870000406795
v 31.23579289073338 -0.2767456601282664 -2.9242629778534672
f 10906 10907 10908
v 31.23579289073338 -0.2767456601282664 -2.9242629778534672
v 31.199904659760627 -1.3369982774761069 -2.9806870000406795
v 31.39490216776566 -1.347941683069402 -1.6007841233489273
f 10909 10910 10911
v 31.23579289073338 -0.2767456601282664 -2.9242629778534672
v 31.39490216776566 -1.347941683069402 -1.6007841233489273
v 31.43108408817706 -0.279011593747557 -1.544360101161715
f 10912 10913 10914
v 31.43108408817706 -0.279011593747557 -1.544360101161715
v 31.39490216776566 -1.347941683069402 -1.6007841233489273
v 31.46209372984999 -1.3517125236501797 -0.0711500011929376
f 10915 10916 10917
v 31.43108408817706 -0.279011593747557 -1.544360101161715
v 31.46209372984999 -1.3517125236501797 -0.0711500011929376
v 31.498376848745167 -0.2797923812612908 -0.014725979005725297
f 10918 10919 10920
v 31.46209372984999 -1.3517125236501797 -0.0711500011929364
v 31.378214667056234 -2.421202484727975 -0.12747326605866213
v 31.311256672672577 -2.4144532446124884 1.4021608560973275
f 10921 10922 10923
v 31.46209372984999 -1.3517125236501797 -0.0711500011929364
v 31.311256672672577 -2.4144532446124884 1.4021608560973275
v 31.39490216776566 -1.347941683069402 1.4584841209630532
f 10924 10925 10926
v 31.39490216776566 -1.347941683069402 1.4584841209630532
v 31.311256672672577 -2.4144532446124884 1.4021608560973275
v 31.116937004535664 -2.394866186913253 2.78206373278908
f 10927 10928 10929
v 31.39490216776566 -1.347941683069402 1.4584841209630532
v 31.116937004535664 -2.394866186913253 2.78206373278908
v 31.199904659760627 -1.3369982774761069 2.8383869976548057
f 10930 10931 10932
v 31.199904659760627 -1.3369982774761069 2.8383869976548057
v 31.116937004535664 -2.394866186913253 2.78206373278908
v 30.814277025667472 -2.364358629308925 3.8771608560973285
f 10933 10934 10935
v 31.199904659760627 -1.3369982774761069 2.8383869976548057
v 30.814277025667472 -2.364358629308925 3.8771608560973285
v 30.896188920545946 -1.319953523656956 3.933484120963054
f 10936 10937 10938
v 30.896188920545946 -1.319953523656956 3.933484120963054
v 30.814277025667472 -2.364358629308925 3.8771608560973285
v 30.432903203555693 -2.32591686409647 4.580256489602347
f 10939 10940 10941
v 30.896188920545946 -1.319953523656956 3.933484120963054
v 30.432903203555693 -2.32591686409647 4.580256489602347
v 30.51348476278794 -1.2984758808735513 4.636579754468073
f 10942 10943 10944
v 30.51348476278794 -1.2984758808735513 4.636579754468073
v 30.432903203555693 -2.32591686409647 4.580256489602347
v 30.01014706509629 -2.283303839094409 4.822526733941338
f 10945 10946 10947
v 30.51348476278794 -1.2984758808735513 4.636579754468073
v 30.01014706509629 -2.283303839094409 4.822526733941338
v 30.089253935904615 -1.2746677304450682 4.8788499988070635
f 10948 10949 10950
v 30.089253935904615 -1.2746677304450682 4.8788499988070635
v 30.01014706509629 -2.283303839094409 4.822526733941338
v 29.587390926636886 -2.2406908140923485 4.580256489602348
f 10951 10952 10953
v 30.089253935904615 -1.2746677304450682 4.8788499988070635
v 29.587390926636886 -2.2406908140923485 4.580256489602348
v 29.665023109021295 -1.2508595800165854 4.636579754468074
f 10954 10955 10956
v 29.665023109021295 -1.2508595800165854 4.636579754468074
v 29.587390926636886 -2.2406908140923485 4.580256489602348
v 29.206017104525106 -2.202249048879893 3.8771608560973285
f 10957 10958 10959
v 29.665023109021295 -1.2508595800165854 4.636579754468074
v 29.206017104525106 -2.202249048879893 3.8771608560973285
v 29.282318951263285 -1.2293819372331805 3.933484120963054
f 10960 10961 10962
v 29.282318951263285 -1.2293819372331805 3.933484120963054
v 29.206017104525106 -2.202249048879893 3.8771608560973285
v 28.903357125656914 -2.1717414912755655 2.782063732789081
f 10963 10964 10965
v 29.282318951263285 -1.2293819372331805 3.933484120963054
v 28.903357125656914 -2.1717414912755655 2.782063732789081
v 28.978603212048604 -1.2123371834140295 2.8383869976548066
f 10966 10967 10968
v 28.978603212048604 -1.2123371834140295 2.8383869976548066
v 28.903357125656914 -2.1717414912755655 2.782063732789081
v 28.70903745752 -2.15215443357633 1.402160856097328
f 10969 10970 10971
v 28.978603212048604 -1.2123371834140295 2.8383869976548066
v 28.70903745752 -2.15215443357633 1.402160856097328
v 28.78360570404357 -1.2013937778207344 1.4584841209630537
f 10972 10973 10974
v 28.78360570404357 -1.2013937778207344 1.4584841209630537
v 28.70903745752 -2.15215443357633 1.402160856097328
v 28.642079463136348 -2.145405193460843 -0.12747326605866152
f 10975 10976 10977
v 28.78360570404357 -1.2013937778207344 1.4584841209630537
v 28.642079463136348 -2.145405193460843 -0.12747326605866152
v 28.71641414195924 -1.1976229372399567 -0.07115000119293578
f 10978 10979 10980
v 28.71641414195924 -1.1976229372399567 -0.07115000119293578
v 28.642079463136348 -2.145405193460843 -0.12747326605866152
v 28.70903745752 -2.15215443357633 -1.6571073882146492
f 10981 10982 10983
v 28.71641414195924 -1.1976229372399567 -0.07115000119293578
v 28.70903745752 -2.15215443357633 -1.6571073882146492
v 28.78360570404357 -1.2013937778207344 -1.6007841233489235
f 10984 10985 10986
v 28.78360570404357 -1.2013937778207344 -1.6007841233489235
v 28.70903745752 -2.15215443357633 -1.6571073882146492
v 28.903357125656914 -2.1717414912755655 -3.0370102649064035
f 10987 10988 10989
v 28.78360570404357 -1.2013937778207344 -1.6007841233489235
v 28.903357125656914 -2.1717414912755655 -3.0370102649064035
v 28.978603212048604 -1.2123371834140295 -2.9806870000406778
f 10990 10991 10992
v 28.978603212048604 -1.2123371834140295 -2.9806870000406778
v 28.903357125656914 -2.1717414912755655 -3.0370102649064035
v 29.206017104525106 -2.202249048879893 -4.132107388214652
f 10993 10994 10995
v 28.978603212048604 -1.2123371834140295 -2.9806870000406778
v 29.206017104525106 -2.202249048879893 -4.132107388214652
v 29.282318951263285 -1.2293819372331802 -4.075784123348926
f 10996 10997 10998
v 29.282318951263285 -1.2293819372331802 -4.075784123348926
v 29.206017104525106 -2.202249048879893 -4.132107388214652
v 29.587390926636886 -2.2406908140923485 -4.835203021719672
f 10999 11000 11001
v 29.282318951263285 -1.2293819372331802 -4.075784123348926
v 29.587390926636886 -2.2406908140923485 -4.835203021719672
v 29.665023109021295 -1.2508595800165854 -4.7788797568539465
f 11002 11003 11004
v 29.665023109021295 -1.2508595800165854 -4.7788797568539465
v 29.587390926636886 -2.2406908140923485 -4.835203021719672
v 30.01014706509629 -2.283303839094409 -5.077473266058663
f 11005 11006 11007
v 29.665023109021295 -1.2508595800165854 -4.7788797568539465
v 30.01014706509629 -2.283303839094409 -5.077473266058663
v 30.089253935904615 -1.2746677304450682 -5.021150001192937
f 11008 11009 11010
v 30.089253935904615 -1.2746677304450682 -5.021150001192937
v 30.01014706509629 -2.283303839094409 -5.077473266058663
v 30.432903203555693 -2.32591686409647 -4.835203021719673
f 11011 11012 11013
v 30.089253935904615 -1.2746677304450682 -5.021150001192937
v 30.432903203555693 -2.32591686409647 -4.835203021719673
v 30.51348476278794 -1.2984758808735513 -4.778879756853947
f 11014 11015 11016
v 30.51348476278794 -1.2984758808735513 -4.778879756853947
v 30.432903203555693 -2.32591686409647 -4.835203021719673
v 30.814277025667472 -2.364358629308925 -4.132107388214653
f 11017 11018 11019
v 30.51348476278794 -1.2984758808735513 -4.778879756853947
v 30.814277025667472 -2.364358629308925 -4.132107388214653
v 30.896188920545946 -1.319953523656956 -4.075784123348927
f 11020 11021 11022
v 30.896188920545946 -1.319953523656956 -4.075784123348927
v 30.814277025667472 -2.364358629308925 -4.132107388214653
v 31.116937004535664 -2.394866186913253 -3.0370102649064052
f 11023 11024 11025
v 30.896188920545946 -1.319953523656956 -4.075784123348927
v 31.116937004535664 -2.394866186913253 -3.0370102649064052
v 31.199904659760627 -1.3369982774761069 -2.9806870000406795
f 11026 11027 11028
v 31.199904659760627 -1.3369982774761069 -2.9806870000406795
v 31.116937004535664 -2.394866186913253 -3.0370102649064052
v 31.311256672672577 -2.4144532446124884 -1.657107388214653
f 11029 11030 11031
v 31.199904659760627 -1.3369982774761069 -2.9806870000406795
v 31.311256672672577 -2.4144532446124884 -1.657107388214653
v 31.39490216776566 -1.347941683069402 -1.6007841233489273
f 11032 11033 11034
v 31.39490216776566 -1.347941683069402 -1.6007841233489273
v 31.311256672672577 -2.4144532446124884 -1.657107388214653
v 31.378214667056234 -2.421202484727975 -0.12747326605866335
f 11035 11036 11037
v 31.39490216776566 -1.347941683069402 -1.6007841233489273
v 31.378214667056234 -2.421202484727975 -0.12747326605866335
v 31.46209372984999 -1.3517125236501797 -0.0711500011929376
f 11038 11039 11040
v 31.378214667056234 -2.421202484727975 -0.12747326605866213
v 31.24695365589039 -3.486349919291488 -0.18361601279882392
v 31.180360102658266 -3.4766430185534456 1.3460181093571657
f 11041 11042 11043
v 31.378214667056234 -2.421202484727975 -0.12747326605866213
v 31.180360102658266 -3.4766430185534456 1.3460181093571657
v 31.311256672672577 -2.4144532446124884 1.4021608560973275
f 11044 11045 11046
v 31.311256672672577 -2.4144532446124884 1.4021608560973275
v 31.180360102658266 -3.4766430185534456 1.3460181093571657
v 30.98709808393682 -3.448472495415512 2.725920986048918
f 11047 11048 11049
v 31.311256672672577 -2.4144532446124884 1.4021608560973275
v 30.98709808393682 -3.448472495415512 2.725920986048918
v 31.116937004535664 -2.394866186913253 2.78206373278908
f 11050 11051 11052
v 31.116937004535664 -2.394866186913253 2.78206373278908
v 30.98709808393682 -3.448472495415512 2.725920986048918
v 30.68608543265417 -3.404595876958004 3.8210181093571665
f 11053 11054 11055
v 31.116937004535664 -2.394866186913253 2.78206373278908
v 30.68608543265417 -3.404595876958004 3.8210181093571665
v 30.814277025667472 -2.364358629308925 3.8771608560973285
f 11056 11057 11058
v 30.814277025667472 -2.364358629308925 3.8771608560973285
v 30.68608543265417 -3.404595876958004 3.8210181093571665
v 30.306787364396328 -3.3493081123019195 4.524113742862186
f 11059 11060 11061
v 30.814277025667472 -2.364358629308925 3.8771608560973285
v 30.306787364396328 -3.3493081123019195 4.524113742862186
v 30.432903203555693 -2.32591686409647 4.580256489602347
f 11062 11063 11064
v 30.432903203555693 -2.32591686409647 4.580256489602347
v 30.306787364396328 -3.3493081123019195 4.524113742862186
v 29.886332216809407 -3.2880211530643035 4.766383987201176
f 11065 11066 11067
v 30.432903203555693 -2.32591686409647 4.580256489602347
v 29.886332216809407 -3.2880211530643035 4.766383987201176
v 30.01014706509629 -2.283303839094409 4.822526733941338
f 11068 11069 11070
v 30.01014706509629 -2.283303839094409 4.822526733941338
v 29.886332216809407 -3.2880211530643035 4.766383987201176
v 29.465877069222486 -3.2267341938266876 4.524113742862187
f 11071 11072 11073
v 30.01014706509629 -2.283303839094409 4.822526733941338
v 29.465877069222486 -3.2267341938266876 4.524113742862187
v 29.587390926636886 -2.2406908140923485 4.580256489602348
f 11074 11075 11076
v 29.587390926636886 -2.2406908140923485 4.580256489602348
v 29.465877069222486 -3.2267341938266876 4.524113742862187
v 29.086579000964644 -3.171446429170603 3.8210181093571665
f 11077 11078 11079
v 29.587390926636886 -2.2406908140923485 4.580256489602348
v 29.086579000964644 -3.171446429170603 3.8210181093571665
v 29.206017104525106 -2.202249048879893 3.8771608560973285
f 11080 11081 11082
v 29.206017104525106 -2.202249048879893 3.8771608560973285
v 29.086579000964644 -3.171446429170603 3.8210181093571665
v 28.785566349681996 -3.127569810713095 2.725920986048919
f 11083 11084 11085
v 29.206017104525106 -2.202249048879893 3.8771608560973285
v 28.785566349681996 -3.127569810713095 2.725920986048919
v 28.903357125656914 -2.1717414912755655 2.782063732789081
f 11086 11087 11088
v 28.903357125656914 -2.1717414912755655 2.782063732789081
v 28.785566349681996 -3.127569810713095 2.725920986048919
v 28.592304330960552 -3.099399287575162 1.3460181093571661
f 11089 11090 11091
v 28.903357125656914 -2.1717414912755655 2.782063732789081
v 28.592304330960552 -3.099399287575162 1.3460181093571661
v 28.70903745752 -2.15215443357633 1.402160856097328
f 11092 11093 11094
v 28.70903745752 -2.15215443357633 1.402160856097328
v 28.592304330960552 -3.099399287575162 1.3460181093571661
v 28.525710777728428 -3.089692386837119 -0.1836160127988233
f 11095 11096 11097
v 28.70903745752 -2.15215443357633 1.402160856097328
v 28.525710777728428 -3.089692386837119 -0.1836160127988233
v 28.642079463136348 -2.145405193460843 -0.12747326605866152
f 11098 11099 11100
v 28.642079463136348 -2.145405193460843 -0.12747326605866152
v 28.525710777728428 -3.089692386837119 -0.1836160127988233
v 28.592304330960552 -3.099399287575162 -1.713250134954811
f 11101 11102 11103
v 28.642079463136348 -2.145405193460843 -0.12747326605866152
v 28.592304330960552 -3.099399287575162 -1.713250134954811
v 28.70903745752 -2.15215443357633 -1.6571073882146492
f 11104 11105 11106
v 28.70903745752 -2.15215443357633 -1.6571073882146492
v 28.592304330960552 -3.099399287575162 -1.713250134954811
v 28.785566349681996 -3.127569810713095 -3.0931530116465655
f 11107 11108 11109
v 28.70903745752 -2.15215443357633 -1.6571073882146492
v 28.785566349681996 -3.127569810713095 -3.0931530116465655
v 28.903357125656914 -2.1717414912755655 -3.0370102649064035
f 11110 11111 11112
v 28.903357125656914 -2.1717414912755655 -3.0370102649064035
v 28.785566349681996 -3.127569810713095 -3.0931530116465655
v 29.086579000964644 -3.171446429170603 -4.188250134954814
f 11113 11114 11115
v 28.903357125656914 -2.1717414912755655 -3.0370102649064035
v 29.086579000964644 -3.171446429170603 -4.188250134954814
v 29.206017104525106 -2.202249048879893 -4.132107388214652
f 11116 11117 11118
v 29.206017104525106 -2.202249048879893 -4.132107388214652
v 29.086579000964644 -3.171446429170603 -4.188250134954814
v 29.465877069222486 -3.2267341938266876 -4.891345768459834
f 11119 11120 11121
v 29.206017104525106 -2.202249048879893 -4.132107388214652
v 29.465877069222486 -3.2267341938266876 -4.891345768459834
v 29.587390926636886 -2.2406908140923485 -4.835203021719672
f 11122 11123 11124
v 29.587390926636886 -2.2406908140923485 -4.835203021719672
v 29.465877069222486 -3.2267341938266876 -4.891345768459834
v 29.886332216809407 -3.2880211530643035 -5.133616012798824
f 11125 11126 11127
v 29.587390926636886 -2.2406908140923485 -4.835203021719672
v 29.886332216809407 -3.2880211530643035 -5.133616012798824
v 30.01014706509629 -2.283303839094409 -5.077473266058663
f 11128 11129 11130
v 30.01014706509629 -2.283303839094409 -5.077473266058663
v 29.886332216809407 -3.2880211530643035 -5.133616012798824
v 30.306787364396328 -3.3493081123019195 -4.891345768459835
f 11131 11132 11133
v 30.01014706509629 -2.283303839094409 -5.077473266058663
v 30.306787364396328 -3.3493081123019195 -4.891345768459835
v 30.432903203555693 -2.32591686409647 -4.835203021719673
f 11134 11135 11136
v 30.432903203555693 -2.32591686409647 -4.835203021719673
v 30.306787364396328 -3.3493081123019195 -4.891345768459835
v 30.68608543265417 -3.404595876958004 -4.1882501349548145
f 11137 11138 11139
v 30.432903203555693 -2.32591686409647 -4.835203021719673
v 30.68608543265417 -3.404595876958004 -4.1882501349548145
v 30.814277025667472 -2.364358629308925 -4.132107388214653
f 11140 11141 11142
v 30.814277025667472 -2.364358629308925 -4.132107388214653
v 30.68608543265417 -3.404595876958004 -4.1882501349548145
v 30.98709808393682 -3.448472495415512 -3.0931530116465673
f 11143 11144 11145
v 30.814277025667472 -2.364358629308925 -4.132107388214653
v 30.98709808393682 -3.448472495415512 -3.0931530116465673
v 31.116937004535664 -2.394866186913253 -3.0370102649064052
f 11146 11147 11148
v 31.116937004535664 -2.394866186913253 -3.0370102649064052
v 30.98709808393682 -3.448472495415512 -3.0931530116465673
v 31.180360102658266 -3.4766430185534456 -1.7132501349548148
f 11149 11150 11151
v 31.116937004535664 -2.394866186913253 -3.0370102649064052
v 31.180360102658266 -3.4766430185534456 -1.7132501349548148
v 31.311256672672577 -2.4144532446124884 -1.657107388214653
f 11152 11153 11154
v 31.311256672672577 -2.4144532446124884 -1.657107388214653
v 31.180360102658266 -3.4766430185534456 -1.7132501349548148
v 31.24695365589039 -3.486349919291488 -0.18361601279882514
f 11155 11156 11157
v 31.311256672672577 -2.4144532446124884 -1.657107388214653
v 31.24695365589039 -3.486349919291488 -0.18361601279882514
v 31.378214667056234 -2.421202484727975 -0.12747326605866335
f 11158 11159 11160
v 31.24695365589039 -3.486349919291488 -0.18361601279882392
v 31.068642886264463 -4.545267685134575 -0.2394987362456411
v 31.002542341336216 -4.532632685561676 1.2901353859103486
f 11161 11162 11163
v 31.24695365589039 -3.486349919291488 -0.18361601279882392
v 31.002542341336216 -4.532632685561676 1.2901353859103486
v 31.180360102658266 -3.4766430185534456 1.3460181093571657
f 11164 11165 11166
v 31.180360102658266 -3.4766430185534456 1.3460181093571657
v 31.002542341336216 -4.532632685561676 1.2901353859103486
v 30.810711088438637 -4.495964488634397 2.670038262602101
f 11167 11168 11169
v 31.180360102658266 -3.4766430185534456 1.3460181093571657
v 30.810711088438637 -4.495964488634397 2.670038262602101
v 30.98709808393682 -3.448472495415512 2.725920986048918
f 11170 11171 11172
v 30.98709808393682 -3.448472495415512 2.725920986048918
v 30.810711088438637 -4.495964488634397 2.670038262602101
v 30.511926907172267 -4.438852432950328 3.7651353859103494
f 11173 11174 11175
v 30.98709808393682 -3.448472495415512 2.725920986048918
v 30.511926907172267 -4.438852432950328 3.7651353859103494
v 30.68608543265417 -3.404595876958004 3.8210181093571665
f 11176 11177 11178
v 30.68608543265417 -3.404595876958004 3.8210181093571665
v 30.511926907172267 -4.438852432950328 3.7651353859103494
v 30.13543687495126 -4.366887044442917 4.468231019415368
f 11179 11180 11181
v 30.68608543265417 -3.404595876958004 3.8210181093571665
v 30.13543687495126 -4.366887044442917 4.468231019415368
v 30.306787364396328 -3.3493081123019195 4.524113742862186
f 11182 11183 11184
v 30.306787364396328 -3.3493081123019195 4.524113742862186
v 30.13543687495126 -4.366887044442917 4.468231019415368
v 29.71809445928971 -4.2871127967516145 4.7105012637543595
f 11185 11186 11187
v 30.306787364396328 -3.3493081123019195 4.524113742862186
v 29.71809445928971 -4.2871127967516145 4.7105012637543595
v 29.886332216809407 -3.2880211530643035 4.766383987201176
f 11188 11189 11190
v 29.886332216809407 -3.2880211530643035 4.766383987201176
v 29.71809445928971 -4.2871127967516145 4.7105012637543595
v 29.300752043628158 -4.207338549060313 4.46823101941537
f 11191 11192 11193
v 29.886332216809407 -3.2880211530643035 4.766383987201176
v 29.300752043628158 -4.207338549060313 4.46823101941537
v 29.465877069222486 -3.2267341938266876 4.524113742862187
f 11194 11195 11196
v 29.465877069222486 -3.2267341938266876 4.524113742862187
v 29.300752043628158 -4.207338549060313 4.46823101941537
v 28.92426201140715 -4.135373160552902 3.7651353859103494
f 11197 11198 11199
v 29.465877069222486 -3.2267341938266876 4.524113742862187
v 28.92426201140715 -4.135373160552902 3.7651353859103494
v 29.086579000964644 -3.171446429170603 3.8210181093571665
f 11200 11201 11202
v 29.086579000964644 -3.171446429170603 3.8210181093571665
v 28.92426201140715 -4.135373160552902 3.7651353859103494
v 28.62547783014078 -4.078261104868833 2.6700382626021018
f 11203 11204 11205
v 29.086579000964644 -3.171446429170603 3.8210181093571665
v 28.62547783014078 -4.078261104868833 2.6700382626021018
v 28.785566349681996 -3.127569810713095 2.725920986048919
f 11206 11207 11208
v 28.785566349681996 -3.127569810713095 2.725920986048919
v 28.62547783014078 -4.078261104868833 2.6700382626021018
v 28.4336465772432 -4.041592907941553 1.290135385910349
f 11209 11210 11211
v 28.785566349681996 -3.127569810713095 2.725920986048919
v 28.4336465772432 -4.041592907941553 1.290135385910349
v 28.592304330960552 -3.099399287575162 1.3460181093571661
f 11212 11213 11214
v 28.592304330960552 -3.099399287575162 1.3460181093571661
v 28.4336465772432 -4.041592907941553 1.290135385910349
v 28.367546032314955 -4.028957908368655 -0.2394987362456405
f 11215 11216 11217
v 28.592304330960552 -3.099399287575162 1.3460181093571661
v 28.367546032314955 -4.028957908368655 -0.2394987362456405
v 28.525710777728428 -3.089692386837119 -0.1836160127988233
f 11218 11219 11220
v 28.525710777728428 -3.089692386837119 -0.1836160127988233
v 28.367546032314955 -4.028957908368655 -0.2394987362456405
v 28.4336465772432 -4.041592907941553 -1.7691328584016281
f 11221 11222 11223
v 28.525710777728428 -3.089692386837119 -0.1836160127988233
v 28.4336465772432 -4.041592907941553 -1.7691328584016281
v 28.592304330960552 -3.099399287575162 -1.713250134954811
f 11224 11225 11226
v 28.592304330960552 -3.099399287575162 -1.713250134954811
v 28.4336465772432 -4.041592907941553 -1.7691328584016281
v 28.62547783014078 -4.078261104868833 -3.1490357350933826
f 11227 11228 11229
v 28.592304330960552 -3.099399287575162 -1.713250134954811
v 28.62547783014078 -4.078261104868833 -3.1490357350933826
v 28.785566349681996 -3.127569810713095 -3.0931530116465655
f 11230 11231 11232
v 28.785566349681996 -3.127569810713095 -3.0931530116465655
v 28.62547783014078 -4.078261104868833 -3.1490357350933826
v 28.92426201140715 -4.135373160552902 -4.244132858401631
f 11233 11234 11235
v 28.785566349681996 -3.127569810713095 -3.0931530116465655
v 28.92426201140715 -4.135373160552902 -4.244132858401631
v 29.086579000964644 -3.171446429170603 -4.188250134954814
f 11236 11237 11238
v 29.086579000964644 -3.171446429170603 -4.188250134954814
v 28.92426201140715 -4.135373160552902 -4.244132858401631
v 29.300752043628158 -4.207338549060313 -4.947228491906651
f 11239 11240 11241
v 29.086579000964644 -3.171446429170603 -4.188250134954814
v 29.300752043628158 -4.207338549060313 -4.947228491906651
v 29.465877069222486 -3.2267341938266876 -4.891345768459834
f 11242 11243 11244
v 29.465877069222486 -3.2267341938266876 -4.891345768459834
v 29.300752043628158 -4.207338549060313 -4.947228491906651
v 29.71809445928971 -4.2871127967516145 -5.189498736245641
f 11245 11246 11247
v 29.465877069222486 -3.2267341938266876 -4.891345768459834
v 29.71809445928971 -4.2871127967516145 -5.189498736245641
v 29.886332216809407 -3.2880211530643035 -5.133616012798824
f 11248 11249 11250
v 29.886332216809407 -3.2880211530643035 -5.133616012798824
v 29.71809445928971 -4.2871127967516145 -5.189498736245641
v 30.13543687495126 -4.366887044442917 -4.947228491906651
f 11251 11252 11253
v 29.886332216809407 -3.2880211530643035 -5.133616012798824
v 30.13543687495126 -4.366887044442917 -4.947228491906651
v 30.306787364396328 -3.3493081123019195 -4.891345768459835
f 11254 11255 11256
v 30.306787364396328 -3.3493081123019195 -4.891345768459835
v 30.13543687495126 -4.366887044442917 -4.947228491906651
v 30.511926907172267 -4.438852432950328 -4.244132858401631
f 11257 11258 11259
v 30.306787364396328 -3.3493081123019195 -4.891345768459835
v 30.511926907172267 -4.438852432950328 -4.244132858401631
v 30.68608543265417 -3.404595876958004 -4.1882501349548145
f 11260 11261 11262
v 30.68608543265417 -3.404595876958004 -4.1882501349548145
v 30.511926907172267 -4.438852432950328 -4.244132858401631
v 30.810711088438637 -4.495964488634397 -3.1490357350933844
f 11263 11264 11265
v 30.68608543265417 -3.404595876958004 -4.1882501349548145
v 30.810711088438637 -4.495964488634397 -3.1490357350933844
v 30.98709808393682 -3.448472495415512 -3.0931530116465673
f 11266 11267 11268
v 30.98709808393682 -3.448472495415512 -3.0931530116465673
v 30.810711088438637 -4.495964488634397 -3.1490357350933844
v 31.002542341336216 -4.532632685561676 -1.769132858401632
f 11269 11270 11271
v 30.98709808393682 -3.448472495415512 -3.0931530116465673
v 31.002542341336216 -4.532632685561676 -1.769132858401632
v 31.180360102658266 -3.4766430185534456 -1.7132501349548148
f 11272 11273 11274
v 31.180360102658266 -3.4766430185534456 -1.7132501349548148
v 31.002542341336216 -4.532632685561676 -1.769132858401632
v 31.068642886264463 -4.545267685134575 -0.23949873624564233
f 11275 11276 11277
v 31.180360102658266 -3.4766430185534456 -1.7132501349548148
v 31.068642886264463 -4.545267685134575 -0.23949873624564233
v 31.24695365589039 -3.486349919291488 -0.18361601279882514
f 11278 11279 11280
v 31.068642886264463 -4.545267685134575 -0.2394987362456411
v 30.843728468033593 -5.596104084016602 -0.2950422994569145
v 30.778246431542115 -5.580579002665866 1.234591822699075
f 11281 11282 11283
v 31.068642886264463 -4.545267685134575 -0.2394987362456411
v 30.778246431542115 -5.580579002665866 1.234591822699075
v 31.002542341336216 -4.532632685561676 1.2901353859103486
f 11284 11285 11286
v 31.002542341336216 -4.532632685561676 1.2901353859103486
v 30.778246431542115 -5.580579002665866 1.234591822699075
v 30.588210160039647 -5.5355234617458695 2.6144946993908276
f 11287 11288 11289
v 31.002542341336216 -4.532632685561676 1.2901353859103486
v 30.588210160039647 -5.5355234617458695 2.6144946993908276
v 30.810711088438637 -4.495964488634397 2.670038262602101
f 11290 11291 11292
v 30.810711088438637 -4.495964488634397 2.670038262602101
v 30.588210160039647 -5.5355234617458695 2.6144946993908276
v 30.292221727841408 -5.465347811522273 3.709591822699076
f 11293 11294 11295
v 30.810711088438637 -4.495964488634397 2.670038262602101
v 30.292221727841408 -5.465347811522273 3.709591822699076
v 30.511926907172267 -4.438852432950328 3.7651353859103494
f 11296 11297 11298
v 30.511926907172267 -4.438852432950328 3.7651353859103494
v 30.292221727841408 -5.465347811522273 3.709591822699076
v 29.919254544963636 -5.37692133358147 4.412687456204095
f 11299 11300 11301
v 30.511926907172267 -4.438852432950328 3.7651353859103494
v 29.919254544963636 -5.37692133358147 4.412687456204095
v 30.13543687495126 -4.366887044442917 4.468231019415368
f 11302 11303 11304
v 30.13543687495126 -4.366887044442917 4.468231019415368
v 29.919254544963636 -5.37692133358147 4.412687456204095
v 29.505817237881573 -5.278899827687805 4.654957700543085
f 11305 11306 11307
v 30.13543687495126 -4.366887044442917 4.468231019415368
v 29.505817237881573 -5.278899827687805 4.654957700543085
v 29.71809445928971 -4.2871127967516145 4.7105012637543595
f 11308 11309 11310
v 29.71809445928971 -4.2871127967516145 4.7105012637543595
v 29.505817237881573 -5.278899827687805 4.654957700543085
v 29.092379930799506 -5.18087832179414 4.412687456204096
f 11311 11312 11313
v 29.71809445928971 -4.2871127967516145 4.7105012637543595
v 29.092379930799506 -5.18087832179414 4.412687456204096
v 29.300752043628158 -4.207338549060313 4.46823101941537
f 11314 11315 11316
v 29.300752043628158 -4.207338549060313 4.46823101941537
v 29.092379930799506 -5.18087832179414 4.412687456204096
v 28.719412747921734 -5.092451843853337 3.709591822699076
f 11317 11318 11319
v 29.300752043628158 -4.207338549060313 4.46823101941537
v 28.719412747921734 -5.092451843853337 3.709591822699076
v 28.92426201140715 -4.135373160552902 3.7651353859103494
f 11320 11321 11322
v 28.92426201140715 -4.135373160552902 3.7651353859103494
v 28.719412747921734 -5.092451843853337 3.709591822699076
v 28.423424315723494 -5.022276193629741 2.6144946993908285
f 11323 11324 11325
v 28.92426201140715 -4.135373160552902 3.7651353859103494
v 28.423424315723494 -5.022276193629741 2.6144946993908285
v 28.62547783014078 -4.078261104868833 2.6700382626021018
f 11326 11327 11328
v 28.62547783014078 -4.078261104868833 2.6700382626021018
v 28.423424315723494 -5.022276193629741 2.6144946993908285
v 28.233388044221027 -4.977220652709744 1.2345918226990755
f 11329 11330 11331
v 28.62547783014078 -4.078261104868833 2.6700382626021018
v 28.233388044221027 -4.977220652709744 1.2345918226990755
v 28.4336465772432 -4.041592907941553 1.290135385910349
f 11332 11333 11334
v 28.4336465772432 -4.041592907941553 1.290135385910349
v 28.233388044221027 -4.977220652709744 1.2345918226990755
v 28.16790600772955 -4.961695571359008 -0.2950422994569139
f 11335 11336 11337
v 28.4336465772432 -4.041592907941553 1.290135385910349
v 28.16790600772955 -4.961695571359008 -0.2950422994569139
v 28.367546032314955 -4.028957908368655 -0.2394987362456405
f 11338 11339 11340
v 28.367546032314955 -4.028957908368655 -0.2394987362456405
v 28.16790600772955 -4.961695571359008 -0.2950422994569139
v 28.233388044221027 -4.977220652709744 -1.8246764216129017
f 11341 11342 11343
v 28.367546032314955 -4.028957908368655 -0.2394987362456405
v 28.233388044221027 -4.977220652709744 -1.8246764216129017
v 28.4336465772432 -4.041592907941553 -1.7691328584016281
f 11344 11345 11346
v 28.4336465772432 -4.041592907941553 -1.7691328584016281
v 28.233388044221027 -4.977220652709744 -1.8246764216129017
v 28.423424315723494 -5.022276193629741 -3.204579298304656
f 11347 11348 11349
v 28.4336465772432 -4.041592907941553 -1.7691328584016281
v 28.423424315723494 -5.022276193629741 -3.204579298304656
v 28.62547783014078 -4.078261104868833 -3.1490357350933826
f 11350 11351 11352
v 28.62547783014078 -4.078261104868833 -3.1490357350933826
v 28.423424315723494 -5.022276193629741 -3.204579298304656
v 28.719412747921734 -5.092451843853337 -4.299676421612904
f 11353 11354 11355
v 28.62547783014078 -4.078261104868833 -3.1490357350933826
v 28.719412747921734 -5.092451843853337 -4.299676421612904
v 28.92426201140715 -4.135373160552902 -4.244132858401631
f 11356 11357 11358
v 28.92426201140715 -4.135373160552902 -4.244132858401631
v 28.719412747921734 -5.092451843853337 -4.299676421612904
v 29.092379930799506 -5.18087832179414 -5.002772055117925
f 11359 11360 11361
v 28.92426201140715 -4.135373160552902 -4.244132858401631
v 29.092379930799506 -5.18087832179414 -5.002772055117925
v 29.300752043628158 -4.207338549060313 -4.947228491906651
f 11362 11363 11364
v 29.300752043628158 -4.207338549060313 -4.947228491906651
v 29.092379930799506 -5.18087832179414 -5.002772055117925
v 29.505817237881573 -5.278899827687805 -5.245042299456915
f 11365 11366 11367
v 29.300752043628158 -4.207338549060313 -4.947228491906651
v 29.505817237881573 -5.278899827687805 -5.245042299456915
v 29.71809445928971 -4.2871127967516145 -5.189498736245641
f 11368 11369 11370
v 29.71809445928971 -4.2871127967516145 -5.189498736245641
v 29.505817237881573 -5.278899827687805 -5.245042299456915
v 29.919254544963636 -5.37692133358147 -5.0027720551179256
f 11371 11372 11373
v 29.71809445928971 -4.2871127967516145 -5.189498736245641
v 29.919254544963636 -5.37692133358147 -5.0027720551179256
v 30.13543687495126 -4.366887044442917 -4.947228491906651
f 11374 11375 11376
v 30.13543687495126 -4.366887044442917 -4.947228491906651
v 29.919254544963636 -5.37692133358147 -5.0027720551179256
v 30.292221727841408 -5.465347811522273 -4.299676421612905
f 11377 11378 11379
v 30.13543687495126 -4.366887044442917 -4.947228491906651
v 30.292221727841408 -5.465347811522273 -4.299676421612905
v 30.511926907172267 -4.438852432950328 -4.244132858401631
f 11380 11381 11382
v 30.511926907172267 -4.438852432950328 -4.244132858401631
v 30.292221727841408 -5.465347811522273 -4.299676421612905
v 30.588210160039647 -5.5355234617458695 -3.2045792983046577
f 11383 11384 11385
v 30.511926907172267 -4.438852432950328 -4.244132858401631
v 30.588210160039647 -5.5355234617458695 -3.2045792983046577
v 30.810711088438637 -4.495964488634397 -3.1490357350933844
f 11386 11387 11388
v 30.810711088438637 -4.495964488634397 -3.1490357350933844
v 30.588210160039647 -5.5355234617458695 -3.2045792983046577
v 30.778246431542115 -5.580579002665866 -1.8246764216129052
f 11389 11390 11391
v 30.810711088438637 -4.495964488634397 -3.1490357350933844
v 30.778246431542115 -5.580579002665866 -1.8246764216129052
v 31.002542341336216 -4.532632685561676 -1.769132858401632
f 11392 11393 11394
v 31.002542341336216 -4.532632685561676 -1.769132858401632
v 30.778246431542115 -5.580579002665866 -1.8246764216129052
v 30.843728468033593 -5.596104084016602 -0.29504229945691574
f 11395 11396 11397
v 31.002542341336216 -4.532632685561676 -1.769132858401632
v 30.843728468033593 -5.596104084016602 -0.29504229945691574
v 31.068642886264463 -4.545267685134575 -0.23949873624564233
f 11398 11399 11400
v 30.843728468033593 -5.596104084016602 -0.2950422994569145
v 30.572764867819533 -6.63705217584715 -0.35016804578385774
v 30.50802307684091 -6.618683023583146 1.1794660763721319
f 11401 11402 11403
v 30.843728468033593 -5.596104084016602 -0.2950422994569145
v 30.50802307684091 -6.618683023583146 1.1794660763721319
v 30.778246431542115 -5.580579002665866 1.234591822699075
f 11404 11405 11406
v 30.778246431542115 -5.580579002665866 1.234591822699075
v 30.50802307684091 -6.618683023583146 1.1794660763721319
v 30.320135081488605 -6.565373667400145 2.5593689530638843
f 11407 11408 11409
v 30.778246431542115 -5.580579002665866 1.234591822699075
v 30.320135081488605 -6.565373667400145 2.5593689530638843
v 30.588210160039647 -5.5355234617458695 2.6144946993908276
f 11410 11411 11412
v 30.588210160039647 -5.5355234617458695 2.6144946993908276
v 30.320135081488605 -6.565373667400145 2.5593689530638843
v 30.027492667840345 -6.482342398509465 3.654466076372133
f 11413 11414 11415
v 30.588210160039647 -5.5355234617458695 2.6144946993908276
v 30.027492667840345 -6.482342398509465 3.654466076372133
v 30.292221727841408 -5.465347811522273 3.709591822699076
f 11416 11417 11418
v 30.292221727841408 -5.465347811522273 3.709591822699076
v 30.027492667840345 -6.482342398509465 3.654466076372133
v 29.658741714303613 -6.37771689602299 4.357561709877152
f 11419 11420 11421
v 30.292221727841408 -5.465347811522273 3.709591822699076
v 29.658741714303613 -6.37771689602299 4.357561709877152
v 29.919254544963636 -5.37692133358147 4.412687456204095
f 11422 11423 11424
v 29.919254544963636 -5.37692133358147 4.412687456204095
v 29.658741714303613 -6.37771689602299 4.357561709877152
v 29.24997813344955 -6.261738633092841 4.5998319542161425
f 11425 11426 11427
v 29.919254544963636 -5.37692133358147 4.412687456204095
v 29.24997813344955 -6.261738633092841 4.5998319542161425
v 29.505817237881573 -5.278899827687805 4.654957700543085
f 11428 11429 11430
v 29.505817237881573 -5.278899827687805 4.654957700543085
v 29.24997813344955 -6.261738633092841 4.5998319542161425
v 28.84121455259548 -6.145760370162691 4.357561709877153
f 11431 11432 11433
v 29.505817237881573 -5.278899827687805 4.654957700543085
v 28.84121455259548 -6.145760370162691 4.357561709877153
v 29.092379930799506 -5.18087832179414 4.412687456204096
f 11434 11435 11436
v 29.092379930799506 -5.18087832179414 4.412687456204096
v 28.84121455259548 -6.145760370162691 4.357561709877153
v 28.47246359905875 -6.041134867676217 3.654466076372133
f 11437 11438 11439
v 29.092379930799506 -5.18087832179414 4.412687456204096
v 28.47246359905875 -6.041134867676217 3.654466076372133
v 28.719412747921734 -5.092451843853337 3.709591822699076
f 11440 11441 11442
v 28.719412747921734 -5.092451843853337 3.709591822699076
v 28.47246359905875 -6.041134867676217 3.654466076372133
v 28.17982118541049 -5.958103598785536 2.5593689530638852
f 11443 11444 11445
v 28.719412747921734 -5.092451843853337 3.709591822699076
v 28.17982118541049 -5.958103598785536 2.5593689530638852
v 28.423424315723494 -5.022276193629741 2.6144946993908285
f 11446 11447 11448
v 28.423424315723494 -5.022276193629741 2.6144946993908285
v 28.17982118541049 -5.958103598785536 2.5593689530638852
v 27.991933190058187 -5.904794242602535 1.1794660763721323
f 11449 11450 11451
v 28.423424315723494 -5.022276193629741 2.6144946993908285
v 27.991933190058187 -5.904794242602535 1.1794660763721323
v 28.233388044221027 -4.977220652709744 1.2345918226990755
f 11452 11453 11454
v 28.233388044221027 -4.977220652709744 1.2345918226990755
v 27.991933190058187 -5.904794242602535 1.1794660763721323
v 27.92719139907956 -5.886425090338531 -0.35016804578385713
f 11455 11456 11457
v 28.233388044221027 -4.977220652709744 1.2345918226990755
v 27.92719139907956 -5.886425090338531 -0.35016804578385713
v 28.16790600772955 -4.961695571359008 -0.2950422994569139
f 11458 11459 11460
v 28.16790600772955 -4.961695571359008 -0.2950422994569139
v 27.92719139907956 -5.886425090338531 -0.35016804578385713
v 27.991933190058187 -5.904794242602535 -1.879802167939845
f 11461 11462 11463
v 28.16790600772955 -4.961695571359008 -0.2950422994569139
v 27.991933190058187 -5.904794242602535 -1.879802167939845
v 28.233388044221027 -4.977220652709744 -1.8246764216129017
f 11464 11465 11466
v 28.233388044221027 -4.977220652709744 -1.8246764216129017
v 27.991933190058187 -5.904794242602535 -1.879802167939845
v 28.17982118541049 -5.958103598785536 -3.259705044631599
f 11467 11468 11469
v 28.233388044221027 -4.977220652709744 -1.8246764216129017
v 28.17982118541049 -5.958103598785536 -3.259705044631599
v 28.423424315723494 -5.022276193629741 -3.204579298304656
f 11470 11471 11472
v 28.423424315723494 -5.022276193629741 -3.204579298304656
v 28.17982118541049 -5.958103598785536 -3.259705044631599
v 28.47246359905875 -6.041134867676217 -4.354802167939847
f 11473 11474 11475
v 28.423424315723494 -5.022276193629741 -3.204579298304656
v 28.47246359905875 -6.041134867676217 -4.354802167939847
v 28.719412747921734 -5.092451843853337 -4.299676421612904
f 11476 11477 11478
v 28.719412747921734 -5.092451843853337 -4.299676421612904
v 28.47246359905875 -6.041134867676217 -4.354802167939847
v 28.84121455259548 -6.145760370162691 -5.0578978014448674
f 11479 11480 11481
v 28.719412747921734 -5.092451843853337 -4.299676421612904
v 28.84121455259548 -6.145760370162691 -5.0578978014448674
v 29.092379930799506 -5.18087832179414 -5.002772055117925
f 11482 11483 11484
v 29.092379930799506 -5.18087832179414 -5.002772055117925
v 28.84121455259548 -6.145760370162691 -5.0578978014448674
v 29.24997813344955 -6.261738633092841 -5.300168045783858
f 11485 11486 11487
v 29.092379930799506 -5.18087832179414 -5.002772055117925
v 29.24997813344955 -6.261738633092841 -5.300168045783858
v 29.505817237881573 -5.278899827687805 -5.245042299456915
f 11488 11489 11490
v 29.505817237881573 -5.278899827687805 -5.245042299456915
v 29.24997813344955 -6.261738633092841 -5.300168045783858
v 29.658741714303613 -6.37771689602299 -5.057897801444868
f 11491 11492 11493
v 29.505817237881573 -5.278899827687805 -5.245042299456915
v 29.658741714303613 -6.37771689602299 -5.057897801444868
v 29.919254544963636 -5.37692133358147 -5.0027720551179256
f 11494 11495 11496
v 29.919254544963636 -5.37692133358147 -5.0027720551179256
v 29.658741714303613 -6.37771689602299 -5.057897801444868
v 30.027492667840345 -6.482342398509465 -4.354802167939848
f 11497 11498 11499
v 29.919254544963636 -5.37692133358147 -5.0027720551179256
v 30.027492667840345 -6.482342398509465 -4.354802167939848
v 30.292221727841408 -5.465347811522273 -4.299676421612905
f 11500 11501 11502
v 30.292221727841408 -5.465347811522273 -4.299676421612905
v 30.027492667840345 -6.482342398509465 -4.354802167939848
v 30.320135081488605 -6.565373667400145 -3.259705044631601
f 11503 11504 11505
v 30.292221727841408 -5.465347811522273 -4.299676421612905
v 30.320135081488605 -6.565373667400145 -3.259705044631601
v 30.588210160039647 -5.5355234617458695 -3.2045792983046577
f 11506 11507 11508
v 30.588210160039647 -5.5355234617458695 -3.2045792983046577
v 30.320135081488605 -6.565373667400145 -3.259705044631601
v 30.50802307684091 -6.618683023583146 -1.8798021679398484
f 11509 11510 11511
v 30.588210160039647 -5.5355234617458695 -3.2045792983046577
v 30.50802307684091 -6.618683023583146 -1.8798021679398484
v 30.778246431542115 -5.580579002665866 -1.8246764216129052
f 11512 11513 11514
v 30.778246431542115 -5.580579002665866 -1.8246764216129052
v 30.50802307684091 -6.618683023583146 -1.8798021679398484
v 30.572764867819533 -6.63705217584715 -0.35016804578385896
f 11515 11516 11517
v 30.778246431542115 -5.580579002665866 -1.8246764216129052
v 30.572764867819533 -6.63705217584715 -0.35016804578385896
v 30.843728468033593 -5.596104084016602 -0.29504229945691574
f 11518 11519 11520